hand_landmarking_rpi_mem.committed_Committed_AS,hand_landmarking_rpi_system.active_processes_active,hand_landmarking_rpi_system.cpu_user,hand_landmarking_rpi_system.file_nr_used_used,hand_landmarking_rpi_system.processes_running,hand_landmarking_rpi_system.ram_buffers,hand_landmarking_rpi_system.ram_cached,hand_landmarking_rpi_system.ram_free,hand_landmarking_rpi_system.ram_used,Target
3204.277,423,71.50127,4384,11,1.1601562,103.37891,295.5078,507.082,3
3204.262,423,71.3198,4384,10,1.1601562,103.39453,292.1875,510.3867,3
3204.262,423,72.75064,4384,9,1.1601562,103.39453,296.375,506.1992,3
3204.262,423,71.75573,4352,10,1.1601562,103.39453,298.7812,503.793,3
3204.262,423,71.86701,4352,14,1.1601562,103.39453,299.5625,503.0117,3
3204.262,423,75.44304,4352,10,1.1601562,103.39453,297.2539,505.3203,3
3204.262,423,73.85787,4352,10,1.1601562,103.4375,301.4102,501.1211,3
3204.262,423,73.60406,4352,12,1.1601562,103.4375,296.2305,506.3008,3
3204.262,423,71.9697,4352,10,1.1601562,103.45312,296.9219,505.5938,3
3204.262,423,74.93671,4352,14,1.1601562,103.45312,297.5273,504.9883,3
3204.262,423,69.64286,4352,10,1.1601562,103.47266,292.4023,510.0938,3
3204.262,423,70.78086,4352,10,1.1601562,103.47266,294.9766,507.5195,3
3204.262,423,68.43434,4352,9,1.1679688,103.47266,291.5039,510.9922,3
3204.262,423,72.63427,4352,16,1.1679688,103.47266,292.9219,509.5664,3
3204.262,423,74.43038,4352,15,1.1679688,103.47266,298.5352,503.9531,3
3204.277,423,71.89873,4352,14,1.1679688,103.48828,292.7109,509.7617,3
3208.602,425,72.9798,4384,13,1.1679688,103.50781,288.5859,513.8672,3
3204.262,423,72.91139,4352,13,1.1679688,106.82812,287.0977,512.0352,3
3204.262,423,71.21212,4352,11,1.1679688,108.08594,290.082,507.793,3
3204.262,423,70.99237,4352,11,1.1679688,108.08594,285.543,512.332,3
3204.262,423,72.27979,4352,10,1.1757812,108.08594,286.0586,511.8164,3
3204.262,423,71.60804,4352,13,1.1757812,108.08594,296.6719,501.1953,3
3204.262,423,70.30457,4352,14,1.1757812,108.08594,291.1406,506.7266,3
3204.262,423,69.07731,4352,17,1.1757812,108.08594,291.6836,506.1836,3
3204.262,423,68.32918,4352,9,1.1757812,108.08594,292.1172,505.75,3
3204.262,423,66.91729,4352,10,1.1757812,108.10156,294.1367,503.7148,3
3204.262,423,63.93035,4352,7,1.1757812,108.10938,289.3828,508.4609,3
3204.262,423,60.50633,4352,11,1.1757812,108.10938,289.4844,508.3594,3
3204.262,423,65.91479,4352,12,1.1757812,108.10938,286.2617,511.582,3
3204.262,423,74.0458,4352,11,1.1757812,108.10938,292.0469,505.7969,3
3204.262,423,72.42268,4352,12,1.1757812,108.1875,285.1328,512.6328,3
3204.262,423,72.12276,4352,9,1.1757812,108.20312,294.6367,503.1133,3
3204.262,423,70.40816,4352,10,1.1757812,108.20312,288.8164,508.9336,3
3204.262,423,73.65729,4352,10,1.1757812,108.20312,290.0859,507.6641,3
3204.262,423,73.92405,4352,12,1.1757812,108.20312,289.8711,507.8789,3
3204.262,423,70.30457,4352,9,1.1757812,108.20312,289.7031,508.0469,3
3204.262,423,74.61538,4352,14,1.1757812,108.20312,287.5938,510.1562,3
3204.262,423,71.42857,4352,10,1.1757812,108.20312,281.6172,516.1328,3
3204.262,423,74.1206,4352,12,1.1757812,108.20312,286.1953,511.5547,3
3204.262,423,76.0101,4352,11,1.1757812,108.20312,288.9727,508.7773,3
3204.262,423,75.68922,4384,13,1.1757812,108.20312,288.0742,509.6758,3
3204.262,423,72.22222,4384,7,1.1757812,108.20312,293.1406,504.6094,3
3204.262,423,72.70408,4384,12,1.1757812,108.20312,287.5117,510.2383,3
3204.262,423,72.89003,4384,8,1.1757812,108.20312,294.0664,503.6836,3
3204.262,423,73.67089,4384,12,1.1757812,108.20312,288.6602,509.0898,3
3204.262,423,68.11224,4352,7,1.1757812,108.25391,294.8477,502.8516,3
3204.262,423,73.41772,4352,13,1.1757812,108.17188,291.0742,506.707,3
3204.262,423,72.33503,4352,9,1.1757812,108.17188,290.8242,506.957,3
3204.262,423,70.15306,4352,13,1.1757812,108.17188,288.6641,509.1172,3
3204.262,423,73.40153,4352,8,1.1757812,108.15625,295.5039,502.293,3
3204.262,423,69.36709,4352,13,1.1835938,108.15625,294.7773,503.0195,3
3204.262,423,74.81108,4352,11,1.1835938,108.15625,290.0,507.7891,3
3204.262,423,72.79597,4352,12,1.1835938,108.15625,289.4531,508.3359,3
3204.262,423,69.01763,4352,9,1.1835938,108.15625,286.0078,511.7812,3
3204.262,423,70.20202,4352,9,1.1835938,108.15625,290.4453,507.3438,3
3204.262,423,66.49874,4352,10,1.1835938,108.15625,290.5977,507.1914,3
3204.262,423,65.32663,4352,13,1.1835938,108.15625,290.5469,507.2422,3
3204.262,423,58.70647,4352,11,1.1835938,108.15625,296.8594,500.9297,3
3204.262,423,64.2132,4352,8,1.1835938,108.15625,293.5117,504.2773,3
3204.262,423,75.6962,4352,10,1.1835938,108.15625,289.4414,508.3477,3
3204.277,423,71.89873,4352,15,1.1835938,108.15625,297.0195,500.7695,3
3204.262,423,72.72727,4352,11,1.1835938,108.15625,290.8164,506.9727,3
3204.262,423,74.0458,4352,9,1.1835938,108.15625,292.8281,504.9609,3
3204.262,423,70.48346,4352,10,1.1835938,108.15625,294.0234,503.7656,3
3204.262,423,72.26463,4352,17,1.1835938,108.15625,292.5234,505.2656,3
3204.262,423,75.6962,4352,11,1.1835938,108.15625,295.7422,502.0469,3
3204.262,423,72.29219,4352,15,1.1835938,108.15625,294.0703,503.7188,3
3204.262,423,72.22222,4352,13,1.1875,108.15625,292.5352,505.2539,3
3204.277,423,71.4653,4352,9,1.1875,108.15625,298.3516,499.4336,3
3204.262,422,72.65823,4352,7,1.1875,108.15625,291.9844,505.8008,3
3204.262,422,71.61125,4352,9,1.1875,108.15625,289.5625,508.2227,3
3204.262,422,73.79135,4352,8,1.1875,108.15625,297.7266,500.0586,3
3204.262,422,73.21429,4352,14,1.1875,108.15625,294.125,503.6602,3
3204.262,422,71.86701,4352,12,1.1875,108.15625,303.3789,494.4062,3
3204.262,422,72.54408,4352,10,1.1875,108.15625,297.4062,500.3789,3
3204.262,422,73.80353,4352,17,1.1875,108.15625,291.4141,506.3711,3
3204.262,422,72.5641,4352,10,1.1875,108.15625,297.3594,500.4258,3
3204.262,422,70.40816,4352,8,1.1875,108.21484,300.4844,497.2422,3
3204.262,422,69.54315,4352,11,1.1875,108.21484,296.1484,501.5781,3
3204.262,422,71.3555,4352,10,1.1875,108.21484,292.0742,505.6523,3
3204.262,422,74.17722,4352,13,1.1875,108.19922,295.3984,502.3438,3
3204.262,422,69.79695,4352,13,1.1875,108.19922,294.1914,503.5508,3
3204.262,422,69.32668,4352,8,1.1875,108.19922,299.8984,497.8438,3
3204.262,422,69.38776,4352,9,1.1875,108.19922,299.0703,498.6719,3
3204.262,422,68.84422,4352,13,1.1875,108.19922,295.625,502.1172,3
3204.262,422,71.5,4352,17,1.1875,108.19922,295.0352,502.707,3
3204.262,422,67.08543,4352,8,1.1875,108.19922,295.375,502.3672,3
3204.262,422,60.85859,4352,8,1.1875,108.15234,294.8555,502.9336,3
3204.262,422,59.85037,4352,14,1.1875,108.15234,298.5234,499.2656,3
3204.262,422,69.30946,4352,10,1.1875,108.15234,295.707,502.082,3
3204.262,422,72.72727,4384,7,1.1953125,108.15234,298.9531,498.8359,3
3204.262,422,71.3198,4384,10,1.1953125,108.14453,300.2422,497.5469,3
3204.262,422,73.35025,4384,13,1.1953125,108.15234,300.4258,497.3555,3
3204.277,422,71.17347,4384,14,1.1953125,108.15234,295.8438,501.9375,3
3204.262,422,76.63317,4384,15,1.1953125,108.15234,294.6445,503.1367,3
3204.262,422,72.44898,4320,7,1.1953125,108.15234,295.1602,502.6211,3
3204.262,422,73.28244,4320,12,1.1953125,108.15234,296.2969,501.4844,3
3204.262,422,73.72449,4320,9,1.1953125,108.15234,297.9141,499.8672,3
3204.262,422,75.81864,4320,13,1.1953125,108.15234,299.1914,498.5898,3
3204.262,422,71.24682,4320,11,1.1953125,108.15234,295.8555,501.9258,3
3204.262,422,71.4653,4320,9,1.1953125,108.15234,302.6211,495.1602,3
3204.262,422,69.36709,4320,11,1.1953125,108.15234,296.5352,501.2461,3
3204.262,422,69.56522,4320,10,1.1953125,108.15234,308.8398,488.9414,3
3204.262,422,74.43038,4320,8,1.1953125,108.15234,300.6094,497.1719,3
3204.262,422,70.52897,4320,18,1.1953125,108.15234,299.6406,498.1406,3
3204.262,422,71.24682,4320,11,1.1953125,108.16797,298.3398,499.4258,3
3204.262,422,71.02564,4320,14,1.1953125,108.16797,297.7188,500.0469,3
3204.262,422,71.89873,4320,9,1.1953125,108.16797,298.4102,499.3555,3
3204.262,422,72.0403,4320,10,1.1953125,108.16797,298.6719,499.0938,3
3204.262,422,71.46465,4320,9,1.1953125,108.16797,295.5547,502.2109,3
3204.262,422,69.94949,4320,11,1.1953125,108.16797,295.1758,502.5898,3
3204.262,422,72.5,4320,13,1.1953125,108.16797,299.2305,498.5352,3
3204.262,422,72.08122,4320,14,1.1953125,108.16797,298.9023,498.8633,3
3204.262,422,70.32419,4320,10,1.1953125,108.16797,298.1445,499.6211,3
3204.262,422,70.02519,4320,11,1.1953125,108.16797,298.6953,499.0703,3
3204.262,422,71.8593,4320,14,1.1953125,108.16797,298.3516,499.4141,3
3204.262,422,65.25,4320,16,1.203125,108.16797,296.5938,501.1719,3
3204.262,422,59.94962,4320,16,1.203125,108.16797,303.7969,493.9609,3
3204.262,422,63.47607,4320,11,1.203125,108.16797,298.457,499.3008,3
3204.262,422,62.82051,4320,13,1.203125,108.16797,300.6562,497.1016,3
3204.262,422,70.84399,4320,7,1.203125,108.16797,295.3867,502.3711,3
3204.262,422,70.40816,4320,12,1.203125,108.16797,299.7578,498.0,3
3204.262,422,72.65823,4320,11,1.203125,108.16797,299.7734,497.9844,3
3204.262,422,74.2268,4352,8,1.203125,108.18359,293.7148,504.0273,3
3204.262,422,71.42857,4352,13,1.203125,108.18359,295.2734,502.4688,3
3204.262,422,70.22901,4352,10,1.203125,108.18359,297.1875,500.5547,3
3204.262,422,70.22901,4352,15,1.203125,108.18359,293.3047,504.4375,3
3204.262,422,73.45361,4352,9,1.203125,108.18359,294.4961,503.2461,3
3204.262,422,73.18296,4352,11,1.203125,108.18359,295.3047,502.4375,3
3204.262,422,72.12276,4352,13,1.203125,108.18359,299.7852,497.957,3
3204.262,422,70.37975,4352,16,1.203125,108.19922,294.8203,502.9062,3
3204.262,422,70.05076,4352,7,1.203125,108.19922,296.7461,500.9805,3
3205.266,423,73.09645,4352,14,1.203125,108.21484,299.6328,498.0781,3
3205.266,423,70.91837,4352,8,1.203125,108.21484,296.5312,501.1797,3
3205.266,423,70.58824,4352,7,1.203125,108.21484,303.5469,494.1641,3
3204.262,423,70.30457,4352,8,1.203125,108.21484,298.0234,499.6875,3
3204.262,423,72.58883,4352,12,1.203125,108.23047,299.3164,498.3789,3
3204.262,423,72.84264,4352,10,1.203125,108.23047,294.1211,503.5742,3
3204.262,423,69.87342,4352,12,1.203125,108.28125,295.9414,501.7031,3
3204.262,423,73.14578,4352,11,1.203125,108.28125,295.5859,502.0586,3
3204.262,423,66.83673,4352,8,1.203125,108.28125,302.8281,494.8164,3
3204.262,423,71.8593,4352,10,1.203125,108.28125,297.4102,500.2344,3
3204.262,423,72.77354,4352,8,1.2109375,108.28125,301.6055,496.0391,3
3204.262,423,71.17347,4352,14,1.2109375,108.27344,299.9766,497.668,3
3204.262,423,68.86076,4352,9,1.2109375,108.28125,300.0,497.6367,3
3204.262,422,68.17043,4352,11,1.2109375,108.28125,303.3047,494.332,3
3204.262,422,69.0,4352,13,1.2109375,108.28125,297.9102,499.7266,3
3204.262,422,66.5,4352,11,1.2109375,108.28125,299.457,498.1797,3
3204.262,422,64.58853,4352,9,1.2109375,108.28125,300.6328,497.0039,3
3204.262,423,59.84848,4352,10,1.2109375,108.28125,301.1484,496.4883,3
3204.262,423,62.62626,4352,10,1.2109375,108.28125,296.0898,501.5469,3
3204.262,423,73.07692,4352,10,1.2109375,108.28125,292.8906,504.7461,3
3204.262,423,68.76574,4352,11,1.2109375,108.28125,298.0625,499.5742,3
3204.262,423,71.42857,4352,9,1.2109375,108.28125,296.7617,500.875,3
3204.262,423,73.31606,4352,15,1.21875,108.28125,298.5508,499.0859,3
3204.262,423,74.7449,4352,9,1.21875,108.28125,298.3477,499.2812,3
3204.262,423,73.29975,4352,9,1.21875,108.28125,299.1094,498.5195,3
3204.262,423,72.08122,4352,12,1.21875,108.29688,294.0938,503.5195,3
3204.262,423,68.79795,4352,14,1.21875,108.29688,295.0391,502.5742,3
3204.262,423,68.43434,4320,12,1.21875,108.29688,299.2383,498.375,3
3204.262,423,73.77892,4352,9,1.21875,108.29688,295.8906,501.7227,3
3204.262,423,71.39241,4352,11,1.21875,108.29688,294.0586,503.5547,3
3204.262,423,70.30457,4352,15,1.21875,108.29688,299.0977,498.5156,3
3204.262,423,68.68687,4352,11,1.21875,108.29688,298.5625,499.0508,3
3204.262,423,71.61125,4352,12,1.21875,108.29688,299.0352,498.5781,3
3204.262,423,72.79597,4352,13,1.21875,108.29688,298.8906,498.7227,3
3204.262,423,72.2365,4352,14,1.21875,108.29688,295.6523,501.9609,3
3204.262,424,69.44444,4352,11,1.21875,108.29688,300.0586,497.5547,3
3204.262,424,75.25,4352,11,1.21875,108.29688,295.9414,501.6719,3
3204.262,424,71.93878,4352,6,1.21875,108.3125,300.7305,496.8672,3
3204.262,424,71.3198,4352,14,1.21875,108.3125,294.7227,502.875,3
3204.262,424,72.26463,4352,14,1.21875,108.3125,292.5156,505.082,3
3204.262,424,71.53652,4352,10,1.21875,108.3125,299.9375,497.6602,3
3204.262,424,72.08122,4352,14,1.21875,108.3125,300.9336,496.6641,3
3204.262,424,73.35025,4352,20,1.21875,108.3125,298.2539,499.3438,3
3204.262,424,72.08122,4352,9,1.21875,108.3125,297.3555,500.2422,3
3204.262,424,68.18182,4352,10,1.21875,108.3125,299.2852,498.3125,3
3204.262,424,67.08861,4352,10,1.21875,108.3125,301.0859,496.5117,3
3204.262,424,65.0,4352,15,1.21875,108.3125,300.6523,496.9453,3
3204.262,424,61.59601,4352,9,1.21875,108.3125,305.5039,492.0938,3
3204.262,424,60.4534,4352,7,1.21875,108.3125,302.9336,494.6641,3
3204.262,424,66.07595,4352,11,1.21875,108.3125,306.0273,491.5703,3
3204.262,424,71.20823,4352,10,1.21875,108.39453,305.582,491.9336,3
3204.262,424,71.68367,4352,9,1.21875,108.39453,301.7266,495.7891,3
3204.262,424,72.1519,4320,8,1.21875,108.39453,304.6602,492.8555,3
3204.262,424,68.60759,4320,12,1.21875,108.39453,300.2031,497.3125,3
3204.262,424,69.84536,4320,12,1.21875,108.39453,301.1602,496.3555,3
3204.262,424,72.12276,4320,13,1.21875,108.39453,301.9062,495.6094,3
3204.262,424,69.40874,4320,15,1.21875,108.37891,308.2852,489.2461,3
3204.262,424,72.91139,4320,16,1.21875,108.37891,304.4883,493.043,3
3204.262,424,74.55471,4320,17,1.21875,108.37891,309.3711,488.1602,3
3204.262,424,72.0403,4352,12,1.21875,108.37891,302.8359,494.6953,3
3204.262,424,71.4653,4352,7,1.21875,108.37891,304.9258,492.6055,3
3204.262,424,73.21429,4352,10,1.21875,108.39453,299.3555,498.1602,3
3204.262,424,74.1206,4352,9,1.21875,108.39453,303.1914,494.3242,3
3204.262,424,74.17722,4352,8,1.21875,108.39453,298.543,498.9727,3
3204.262,424,70.25641,4352,10,1.21875,108.39453,308.0078,489.5078,3
3204.262,424,71.42857,4352,13,1.21875,108.39453,303.5664,493.9492,3
3204.262,424,67.59494,4352,13,1.21875,108.39453,312.0391,485.4766,3
3204.262,424,74.1688,4384,9,1.21875,108.39453,305.5898,491.9258,3
3204.262,424,70.55838,4384,15,1.21875,108.39453,306.1445,491.3711,3
3204.262,424,71.46465,4384,8,1.21875,108.39453,302.5703,494.9453,3
3204.262,424,70.22901,4384,9,1.21875,108.39453,299.7578,497.7578,3
3204.262,424,72.36181,4384,15,1.21875,108.39453,307.3203,490.1953,3
3204.262,424,70.88608,4384,9,1.21875,108.39453,302.7266,494.7891,3
3204.262,424,68.10127,4384,13,1.21875,108.39453,310.2148,487.3008,3
3204.262,424,70.02519,4384,13,1.21875,108.39453,309.2734,488.2422,3
3204.766,424,66.25,4384,14,1.21875,108.51562,306.3359,491.0586,3
3204.766,424,63.97985,4352,9,1.2265625,108.71094,306.1133,491.0859,3
3204.766,424,64.35644,4352,10,1.2265625,108.73047,306.1328,491.0391,3
3204.262,423,58.33333,4352,12,1.2265625,108.73047,305.4688,491.7031,3
3204.262,423,65.57789,4352,12,1.2265625,108.73047,306.3281,490.8438,3
3204.262,423,70.02519,4352,14,1.2265625,108.73047,307.4883,489.6836,3
3204.262,423,70.76923,4352,12,1.2265625,108.73047,301.6953,495.4766,3
3204.262,423,72.1519,4352,12,1.2265625,108.73047,307.7969,489.375,3
3204.262,423,70.81218,4352,10,1.2265625,108.73047,305.7188,491.4531,3
3204.262,423,73.46939,4352,7,1.2265625,108.73047,306.8438,490.3281,3
3204.262,423,71.64557,4352,5,1.2265625,108.73047,308.168,489.0039,3
3204.262,423,69.89796,4352,13,1.2265625,108.73047,307.7578,489.4141,3
3204.262,423,69.46565,4352,13,1.2265625,108.73047,306.3086,490.8633,3
3204.262,423,68.93939,4352,14,1.2265625,108.73047,308.6992,488.4727,3
3204.262,423,72.61307,4352,20,1.2265625,108.73047,308.1094,489.0625,3
3204.262,423,71.86701,4352,10,1.2265625,108.73047,309.1172,488.0547,3
3204.262,423,71.46465,4352,13,1.2265625,108.73047,305.5352,491.6367,3
3204.262,423,70.73791,4352,8,1.2265625,108.73047,304.5977,492.5742,3
3204.262,424,70.81218,4352,12,1.2265625,108.73047,303.5312,493.6406,3
3204.262,424,70.1005,4352,7,1.2265625,108.73047,310.4531,486.7188,3
3204.262,424,70.63291,4320,16,1.2265625,108.71484,305.2695,491.918,3
3204.262,424,72.70408,4352,12,1.2265625,108.71484,307.0,490.1875,3
3204.262,424,71.61125,4352,17,1.2265625,108.71484,306.957,490.2305,3
3204.262,424,75.0,4352,10,1.234375,108.71484,308.8672,488.3203,3
3204.262,424,70.48346,4352,11,1.2421875,108.70703,309.7695,487.418,3
3204.262,424,72.01018,4352,10,1.2421875,108.70703,305.1484,492.0312,3
3204.262,424,70.20202,4352,8,1.2421875,108.71484,317.7773,479.3945,3
3204.262,424,67.25888,4352,14,1.2421875,108.71484,312.0352,485.1367,3
3204.262,424,72.1519,4352,9,1.2421875,108.71484,317.1367,480.0352,3
3204.262,424,68.17043,4352,9,1.2421875,108.71484,317.0625,480.1094,3
3204.262,424,66.75063,4352,15,1.2421875,108.71484,312.3203,484.8516,3
3204.262,424,64.3038,4352,10,1.2421875,108.71484,309.1484,488.0234,3
3204.262,424,61.61616,4352,10,1.2421875,108.71484,315.3633,481.8086,3
3204.262,424,58.64662,4352,16,1.2421875,108.69922,314.6836,482.5039,3
3204.262,424,65.3944,4352,12,1.2421875,108.69922,319.8828,477.3047,3
3204.262,424,76.66667,4352,12,1.2421875,108.69922,315.0469,482.1406,3
3204.262,422,71.02564,4352,12,1.2421875,108.69922,315.4414,481.7461,3
3205.047,423,72.84264,4352,13,1.2421875,108.69922,315.0156,482.1719,3
3204.262,422,70.80103,4352,11,1.2460938,108.69922,315.8789,481.3086,3
3204.262,422,70.55838,4352,7,1.2460938,108.67969,313.3633,483.8398,3
3204.262,422,72.12276,4352,9,1.2460938,108.68359,311.9102,485.2891,3
3204.262,422,73.60406,4352,13,1.2460938,108.75,323.3242,473.8086,3
3204.262,422,72.1519,4352,11,1.2460938,108.75,320.2344,476.8984,3
3204.262,422,72.70408,4352,12,1.2460938,108.75,320.7695,476.3633,3
3204.262,422,70.05076,4352,8,1.2460938,108.75,315.168,481.9648,3
3204.262,422,73.00771,4352,14,1.2460938,108.75,318.5703,478.5625,3
3204.262,422,68.51385,4352,14,1.2460938,108.75,323.6094,473.5234,3
3204.262,422,70.30457,4352,14,1.2460938,108.75,318.8516,478.2812,3
3207.262,427,72.12276,4352,13,1.7148439999999998,108.75,319.7383,477.3945,3
3204.262,424,68.95674,4352,11,1.7148439999999998,120.39844,307.2148,477.8008,3
3204.262,424,65.32663,4352,15,1.7148439999999998,121.01953,307.9609,476.4336,3
3204.262,424,72.40506,4352,9,1.7148439999999998,121.12109,302.6602,481.6328,3
3204.262,424,71.75573,4352,9,1.7148439999999998,121.12109,303.2617,481.0312,3
3204.262,424,75.31172,4352,9,1.722656,121.12109,300.2305,484.0625,3
3204.262,423,71.42857,4352,13,1.722656,121.11328,302.9258,481.3672,3
3204.262,423,68.93939,4352,12,1.722656,121.12109,308.5391,475.7461,3
3204.262,423,71.17347,4352,11,1.722656,121.12109,304.0273,480.2578,3
3204.262,423,71.39241,4352,17,1.722656,121.12109,301.7852,482.5,3
3204.262,423,71.5736,4352,18,1.722656,121.12109,308.1484,476.1367,3
3204.262,423,68.26196,4352,13,1.722656,121.12109,303.5508,480.7344,3
3204.262,423,72.0403,4352,12,1.722656,121.12109,306.4727,477.8125,3
3204.262,423,67.75819,4352,13,1.722656,121.12109,301.9141,482.3711,3
3204.262,423,63.31658,4352,9,1.734375,121.12109,300.3828,483.9023,3
3204.262,423,58.0,4352,12,1.734375,121.26562,309.3203,474.8086,3
3204.262,423,63.86768,4352,12,1.734375,121.26953,303.8008,480.3242,3
3204.262,423,70.43702,4352,8,1.734375,121.26953,305.2461,478.8789,3
3204.277,423,70.37975,4352,11,1.734375,121.26953,305.6758,478.4492,3
3204.262,423,74.62312,4352,18,1.734375,121.26953,307.3086,476.8164,3
3204.262,423,73.21429,4352,8,1.742188,121.26953,304.6875,479.4375,3
3204.262,423,70.9596,4352,14,1.742188,121.26172,313.3086,470.8164,3
3204.262,423,70.84399,4352,11,1.742188,121.26953,308.7578,475.3594,3
3204.262,423,69.30946,4352,11,1.742188,121.26953,306.4883,477.6289,3
3204.277,423,71.53652,4352,17,1.742188,121.26953,306.3359,477.7812,3
3204.262,423,71.3555,4352,15,1.742188,121.26953,307.3281,476.7891,3
3204.262,423,71.3198,4352,12,1.742188,121.26953,306.668,477.4492,3
3204.262,423,72.70408,4352,10,1.742188,121.26953,309.1406,474.9766,3
3204.262,423,67.92929,4352,10,1.742188,121.26953,306.8945,477.2227,3
3204.277,423,69.44444,4352,13,1.742188,121.26953,308.1641,475.9531,3
3204.262,423,69.62025,4352,17,1.742188,121.26953,305.1055,479.0117,3
3204.262,423,70.66327,4352,11,1.742188,121.26953,305.75,478.3672,3
3204.262,423,74.29306,4352,7,1.742188,121.26953,308.0977,476.0195,3
3207.621,423,70.70707,4352,12,1.742188,121.26953,312.8398,471.2773,3
3207.621,424,72.05128,4320,13,1.742188,121.26953,308.207,475.9102,3
3207.621,424,74.80916,4320,14,1.742188,121.26953,313.1562,470.9609,3
3207.621,424,74.8731,4320,13,1.742188,121.26953,305.9531,478.1641,3
3207.621,424,68.52792,4320,12,1.742188,121.26953,305.4883,478.6289,3
3207.621,424,72.01018,4320,9,1.742188,121.26953,303.5547,480.5625,3
3207.621,424,74.23469,4320,11,1.742188,121.26953,309.4961,474.6211,3
3207.621,424,69.84925,4320,11,1.6015625,121.26953,304.7461,479.3711,3
3207.621,424,71.21212,4320,13,1.6015625,120.3125,311.2031,474.0117,3
3207.621,424,68.86076,4320,18,1.6015625,120.3125,310.793,474.4219,3
3207.621,424,66.83292,4320,11,1.6015625,120.3125,310.5117,474.7031,3
3207.621,424,68.27411,4320,15,1.6015625,120.3125,312.2227,472.9922,3
3207.621,424,64.57286,4320,16,1.6015625,120.3125,307.3555,477.8594,3
3207.621,424,62.0603,4320,11,1.5429688,120.3125,308.1289,477.0859,3
3208.582,427,61.34663,4320,13,1.5429688,119.54297,316.0938,469.9492,3
3207.621,424,65.57789,4320,17,1.5429688,119.55469,310.9219,475.1094,3
3207.621,424,72.70408,4320,9,1.5429688,119.58203,315.5234,470.4805,3
3207.621,424,71.79487,4320,12,1.5429688,119.58203,311.7656,474.2383,3
3207.621,424,71.03275,4320,12,1.5429688,119.58203,311.1484,474.8555,3
3207.621,425,73.5369,4320,11,1.5429688,119.58203,312.543,473.4609,3
3207.621,425,71.75573,4320,13,1.5429688,119.65234,307.7422,478.1914,3
3207.621,425,71.64557,4320,9,1.5429688,119.65234,309.6016,476.332,3
3207.637,425,69.56522,4320,13,1.5429688,119.65234,310.293,475.6406,3
3207.621,425,72.11055,4320,10,1.5429688,119.66797,307.7891,478.1289,3
3207.621,425,72.08122,4320,10,1.5429688,119.66797,313.2539,472.6641,3
3207.621,425,72.19388,4320,11,1.5429688,119.66797,308.6094,477.3086,3
3207.621,425,72.61307,4320,10,1.5429688,119.66797,309.0625,476.8555,3
3207.621,425,75.0,4320,12,1.5585938,119.66797,308.9492,476.9688,3
3207.621,425,71.39241,4320,17,1.5585938,119.66797,307.1914,478.7109,3
3207.621,425,73.60406,4320,12,1.5585938,119.72266,308.0898,477.7578,3
3207.621,425,73.21429,4320,7,1.5585938,119.72266,307.8789,477.9688,3
3207.637,425,75.2551,4320,8,1.5585938,119.72266,313.7695,472.0781,3
3207.621,426,68.95674,4320,16,1.5585938,119.72266,308.5547,477.293,3
3207.621,426,71.53846,4320,11,1.5664062,119.72266,304.918,480.9297,3
3207.621,426,71.64557,4320,10,1.5664062,119.72266,306.8789,478.9609,3
3207.621,425,68.46154,4320,9,1.5664062,119.72266,308.5391,477.3008,3
3207.637,425,73.14578,4320,14,1.5664062,119.72266,305.3203,480.5195,3
3207.637,425,68.01008,4320,11,1.5664062,119.72266,317.9258,467.9141,3
3207.621,425,73.04786,4320,10,1.5664062,119.72266,319.4531,466.3867,3
3207.621,425,70.9596,4320,11,1.5664062,119.70703,314.1133,471.7422,3
3207.621,425,71.39241,4320,8,1.5664062,119.70703,311.6523,474.2031,3
3207.637,425,70.92732,4320,8,1.5664062,119.70703,316.0195,469.8359,3
3207.621,425,67.00508,4320,9,1.5820312,119.70703,315.3242,470.5312,3
3207.621,425,67.17172,4320,14,1.5820312,119.71094,310.25,475.5859,3
3207.621,425,63.25,4320,11,1.5820312,119.71094,309.8086,476.0273,3
3207.621,425,60.90226,4352,11,1.5820312,119.71094,309.5625,476.2734,3
3207.621,425,61.05528,4352,9,1.5820312,119.71094,310.7695,475.0664,3
3207.621,425,64.98741,4352,12,1.5820312,119.71094,310.5977,475.2383,3
3207.621,425,69.30946,4320,18,1.5820312,119.71094,309.1758,476.6602,3
3207.621,425,69.7201,4320,6,1.5820312,119.71094,308.7344,477.1016,3
3207.621,425,71.75573,4320,19,1.5820312,119.71094,317.125,468.7109,3
3207.621,425,73.79135,4320,10,1.5820312,119.71094,311.7539,474.082,3
3207.621,425,71.5736,4320,12,1.5898438,119.71094,320.2031,465.6328,3
3207.621,425,69.03553,4352,10,1.5898438,119.70703,314.5273,471.3047,3
3204.254,425,72.51908,4352,8,1.5898438,119.71094,311.3984,474.4297,3
3204.254,425,71.53652,4352,11,1.5898438,119.71094,312.207,473.6211,3
3204.254,425,74.36548,4352,12,1.5898438,119.71094,313.1953,472.6328,3
3204.254,425,74.61929,4352,8,1.5898438,119.71094,309.5977,476.2305,3
3204.254,425,72.26463,4352,9,1.5898438,119.71094,322.9648,462.8633,3
3204.254,425,69.2112,4352,12,1.5898438,119.69531,319.5352,466.3086,3
3204.254,425,73.60406,4352,15,1.5976562,119.69531,316.375,469.4688,3
3204.27,425,72.54408,4352,19,1.5976562,119.69531,316.5195,469.3164,3
3204.254,425,71.82741,4320,8,1.5976562,119.69531,316.8086,469.0273,3
3204.254,425,70.20202,4320,7,1.5976562,119.69531,319.4805,466.3555,3
3204.254,425,71.5736,4320,12,1.5976562,119.69531,319.7461,466.0898,3
3204.242,425,71.75573,4320,11,1.5976562,119.75,318.9375,466.8438,3
3204.254,425,73.04786,4320,9,1.5976562,119.75,318.1719,467.6094,3
3204.254,425,71.82741,4320,9,1.5976562,119.75,315.6875,470.0938,3
3204.254,425,70.55838,4320,13,1.6054688,119.75,314.5391,471.2422,3
3204.254,425,69.87342,4320,8,1.6054688,119.75,315.9844,469.7891,3
3204.254,425,70.63291,4320,10,1.6054688,119.75,316.0938,469.6797,3
3204.254,425,70.1005,4320,9,1.6054688,119.75,317.5352,468.2383,3
3204.254,425,73.11558,4320,11,1.6054688,119.75,319.3242,466.4492,3
3204.254,425,66.75063,4320,14,1.6054688,119.75,317.4219,468.3516,3
3204.254,425,71.35678,4320,14,1.6054688,119.75,317.8164,467.957,3
3204.27,425,69.30693,4320,12,1.6054688,119.75,313.2227,472.5508,3
3204.254,425,65.7289,4320,15,1.6054688,119.75,318.9805,466.793,3
3204.27,425,62.28288,4320,8,1.6054688,119.75,320.7188,465.0547,3
3204.242,425,59.5,4320,8,1.6054688,119.75,316.0859,469.6875,3
3204.293,426,66.07595,4320,15,1.6054688,119.75,315.168,470.6055,3
3204.254,425,69.26952,4352,9,1.6054688,119.75,322.9727,462.8008,3
3204.254,425,72.01018,4352,8,1.6054688,119.73438,325.2734,460.5156,3
3204.254,425,71.39241,4352,12,1.6054688,119.73438,321.2812,464.5078,3
3204.254,425,69.38776,4352,13,1.6054688,119.73438,317.7812,468.0078,3
3204.254,425,72.61307,4352,15,1.6054688,119.73438,314.4727,471.3164,3
3204.254,425,72.77354,4352,13,1.6054688,119.74219,324.2812,461.5,3
3204.254,425,70.67669,4352,12,1.6054688,119.74219,320.1797,465.6016,3
3204.254,425,71.02564,4352,17,1.6132812,119.74219,319.7422,466.0391,3
3204.523,426,69.13265,4352,16,1.6132812,120.06641,314.5469,470.9023,3
3204.254,425,74.87437,4352,9,1.6132812,120.05078,324.1367,461.3281,3
3204.254,425,71.39241,4352,7,1.6132812,120.10547,318.8711,466.5391,3
3204.254,425,71.06599,4352,10,1.6132812,120.10547,320.5117,464.8984,3
3204.254,425,72.51908,4352,13,1.6210938,120.10547,317.1289,468.2812,3
3204.254,425,70.07673,4352,13,1.6210938,120.11328,326.0586,459.3359,3
3204.254,425,73.46939,4352,9,1.6210938,120.12109,325.7188,459.668,3
3204.254,425,69.13265,4352,17,1.6210938,120.12109,325.7266,459.6602,3
3204.254,425,73.09645,4352,9,1.6210938,120.12109,321.0508,464.3359,3
3204.254,425,72.91139,4352,11,1.6210938,120.12109,324.3086,461.0781,3
3204.254,425,71.13924,4352,15,1.6210938,120.12109,319.6055,465.7812,3
3204.254,425,69.52141,4352,12,1.6210938,120.12109,320.7227,464.6641,3
3204.254,425,73.46939,4352,17,1.6210938,120.12109,318.2891,467.0977,3
3204.254,425,72.01018,4352,9,1.6210938,120.12109,313.9141,471.4727,3
3204.254,425,70.22901,4352,13,1.6210938,120.12109,320.5742,464.8125,3
3204.254,425,69.03553,4352,11,1.6289062,120.12109,321.7539,463.6328,3
3204.254,425,70.37975,4352,15,1.6289062,120.12109,315.793,469.5859,3
3204.254,425,68.0203,4352,14,1.6367188,120.12109,320.1367,465.2422,3
3204.254,425,67.67677,4352,13,1.6367188,120.12891,321.418,463.9453,3
3204.254,425,67.08543,4352,12,1.6367188,120.12891,327.582,457.7812,3
3204.254,425,60.55276,4352,7,1.6367188,120.12891,323.1406,462.2227,3
3204.254,425,57.39348,4352,12,1.6367188,120.12891,323.9844,461.3789,3
3204.254,425,61.90476,4352,10,1.6367188,120.14453,319.9102,465.4375,3
3204.242,425,69.69697,4352,13,1.6367188,120.14453,331.7773,453.5703,3
3204.254,425,71.06599,4352,12,1.6367188,120.14453,326.457,458.8906,3
3204.254,425,68.62245,4352,11,1.6367188,120.14453,322.0742,463.2734,3
3204.254,425,70.9596,4352,16,1.6367188,120.14453,322.5586,462.7891,3
3204.254,425,72.63427,4352,11,1.6367188,120.14453,323.3828,461.9648,3
3204.254,425,73.33333,4352,11,1.6367188,120.14453,319.5547,465.793,3
3204.254,425,71.39241,4352,9,1.6367188,120.14453,328.4258,456.9219,3
3204.254,425,71.61125,4352,10,1.6367188,120.14453,327.2539,458.0938,3
3204.254,425,71.42857,4352,11,1.6367188,120.14453,324.5273,460.8203,3
3204.254,425,72.33503,4352,9,1.6367188,120.14453,327.5039,457.8438,3
3204.254,425,68.44784,4352,12,1.6367188,120.14453,332.9336,452.4141,3
3204.254,425,72.9798,4352,13,1.6445312,120.12891,333.3359,452.0273,3
3204.254,425,69.94949,4352,7,1.6445312,120.12891,327.0742,458.2812,3
3204.254,425,75.38071,4320,13,1.6445312,120.22656,334.25,451.0078,3
3204.254,425,69.92288,4320,15,1.6445312,120.12891,333.7656,451.5898,3
3204.254,425,68.11224,4352,10,1.6445312,120.12891,330.4023,454.9531,3
3204.254,425,73.79135,4352,11,1.6445312,120.12891,328.668,456.6875,3
3204.254,425,70.37975,4352,8,1.6445312,120.11328,338.7305,446.6406,3
3204.254,425,74.8072,4352,10,1.6445312,120.11328,334.8867,450.4844,3
3204.254,425,68.62245,4352,12,1.6445312,120.11328,336.4219,448.9492,3
3204.254,425,72.51908,4352,13,1.6445312,120.11328,332.9102,452.4609,3
3204.734,425,69.62025,4352,16,1.6445312,120.11328,334.0625,451.3086,3
3204.734,425,71.09974,4352,9,1.6445312,120.11328,331.4219,453.9492,3
3204.734,425,68.18182,4352,10,1.6445312,120.11328,330.168,455.2031,3
3204.734,425,68.52792,4352,9,1.6445312,120.11328,339.4023,445.9688,3
3204.734,425,70.92732,4352,12,1.6445312,120.11328,332.8281,452.543,3
3204.734,425,68.79795,4352,15,1.6445312,120.11328,332.4648,452.9062,3
3204.734,425,66.66667,4384,10,1.6445312,120.11328,327.9297,457.4414,3
3204.734,425,68.84422,4384,9,1.6445312,120.11328,329.0469,456.3242,3
3204.734,425,61.15288,4384,11,1.6445312,120.11328,330.1289,455.2422,3
3204.734,425,60.80402,4384,13,1.6445312,120.11328,334.9219,450.4492,3
3204.734,425,68.18182,4384,8,1.6445312,120.11328,336.0078,449.3633,3
3204.734,425,68.70229,4384,7,1.6445312,120.11328,333.5273,451.8438,3
3204.734,425,73.40153,4384,12,1.6445312,120.11328,336.125,449.2461,3
3204.734,425,69.38776,4384,10,1.6445312,120.11328,330.4922,454.8789,3
3204.734,424,72.51908,4384,14,1.6445312,120.11328,331.5625,453.8086,3
3204.734,424,70.36082,4384,11,1.6445312,120.11328,332.1875,453.1836,3
3204.734,424,70.52897,4352,11,1.6523438,120.11328,333.7227,451.6484,3
3204.734,424,71.42857,4352,9,1.6523438,120.11328,335.3672,449.9961,3
3204.734,424,72.91139,4352,8,1.6523438,120.11328,330.0469,455.3164,3
3204.734,424,71.9697,4352,12,1.6523438,120.01562,340.3359,445.125,3
3204.734,424,71.82741,4352,12,1.6523438,120.11328,337.7852,447.5781,3
3204.734,424,68.78173,4352,11,1.6523438,120.11328,333.9102,451.4531,3
3204.734,424,71.02564,4352,13,1.6523438,120.11328,338.9141,446.4492,3
3204.734,424,72.72727,4352,11,1.6523438,120.11328,333.2109,452.1523,3
3204.734,424,72.89003,4352,15,1.6523438,120.11328,334.9336,450.4297,3
3204.734,424,73.60406,4352,13,1.6523438,120.11328,339.4297,445.9336,3
3204.734,424,70.85427,4352,18,1.6523438,120.11328,339.8242,445.5391,3
3204.734,424,71.39175,4352,13,1.6523438,120.29688,336.4062,448.7734,3
3204.734,424,70.30457,4352,12,1.6523438,120.29688,333.3438,451.8359,3
3204.734,424,68.68687,4352,11,1.6523438,120.29688,339.5,445.6797,3
3204.734,424,68.93939,4352,16,1.6523438,120.29688,342.9453,442.2344,3
3204.734,424,73.80353,4352,11,1.6523438,120.29688,338.8711,446.3086,3
3204.734,424,69.69697,4352,13,1.6523438,120.29688,335.875,449.3047,3
3204.734,424,69.67419,4320,9,1.6523438,120.29688,336.0938,449.0859,3
3204.734,424,70.88608,4320,10,1.6523438,120.29688,339.7148,445.4648,3
3204.734,424,69.69697,4320,11,1.6523438,120.29688,340.9766,444.2031,3
3204.734,422,68.19338,4352,12,1.6523438,120.29688,336.7109,448.4688,3
3204.734,423,68.82793,4352,9,1.6523438,120.29688,343.2852,441.8945,3
3204.734,423,66.83292,4352,6,1.6523438,120.29688,336.2734,448.9062,3
3204.734,423,63.15789,4352,11,1.6523438,120.29688,337.4648,447.7148,3
3204.734,423,60.199,4352,6,1.6523438,120.29688,338.7891,446.3906,3
3204.734,423,62.78481,4320,11,1.6523438,120.29688,339.0352,446.1445,3
3204.734,423,71.53652,4352,11,1.6523438,120.29688,331.3047,453.875,3
3204.734,423,73.9899,4352,10,1.6523438,120.29688,336.4219,448.7578,3
3204.734,422,70.91837,4352,16,1.6523438,120.29688,337.0156,448.1641,3
3204.734,422,67.92929,4352,12,1.6523438,120.29688,340.582,444.5977,3
3204.734,422,70.07673,4352,12,1.6523438,120.29688,335.5625,449.6172,3
3204.734,422,72.6817,4352,12,1.6523438,120.28125,335.582,449.6133,3
3204.734,423,75.19182,4352,15,1.6523438,120.28125,331.7109,453.4844,3
3204.734,423,69.89796,4352,9,1.6523438,120.28125,337.2188,447.9766,3
3204.734,423,75.38071,4352,8,1.6523438,120.28125,334.7305,450.4648,3
3204.723,423,75.06297,4352,9,1.6523438,120.28125,332.0273,453.168,3
3204.723,422,71.3555,4352,5,1.6523438,120.28125,332.1484,453.0469,3
3204.723,422,73.41772,4352,13,1.6523438,120.28125,340.2812,444.9141,3
3204.734,422,70.52897,4352,9,1.6523438,120.28125,336.2344,448.9609,3
3204.734,422,69.89796,4352,7,1.6523438,120.28125,336.7656,448.4297,3
3204.734,422,71.64557,4352,14,1.6523438,120.28125,333.0977,452.0977,3
3204.734,422,71.39241,4352,8,1.6523438,120.28125,338.3242,446.8711,3
3204.734,422,72.9798,4352,12,1.6523438,120.28125,334.6914,450.5039,3
3204.734,422,69.89796,4352,16,1.6523438,120.28125,335.957,449.2383,3
3204.734,422,69.46565,4352,7,1.6601562,120.28125,337.2773,447.918,3
3204.734,422,71.9697,4384,8,1.6601562,120.28125,338.8555,446.332,3
3204.734,422,75.6962,4384,12,1.6601562,120.28125,340.8125,444.375,3
3204.734,422,72.01018,4384,12,1.6601562,120.28125,336.9141,448.2734,3
3204.734,422,69.52141,4384,6,1.6601562,120.28125,332.5938,452.5938,3
3204.734,422,70.27708,4384,13,1.6601562,120.28125,336.3984,448.7891,3
3204.734,422,71.9697,4384,8,1.6601562,120.28125,335.5938,449.5938,3
3204.734,422,68.11224,4352,8,1.6601562,120.28125,336.375,448.8125,3
3204.734,422,71.57107,4352,11,1.6601562,120.28125,336.0078,449.1797,3
3204.734,422,67.00508,4352,13,1.6601562,120.28125,345.0977,440.0898,3
3204.734,422,61.7866,4352,10,1.6601562,120.28125,339.3633,445.8242,3
3204.734,422,62.18905,4352,10,1.6601562,120.28125,333.1406,452.0469,3
3204.734,422,60.5,4352,8,1.6601562,120.28125,339.5234,445.6641,3
3204.734,422,66.07143,4352,15,1.6601562,120.28125,335.668,449.5195,3
3204.734,422,71.21212,4352,10,1.6601562,120.28125,340.8672,444.3203,3
3204.734,422,70.51282,4352,9,1.6601562,120.28125,336.9219,448.2656,3
3204.734,422,71.39241,4352,12,1.6679688,120.28125,342.7305,442.457,3
3204.75,422,72.19388,4352,12,1.6679688,120.28125,336.9297,448.25,3
3204.734,422,73.80353,4352,11,1.6679688,120.32812,337.1875,447.9453,3
3204.734,422,71.3555,4352,11,1.6679688,120.32812,336.75,448.3828,3
3204.734,422,70.70707,4352,13,1.6679688,120.32812,334.3242,450.8086,3
3204.734,422,71.39241,4352,11,1.6679688,120.32812,335.4336,449.6992,3
3204.734,422,69.7201,4352,9,1.6757812,120.32812,340.832,444.3008,3
3204.734,422,73.21429,4352,11,1.808594,120.32031,338.3438,446.7891,3
3204.734,422,72.01018,4352,8,1.808594,120.29297,335.9258,449.1016,3
3204.734,422,69.94949,4352,15,1.808594,120.39062,336.1797,448.75,3
3204.734,422,69.74359,4320,11,1.808594,120.39062,338.4023,446.5273,3
3204.734,422,71.46465,4320,16,1.808594,120.39062,337.8906,447.0391,3
3204.734,422,70.91837,4320,8,1.808594,120.39062,338.125,446.8047,3
3204.734,422,69.44444,4320,9,1.808594,120.39062,339.2891,445.6406,3
3204.734,422,71.46465,4320,11,1.808594,120.39062,340.7148,444.2148,3
3204.734,422,71.09974,4320,12,1.808594,120.39062,335.6289,449.3008,3
3204.734,422,73.02799,4320,11,1.808594,120.39062,339.0938,445.8359,3
3204.734,422,75.06297,4320,9,1.808594,120.39062,339.1133,445.8164,3
3204.734,422,73.79135,4320,11,1.808594,120.39062,336.4688,448.4609,3
3204.734,422,70.66327,4320,13,1.808594,120.39062,335.3164,449.6133,3
3204.734,422,72.26463,4320,12,1.808594,120.39062,336.4375,448.4922,3
3204.734,422,70.35176,4320,8,1.808594,120.39062,334.4141,450.5156,3
3204.75,422,72.51908,4320,15,1.808594,120.39062,331.6797,453.25,3
3204.734,422,69.44444,4320,15,1.808594,120.40625,337.4375,447.4766,3
3204.734,422,67.33668,4320,10,1.808594,120.40625,333.3477,451.5664,3
3204.734,422,69.09548,4320,7,1.808594,120.40625,339.0938,445.8203,3
3204.734,422,62.59352,4320,15,1.808594,120.40625,339.1172,445.7969,3
3204.734,422,61.30653,4320,12,1.808594,120.40625,336.6562,448.2578,3
3204.734,423,62.62376,4320,14,1.808594,120.40625,332.7734,452.1406,3
3204.75,423,71.50259,4320,9,1.808594,120.40625,340.1367,444.7773,3
3204.734,423,69.79695,4320,11,1.808594,120.40625,335.3672,449.5469,3
3204.734,424,71.46465,4320,12,1.808594,120.40625,335.9883,448.9258,3
3204.734,424,70.58824,4320,12,1.808594,120.40625,336.9961,447.918,3
3204.734,424,73.02799,4320,14,1.808594,120.40625,338.5234,446.3906,3
3204.75,424,70.73791,4320,10,1.808594,120.40625,335.6094,449.3047,3
3204.734,424,74.74747,4320,10,1.808594,120.40625,332.6406,452.2734,3
3204.734,424,68.34171,4320,12,1.808594,120.42188,334.1133,450.7852,3
3204.734,424,72.44898,4320,10,1.808594,120.42188,331.832,453.0664,3
3204.734,424,72.0403,4320,10,2.082031,120.40625,338.3086,446.6055,3
3204.734,424,72.40506,4320,9,2.082031,120.42578,338.7422,445.8789,3
3204.734,424,72.0403,4320,13,2.082031,120.48047,333.0508,451.5156,3
3204.734,424,73.55164,4320,9,2.082031,120.48047,343.0938,441.4727,3
3204.734,423,74.62312,4320,14,2.082031,120.48047,338.0625,446.5039,3
3204.734,423,72.84264,4320,17,2.082031,120.48047,337.668,446.8984,3
3204.734,423,72.11055,4320,16,2.082031,120.48047,335.875,448.6914,3
3204.734,423,70.87629,4320,12,2.082031,120.48047,337.2227,447.3438,3
3204.734,423,72.36181,4320,12,2.082031,120.48047,340.832,443.7344,3
3204.734,423,71.5736,4320,10,2.082031,120.48047,339.6875,444.8789,3
3204.734,423,73.85787,4320,8,2.082031,120.48047,334.3555,450.2109,3
3204.734,423,72.01018,4320,11,2.082031,120.48047,331.9023,452.6641,3
3204.734,423,71.28463,4320,9,2.082031,120.44922,334.5312,450.0664,3
3204.734,423,72.81796,4320,15,2.082031,120.44922,341.1523,443.4453,3
3204.723,423,72.01018,4320,11,2.054688,120.44922,335.2461,449.3516,3
3204.723,423,69.19192,4320,9,2.054688,119.91406,339.7734,445.3867,3
3204.734,423,68.68687,4320,11,2.0625,120.30469,340.7422,444.0273,3
3204.734,423,69.69697,4320,8,2.0625,120.38281,347.3516,437.332,3
3204.734,423,63.63636,4320,10,2.0625,120.39062,342.7383,441.9375,3
3204.723,423,63.97985,4320,17,2.0625,120.39062,342.2539,442.4219,3
3204.723,423,60.25,4320,7,2.0625,120.39062,337.4492,447.2266,3
3204.734,423,59.79899,4320,12,2.070312,120.39062,335.8633,448.8125,3
3204.734,423,69.52141,4320,18,2.070312,118.64453,341.9805,444.4336,3
3204.734,423,71.64557,4320,7,2.070312,118.64453,342.2773,444.1367,3
3204.734,423,73.09645,4352,10,2.070312,118.64453,335.3594,451.0547,3
3204.734,423,71.64557,4352,10,2.070312,118.64453,339.6328,446.7812,3
3204.734,423,70.9596,4352,11,2.070312,118.64453,335.9922,450.4219,3
3204.734,423,72.58883,4352,11,2.070312,118.64453,336.2383,450.1758,3
3204.734,423,72.22222,4352,7,2.070312,118.64453,336.9336,449.4805,3
3204.734,423,70.17995,4352,12,2.070312,118.64453,337.7344,448.6797,3
3204.734,423,72.5641,4352,13,2.070312,118.64453,333.7461,452.668,3
3204.734,423,73.5369,4352,10,2.070312,118.64453,344.543,441.8711,3
3204.734,423,68.79795,4352,8,2.078125,118.64453,339.6914,446.7227,3
3204.734,423,68.8946,4352,9,2.078125,118.63672,339.6836,446.7305,3
3204.734,423,71.86701,4352,10,2.078125,118.64453,341.4492,444.957,3
3204.723,423,71.71717,4352,14,2.078125,118.64453,337.2109,449.1953,3
3204.723,423,69.87342,4352,11,2.078125,117.07031,340.75,447.2305,3
3204.723,421,69.87342,4352,10,2.078125,117.07031,340.3047,447.6758,3
3204.723,421,71.3198,4352,11,2.078125,117.07031,339.4453,448.5352,3
3204.75,421,73.97959,4352,14,2.082031,117.07031,344.3867,443.5938,3
3204.734,421,70.88608,4352,12,2.082031,117.06641,339.8359,448.1445,3
3204.734,421,71.39241,4352,10,2.082031,117.07031,340.2422,447.7344,3
3204.734,421,70.02519,4352,7,2.082031,117.07031,337.5352,450.4414,3
3204.734,421,70.88608,4352,9,2.082031,117.07031,338.875,449.1016,3
3204.734,421,70.02519,4352,13,2.082031,117.07031,338.9375,449.0391,3
3204.734,421,70.07673,4352,17,2.082031,117.07031,344.9102,443.0664,3
3204.734,421,68.86076,4352,14,2.082031,117.07031,343.7148,444.2617,3
3204.734,421,68.09045,4352,10,2.082031,117.07031,339.1758,448.8008,3
3204.734,421,67.34177,4352,13,2.082031,117.07031,338.832,449.1445,3
3204.734,421,67.34177,4352,7,2.082031,117.07031,338.9805,448.9961,3
3204.734,421,66.66667,4352,12,2.082031,117.05859,339.5625,448.4258,3
3204.734,421,60.09975,4352,15,2.082031,117.05859,345.0781,442.9102,3
3204.734,421,61.48148,4352,8,2.082031,117.05859,341.9062,446.082,3
3204.734,421,69.97455,4352,9,2.082031,117.05859,343.3711,444.6172,3
3204.734,421,71.3198,4352,10,2.082031,117.05859,338.2773,449.7109,3
3204.734,421,72.82051,4352,8,2.082031,117.05859,338.8477,449.1406,3
3204.734,421,72.0403,4352,8,2.082031,117.0,341.3477,446.6992,3
3204.734,421,74.36548,4352,9,2.082031,117.0,338.75,449.2969,3
3204.734,421,72.58883,4352,11,2.082031,117.0,345.1406,442.9062,3
3204.734,421,71.53652,4352,8,2.082031,117.0,341.5312,446.5156,3
3204.734,421,70.55838,4352,13,2.082031,117.0,343.957,444.0898,3
3204.734,421,71.53846,4352,9,2.082031,117.0,341.793,446.2539,3
3204.734,421,70.99237,4352,15,2.082031,117.0,339.2227,448.8242,3
3204.734,421,70.91837,4352,11,2.082031,117.0,339.4062,448.6406,3
3204.734,423,66.33166,4352,18,2.109375,117.19922,336.8516,450.9961,3
3209.062,424,63.29114,4352,10,2.109375,117.27344,335.0781,452.668,3
3209.062,424,65.98465,4352,10,2.109375,117.35938,335.5586,452.1016,3
3209.062,424,72.29219,4352,9,2.109375,117.35938,330.0,457.6602,3
3209.062,424,70.52897,4352,11,2.109375,117.35938,336.6836,450.9766,3
3209.062,424,70.58824,4320,8,2.109375,117.35938,333.2383,454.4219,3
3209.062,423,68.95674,4320,14,2.109375,117.35938,334.2188,453.4414,3
3209.062,423,70.95116,4320,10,2.109375,117.35938,333.7617,453.8984,3
3209.062,423,71.39241,4320,11,2.109375,117.35938,338.0664,449.5938,3
3210.066,426,70.66327,4320,13,2.109375,117.35938,333.1445,454.5156,3
3209.062,423,69.11392,4320,10,2.109375,117.35938,327.832,459.8281,3
3209.062,423,69.82544,4320,11,2.117188,117.35938,330.7344,456.9258,3
3209.062,423,73.18296,4320,11,2.117188,117.35938,331.7031,455.9492,3
3209.062,423,69.69697,4320,10,2.117188,117.35938,331.3711,456.2812,3
3209.062,423,70.12658,4320,15,2.117188,117.35938,327.5156,460.1367,3
3209.062,423,68.76574,4320,10,2.117188,117.27734,328.8438,458.8906,3
3209.062,423,67.42424,4320,10,2.117188,117.27734,331.2305,456.5039,3
3209.062,423,64.42786,4320,14,2.117188,117.27734,331.1875,456.5469,3
3204.254,423,62.08651,4352,14,2.054688,117.27734,328.0703,459.6641,3
3204.254,423,62.34414,4352,12,2.054688,113.72656,331.707,459.6406,3
3204.254,423,66.16162,4352,7,2.054688,113.8125,333.6602,457.6016,3
3204.254,423,75.44757,4352,8,2.054688,113.8125,336.1211,455.1406,3
3204.254,423,73.93484,4352,12,2.0625,113.8125,334.9258,456.3359,3
3204.27,423,67.35219,4352,11,2.0625,113.80469,339.7969,451.4648,3
3204.254,423,74.30025,4352,9,2.0625,113.8125,338.3047,452.9492,3
3204.254,423,69.56522,4352,10,1.546875,113.8125,336.5859,454.668,3
3204.254,423,75.5102,4352,15,1.546875,111.78906,342.4023,451.3906,3
3204.254,423,72.70408,4352,15,1.546875,111.78906,342.3555,451.4375,3
3204.254,423,69.92481,4352,10,1.546875,111.78906,344.0117,449.7812,3
3204.254,423,73.21429,4352,8,1.546875,111.78906,342.5,451.293,3
3204.254,423,69.59799,4352,12,1.4296875,111.78906,341.5664,452.2266,3
3204.254,423,70.78086,4352,7,1.4296875,111.51562,340.7656,453.418,3
3204.254,423,72.89003,4352,8,1.4296875,111.54688,340.5,453.6523,3
3204.254,423,69.28934,4352,11,1.4375,111.54688,339.9648,454.1875,3
3204.254,423,70.66327,4352,11,1.4375,111.53906,336.8203,457.332,3
3205.203,425,72.29219,4352,13,1.4375,111.54688,343.1172,451.0273,3
3204.254,423,68.51385,4352,11,1.4375,111.54688,339.6328,454.5117,3
3204.254,423,72.51908,4352,13,1.4375,111.54688,336.707,457.4375,3
3204.254,422,73.60406,4352,8,1.4375,111.54688,332.9336,461.2109,3
3204.254,422,70.58824,4352,12,1.4375,111.53125,342.8203,451.3398,3
3204.254,422,73.73737,4352,9,1.4375,111.53125,339.2266,454.9336,3
3204.254,422,71.24682,4352,13,1.4375,111.62891,341.207,452.8555,3
3204.254,422,70.45455,4384,8,1.4375,111.64453,340.9102,453.1367,3
3204.254,422,73.9899,4384,11,1.4375,111.64453,342.5,451.5469,3
3204.254,422,71.24682,4384,13,1.4375,111.64453,337.1953,456.8516,3
3204.254,422,71.53652,4384,12,1.4375,111.64453,343.0547,450.9922,3
3204.254,422,68.01008,4384,12,1.4375,111.64453,346.8164,447.2305,3
3204.254,422,66.49874,4384,15,1.4375,111.64453,346.5312,447.5156,3
3204.254,422,65.42289,4384,10,1.4375,111.64453,341.8828,452.1641,3
3204.254,422,60.5985,4384,9,1.4375,111.83984,338.8867,454.9648,3
3204.254,422,60.54591,4384,11,1.4375,111.87109,338.9961,454.8242,3
3204.254,422,63.79747,4384,6,1.4375,111.87109,335.3633,458.457,3
3204.27,422,70.07673,4384,12,1.4375,111.87109,342.0508,451.7695,3
3204.254,422,71.35678,4384,13,1.4375,111.87109,340.2734,453.5469,3
3204.254,422,73.67089,4384,12,1.4375,111.87109,340.668,453.1523,3
3204.254,422,73.33333,4384,14,1.4375,111.87109,337.4844,456.3359,3
3204.254,422,70.88608,4384,12,1.4375,111.87109,335.5586,458.2617,3
3204.254,422,71.61125,4384,15,1.4375,111.87109,339.3086,454.5117,3
3204.254,422,73.18296,4384,12,1.4375,111.87109,339.5352,454.2852,3
3204.254,422,70.51282,4384,6,1.4375,111.87109,336.1172,457.7031,3
3204.254,422,74.31421,4384,8,1.4375,111.87109,337.8984,455.9219,3
3204.254,422,69.89796,4384,14,1.4375,111.87109,338.2969,455.5234,3
3204.254,422,71.10553,4384,11,1.4375,111.87109,336.082,457.7383,3
3204.254,422,73.23232,4384,12,1.4375,111.87109,334.7852,459.0352,3
3204.254,422,71.50127,4384,14,1.4375,111.87109,339.8164,454.0039,3
3204.254,422,67.08861,4384,9,1.4375,111.87109,337.7383,456.082,3
3204.254,422,72.79597,4384,11,1.4375,111.87109,337.8398,455.9805,3
3204.254,422,73.92405,4384,11,1.4375,111.87109,343.5156,450.3047,3
3204.254,422,71.06599,4384,10,1.4570312,111.87109,343.1406,450.6797,3
3204.254,422,72.08122,4384,14,1.4570312,111.87109,337.6719,456.1289,3
3204.254,422,74.87437,4352,11,1.4570312,111.87109,338.6641,455.1367,3
3204.254,422,75.12563,4352,8,1.4570312,111.87109,337.7227,456.0781,3
3204.254,422,70.91837,4352,10,1.4570312,111.87109,340.0664,453.7344,3
3204.254,422,68.95674,4352,16,1.4570312,111.87109,337.6133,456.1875,3
3204.254,422,71.75573,4352,7,1.4570312,111.87109,339.4375,454.3633,3
3204.254,422,69.03553,4352,11,1.4570312,111.87109,339.6953,454.1055,3
3204.27,422,69.34673,4352,11,1.4570312,111.87109,337.2734,456.5273,3
3204.254,422,70.52897,4352,6,1.4570312,111.87109,341.6602,452.1406,3
3204.254,422,71.13924,4352,12,1.4570312,111.87109,335.6445,458.1562,3
3204.254,422,67.9198,4352,9,1.4570312,111.90234,341.1445,452.625,3
3204.254,422,62.37374,4352,10,1.4570312,111.90234,339.1523,454.6172,3
3204.254,422,62.75,4352,9,1.4570312,111.90234,337.6484,456.1211,3
3204.254,422,61.19403,4352,14,1.4570312,111.90234,337.3516,456.418,3
3204.254,422,68.18182,4352,18,1.4570312,111.90234,337.3789,456.3906,3
3204.254,422,74.29306,4352,11,1.4570312,111.90234,343.7422,450.0273,3
3204.254,422,70.99237,4352,11,1.4570312,111.90234,339.3828,454.3867,3
3204.254,422,72.58883,4352,9,1.4570312,111.90234,337.1328,456.6367,3
3204.254,422,73.46939,4352,16,1.4570312,111.90234,342.5859,451.1836,3
3204.254,423,67.43003,4352,10,1.4570312,111.90234,337.9922,455.7773,3
3204.254,423,73.91304,4352,15,1.4570312,111.90234,346.5234,447.2461,3
3204.254,423,73.9899,4352,12,1.4570312,111.90234,341.2578,452.5117,3
3204.254,423,69.15167,4352,15,1.4570312,111.90234,342.1562,451.6133,3
3204.254,423,70.91837,4352,11,1.4648438,111.90234,337.7148,456.0547,3
3204.242,423,72.05128,4352,13,1.4648438,111.89453,340.0703,453.6992,3
3204.242,423,71.09974,4352,14,1.4648438,111.90234,342.7031,451.0586,3
3204.242,423,73.73737,4352,9,1.4648438,112.0,339.9961,453.668,3
3204.242,423,71.02564,4352,13,1.4648438,112.03906,346.4492,447.1758,3
3204.242,423,70.67669,4352,13,1.4648438,112.03906,342.0312,451.5938,3
3204.254,423,71.79487,4352,12,1.4648438,112.03906,338.1484,455.4766,3
3204.254,423,73.55164,4352,12,1.4648438,112.03906,341.1523,452.4727,3
3204.254,423,70.55838,4352,9,1.4648438,112.03906,341.0781,452.5469,3
3204.242,423,73.09645,4352,10,1.4648438,112.03906,340.3477,453.2773,3
3204.242,423,72.58883,4384,10,1.4648438,112.03906,338.5391,455.0859,3
3204.242,423,71.06599,4352,17,1.4726562,112.03906,338.375,455.25,3
3204.254,423,69.09548,4352,12,1.4726562,112.03906,338.8398,454.7773,3
3204.254,423,69.28934,4352,11,1.4726562,112.03906,340.6719,452.9453,3
3204.254,423,71.75573,4352,10,1.4726562,112.03906,342.0312,451.5859,3
3204.254,423,70.02519,4352,14,1.4726562,112.03906,339.918,453.6992,3
3204.254,423,70.48346,4352,15,1.4726562,112.03906,340.8633,452.7539,3
3204.254,423,72.9798,4352,10,1.4726562,112.03906,337.5273,456.0898,3
3204.242,423,70.27708,4352,13,1.4726562,112.03906,338.3359,455.2812,3
3204.254,423,65.90909,4352,11,1.4726562,112.03906,342.2109,451.4062,3
3204.254,423,60.89109,4352,12,1.4726562,112.03906,340.3906,453.2266,3
3204.254,423,59.84848,4352,19,1.4726562,112.03906,335.918,457.6992,3
3204.254,423,68.68687,4352,16,1.4726562,112.03906,336.3828,457.2344,3
3204.254,423,70.48346,4352,19,1.4726562,112.02344,341.6836,451.9492,3
3204.254,423,72.95918,4352,14,1.4726562,112.02344,338.5117,455.1211,3
3204.254,423,70.58824,4352,12,1.4726562,112.02344,337.4844,456.1484,3
3204.254,423,71.93878,4352,18,1.4726562,112.02344,339.7305,453.9023,3
3204.254,423,72.72727,4352,12,1.4804688,112.02344,340.9766,452.6562,3
3204.254,423,74.74747,4352,10,1.4804688,112.02344,337.5859,456.0391,3
3204.254,423,72.54408,4352,16,1.4804688,112.02344,341.1328,452.4922,3
3204.242,423,68.36735,4352,12,1.4804688,112.02344,339.5156,454.1094,3
3204.242,423,70.12658,4352,13,1.4804688,112.02344,345.8398,447.7852,3
3204.242,423,72.75064,4352,11,1.4804688,112.02344,347.7383,445.8867,3
3204.242,423,73.67089,4352,7,1.4804688,112.02344,341.9141,451.7109,3
3204.242,423,72.40506,4352,11,1.4804688,112.02344,341.3594,452.2656,3
3204.289,423,73.73737,4352,16,1.4804688,112.02344,338.1992,455.4258,3
3204.254,423,76.33588,4352,18,1.4804688,112.02344,337.9727,455.6523,3
3204.254,423,71.6792,4352,12,1.4804688,112.02344,335.8164,457.8086,3
3204.254,423,72.44898,4352,9,1.4804688,112.02344,341.5117,452.1133,3
3204.254,423,69.87342,4352,9,1.4804688,112.02344,342.7969,450.8281,3
3204.254,423,73.58974,4352,15,1.4804688,112.02344,339.3516,454.2734,3
3204.254,423,71.42857,4352,13,1.4804688,112.02344,337.3594,456.2656,3
3204.254,423,74.23469,4352,10,1.4804688,112.02344,341.6484,451.9766,3
3204.254,423,71.75573,4352,9,1.4804688,112.02344,336.8633,456.7617,3
3204.254,423,71.64557,4352,7,1.5,112.02344,343.3867,450.2383,3
3204.254,423,69.64286,4352,13,1.5,112.00781,343.8906,449.7305,3
3204.254,423,68.76574,4384,14,1.5,112.02344,345.1406,448.4648,3
3204.242,423,66.83544,4384,12,1.5,112.02344,346.9023,446.7031,3
3204.254,423,69.59799,4384,15,1.5,112.05469,343.5508,450.0234,3
3204.254,423,67.9198,4352,18,1.5,112.05469,342.9297,450.6445,3
3204.254,423,62.25,4320,9,1.5,112.05469,344.6133,448.9609,3
3204.254,423,60.84788,4352,12,1.5,112.07031,341.4258,452.1328,3
3204.254,423,60.30151,4352,12,1.5078125,112.07031,337.8164,455.7422,3
3204.254,423,68.36735,4352,10,1.5078125,112.07031,346.3867,447.1641,3
3204.254,423,69.92288,4352,13,1.5078125,112.07031,342.75,450.8008,3
3204.254,423,70.40816,4352,9,1.5078125,112.07031,342.9219,450.6289,3
3204.254,423,74.03599,4352,15,1.5078125,112.07031,342.3477,451.2031,3
3204.254,423,71.64557,4352,14,1.5078125,112.07031,341.6211,451.9297,3
3204.254,423,71.82741,4352,11,1.5078125,112.07031,340.9297,452.6211,3
3204.254,423,73.21429,4352,11,1.5078125,112.07031,337.9062,455.6445,3
3204.254,423,73.35025,4352,14,1.5078125,112.07031,339.1133,454.4375,3
3204.254,423,73.84615,4352,7,1.5078125,112.07031,343.2695,450.2812,3
3204.254,423,71.17347,4352,9,1.5078125,112.07031,341.957,451.5938,3
3204.254,423,71.82741,4352,13,1.5078125,112.08594,337.0898,456.4453,3
3204.254,423,74.68031,4352,12,1.5078125,112.08594,339.1641,454.3711,3
3204.254,423,72.84264,4352,12,1.5078125,112.08594,335.7734,457.7617,3
3204.254,423,69.30946,4352,8,1.5078125,112.08594,341.8555,451.6797,3
3204.254,423,70.73791,4352,14,1.5078125,112.08594,337.3828,456.1523,3
3204.254,423,67.94872,4352,9,1.5078125,112.10156,338.7031,454.8164,3
3204.254,423,70.48346,4352,14,1.5078125,112.10156,335.0664,458.4531,3
3204.254,423,71.28205,4352,12,1.515625,112.10156,340.9336,452.5859,3
3204.254,423,68.86076,4352,19,1.515625,112.10156,337.4883,456.0234,3
3204.254,423,71.75573,4352,11,1.515625,112.10156,342.0703,451.4414,3
3204.254,423,70.89552,4352,14,1.515625,112.10156,342.2656,451.2461,3
3204.254,423,68.0203,4352,9,1.515625,112.10156,338.8477,454.6641,3
3204.254,423,74.24242,4352,13,1.515625,112.10156,340.3086,453.2031,3
3204.254,423,71.06599,4352,15,1.515625,112.10156,339.2695,454.2422,3
3204.254,422,71.28463,4352,9,1.515625,112.10156,338.6367,454.875,3
3204.254,423,73.9899,4352,11,1.515625,112.10156,337.3906,456.1211,3
3204.254,423,67.59494,4352,15,1.515625,112.10156,336.4883,457.0234,3
3204.27,423,68.0,4352,11,1.515625,112.10156,336.5625,456.9492,3
3204.254,423,65.67164,4352,10,1.515625,112.10156,337.793,455.7188,3
3204.254,423,61.0,4352,10,1.515625,112.10156,340.3242,453.1875,3
3204.254,423,62.0603,4352,13,1.515625,112.10156,341.1992,452.3125,3
3204.254,423,70.30457,4352,11,1.515625,112.10156,339.6133,453.8984,3
3204.254,423,72.44898,4352,8,1.515625,112.10156,334.8047,458.707,3
3204.254,423,72.19388,4352,10,1.515625,112.10156,336.7695,456.7422,3
3204.254,423,73.41772,4352,7,1.515625,112.10156,337.1172,456.3945,3
3204.254,423,73.67089,4352,7,1.515625,112.14453,342.7305,450.7383,3
3204.254,423,73.55164,4352,11,1.515625,112.14453,339.9961,453.4727,3
3204.254,423,69.97455,4352,9,1.515625,112.14453,341.0234,452.4453,3
3204.254,423,73.35025,4352,9,1.515625,112.14453,336.0195,457.4492,3
3204.254,423,74.11168,4352,7,1.5234375,112.14453,336.4297,457.0391,3
3204.254,423,72.08122,4352,13,1.5234375,112.13672,337.1445,456.3242,3
3204.254,423,73.25,4352,8,1.5234375,112.14453,340.3086,453.1523,3
3204.254,423,70.55838,4352,9,1.5234375,112.14453,336.6992,456.7617,3
3204.254,423,72.70408,4352,13,1.5234375,112.14453,336.3008,457.1602,3
3204.254,423,71.46465,4352,7,1.5234375,112.14453,340.9609,452.5,3
3204.254,423,66.75063,4352,13,1.5234375,112.14453,338.4453,455.0156,3
3204.254,423,70.87629,4352,7,1.5234375,112.14453,336.1211,457.3398,3
3204.242,423,73.18296,4352,13,1.5234375,112.14453,337.2617,456.1992,3
3204.242,423,72.93233,4352,12,1.5234375,112.14453,338.3438,455.1172,3
3204.254,423,73.14578,4352,9,1.5234375,112.14453,341.2773,452.1836,3
3204.254,423,72.51908,4352,12,1.5234375,112.14453,338.8164,454.6445,3
3204.254,423,72.18045,4352,15,1.5234375,112.20703,337.2578,456.1406,3
3204.254,423,68.70229,4352,13,1.5234375,112.20703,339.0469,454.3516,3
3204.254,423,69.46565,4352,9,1.5273438,112.20703,339.8047,453.5938,3
3204.254,423,69.87342,4352,14,1.5273438,112.20703,340.2539,453.1406,3
3204.254,423,71.53652,4352,10,1.5273438,112.21094,345.6367,447.7539,3
3204.254,423,70.35176,4352,9,1.5273438,112.21094,338.2422,455.1484,3
3204.254,423,67.92929,4352,14,1.5273438,112.21094,339.7188,453.6719,3
3204.254,423,67.00508,4352,12,1.5273438,112.21094,336.0,457.3906,3
3204.254,423,63.63636,4352,15,1.5273438,112.21094,337.3516,456.0391,3
3204.254,423,59.10224,4352,11,1.5273438,112.21094,339.4375,453.9531,3
3204.242,423,63.11881,4352,11,1.5273438,112.21094,335.5781,457.8125,3
3204.242,423,68.28645,4352,14,1.5273438,112.21094,336.125,457.2656,3
3204.242,423,72.33503,4352,12,1.5273438,112.21094,347.5664,445.8242,3
3204.254,423,70.63291,4352,8,1.5429688,112.21094,346.8672,446.5234,3
3204.254,423,67.93893,4352,14,1.5429688,112.19531,345.0938,448.2969,3
3204.254,423,73.48485,4352,11,1.5429688,112.21094,340.1914,453.1836,3
3204.254,423,67.8392,4352,11,1.5429688,112.21094,347.2578,446.1172,3
3204.254,423,72.84264,4352,9,1.5429688,112.21094,340.6836,452.6914,3
3204.254,422,69.28934,4352,13,1.5429688,112.21094,336.6914,456.6836,3
3204.254,422,72.37852,4352,11,1.546875,112.21094,341.6289,451.7461,3
3204.254,422,71.93878,4352,10,1.546875,112.21094,343.8008,449.5703,3
3204.254,422,71.82741,4352,11,1.546875,112.21094,339.1445,454.2266,3
3204.254,422,70.48346,4352,11,1.546875,112.21094,345.4844,447.8867,3
3204.254,422,67.00767,4352,9,1.546875,112.21094,342.0781,451.293,3
3204.254,422,74.11168,4352,13,1.546875,112.21094,338.9453,454.4258,3
3204.254,422,68.10127,4352,12,1.546875,112.21094,340.5312,452.8398,3
3204.254,422,74.30025,4352,7,1.546875,112.21094,341.0078,452.3633,3
3204.242,422,71.09974,4352,14,1.546875,112.21094,338.7422,454.6289,3
3204.242,422,71.06599,4352,8,1.546875,112.21094,339.8945,453.4766,3
3204.254,422,73.35025,4352,19,1.546875,112.21094,336.7539,456.6172,3
3204.254,422,72.79597,4352,12,1.546875,112.21094,340.3516,453.0195,3
3204.242,423,69.89796,4352,12,1.546875,112.21094,338.2461,455.125,3
3204.242,423,72.89003,4352,10,1.5546875,112.21094,335.7266,457.6445,3
3204.242,423,71.03275,4352,14,1.5546875,112.20312,340.7227,452.6484,3
3204.254,423,71.5736,4352,12,1.5546875,112.21094,340.9336,452.4297,3
3204.254,423,69.42356,4352,13,1.5546875,112.21094,341.4141,451.9492,3
3204.254,423,68.0203,4352,12,1.5546875,112.21094,338.8984,454.4648,3
3204.254,423,66.49746,4352,12,1.5546875,112.21094,340.8281,452.5352,3
3204.254,423,66.66667,4352,10,1.5546875,112.21094,340.3242,453.0391,3
3204.254,421,63.8404,4352,10,1.5546875,112.21094,336.2266,457.1367,3
3204.254,421,62.5,4352,13,1.5546875,112.21094,337.6055,455.7578,3
3204.254,421,59.3985,4352,13,1.5546875,112.21094,342.5938,450.7695,3
3204.254,421,71.50127,4352,12,1.5546875,112.21094,338.3789,454.9844,3
3204.254,421,69.23077,4352,10,1.5546875,112.21094,345.9492,447.4141,3
3204.254,421,72.58883,4352,12,1.5546875,112.21094,341.1211,452.2422,3
3204.254,421,75.12953,4352,7,1.5546875,112.21094,340.832,452.5312,3
3204.254,421,69.79695,4352,16,1.5546875,112.21094,338.6016,454.7617,3
3204.254,421,71.89873,4352,7,1.5546875,112.21094,339.3438,454.0195,3
3204.254,421,70.55838,4352,11,1.5546875,112.21094,345.8906,447.4727,3
3204.254,421,72.0403,4352,12,1.5546875,112.21094,343.1836,450.1797,3
3204.254,421,73.35025,4352,17,1.5546875,112.21094,337.6367,455.7266,3
3204.254,422,72.22222,4352,9,1.5546875,112.21094,340.9336,452.4297,3
3204.254,422,73.85787,4320,11,1.5546875,112.21094,337.9297,455.4336,3
3204.254,422,74.37186,4320,13,1.5546875,112.21094,334.6055,458.7578,3
3204.254,422,70.20202,4320,17,1.5546875,112.21094,342.2812,451.082,3
3204.254,422,72.75,4320,13,1.5546875,112.21094,338.3984,454.9648,3
3204.254,422,73.79135,4320,12,1.5546875,112.21094,339.6094,453.7539,3
3204.254,422,71.93878,4352,11,1.5546875,112.21094,337.9102,455.4531,3
3204.254,422,74.11168,4352,8,1.5546875,112.21094,341.1211,452.2422,3
3204.254,422,73.41772,4352,7,1.5546875,112.21094,342.7695,450.5938,3
3204.254,422,71.82045,4352,12,1.5546875,112.21094,339.4609,453.9023,3
3204.254,422,70.63291,4352,9,1.5546875,112.21094,341.4023,451.9609,3
3204.254,422,68.44784,4352,10,1.5546875,112.21094,337.5195,455.8438,3
3204.254,422,70.02519,4352,9,1.5546875,112.21094,338.2148,455.1484,3
3204.254,422,70.30457,4384,8,1.5546875,112.22656,335.0469,458.3008,3
3204.254,422,70.67669,4384,8,1.5546875,112.22656,340.7969,452.5508,3
3204.254,422,74.3073,4384,11,1.5546875,112.22656,339.3555,453.9922,3
3204.254,422,69.87342,4384,9,1.5546875,112.22656,340.6484,452.6992,3
3204.254,422,71.78841,4384,7,1.5625,112.22656,338.625,454.7227,3
3204.254,422,66.0804,4384,14,1.5625,112.21875,342.1602,451.1875,3
3204.254,422,64.45013,4384,7,1.5625,112.22656,342.75,450.5898,3
3204.254,422,64.5,4384,7,1.5625,112.22656,341.1641,452.1758,3
3204.254,422,59.64467,4352,10,1.5625,112.22656,338.375,454.9648,3
3204.254,422,73.09645,4352,18,1.5625,112.25781,342.1641,451.1445,3
3204.254,422,73.09645,4352,14,1.5625,112.25781,339.5625,453.7461,3
3204.254,422,74.24242,4352,12,1.5625,112.25781,339.1914,454.1172,3
3204.254,422,70.12658,4352,14,1.5625,112.25781,340.1055,453.2031,3
3204.254,422,71.06599,4352,12,1.5703125,112.25781,336.9102,456.3984,3
3204.254,422,67.26343,4352,12,1.5703125,112.25781,338.5781,454.7227,3
3204.254,422,71.17347,4352,13,1.5703125,112.25781,344.1875,449.1133,3
3204.254,422,72.63427,4352,10,1.5703125,112.25781,336.5039,456.7969,3
3204.254,422,70.88608,4352,18,1.5703125,112.25781,337.3125,455.9883,3
3204.254,422,71.93878,4352,12,1.5703125,112.25781,344.2344,449.0664,3
3204.254,422,71.39241,4352,9,1.5703125,112.25781,338.3281,454.9727,3
3204.254,422,71.93878,4352,13,1.5703125,112.25781,340.2266,453.0742,3
3204.254,422,72.26463,4352,10,1.5703125,112.25781,339.457,453.8438,3
3204.254,422,71.71717,4352,8,1.5703125,112.25781,341.3203,451.9805,3
3204.254,422,72.49357,4352,11,1.5703125,112.25781,336.8359,456.4648,3
3204.254,422,71.9697,4352,8,1.5703125,112.25781,342.2266,451.0742,3
3204.254,422,68.95674,4352,7,1.5703125,112.25781,342.4766,450.8242,3
3204.254,422,74.68672,4352,12,1.5703125,112.25781,339.3594,453.9414,3
3204.254,422,70.15306,4352,12,1.5703125,112.25781,336.9258,456.375,3
3204.254,422,73.09645,4352,11,1.5703125,112.25781,340.3711,452.9297,3
3204.254,422,69.56522,4320,12,1.5703125,112.27734,337.8672,455.4141,3
3204.254,422,70.48346,4320,16,1.5703125,112.27734,338.5742,454.707,3
3204.254,422,69.79695,4320,11,1.5703125,112.27734,340.4648,452.8164,3
3204.254,422,68.90547,4320,11,1.5703125,112.27734,337.7305,455.5508,3
3204.254,422,72.84264,4320,10,1.5703125,112.27734,339.1992,454.082,3
3204.254,422,71.0,4320,10,1.5703125,112.27734,345.5352,447.7461,3
3204.254,422,68.78173,4320,8,1.5703125,112.27734,341.418,451.8633,3
3204.254,422,65.33666,4320,11,1.5703125,112.27734,337.5898,455.6914,3
3204.254,422,63.59102,4320,16,1.5703125,112.27734,335.7852,457.4961,3
3204.254,422,59.25,4320,12,1.5703125,112.27734,337.082,456.1992,3
3204.254,422,61.34663,4320,14,1.5703125,112.27734,344.2539,449.0273,3
3205.258,420,72.2365,4320,13,1.5703125,112.27734,338.5117,454.7695,3
3205.258,421,68.71795,4320,11,1.5703125,112.27734,334.6094,458.6719,3
3204.254,421,71.82741,4320,11,1.578125,112.27734,340.2383,453.043,3
3204.254,421,72.37852,4320,14,1.578125,112.27734,341.3281,451.9453,3
3204.254,421,75.38071,4320,8,1.578125,112.27734,339.7422,453.5312,3
3204.254,421,73.19588,4352,13,1.578125,112.27734,334.1562,459.1172,3
3204.254,421,70.52897,4352,13,1.578125,112.27734,340.7773,452.4961,3
3204.254,421,75.63452,4352,8,1.578125,112.27734,337.3047,455.9688,3
3204.254,421,71.68367,4352,7,1.578125,112.27734,338.7734,454.5,3
3204.254,422,69.62025,4352,11,1.578125,112.27734,340.0547,453.2188,3
3204.254,422,69.56522,4352,18,1.578125,112.27734,340.5195,452.7539,3
3204.254,422,67.77494,4352,14,1.578125,112.29297,337.168,456.0898,3
3204.254,422,73.68421,4352,14,1.578125,112.29297,337.2031,456.0547,3
3204.254,422,72.08122,4352,9,1.578125,112.29297,340.5938,452.6641,3
3204.254,422,73.45361,4352,9,1.578125,112.29297,337.6133,455.6445,3
3204.254,422,70.45455,4352,12,1.578125,112.29297,338.5742,454.6836,3
3204.254,422,67.17172,4352,10,1.578125,112.29297,340.8047,452.4531,3
3204.254,421,67.85714,4352,12,1.578125,112.29297,340.3945,452.8633,3
3204.254,421,69.26952,4352,12,1.578125,112.29297,337.9062,455.3516,3
3204.254,421,71.39241,4352,11,1.578125,112.29297,333.7656,459.4922,3
3204.254,421,74.05542,4352,15,1.578125,112.36328,343.9141,449.2734,3
3204.254,421,68.84422,4352,7,1.578125,112.36328,341.0156,452.1719,3
3204.254,421,72.95918,4352,12,1.578125,112.36328,338.1445,455.043,3
3204.254,421,69.59799,4352,11,1.578125,112.36328,339.7266,453.4609,3
3204.254,421,67.77494,4352,14,1.578125,112.36328,340.7109,452.4766,3
3204.254,420,70.20202,4352,11,1.578125,112.36328,336.3906,456.7969,3
3204.254,420,65.99496,4352,10,1.578125,112.36328,334.2031,458.9844,3
3204.254,420,68.40796,4352,14,1.578125,112.36328,340.1367,453.0508,3
3204.254,420,63.90977,4352,9,1.578125,112.36328,340.2422,452.9453,3
3204.254,420,61.09726,4352,10,1.578125,112.36328,341.6289,451.5586,3
3204.254,420,60.76923,4352,9,1.578125,112.36328,338.0508,455.1367,3
3204.254,420,69.46565,4352,10,1.578125,112.36328,337.2539,455.9336,3
3204.254,420,70.88608,4352,15,1.578125,112.36328,338.4023,454.7852,3
3204.254,420,69.66581,4352,11,1.578125,112.34766,339.3711,453.832,3
3204.254,420,72.47475,4352,7,1.578125,112.34766,339.6133,453.5898,3
3204.254,420,72.26463,4352,9,1.578125,112.34766,337.6445,455.5586,3
3204.254,420,72.51908,4352,9,1.578125,112.34766,336.3047,456.8984,3
3204.254,420,70.22901,4384,14,1.578125,112.34766,336.9375,456.2656,3
3204.254,420,68.70229,4384,11,1.578125,112.34766,340.0664,453.1367,3
3204.254,420,72.58883,4384,9,1.578125,112.34766,340.2617,452.9414,3
3204.254,420,72.51908,4384,8,1.578125,112.34766,336.7344,456.4688,3
3204.254,420,72.05128,4384,10,1.578125,112.34766,342.9297,450.2734,3
3204.254,420,71.82741,4384,10,1.5859375,112.34766,340.4961,452.707,3
3204.254,420,67.77494,4384,18,1.5859375,112.34766,336.2305,456.9648,3
3204.254,420,70.9596,4384,7,1.5859375,112.34766,334.2617,458.9336,3
3204.254,420,70.99237,4352,8,1.5859375,112.34766,337.0,456.1953,3
3204.254,420,70.35176,4352,12,1.5859375,112.34766,337.8125,455.3828,3
3204.254,420,72.44898,4352,7,1.5859375,112.34766,340.7539,452.4414,3
3204.254,420,70.20202,4352,13,1.5859375,112.34766,340.0508,453.1445,3
3204.254,420,74.68031,4352,13,1.5859375,112.34766,340.7109,452.4844,3
3204.254,420,74.05542,4352,13,1.5859375,112.34766,340.1562,453.0391,3
3204.254,420,70.99237,4352,10,1.5859375,112.34766,335.7109,457.4844,3
3204.254,420,71.46465,4352,8,1.5859375,112.34766,337.957,455.2383,3
3204.254,420,68.43434,4352,13,1.5859375,112.34766,334.7773,458.418,3
3204.254,420,71.9697,4320,11,1.5859375,112.34766,335.7188,457.4766,3
3204.254,420,72.25,4320,9,1.5859375,112.34766,336.5117,456.6836,3
3204.254,420,71.21212,4320,8,1.5859375,112.34766,336.9883,456.207,3
3204.254,420,69.19192,4320,13,1.5859375,112.34766,338.1914,455.0039,3
3204.254,420,65.5,4320,10,1.5859375,112.34766,334.9922,458.2031,3
3204.254,420,63.0,4320,11,1.59375,112.34766,336.168,457.0273,3
3204.254,420,58.79397,4320,13,1.59375,112.33984,337.2227,455.9727,3
3204.254,420,64.82412,4320,10,1.59375,112.34766,338.5898,454.5977,3
3204.254,420,75.1269,4320,14,1.59375,112.34766,344.3555,448.832,3
3204.254,420,72.70408,4320,10,1.59375,112.34766,339.7734,453.4141,3
3204.254,420,72.84264,4320,10,1.59375,112.38281,336.4141,456.7383,3
3204.254,420,72.82051,4320,11,1.59375,112.38281,337.8945,455.2578,3
3204.254,420,71.71717,4320,11,1.59375,112.38281,338.7188,454.4336,3
3204.254,420,74.05542,4320,12,1.59375,112.36719,339.7812,453.3867,3
3204.254,420,68.95674,4320,13,1.59375,112.36719,340.7539,452.4141,3
3204.254,420,74.61929,4320,10,1.59375,112.46484,334.7539,458.3164,3
3204.254,420,70.05076,4352,12,1.59375,112.48828,334.2578,458.7891,3
3204.254,420,69.7201,4352,9,1.59375,112.48828,336.5352,456.5117,3
3204.254,421,71.39241,4352,10,1.6015625,112.48828,338.3672,454.6797,3
3204.254,421,69.82097,4352,12,1.6015625,112.48828,339.5391,453.5,3
3204.254,421,72.72727,4352,14,1.6015625,112.48828,336.9688,456.0703,3
3204.254,421,71.03275,4352,9,1.6015625,112.48828,338.2227,454.8164,3
3204.254,421,71.53846,4352,7,1.6015625,112.48828,336.5469,456.4922,3
3204.254,421,67.25888,4352,15,1.6015625,112.48828,338.1875,454.8516,3
3204.254,421,71.64557,4352,8,1.6015625,112.48828,346.7578,446.2812,3
3204.254,421,69.13265,4352,11,1.609375,112.47266,337.0977,455.957,3
3204.254,421,70.37975,4352,14,1.609375,112.47266,343.8203,449.2266,3
3204.254,421,72.05128,4352,12,1.609375,112.47266,339.3672,453.6797,3
3204.254,421,68.68687,4352,9,1.609375,112.47266,336.0859,456.9609,3
3204.254,421,70.37975,4352,8,1.609375,112.47266,333.6016,459.4453,3
3204.254,421,72.9798,4352,17,1.609375,112.47266,338.0312,455.0156,3
3204.254,421,71.60494,4352,8,1.609375,112.47266,336.5117,456.5352,3
3204.254,421,68.44784,4352,12,1.609375,112.47266,338.3203,454.7266,3
3204.254,421,64.43299,4352,12,1.609375,112.47266,334.6836,458.3633,3
3204.254,421,65.01241,4352,15,1.609375,112.47266,341.4336,451.6133,3
3204.254,420,60.20151,4352,10,1.609375,112.47266,342.168,450.8789,3
3204.254,420,62.37374,4352,15,1.609375,112.47266,335.8516,457.1953,3
3204.254,420,60.60606,4352,7,1.4804688,112.47266,329.3711,463.6758,3
3204.254,420,67.34694,4352,13,1.4804688,112.17188,340.5469,452.9297,3
3204.254,420,69.05371,4352,9,1.4804688,112.17188,341.5977,451.8789,3
3204.254,420,70.88608,4352,11,1.4804688,112.17188,340.9219,452.5547,3
3204.254,420,73.67089,4352,10,1.4804688,112.17188,341.0898,452.3867,3
3204.254,420,71.93878,4352,11,1.4804688,112.17188,340.9453,452.5312,3
3204.254,420,73.09645,4352,13,1.4804688,112.17188,338.0195,455.457,3
3204.254,420,69.79695,4384,13,1.4804688,112.17188,335.4766,458.0,3
3205.258,420,73.48485,4384,18,1.4804688,112.17188,342.1875,451.2891,3
3205.258,420,71.06599,4384,12,1.4804688,112.17188,338.0312,455.4453,3
3204.254,420,72.22222,4352,7,1.4804688,112.17188,339.5469,453.9297,3
3204.254,420,72.91139,4352,11,1.4804688,112.17188,344.9297,448.5469,3
3204.254,420,69.7201,4352,12,1.4804688,112.17188,343.75,449.7266,3
3204.254,420,72.26463,4352,12,1.4804688,112.17188,343.0977,450.3789,3
3204.254,420,72.08122,4352,11,1.4804688,112.17188,341.8086,451.668,3
3204.254,420,74.8731,4352,7,1.4804688,112.17188,340.6445,452.832,3
3204.254,420,70.30457,4352,15,1.4804688,112.17188,338.3906,455.0859,3
3204.254,420,69.87342,4352,11,1.4804688,112.17188,344.9531,448.5234,3
3204.254,420,73.21429,4352,9,1.4804688,112.17188,338.9766,454.5,3
3204.254,420,72.1519,4352,12,1.4804688,112.17188,340.6484,452.8281,3
3204.254,420,72.77354,4352,10,1.4804688,112.17188,340.7773,452.6992,3
3204.254,420,76.13065,4352,9,1.4804688,112.17188,335.793,457.6836,3
3204.254,420,71.89873,4352,10,1.4804688,112.17188,339.6016,453.875,3
3204.254,420,67.26343,4352,13,1.4804688,112.1875,339.8086,453.6523,3
3204.254,420,70.99237,4352,17,1.4804688,112.1875,338.5703,454.8906,3
3204.254,420,71.89873,4352,10,1.4804688,112.1875,339.9883,453.4727,3
3204.254,420,69.72705,4352,11,1.4804688,112.1875,340.7383,452.7227,3
3204.254,420,71.82741,4352,12,1.4804688,112.1875,341.0039,452.457,3
3204.254,420,66.66667,4352,15,1.4804688,112.1875,342.9727,450.4883,3
3212.094,420,66.41221,4352,16,1.4804688,112.1875,342.8945,450.5664,3
3204.254,420,63.68159,4352,13,1.4804688,112.1875,340.9766,452.4844,3
3204.254,420,59.0,4352,13,1.4804688,112.1875,340.6016,452.8594,3
3204.254,420,69.28934,4352,16,1.4804688,112.1875,337.4844,455.9766,3
3204.254,420,72.1519,4352,5,1.4804688,112.1875,344.125,449.3359,3
3204.254,420,70.40816,4352,13,1.4804688,112.1875,338.793,454.668,3
3204.254,420,71.9697,4352,11,1.4804688,112.1875,336.5586,456.9023,3
3204.254,420,71.24352,4352,15,1.4804688,112.1875,342.5977,450.8633,3
3204.254,420,70.33248,4352,10,1.4804688,112.1875,339.0156,454.4453,3
3204.254,420,75.1269,4352,8,1.4804688,112.1875,339.1406,454.3203,3
3204.254,420,75.31486,4352,14,1.4804688,112.1875,339.8672,453.5938,3
3204.254,420,74.81108,4352,12,1.4804688,112.1875,338.4453,455.0156,3
3204.254,420,72.84264,4352,11,1.4804688,112.20312,340.7227,452.7227,3
3204.254,420,72.29219,4352,9,1.4804688,112.20312,339.1641,454.2812,3
3204.254,420,73.09645,4352,8,1.4804688,112.20312,340.5312,452.9141,3
3204.254,420,74.4898,4352,7,1.4882812,112.20312,344.9883,448.457,3
3204.254,420,71.06599,4352,18,1.4882812,112.20312,345.1992,448.2383,3
3204.254,420,73.9899,4352,9,1.4882812,112.20312,344.3789,449.0586,3
3204.254,420,70.69409,4352,10,1.4882812,112.20312,340.9883,452.4492,3
3204.254,420,67.85714,4352,8,1.4882812,112.20312,344.5312,448.9062,3
3204.254,420,75.56675,4352,11,1.4882812,112.20312,344.0781,449.3594,3
3204.254,420,71.9697,4352,6,1.4882812,112.20312,340.25,453.1875,3
3204.254,420,72.11055,4352,11,1.4960938,112.20312,338.3359,455.1016,3
3204.254,420,71.64557,4320,9,1.4960938,112.19531,334.7539,458.6836,3
3204.254,420,70.81218,4320,12,1.4960938,112.20312,336.1211,457.3086,3
3204.254,420,67.09184,4320,15,1.4960938,112.20312,347.0352,446.3945,3
3204.254,420,72.47475,4320,12,1.4960938,112.20312,340.8008,452.6289,3
3204.254,420,70.17544,4320,10,1.4960938,112.20312,341.9023,451.5273,3
3204.254,420,67.75819,4320,11,1.4960938,112.20312,341.1602,452.2695,3
3204.254,421,64.55696,4320,11,1.4960938,112.20312,343.7266,449.7031,3
3204.254,421,66.16915,4320,13,1.4960938,112.20312,339.5078,453.9219,3
3204.254,421,62.0603,4320,10,1.4960938,112.21875,339.9414,453.4727,3
3204.254,423,60.24691,4320,11,1.4960938,112.21875,339.2578,454.1562,3
3204.254,423,60.44776,4320,10,1.4960938,112.21875,341.9297,451.4844,3
3204.254,423,70.37975,4320,9,1.4960938,112.21875,338.9648,454.4492,3
3204.254,423,72.95918,4320,11,1.4960938,112.21875,341.0859,452.3281,3
3204.254,423,72.26463,4320,20,1.4960938,112.21875,339.9375,453.4766,3
3204.254,423,70.61856,4320,9,1.4960938,112.21875,337.668,455.7461,3
3204.254,423,72.72727,4320,10,1.5,112.23438,337.4805,455.918,3
3204.254,423,71.24682,4320,17,1.5,111.61719,342.8984,451.1133,3
3204.254,423,70.0,4320,8,1.5,111.625,344.4805,449.5234,3
3204.254,423,71.78841,4320,10,1.5,111.67969,341.6641,452.2852,3
3204.254,423,70.43702,4320,14,1.5,111.67969,337.1914,456.7578,3
3204.254,423,69.62025,4320,10,1.5,111.83203,340.4453,453.3516,3
3204.254,423,73.28244,4320,14,1.5,111.83203,340.5547,453.2422,3
3204.254,423,70.78086,4320,15,1.5,111.83203,339.2148,454.582,3
3204.254,423,75.06297,4320,10,1.5,111.83203,340.082,453.7148,3
3204.254,423,73.23232,4320,12,1.5,111.83203,340.2188,453.5781,3
3204.254,423,74.74747,4320,14,1.5,111.83203,340.7812,453.0156,3
3204.254,423,69.94949,4320,10,1.5,111.83203,340.7227,453.0742,3
3204.254,423,70.63291,4320,10,1.5,111.83203,339.6875,454.1094,3
3204.254,423,72.0403,4320,7,1.5,111.83203,337.4727,456.3242,3
3204.254,423,71.4653,4320,14,1.5,111.83203,343.6562,450.1406,3
3204.254,423,71.28205,4320,12,1.5,111.83203,341.5156,452.2812,3
3204.254,423,70.02519,4320,14,1.5,111.83203,336.1641,457.6328,3
3204.254,423,70.48346,4320,13,1.4375,111.83203,337.2695,456.5273,3
3204.254,423,67.9198,4352,11,1.4375,111.45312,341.7812,452.457,3
3204.254,423,71.78841,4352,11,1.4375,111.45312,341.8203,452.418,3
3204.254,423,74.24242,4352,15,1.4375,111.45312,340.6211,453.6172,3
3204.254,423,67.41855,4352,8,1.4375,111.45312,340.875,453.3633,3
3204.254,423,67.00252,4352,9,1.4375,111.45312,338.0039,456.2344,3
3204.254,423,66.66667,4352,13,1.4375,111.45312,337.8906,456.3477,3
3204.254,423,63.09227,4352,8,1.4375,111.45312,335.4922,458.7461,3
3204.254,423,58.12183,4352,15,1.4375,111.45312,341.8086,452.4297,3
3204.254,423,62.81407,4352,17,1.4375,111.45312,337.3203,456.918,3
3204.254,423,68.78173,4352,10,1.4375,111.45312,338.8945,455.3438,3
3204.254,423,70.84399,4352,14,1.4375,111.45312,340.8672,453.3711,3
3204.254,423,73.28244,4352,13,1.4375,111.45312,337.5312,456.707,3
3204.254,423,74.1688,4352,13,1.4375,111.45312,338.9141,455.3242,3
3204.254,423,69.87342,4352,12,1.4375,111.45312,338.0664,456.1719,3
3204.254,423,69.23077,4352,13,1.4375,111.45312,340.5234,453.7148,3
3204.254,423,70.22901,4352,7,1.4375,111.45312,341.707,452.5312,3
3204.254,423,73.55164,4352,9,1.4375,111.45312,345.5039,448.7344,3
3204.254,423,69.36709,4352,16,1.4375,111.45312,340.8984,453.3398,3
3204.254,423,72.68041,4352,12,1.4375,111.47266,336.4961,457.7227,3
3204.254,423,73.16456,4352,9,1.4375,111.47266,338.3711,455.8477,3
3204.254,423,73.23232,4352,12,1.4375,111.47266,339.0391,455.1797,3
3204.254,423,72.26463,4352,15,1.4375,111.47266,345.6914,448.5273,3
3204.254,423,76.32242,4384,6,1.4375,111.47266,343.7188,450.5,3
3204.254,423,69.03553,4352,15,1.4375,111.47266,337.375,456.8438,3
3204.254,423,70.07673,4352,10,1.4375,111.54688,343.4258,450.7188,3
3204.254,423,68.36735,4352,16,1.4453125,111.54688,340.5547,453.5898,3
3204.254,423,72.01018,4352,17,1.4453125,111.54688,343.7969,450.3398,3
3204.254,423,69.87342,4352,12,1.4453125,111.54688,339.9688,454.168,3
3204.254,423,69.82097,4352,11,1.4453125,111.54688,339.9609,454.1758,3
3204.254,423,72.43108,4352,15,1.4453125,111.54688,342.0898,452.0469,3
3204.254,423,75.50505,4352,10,1.4453125,111.54688,343.9492,450.1875,3
3204.254,423,70.9596,4352,16,1.5859375,111.54688,338.4805,455.6562,3
3204.254,423,65.07538,4352,15,1.6054688,111.93359,335.2539,458.3555,3
3204.254,423,68.5422,4320,12,1.6054688,112.05859,339.0742,454.3906,3
3204.254,423,70.52897,4320,11,1.6054688,112.05859,334.2344,459.2305,3
3204.254,423,65.16291,4320,10,1.6054688,112.05859,340.9531,452.5117,3
3204.254,423,60.75,4320,12,1.6054688,112.05859,337.0781,456.3867,3
3204.254,423,61.51899,4320,10,1.6054688,112.05859,339.4023,454.0625,3
3204.254,423,60.25,4320,13,1.6054688,112.05859,345.3008,448.1641,3
3204.254,423,66.24685,4320,10,1.6054688,112.05859,339.5312,453.9336,3
3204.254,423,73.92405,4320,9,1.6054688,112.05859,336.5742,456.8906,3
3204.254,423,71.28205,4320,11,1.6054688,112.05859,338.8125,454.6523,3
3204.254,423,72.01018,4320,13,1.6054688,112.05859,339.3242,454.1406,3
3204.254,423,68.11224,4320,13,1.6054688,112.05859,338.8906,454.5742,3
3204.254,423,72.40506,4320,20,1.6054688,112.05859,338.7656,454.6992,3
3204.254,423,73.65729,4320,10,1.6132812,112.05859,341.4648,452.0,3
3204.254,423,72.43108,4320,10,1.6132812,112.05859,341.625,451.832,3
3204.254,423,74.36548,4320,10,1.6132812,112.05859,336.5938,456.8633,3
3204.254,423,68.97436,4320,12,1.6132812,112.05859,341.8555,451.6016,3
3204.254,423,70.35176,4320,13,1.6132812,112.05859,336.3477,457.1094,3
3204.254,423,71.3555,4320,9,1.6132812,112.05859,343.1367,450.3203,3
3204.254,423,72.11055,4320,8,1.6132812,112.05859,337.6836,455.7734,3
3204.254,423,73.09645,4320,12,1.6132812,112.05859,334.0312,459.4258,3
3204.254,423,71.46465,4320,14,1.6132812,112.05859,334.9844,458.4727,3
3204.254,423,70.66327,4352,14,1.6132812,112.05859,337.5039,455.9531,3
3204.254,423,69.89796,4352,12,1.6132812,112.05859,343.7305,449.7266,3
3204.254,423,74.8731,4352,8,1.6132812,112.05859,338.0078,455.4492,3
3204.254,423,70.67669,4352,8,1.6132812,112.05859,337.582,455.875,3
3204.254,423,73.16456,4352,8,1.6132812,112.05859,339.4609,453.9961,3
3204.254,423,73.16456,4352,8,1.6132812,112.05859,335.8672,457.5898,3
3204.254,423,67.8392,4352,10,1.6132812,112.05859,346.543,446.9141,3
3204.254,423,72.30769,4352,15,1.6132812,112.05859,341.2578,452.1992,3
3204.254,423,69.97455,4352,13,1.6132812,112.05859,336.793,456.6641,3
3204.254,423,69.09548,4352,10,1.6132812,112.0625,340.3867,453.0664,3
3204.254,423,68.35443,4352,12,1.6132812,112.0625,339.3867,454.0664,3
3204.254,423,67.67677,4352,8,1.6132812,112.0625,340.625,452.8281,3
3204.254,423,65.15152,4352,10,1.6132812,112.0625,339.9922,453.4609,3
3204.254,423,62.28288,4352,12,1.6132812,112.0625,335.8633,457.5898,3
3204.254,423,60.0,4352,15,1.6132812,112.0625,340.793,452.6602,3
3204.254,423,60.69652,4352,9,1.6132812,112.0625,341.4922,451.9609,3
3204.254,423,72.75064,4352,14,1.6132812,112.0625,336.3828,457.0703,3
3204.254,423,74.81108,4352,10,1.6132812,112.0625,333.0742,460.3789,3
3204.254,422,74.61929,4352,11,1.6132812,112.0625,340.3711,453.082,3
3204.254,422,72.01018,4352,9,1.6132812,112.0625,340.125,453.3281,3
3204.254,422,74.43609,4352,17,1.6132812,112.0625,339.5938,453.8594,3
3204.254,422,74.8731,4352,11,1.6132812,112.0625,340.0234,453.4297,3
3204.254,422,70.81218,4352,7,1.6132812,112.0625,340.3438,453.1094,3
3204.254,422,73.60406,4352,12,1.6132812,112.0625,348.918,444.5352,3
3204.254,422,69.38776,4352,10,1.6132812,112.0625,343.3438,450.1094,3
3204.254,422,69.82097,4352,12,1.6132812,112.0625,340.5547,452.8984,3
3204.254,422,71.35678,4352,12,1.6132812,112.0625,336.1523,457.3008,3
3204.254,422,69.79695,4352,9,1.6171875,112.0625,342.3203,451.1328,3
3204.254,422,72.1519,4352,9,1.6171875,112.05859,336.8516,456.6016,3
3204.254,422,72.29219,4352,18,1.1601562,112.0625,332.9961,460.4531,3
3204.254,422,70.51282,4352,14,1.1601562,111.70703,344.2227,450.0391,3
3204.254,422,67.93893,4352,9,1.1601562,111.70703,343.7031,450.5586,3
3204.254,422,71.53846,4352,9,1.1601562,111.70703,344.2227,450.0391,3
3204.254,422,68.5422,4352,9,1.1601562,111.70703,340.2148,454.0469,3
3204.254,422,73.60406,4352,12,1.1601562,111.70703,340.8359,453.4258,3
3204.254,422,67.68448,4384,11,1.1601562,111.70703,337.3945,456.8672,3
3204.254,422,75.76531,4384,7,1.1601562,111.70703,340.793,453.4688,3
3204.254,422,70.05076,4384,9,1.1601562,111.70703,342.0,452.2617,3
3204.254,422,70.55838,4384,9,1.1679688,111.70703,341.1055,453.1562,3
3204.254,422,70.20202,4384,13,1.1757812,111.69922,340.9727,453.2891,3
3204.254,422,70.35176,4384,13,1.1757812,111.69922,345.1133,449.1406,3
3204.254,422,70.52897,4384,12,1.1757812,111.70703,345.0859,449.1602,3
3204.254,422,67.75,4384,13,1.1757812,111.70703,340.8984,453.3477,3
3204.254,422,65.74307,4384,10,1.1757812,111.70703,344.5,449.7461,3
3204.254,423,63.0,4384,9,1.1757812,111.70703,338.4844,455.7617,3
3204.254,423,59.85037,4384,10,1.1757812,111.70703,339.4883,454.7578,3
3204.254,423,61.55779,4384,14,1.1757812,111.70703,339.8164,454.4297,3
3204.254,423,70.27708,4352,12,1.1757812,111.70703,341.4922,452.7539,3
3204.254,423,71.13402,4352,10,1.1757812,111.70703,337.8984,456.3477,3
3204.254,423,70.55838,4352,12,1.1757812,111.70703,342.625,451.6211,3
3204.254,423,72.01018,4352,11,1.1757812,111.70703,341.6289,452.6172,3
3204.254,423,73.48485,4352,9,1.1757812,111.70703,338.5938,455.6523,3
3204.254,423,70.88608,4352,7,1.1835938,111.70703,342.8203,451.4258,3
3204.254,423,71.3198,4352,8,1.1835938,111.69922,338.5273,455.7188,3
3204.254,423,73.35025,4352,17,1.1835938,111.70703,335.8633,458.375,3
3204.254,423,72.91139,4352,12,1.1835938,111.70703,341.7773,452.4609,3
3204.254,423,74.87437,4352,13,1.1835938,111.70703,342.6289,451.6094,3
3204.254,423,70.76923,4352,8,1.1835938,111.70703,339.7891,454.4492,3
3204.254,423,72.77354,4352,13,1.1835938,111.70703,340.3594,453.8789,3
3204.254,423,69.59799,4352,13,1.1835938,111.70703,342.7383,451.5,3
3204.254,423,70.51282,4352,12,1.1835938,111.70703,342.2344,452.0039,3
3204.254,423,72.26463,4320,6,1.1835938,111.70703,339.3359,454.9023,3
3204.254,423,71.86701,4320,13,1.1835938,111.70703,337.5039,456.7344,3
3204.254,423,71.17347,4352,11,1.1992188,111.70703,339.375,454.8633,3
3204.254,423,70.10309,4352,15,1.1992188,111.70703,335.875,458.3477,3
3204.254,423,69.52141,4352,12,1.1992188,111.67578,335.8047,458.4492,3
3204.254,423,69.42356,4352,11,1.1992188,111.51953,340.9492,453.4609,3
3204.254,423,71.68367,4352,14,1.1992188,111.51953,343.3047,451.1055,3
3204.254,423,73.55164,4352,13,1.2070312,111.51953,344.8867,449.5234,3
3204.254,423,70.9596,4352,6,1.2070312,111.52734,344.2461,450.1484,3
3204.254,423,73.75,4352,11,1.2070312,111.53516,342.0039,452.3828,3
3204.254,423,69.40874,4352,9,1.2070312,111.53516,338.9688,455.418,3
3204.254,423,71.53652,4352,16,1.2070312,111.53516,340.8633,453.5234,3
3204.254,423,68.18182,4352,12,1.2070312,111.53516,338.25,456.1367,3
3204.254,423,67.25,4352,10,1.2070312,111.53516,340.7148,453.6719,3
3204.254,423,61.59601,4352,11,1.2070312,111.53516,336.75,457.6367,3
3204.254,423,62.62626,4352,17,1.2070312,111.53516,343.3125,451.0742,3
3204.254,423,64.91228,4352,14,1.2070312,111.53516,340.5938,453.793,3
3204.254,423,72.77354,4352,15,1.2070312,111.53516,336.3281,458.0586,3
3204.254,423,70.30457,4352,14,1.2070312,111.53516,338.9766,455.4102,3
3204.254,423,70.22901,4352,9,1.2070312,111.53516,341.2891,453.0977,3
3204.254,423,72.26463,4352,14,1.2070312,111.53516,338.8672,455.5195,3
3204.254,422,72.08122,4352,9,1.2070312,111.53516,341.6094,452.7773,3
3204.254,422,73.9899,4352,11,1.2148438,111.55078,342.6836,451.6875,3
3204.254,422,71.42857,4352,11,1.2148438,111.54297,338.4023,455.9688,3
3204.254,422,72.82051,4352,9,1.2148438,111.55078,341.5352,452.8281,3
3204.254,422,71.28463,4352,8,1.2226562,111.55078,342.5156,451.8477,3
3204.254,422,67.17172,4352,13,1.2226562,111.55078,338.6211,455.7344,3
3204.254,422,73.86935,4352,14,1.2226562,111.55078,338.1758,456.1797,3
3204.254,422,72.47475,4352,8,1.2226562,111.55078,339.082,455.2734,3
3204.254,422,71.75573,4352,12,1.2226562,111.625,344.5117,449.7695,3
3204.254,422,70.99237,4352,17,1.2226562,111.64062,341.8438,452.4219,3
3204.254,422,72.54408,4352,8,1.2304688,111.64062,338.5625,455.7031,3
3204.242,422,70.99237,4352,12,1.2304688,111.64062,341.0508,453.207,3
3204.254,422,76.14213,4352,14,1.2304688,111.65625,337.9766,456.2656,3
3204.254,422,69.64286,4320,13,1.2304688,111.65625,338.918,455.3242,3
3204.254,422,71.75,4320,9,1.2304688,111.65625,342.3125,451.9297,3
3204.254,422,67.26343,4320,13,1.2304688,111.65625,338.3633,455.8789,3
3204.254,422,71.79487,4320,11,1.2304688,111.65625,338.1641,456.0781,3
3204.254,422,68.60759,4320,13,1.2304688,111.65625,339.0195,455.2227,3
3204.254,422,69.26952,4320,13,1.2304688,111.65625,345.2305,449.0117,3
3204.254,422,72.22222,4320,15,1.2382812,111.65625,343.9102,450.332,3
3204.254,422,70.81218,4320,12,1.2382812,111.65625,342.7812,451.4531,3
3204.254,422,66.66667,4320,11,1.2382812,111.67188,338.1602,456.0586,3
3204.254,422,69.11392,4320,11,1.2382812,111.67188,339.8047,454.4141,3
3204.254,422,62.31156,4320,17,1.2382812,111.67188,337.4336,456.7852,3
3204.254,422,61.46096,4320,11,1.2382812,111.67188,343.2422,450.9766,3
3204.254,422,60.80402,4320,10,1.2382812,111.67188,338.4453,455.7734,3
3204.254,422,69.34673,4320,12,1.2382812,111.67188,338.3633,455.8555,3
3204.254,422,73.73737,4320,8,1.2382812,111.67188,339.5039,454.7148,3
3204.254,422,72.9798,4320,17,1.2382812,111.67188,335.5117,458.707,3
3204.254,422,73.85787,4320,10,1.2382812,111.67188,336.5312,457.6875,3
3204.254,422,72.40506,4320,11,1.2382812,111.6875,341.8125,452.3906,3
3204.254,422,72.58883,4320,9,1.2382812,111.70312,337.3945,456.793,3
3204.254,422,73.02799,4320,9,1.2382812,111.70312,345.6914,448.4961,3
3204.254,422,74.49495,4320,11,1.2382812,111.70312,344.7383,449.4492,3
3204.254,422,72.95918,4352,10,1.2382812,111.70312,341.1289,453.0586,3
3204.254,422,73.41772,4352,12,1.2382812,111.70312,339.2422,454.9453,3
3204.254,422,70.69409,4352,13,1.2382812,111.70312,339.2227,454.9648,3
3204.254,422,72.93233,4384,13,1.2382812,111.70312,344.5234,449.6641,3
3204.254,422,72.01018,4384,8,1.2382812,111.70312,339.1914,454.9961,3
3204.254,422,73.28244,4384,9,1.2382812,111.70312,340.875,453.3125,3
3204.254,422,72.6817,4384,11,1.2460938,111.70312,336.2266,457.9609,3
3204.254,422,72.84264,4384,11,1.2460938,111.70312,335.8125,458.3672,3
3204.254,422,70.15306,4384,8,1.2460938,111.70312,338.1328,456.0469,3
3204.254,422,71.10553,4384,11,1.2460938,111.70312,342.8516,451.3281,3
3204.254,422,72.1519,4384,7,1.2460938,111.70312,339.5742,454.6055,3
3204.254,422,73.67089,4352,10,1.2460938,111.70312,336.7188,457.4609,3
3204.254,422,73.9899,4352,12,1.2460938,111.71875,339.5352,454.6289,3
3204.254,422,72.63427,4352,10,1.2460938,111.71875,341.1562,453.0078,3
3204.254,422,71.21212,4352,11,1.2460938,111.71875,337.3281,456.8359,3
3204.254,422,70.51282,4352,12,1.2460938,111.71875,334.4961,459.668,3
3204.254,422,71.89873,4352,11,1.2460938,111.71875,344.2383,449.9258,3
3204.254,422,68.60759,4352,11,1.2460938,111.71875,340.7539,453.4102,3
3204.254,422,73.02799,4352,10,1.2460938,111.71875,338.0469,456.1172,3
3204.254,422,71.78841,4352,11,1.2460938,111.71875,340.7578,453.4062,3
3204.254,422,73.85787,4352,10,1.2460938,111.71875,343.3398,450.8242,3
3204.254,422,68.84422,4352,12,1.2460938,111.71875,340.6719,453.4922,3
3204.254,422,71.93878,4352,10,1.2460938,111.80469,336.2031,457.875,3
3204.254,422,68.03069,4384,14,1.2460938,111.75781,342.4336,451.6914,3
3204.254,422,73.5369,4384,13,1.2460938,111.75781,338.3203,455.8047,3
3204.254,422,71.03275,4384,9,1.2539062,111.75781,344.2227,449.9023,3
3204.254,422,65.42289,4384,13,1.2539062,111.75,340.1094,454.0156,3
3204.254,422,63.31658,4384,6,1.2539062,111.75781,340.8672,453.25,3
3204.254,422,61.55779,4384,10,1.2539062,111.75781,337.4609,456.6562,3
3204.254,422,58.35411,4384,14,1.2539062,111.75781,340.543,453.5742,3
3204.254,423,64.12214,4384,12,1.2539062,111.75781,337.0703,457.0469,3
3204.254,423,70.76923,4384,15,1.2539062,111.75781,338.207,455.9102,3
3204.254,423,70.76923,4384,9,1.2539062,111.75781,336.9688,457.1484,3
3204.254,423,70.63291,4384,7,1.2539062,111.71094,340.9062,453.2578,3
3204.254,423,72.86432,4384,12,1.2539062,111.74219,337.0508,457.082,3
3204.254,423,70.66327,4352,11,1.2695312,111.74219,343.7969,450.3359,3
3204.27,423,68.44784,4352,11,1.2695312,111.74219,340.3555,453.7617,3
3204.254,423,72.54408,4352,11,1.2695312,111.74219,346.4961,447.6211,3
3204.254,423,72.0403,4352,9,1.2695312,111.74219,340.7461,453.3711,3
3204.254,423,73.09645,4352,9,1.2695312,111.74219,340.168,453.9492,3
3204.254,423,73.60406,4352,14,1.2695312,111.74219,344.793,449.3242,3
3204.254,423,71.53652,4352,11,1.2695312,111.74219,340.3906,453.7266,3
3204.254,423,70.73791,4352,13,1.2695312,111.74219,344.6875,449.4297,3
3204.254,423,71.53652,4352,12,1.2695312,111.74219,346.1055,448.0117,3
3204.254,423,71.39241,4352,8,1.2695312,111.74219,341.4297,452.6875,3
3204.254,423,68.70229,4320,9,1.2695312,111.74219,337.4648,456.6523,3
3204.254,423,70.30457,4320,15,1.2695312,111.74219,343.3789,450.7383,3
3204.254,423,70.51282,4320,14,1.2695312,111.74219,341.7812,452.3359,3
3204.27,423,70.48346,4320,11,1.2695312,111.74219,340.4961,453.6211,3
3204.254,423,70.73791,4320,13,1.2695312,111.74219,340.2539,453.8633,3
3204.254,423,70.48346,4320,11,1.2695312,111.74219,336.9453,457.1719,3
3204.254,423,72.54408,4320,12,1.2695312,111.74219,341.8789,452.2383,3
3204.27,423,70.84399,4320,10,1.2695312,111.74219,341.9648,452.1523,3
3204.254,423,68.92231,4320,14,1.2695312,111.74219,338.3945,455.7227,3
3204.254,423,68.5422,4320,11,1.2695312,111.74219,336.3945,457.7227,3
3204.254,423,70.73791,4320,9,1.2695312,111.74219,342.4688,451.6484,3
3204.254,423,69.19192,4320,13,1.2695312,111.74219,339.2695,454.8477,3
3204.254,423,69.52141,4320,8,1.2695312,111.74219,337.0547,457.0625,3
3204.254,423,65.23929,4320,17,1.2695312,111.74219,337.707,456.4102,3
3204.254,423,59.14787,4320,13,1.2695312,111.74219,342.9883,451.1289,3
3204.254,423,59.75,4320,7,1.2695312,111.74219,339.3555,454.7617,3
3204.254,423,70.20202,4320,17,1.2695312,111.74219,342.0938,452.0234,3
3204.254,423,70.43702,4320,11,1.2695312,111.74219,339.4141,454.7031,3
3196.414,423,73.55164,4320,8,1.2695312,111.74219,336.8086,457.3086,3
3204.254,423,72.33503,4320,13,1.2695312,111.74219,344.5391,449.5781,3
3204.254,423,71.5736,4320,10,1.2695312,111.74219,344.7344,449.3828,3
3204.254,423,72.08122,4320,11,1.2695312,111.74219,341.5625,452.5547,3
3204.254,423,71.50127,4320,9,1.2695312,111.74219,337.6523,456.4648,3
3204.254,423,73.0,4352,7,1.2695312,111.74219,344.3828,449.7344,3
3204.254,423,71.89873,4352,18,1.2695312,111.74219,338.375,455.7422,3
3204.254,423,75.63452,4352,9,1.2695312,111.74219,340.1797,453.9375,3
3204.254,423,73.23232,4352,12,1.2773438,111.74219,341.207,452.9102,3
3204.254,423,75.12821,4352,15,1.2773438,111.74219,338.0898,456.0195,3
3204.254,423,72.5,4352,13,1.2773438,111.74219,335.7227,458.3867,3
3204.254,423,71.75573,4352,9,1.2773438,111.74219,342.3164,451.793,3
3204.254,423,70.02519,4352,10,1.2773438,111.74219,339.4453,454.6641,3
3204.254,423,70.66327,4352,9,1.2773438,111.74219,345.9805,448.1289,3
3204.254,423,72.2365,4352,6,1.2773438,111.79688,346.5781,447.4766,3
3204.254,423,70.37975,4320,11,1.2773438,111.79688,342.2031,451.8516,3
3204.254,423,71.82741,4320,7,1.2773438,111.79688,344.5742,449.4805,3
3204.254,423,71.79487,4320,16,1.2773438,111.79688,341.1562,452.8984,3
3204.254,423,70.88608,4320,11,1.2773438,111.79688,341.1797,452.875,3
3204.254,423,69.40874,4320,11,1.2773438,111.79688,339.2383,454.8164,3
3204.254,423,73.09645,4352,15,1.2773438,111.79688,339.5742,454.4805,3
3204.254,423,72.0403,4352,12,1.2773438,111.79688,339.6094,454.4453,3
3205.215,426,69.7201,4352,12,1.2773438,111.79688,342.0703,451.9844,3
3204.254,423,69.69697,4352,16,1.2773438,111.79688,341.5508,452.5039,3
3204.27,423,70.91837,4352,17,1.2773438,111.79688,341.2695,452.7852,3
3204.254,423,68.18182,4352,9,1.2773438,111.79688,339.0312,455.0234,3
3204.254,423,63.88889,4384,9,1.2773438,111.79688,342.6602,451.3945,3
3204.254,423,60.90226,4384,16,1.2773438,111.79688,345.4648,448.5898,3
3204.254,423,62.80788,4384,10,1.2773438,111.79688,345.918,448.1367,3
3204.254,423,70.38961,4384,13,1.2773438,111.79688,342.0742,451.9805,3
3204.254,423,69.97455,4384,12,1.2773438,111.92188,339.8477,454.082,3
3204.254,423,71.39241,4384,12,1.2773438,111.95312,342.0859,451.8125,3
3204.254,423,71.53652,4384,9,1.2773438,111.95312,342.9688,450.9297,3
3204.254,423,71.75573,4384,12,1.2773438,111.95312,340.0977,453.8008,3
3204.254,423,70.15306,4384,6,1.2773438,111.95312,340.2461,453.6523,3
3204.254,423,70.15306,4384,13,1.2851562,111.95312,338.5,455.3984,3
3204.254,423,72.77354,4384,12,1.2851562,111.94531,345.832,448.0664,3
3204.254,423,72.29219,4384,9,1.2851562,111.95312,340.0859,453.8047,3
3204.254,423,74.5,4384,13,1.2851562,111.95312,341.8125,452.0781,3
3204.254,423,70.48346,4384,12,1.2851562,111.95312,342.7422,451.1484,3
3204.254,422,68.76574,4384,10,1.2851562,111.95312,348.9805,444.9102,3
3204.254,422,70.91837,4384,11,1.2851562,111.95312,342.3359,451.5547,3
3204.254,422,69.97455,4384,12,1.2851562,111.95312,337.9336,455.957,3
3204.254,422,72.72727,4384,11,1.2851562,111.95312,339.918,453.9727,3
3204.254,422,73.23232,4384,10,1.2851562,111.95312,344.4727,449.418,3
3204.254,422,73.35025,4384,13,1.2851562,111.95312,342.9922,450.8984,3
3204.254,422,69.52141,4384,11,1.2929688,111.95312,339.3828,454.5078,3
3204.254,422,70.27708,4384,12,1.2929688,111.95312,339.3164,454.5664,3
3204.254,422,66.24365,4352,14,1.2929688,111.95312,343.0977,450.7852,3
3204.254,422,66.33416,4352,12,1.2929688,111.95312,344.5195,449.3633,3
3204.254,420,61.0,4352,11,1.2929688,111.95312,341.3477,452.5352,3
3196.414,420,63.06533,4352,11,1.2929688,111.95312,342.8594,451.0234,3
3204.254,420,67.75819,4352,11,1.2929688,111.95312,343.7578,450.125,3
3204.254,420,69.54315,4352,11,1.2929688,111.95312,338.9805,454.9023,3
3204.254,420,72.33503,4352,12,1.2929688,111.95312,347.3828,446.5,3
3204.254,420,73.02799,4352,8,1.2929688,111.95312,342.3398,451.543,3
3204.254,420,69.28934,4352,11,1.2929688,111.95312,343.9844,449.8984,3
3204.254,420,70.45455,4352,13,1.2929688,111.95312,340.1289,453.7539,3
3204.254,420,75.0,4352,17,1.2929688,111.95312,340.1367,453.7461,3
3204.254,420,72.54408,4352,13,1.2929688,111.95312,340.9219,452.9609,3
3204.254,420,72.1519,4352,10,1.3085938,111.95312,339.3281,454.5547,3
3204.254,420,69.7201,4352,10,1.3085938,111.95312,342.1211,451.7461,3
3204.254,420,70.30457,4352,9,1.3085938,111.95312,341.7812,452.0859,3
3204.254,420,73.02799,4352,17,1.3085938,112.06641,338.6641,455.0898,3
3204.254,420,70.15306,4352,13,1.3085938,112.06641,340.7852,452.9688,3
3204.254,420,71.61125,4352,14,1.3085938,112.06641,345.418,448.3359,3
3204.254,420,71.03275,4352,11,1.3085938,112.06641,342.3438,451.4102,3
3204.254,420,73.28244,4352,14,1.3085938,112.06641,342.7461,451.0078,3
3204.254,420,66.16162,4352,9,1.3085938,112.06641,339.8438,453.9102,3
3204.254,420,70.78086,4352,10,1.3085938,112.06641,344.4922,449.2617,3
3204.254,420,70.48346,4352,13,1.3164062,112.06641,339.875,453.8789,3
3204.254,420,71.17347,4352,13,1.3164062,112.06641,341.1602,452.5859,3
3204.254,420,69.01763,4352,11,1.3164062,112.06641,341.832,451.9141,3
3204.254,420,71.8593,4384,12,1.3164062,112.06641,338.1406,455.6055,3
3204.242,420,70.25,4384,10,1.3164062,112.06641,340.3477,453.3984,3
3204.254,420,69.03553,4384,12,1.3164062,112.06641,341.6055,452.1406,3
3204.254,420,72.1519,4384,12,1.3164062,112.06641,342.1523,451.5938,3
3204.254,420,65.9204,4384,13,1.3164062,112.06641,342.5352,451.2109,3
3204.254,420,68.52792,4384,15,1.3164062,112.16406,343.9961,449.6523,3
3204.242,420,64.83791,4384,17,1.3164062,112.1875,340.9336,452.6914,3
3204.242,420,59.69773,4384,17,1.3164062,112.1875,337.5625,456.0625,3
3204.254,420,59.34343,4384,12,1.3164062,112.1875,345.7891,447.8359,3
3204.254,420,62.84289,4384,9,1.3164062,112.1875,339.8164,453.8086,3
3204.254,420,71.3555,4384,13,1.3242188,112.1875,343.2305,450.3945,3
3204.254,420,71.89055,4384,11,1.3242188,112.18359,348.918,444.7031,3
3204.254,420,72.26463,4384,12,1.3242188,112.1875,343.6875,449.9297,3
3204.254,420,74.55471,4384,15,1.3242188,112.1875,338.3672,455.25,3
3204.254,420,74.80916,4384,12,1.3242188,112.1875,339.8516,453.7656,3
3204.242,420,71.35678,4352,13,1.3242188,112.1875,345.5938,448.0234,3
3204.242,420,72.61307,4352,10,1.3242188,112.1875,342.8633,450.7539,3
3204.242,420,73.97959,4352,11,1.3242188,112.1875,339.5273,454.0898,3
3204.227,420,70.91837,4352,13,1.3320312,112.1875,344.4297,449.1875,3
3204.242,420,72.65823,4352,14,1.3320312,112.17969,343.6836,449.9336,3
3204.242,420,72.72727,4352,8,1.3320312,112.1875,341.8945,451.7148,3
3204.227,420,70.9596,4352,14,1.3320312,112.1875,340.2852,453.3242,3
3204.242,420,69.2112,4352,12,1.3320312,112.1875,338.5078,455.1016,3
3204.242,420,69.28934,4352,13,1.3320312,112.1875,340.668,452.9414,3
3204.227,420,71.06599,4320,11,1.3320312,112.1875,340.6367,452.9727,3
3204.227,420,73.40153,4320,12,1.3398438,112.1875,338.2305,455.3789,3
3204.227,420,72.81796,4320,14,1.3398438,112.1875,342.75,450.8516,3
3204.227,420,71.89873,4320,8,1.3398438,112.1875,337.7305,455.8711,3
3204.242,420,71.39241,4320,13,1.3398438,112.1875,339.3789,454.2227,3
3204.242,420,69.23077,4320,8,1.3398438,112.1875,341.5469,452.0547,3
3204.242,420,72.08122,4320,9,1.3398438,112.1875,340.9141,452.6875,3
3204.242,420,73.5369,4320,12,1.3398438,112.1875,341.3789,452.2227,3
3204.852,422,68.87755,4320,11,1.3398438,112.1875,337.0703,456.5312,3
3204.227,420,67.92929,4320,15,1.3398438,112.1875,338.5703,455.0312,3
3204.242,420,66.83417,4320,15,1.3398438,112.21875,335.1406,458.4297,3
3204.242,420,69.28934,4320,9,1.3398438,112.21875,337.9492,455.6211,3
3204.242,420,67.25,4320,9,1.3398438,112.21875,342.3008,451.2695,3
3204.242,420,61.86869,4320,6,1.3398438,112.21875,339.6758,453.8945,3
3204.242,420,61.55779,4320,7,1.3398438,112.21875,337.1602,456.4102,3
3204.242,420,58.64662,4320,11,1.3398438,112.21875,338.3438,455.2266,3
3204.242,420,67.77494,4320,11,1.3398438,112.21875,335.457,458.1133,3
3204.242,420,72.9798,4320,11,1.3398438,112.21875,335.707,457.8633,3
3204.242,420,71.53652,4320,12,1.3398438,112.21875,340.4688,453.1016,3
3204.242,420,71.03275,4320,6,1.3398438,112.21875,340.4258,453.1445,3
3204.242,420,68.03069,4320,12,1.3398438,112.21875,337.2383,456.332,3
3204.242,420,75.06361,4320,10,1.3398438,112.21875,335.7148,457.8555,3
3204.242,420,73.9899,4320,10,1.3398438,112.21875,335.3398,458.2305,3
3204.227,420,72.49357,4320,10,1.3398438,112.21875,345.0469,448.5234,3
3204.227,420,76.51515,4320,7,1.3398438,112.21875,339.9062,453.6641,3
3204.227,420,70.78086,4320,9,1.3398438,112.21875,338.5469,455.0234,3
3204.227,420,71.39241,4320,7,1.3398438,112.21875,335.8945,457.6758,3
3204.227,420,74.49495,4352,6,1.3398438,112.21875,341.2656,452.3047,3
3204.227,420,74.0458,4352,11,1.3398438,112.21875,342.2852,451.2852,3
3204.227,420,72.91139,4352,9,1.3398438,112.21875,343.1094,450.4609,3
3204.242,420,71.64557,4352,9,1.3398438,112.21875,338.5977,454.9727,3
3204.242,420,70.45455,4352,13,1.3398438,112.21875,335.5156,458.0547,3
3204.242,420,71.61125,4320,14,1.3398438,112.21875,342.293,451.2773,3
3204.242,420,69.62025,4320,10,1.3398438,112.21875,338.8281,454.7422,3
3204.227,420,73.11558,4320,10,1.34375,112.21875,339.2305,454.3398,3
3204.227,420,71.78841,4320,16,1.34375,112.21875,337.3438,456.2227,3
3204.227,420,71.82741,4320,11,1.3242188,112.21875,333.7656,459.8008,3
3204.227,420,73.28244,4320,10,1.3242188,109.51953,343.4336,452.8516,3
3204.227,420,70.84399,4320,10,1.3242188,109.51953,341.9531,454.332,3
3204.242,420,72.65823,4320,9,1.3242188,109.51953,343.2031,453.082,3
3204.242,420,71.0,4320,10,1.3242188,109.51953,340.5898,455.6953,3
3204.242,420,70.33248,4320,9,1.3242188,107.07812,342.2148,456.5117,3
3204.227,420,63.06533,4320,14,1.3242188,106.98438,351.4023,447.418,3
3204.227,420,62.97229,4320,9,1.3242188,106.98438,344.8516,453.9688,3
3204.227,420,64.39394,4320,11,1.3242188,106.98438,347.1641,451.6562,3
3204.227,420,58.67971,4320,13,1.3320312,106.98438,348.4258,450.3945,3
3204.227,420,61.55779,4352,9,1.3320312,106.97656,344.3867,454.4336,3
3204.227,420,72.54408,4352,8,1.3320312,106.98438,345.7344,453.0781,3
3204.242,420,71.3198,4352,6,1.3320312,106.98438,346.543,452.2695,3
3204.242,420,70.40816,4352,9,1.3320312,106.98438,341.582,457.2305,3
3204.242,420,70.88608,4352,15,1.3320312,106.98438,349.0977,449.7148,3
3204.227,420,72.53886,4320,11,1.3320312,106.98438,344.75,454.0625,3
3204.242,421,69.89796,4320,19,1.3320312,106.98438,349.5469,449.2656,3
3204.242,420,74.49495,4320,10,1.3320312,108.64453,347.1289,450.0234,3
3204.242,420,72.40506,4320,6,1.3320312,108.79688,343.0938,453.9062,3
3204.242,420,72.29219,4320,13,1.3320312,108.79688,347.0508,449.9492,3
3204.242,420,71.46465,4320,9,1.3398438,108.79688,343.8242,453.1758,3
3204.242,420,73.0,4320,8,1.3398438,108.79688,339.8086,457.1836,3
3204.242,420,70.51282,4320,10,1.3398438,108.79688,347.4375,449.5547,3
3204.242,420,74.4898,4352,12,1.3398438,108.79688,344.8984,452.0938,3
3204.242,420,72.12276,4352,9,1.3398438,108.79688,346.9062,450.0859,3
3204.242,420,71.42857,4352,12,1.3398438,108.79688,347.3867,449.6055,3
3204.242,420,72.89003,4352,10,1.3398438,108.79688,347.2539,449.7383,3
3204.227,420,73.63184,4352,15,1.3398438,108.79688,349.4688,447.5234,3
3204.227,420,73.55164,4352,8,1.3398438,108.79688,348.2539,448.7383,3
3204.227,420,71.06599,4352,9,1.3398438,108.85156,343.2773,453.6602,3
3204.242,420,72.08122,4352,17,1.3398438,108.85156,344.875,452.0625,3
3204.242,420,69.52141,4352,13,1.3398438,108.85156,341.7852,455.1523,3
3204.242,419,70.55838,4352,14,1.3398438,108.85156,348.6484,448.2891,3
3204.227,419,70.63291,4352,18,1.3398438,108.85156,343.6445,453.293,3
3204.227,419,71.39241,4352,10,1.3398438,108.85156,344.8164,452.1211,3
3204.227,419,69.97455,4352,14,1.3398438,108.85156,341.1836,455.7539,3
3204.227,419,68.18182,4352,11,1.3398438,108.85156,346.8047,450.1328,3
3204.258,419,63.0,4352,15,1.3398438,108.85156,342.8398,454.0977,3
3204.242,419,65.90909,4352,9,1.3398438,108.85156,344.1094,452.8281,3
3204.242,419,62.46851,4352,9,1.3398438,108.85156,341.4883,455.4492,3
3204.227,423,60.98765,4352,8,1.3398438,108.85156,347.0273,449.9102,3
3204.227,423,61.71285,4384,7,1.3398438,114.38672,337.0078,454.3945,3
3204.227,423,61.63683,4384,8,1.3398438,120.42969,335.582,449.7773,3
3204.227,423,70.02519,4384,9,1.3398438,120.41797,336.0547,449.3164,3
3204.242,423,69.03553,4384,9,1.3398438,120.41797,330.668,454.7031,3
3204.242,423,69.05371,4384,12,1.3398438,120.41797,328.918,456.4531,3
3197.219,423,71.75573,4384,7,1.3398438,120.41797,334.082,451.2891,3
3204.258,423,64.37659,4384,9,1.3515625,123.47266,340.9688,441.3477,3
3204.242,423,65.98985,4384,14,1.3515625,125.90625,296.9648,482.9062,3
3201.012,423,67.83042,4384,11,1.3515625,127.23828,287.957,490.582,3
3201.012,423,68.71795,4384,13,1.3515625,127.34766,279.3164,499.1133,3
3193.258,423,67.75819,4384,11,1.3515625,127.34766,274.2852,504.1445,3
3193.273,423,73.02799,4384,12,1.3515625,128.22656,273.6523,503.8984,3
3201.145,423,68.95674,4384,10,1.3515625,128.25391,265.1719,512.3516,3
3201.145,423,71.50127,4384,10,1.3515625,128.83984,254.5938,522.3438,3
3201.129,423,70.70707,4384,4,1.3515625,128.83203,248.8516,528.0938,3
3201.129,423,71.64557,4384,14,1.3515625,128.83203,250.9883,525.957,3
3209.0,423,72.58883,4384,9,1.3515625,128.83203,247.5703,529.375,3
3209.0,423,72.51908,4384,9,1.3515625,128.83203,242.6758,534.2695,3
3209.0,423,72.01018,4384,12,1.3515625,128.83203,245.1562,531.7891,3
3209.0,423,73.41772,4384,12,1.3515625,128.83203,240.4805,536.4648,3
3209.0,423,66.83673,4384,11,1.3515625,128.83203,242.8906,534.0547,3
3209.0,423,70.37975,4384,13,1.359375,128.85938,244.6445,532.2734,3
3209.0,423,70.30457,4384,9,1.359375,128.85938,240.9258,535.9844,3
3209.0,423,72.22222,4384,13,1.359375,128.85938,241.2266,535.6836,3
3209.0,423,70.25,4384,8,1.359375,128.85938,238.3281,538.582,3
3209.0,423,68.68687,4384,11,1.359375,128.85938,244.1875,532.7227,3
3209.0,424,67.08543,4384,10,1.359375,128.85938,239.582,537.3281,3
3209.0,424,65.23929,4384,9,1.359375,128.85938,235.1836,541.7266,3
3209.0,424,62.56281,4384,10,1.359375,128.85938,240.3633,536.5469,3
3209.0,424,56.31313,4384,8,1.359375,128.85938,241.5234,535.3867,3
3209.0,424,59.89975,4384,16,1.359375,128.85938,244.2344,532.6758,3
3209.0,424,72.19388,4384,13,1.359375,128.85938,243.1172,533.793,3
3209.0,424,71.64557,4384,12,1.359375,128.85938,241.918,534.9922,3
3209.0,424,72.26463,4384,10,1.375,128.85938,246.3242,530.5859,3
3209.016,424,70.84399,4352,12,1.375,129.23438,242.7422,533.7773,3
3210.938,424,73.72449,4352,10,1.375,129.30469,239.793,536.6562,3
3210.938,424,74.7449,4352,12,1.375,129.30469,244.957,531.4922,3
3210.938,424,70.51282,4352,8,1.375,129.30469,240.2969,536.1523,3
3210.922,424,72.33503,4352,11,1.375,129.30469,241.5586,534.8906,3
3210.938,424,69.82097,4352,9,1.3828125,129.30469,240.9883,535.4609,3
3210.938,424,68.28645,4352,14,1.3828125,129.30469,240.8086,535.6328,3
3210.938,424,72.2365,4352,10,1.3828125,129.30469,237.6367,538.8047,3
3210.938,423,72.33503,4352,13,1.3828125,129.30469,239.8359,536.6055,3
3210.922,423,70.37975,4352,12,1.3828125,129.30469,239.4805,536.9609,3
3210.922,423,71.86701,4352,13,1.3828125,129.30469,236.3359,540.1055,3
3210.922,423,67.77494,4352,16,1.3828125,129.30469,238.9805,537.4609,3
3210.922,423,68.35443,4352,11,1.3828125,129.30469,240.2383,536.2031,3
3210.922,423,70.48346,4352,14,1.3828125,129.30469,241.9414,534.5,3
3210.922,423,70.22901,4352,12,1.3828125,129.30469,239.2617,537.1797,3
3210.938,424,67.42424,4352,10,1.390625,129.30469,240.0586,536.3828,3
3210.922,424,73.60406,4352,10,1.390625,129.30469,245.1953,531.2383,3
3210.922,424,71.6792,4352,15,1.390625,129.30469,239.8086,536.625,3
3210.922,424,71.39241,4352,10,1.390625,129.30469,235.8711,540.5625,3
3209.0,425,69.62025,4352,9,1.390625,129.30469,232.5586,543.875,3
3209.0,425,67.41855,4352,7,1.390625,129.30469,236.1172,540.3164,3
3209.0,425,68.10127,4352,13,1.390625,129.30469,237.168,539.2656,3
3209.016,425,69.09548,4352,12,1.390625,129.30469,238.9805,537.4531,3
3209.0,425,67.17557,4352,13,1.390625,129.30469,239.6289,536.8047,3
3209.0,425,65.23929,4352,7,1.390625,129.32031,233.8984,542.5195,3
3209.0,425,62.53165,4352,15,1.3984375,129.32031,240.5273,535.8906,3
3209.0,425,59.3985,4352,12,1.3984375,129.32422,235.1406,541.2656,3
3209.0,425,64.57286,4352,9,1.3984375,129.32422,233.668,542.7383,3
3209.0,425,66.92112,4352,21,1.3984375,129.32422,236.582,539.8242,3
3209.0,425,70.48346,4352,9,1.3984375,129.32422,233.1719,543.2344,3
3209.0,425,71.3555,4352,9,1.3984375,129.32422,235.8008,540.6055,3
3209.0,425,72.37852,4352,12,1.3984375,129.32422,237.4961,538.9102,3
3209.0,425,69.87342,4352,9,1.3984375,129.32422,242.4102,533.9961,3
3209.0,425,69.2112,4352,13,1.3984375,129.32422,237.6445,538.7617,3
3209.0,425,72.77354,4352,8,1.3984375,129.32422,236.7148,539.6914,3
3209.0,425,72.37852,4352,10,1.3984375,129.32422,238.0391,538.3672,3
3209.0,425,67.8392,4352,12,1.3984375,129.32422,235.7148,540.6914,3
3209.0,425,69.44444,4352,8,1.3984375,129.32422,234.0508,542.3555,3
3209.0,425,72.58883,4352,9,1.3984375,129.32422,232.875,543.5312,3
3209.0,425,68.62245,4352,19,1.3984375,129.32422,238.1094,538.2969,3
3209.0,425,71.17794,4352,13,1.3984375,129.32422,240.8438,535.5625,3
3209.0,425,71.53652,4352,14,1.3984375,129.32422,235.4844,540.9219,3
3209.016,425,71.9697,4352,9,1.3984375,129.32422,236.5156,539.8906,3
3209.0,425,70.07673,4352,5,1.3984375,129.32422,242.1914,534.2148,3
3209.0,425,68.99225,4352,11,1.3984375,129.32422,240.168,536.2383,3
3209.0,425,71.13924,4352,12,1.3984375,129.32422,236.1484,540.2578,3
3209.0,425,69.89796,4352,15,1.3984375,129.32422,242.0352,534.3711,3
3209.0,425,70.1005,4352,9,1.3984375,129.32422,237.6055,538.8008,3
3209.0,425,70.07673,4352,9,1.3984375,129.32422,235.3086,541.0977,3
3209.0,425,69.89796,4352,16,1.3984375,129.32422,233.2734,543.1328,3
3209.016,425,70.85427,4352,5,1.3984375,129.32422,232.0273,544.3789,3
3209.016,425,69.44444,4352,13,1.3984375,129.32422,234.0703,542.3359,3
3209.016,425,65.07538,4352,8,1.3984375,129.32422,237.8047,538.6016,3
3209.016,425,68.93939,4352,9,1.3984375,129.32422,236.6172,539.7891,3
3209.016,425,66.66667,4352,9,1.3984375,129.32422,235.7422,540.6641,3
3209.016,425,63.31658,4352,14,1.3984375,129.32422,236.8125,539.5938,3
3209.016,425,62.84289,4352,11,1.40625,129.32422,234.7109,541.6953,3
3209.016,425,63.10433,4384,11,1.4101562,129.32422,239.4844,536.9141,3
3209.016,425,67.68448,4384,15,1.4101562,129.32031,236.5312,539.8672,3
3209.016,425,71.93878,4384,11,1.4101562,129.33203,233.0859,543.3008,3
3209.016,425,71.06599,4384,10,1.4101562,129.33203,238.7617,537.625,3
3209.016,425,70.88608,4352,9,1.4101562,129.33203,235.3711,541.0156,3
3209.016,425,68.28645,4352,10,1.4101562,129.42969,235.2148,541.0742,3
3209.016,425,73.96907,4352,14,1.4101562,129.44922,234.8477,541.4219,3
3209.016,425,71.82741,4352,12,1.4101562,129.44922,236.6641,539.6055,3
3216.883,425,69.05371,4352,9,1.4101562,129.44922,238.3359,537.9336,3
3216.883,425,72.33503,4352,9,1.4101562,129.44922,237.1719,539.0977,3
3216.883,425,70.55838,4352,10,1.4179688,129.44922,237.4844,538.7852,3
3218.098,428,70.85427,4352,14,1.4179688,129.44922,235.0234,541.2383,3
3216.895,425,70.58824,4352,16,1.4179688,129.44922,237.3398,538.9219,3
3216.895,425,75.31807,4352,7,1.4179688,129.44922,236.3008,539.9609,3
3216.895,425,70.07673,4352,16,1.4179688,129.44922,235.6328,540.6289,3
3216.895,424,72.89003,4352,10,1.4179688,129.44922,238.832,537.4297,3
3216.895,424,71.28463,4352,5,1.4179688,129.44922,234.4297,541.832,3
3216.895,424,71.61125,4352,10,1.4179688,129.44922,235.2109,541.0508,3
3216.895,424,68.36735,4352,11,1.4179688,129.44922,237.5703,538.6914,3
3216.867,424,71.17347,4352,14,1.4179688,129.44922,235.25,541.0117,3
3216.867,424,75.2551,4352,12,1.4179688,129.44922,239.3789,536.8828,3
3216.867,424,75.56675,4352,7,1.4179688,129.44922,240.1289,536.1328,3
3216.867,424,69.79695,4352,10,1.4179688,129.44922,234.5391,541.7227,3
3216.883,424,71.13924,4352,13,1.4179688,129.44922,235.0938,541.168,3
3216.895,424,71.60804,4352,11,1.4179688,129.44922,238.125,538.1367,3
3216.895,424,71.28463,4352,12,1.4179688,129.44922,234.0273,542.2344,3
3216.895,424,67.5063,4352,6,1.4179688,129.44922,237.6406,538.6211,3
3216.895,424,69.84925,4352,12,1.4179688,129.44922,237.9297,538.332,3
3216.895,424,67.25888,4352,14,1.4257812,129.44922,237.4922,538.7695,3
3216.895,424,62.43781,4352,15,1.4257812,129.44141,239.0156,537.2461,3
3216.895,424,60.50633,4352,12,1.4257812,129.44922,236.0938,540.1602,3
3216.895,424,65.06329,4352,12,1.4257812,129.44922,236.2773,539.9766,3
3216.867,424,70.37975,4352,7,1.4257812,129.44922,239.8789,536.375,3
3216.867,424,72.65823,4352,9,1.4257812,129.44922,234.9023,541.3516,3
3216.867,424,72.54408,4384,15,1.4257812,129.44922,236.0977,540.1562,3
3216.867,424,73.35025,4384,10,1.4257812,129.44922,239.3828,536.8711,3
3216.867,424,71.21212,4384,13,1.4257812,129.44922,235.582,540.6719,3
3216.867,424,71.86701,4384,9,1.453125,129.44922,233.9961,542.2578,3
3216.867,424,70.81218,4384,9,1.453125,129.44141,235.8711,540.3633,3
3216.867,424,68.68687,4384,9,1.453125,129.45703,233.6445,542.5742,3
3216.867,424,71.28205,4384,9,1.453125,129.45703,232.4453,543.7734,3
3216.867,424,67.17172,4384,13,1.453125,129.45703,234.8438,541.375,3
3216.867,424,67.93893,4384,7,1.453125,129.45703,241.4336,534.7852,3
3216.867,424,67.60925,4384,9,1.453125,129.45703,236.4297,539.7891,3
3216.867,424,70.52897,4352,6,1.453125,129.45703,238.0586,538.1602,3
3216.867,424,69.36709,4320,13,1.4609375,129.45703,237.2031,539.0156,3
3216.867,424,70.33248,4320,10,1.4609375,129.44922,240.0508,536.168,3
3216.867,424,70.45455,4320,13,1.4609375,129.45703,236.5234,539.6875,3
3216.883,424,73.85787,4320,8,1.4609375,129.45703,237.0742,539.1367,3
3216.883,424,71.31783,4320,10,1.4609375,129.45703,237.7031,538.5078,3
3216.883,424,69.97455,4352,14,1.4609375,129.45703,238.8672,537.3438,3
3216.883,424,71.78841,4352,13,1.4609375,129.45703,238.0039,538.207,3
3216.883,424,73.16456,4352,10,1.4609375,129.45703,235.8164,540.3945,3
3216.883,424,72.95918,4352,15,1.4609375,129.45703,235.4414,540.7695,3
3216.883,424,69.26952,4352,10,1.4609375,129.45703,235.5898,540.6211,3
3216.867,424,73.25,4352,14,1.4609375,129.45703,235.8438,540.3672,3
3216.867,424,68.11224,4352,9,1.4609375,129.45703,238.5547,537.6562,3
3216.867,424,67.08861,4352,18,1.4609375,129.45703,240.5938,535.6172,3
3216.883,424,69.67419,4352,13,1.4609375,129.45703,235.4961,540.7148,3
3216.883,424,66.75063,4352,10,1.4609375,129.45703,235.8555,540.3555,3
3216.883,424,63.09227,4352,12,1.4609375,129.45703,234.1328,542.0781,3
3216.867,424,59.14787,4352,15,1.4609375,129.45703,235.2422,540.9688,3
3216.867,424,70.17544,4352,10,1.46875,129.45703,231.9336,544.2773,3
3216.867,424,72.05128,4352,8,1.46875,129.45703,243.2969,532.9062,3
3216.867,424,69.56522,4352,14,1.46875,129.45703,239.4414,536.7617,3
3216.883,424,69.13265,4352,10,1.46875,129.45703,239.293,536.9102,3
3216.883,424,72.77354,4352,9,1.46875,129.45703,234.918,541.2852,3
3216.883,424,74.23469,4352,13,1.46875,129.45703,236.5664,539.6367,3
3216.867,424,75.1269,4352,8,1.46875,129.45703,236.707,539.4961,3
3216.867,424,72.51908,4352,14,1.46875,129.45703,234.5195,541.6836,3
3216.867,424,70.69409,4352,16,1.46875,129.45703,236.2656,539.9375,3
3216.867,424,73.09645,4352,10,1.46875,129.45703,237.3555,538.8477,3
3216.867,424,70.05076,4352,15,1.46875,129.45703,237.8945,538.3086,3
3216.867,424,72.40506,4352,8,1.46875,129.45703,235.2148,540.9883,3
3216.867,424,71.93878,4352,14,1.46875,129.45703,232.7266,543.4766,3
3216.867,424,67.68448,4352,11,1.46875,129.45703,238.6602,537.543,3
3216.867,424,70.20202,4384,7,1.46875,129.45703,233.6016,542.6016,3
3216.867,424,71.06599,4384,9,1.46875,129.58594,238.9531,537.1211,3
3216.867,424,71.89873,4384,16,1.46875,129.58594,241.1836,534.8906,3
3216.867,424,69.94949,4384,16,1.4765625,129.58594,236.0703,540.0039,3
3216.867,424,72.29219,4384,11,1.4765625,129.57812,231.7227,544.3516,3
3216.867,424,70.55838,4384,9,1.4765625,129.58594,237.375,538.6914,3
3216.867,424,70.05076,4352,13,1.4765625,129.58594,237.5586,538.5078,3
3216.867,424,69.59799,4352,11,1.4765625,129.58594,240.4023,535.6641,3
3216.867,424,68.01008,4320,10,1.4765625,129.58594,238.0781,537.9883,3
3216.867,425,69.36709,4320,7,1.4765625,129.58594,232.8555,543.2109,3
3216.867,425,70.02519,4320,14,1.4765625,129.58594,233.4258,542.6406,3
3216.867,425,69.11392,4320,13,1.4765625,129.58594,238.4414,537.625,3
3216.867,425,69.36709,4320,11,1.4765625,129.58594,236.6445,539.4219,3
3216.867,425,67.08543,4320,7,1.4765625,129.58594,236.0625,540.0039,3
3216.867,425,65.32663,4352,9,1.4765625,129.58594,236.8867,539.1797,3
3216.867,425,59.0,4352,12,1.4765625,129.58594,232.8672,543.1992,3
3216.867,425,60.80402,4352,8,1.4765625,129.58594,235.8789,540.1875,3
3216.867,425,72.54408,4352,13,1.4765625,129.58594,240.125,535.9414,3
3216.867,425,73.97959,4352,13,1.4765625,129.58594,235.0117,541.0547,3
3216.867,425,69.01763,4352,12,1.4765625,129.58594,232.7422,543.3242,3
3216.867,424,69.19192,4352,13,1.4765625,129.58594,232.1836,543.8828,3
3216.867,424,69.92288,4352,8,1.4765625,129.58594,236.2422,539.8242,3
3216.883,424,71.42857,4352,10,1.484375,129.58594,235.3125,540.7539,3
3216.883,424,69.19192,4352,11,1.484375,129.58594,233.0469,543.0117,3
3216.883,424,71.13924,4352,13,1.484375,129.58594,232.7109,543.3477,3
3216.883,424,69.44444,4352,9,1.484375,129.58594,237.1875,538.8711,3
3216.883,424,73.60406,4352,16,1.484375,129.58594,238.3906,537.668,3
3216.883,424,71.46465,4352,12,1.484375,129.58594,235.4375,540.6211,3
3216.883,424,72.89003,4384,9,1.484375,129.58594,235.6406,540.418,3
3216.883,425,73.86935,4384,10,1.484375,129.58594,235.5195,540.5391,3
3216.883,425,69.82097,4384,12,1.484375,129.58594,232.8672,543.1914,3
3216.883,425,72.65823,4384,13,1.484375,129.58594,235.5625,540.4961,3
3216.883,425,69.87342,4384,20,1.484375,129.58594,242.6641,533.3945,3
3216.883,425,72.12276,4384,14,1.484375,129.58594,237.7578,538.3008,3
3216.883,425,68.0,4384,7,1.484375,129.58594,237.9883,538.0703,3
3216.883,425,71.53846,4384,11,1.484375,129.58594,236.2305,539.8281,3
3216.895,425,70.67669,4352,10,1.484375,129.58594,234.4766,541.582,3
3216.895,425,69.79695,4352,18,1.484375,129.58594,237.168,538.8906,3
3216.895,425,74.37186,4352,11,1.484375,129.58594,233.5078,542.5508,3
3216.895,425,73.23232,4352,10,1.484375,129.58594,234.9023,541.1562,3
3216.895,425,71.39241,4352,18,1.484375,129.58594,236.2969,539.7617,3
3216.895,425,71.0,4384,8,1.484375,129.58594,235.5586,540.5,3
3216.895,425,66.91919,4384,10,1.484375,129.58594,232.668,543.3906,3
3216.895,425,66.75063,4384,16,1.484375,129.58594,236.2539,539.8047,3
3216.895,425,65.31646,4384,16,1.484375,129.58594,242.9023,533.1562,3
3216.895,425,58.91089,4384,12,1.484375,129.58594,235.8984,540.1602,3
3216.895,425,60.09975,4384,10,1.484375,129.58594,235.6562,540.4023,3
3216.883,425,66.49874,4384,10,1.484375,129.58594,234.375,541.6836,3
3216.883,425,72.01018,4384,7,1.484375,129.58594,237.5117,538.5469,3
3216.883,425,69.30946,4384,12,1.484375,129.58594,229.6094,546.4492,3
3216.883,425,70.66327,4384,10,1.484375,129.58594,230.3906,545.668,3
3216.895,425,70.99237,4384,9,1.484375,129.58594,232.1211,543.9375,3
3220.895,425,72.77354,4384,9,1.484375,129.58594,229.25,546.8086,3
3220.895,424,68.62245,4384,14,1.484375,129.59375,232.8672,543.1836,3
3221.887,425,72.08122,4384,16,1.4921875,129.59375,236.4961,539.5547,3
3221.898,425,73.23232,4384,12,1.4921875,129.58594,236.2734,539.7773,3
3221.898,425,68.78173,4384,9,1.4921875,129.59375,237.5625,538.4805,3
3220.895,425,69.82097,4384,11,1.4921875,129.59375,233.6523,542.3906,3
3220.91,425,69.46565,4384,11,1.4921875,129.59375,237.9141,538.1289,3
3220.895,425,75.1269,4384,8,1.4921875,129.71484,238.8164,537.1055,3
3220.895,425,71.50127,4384,12,1.4921875,129.71484,234.5781,541.3438,3
3220.895,425,70.52897,4384,14,1.4921875,129.71484,234.7266,541.1953,3
3220.895,425,72.44898,4384,13,1.4921875,129.71484,231.75,544.1719,3
3220.895,425,71.17347,4384,12,1.4921875,129.71484,233.2695,542.6523,3
3220.895,425,69.01763,4384,9,1.4921875,129.71484,230.7109,545.2109,3
3220.895,425,69.46565,4384,10,1.4921875,129.71484,233.6445,542.2773,3
3220.895,425,72.49357,4384,12,1.5,129.71484,235.2695,540.6523,3
3220.895,425,71.53652,4384,15,1.5,129.70703,235.9609,539.9609,3
3220.895,425,69.54315,4384,14,1.5,129.71484,238.1602,537.7539,3
3220.895,425,71.53652,4384,10,1.5,129.71484,234.4414,541.4727,3
3220.895,425,71.9697,4384,14,1.5,129.71484,231.8984,544.0156,3
3220.895,425,71.64557,4384,12,1.5,129.71484,234.9141,541.0,3
3220.895,425,68.34171,4384,11,1.5,129.71484,231.9961,543.918,3
3221.844,427,70.05076,4384,11,1.5,129.71484,233.1719,542.7422,3
3220.883,425,65.17413,4384,7,1.5,129.71484,235.1211,540.793,3
3220.883,425,64.58853,4384,12,1.5,129.71484,239.5703,536.3438,3
3220.883,425,60.25,4384,14,1.5,129.71484,235.7539,540.1602,3
3220.883,425,62.31156,4384,8,1.5,129.71484,240.9023,535.0117,3
3220.883,425,71.13402,4384,12,1.5,129.71484,242.3281,533.5859,3
3220.883,425,70.99237,4384,8,1.5,129.71484,234.7812,541.1328,3
3220.883,425,72.9798,4384,7,1.5,129.71484,230.1758,545.7383,3
3220.883,425,72.63427,4384,7,1.5,129.71484,231.75,544.1641,3
3220.898,425,71.42857,4384,12,1.5,129.71484,229.0586,546.8555,3
3220.883,425,69.7201,4384,9,1.5,129.71484,235.2891,540.625,3
3220.883,425,71.28205,4384,10,1.5,129.71484,239.8789,536.0352,3
3220.883,425,67.43003,4384,9,1.5,129.71484,235.7227,540.1914,3
3220.883,425,70.22901,4384,12,1.5,129.71484,239.2266,536.6875,3
3220.883,425,73.04786,4384,7,1.5,129.71484,242.5898,533.3242,3
3220.883,425,68.70229,4384,12,1.5,129.71484,238.8594,537.0547,3
3220.883,425,70.30457,4384,7,1.5,129.71484,233.4766,542.4375,3
3220.883,425,73.28244,4384,11,1.5,129.71484,234.0195,541.8945,3
3220.883,425,68.86076,4384,11,1.5,129.71484,231.832,544.082,3
3220.883,425,69.92288,4384,6,1.5078125,129.71484,238.3867,537.5273,3
3220.883,425,70.33248,4384,11,1.5078125,129.71484,236.0078,539.8984,3
3220.883,425,66.58163,4384,13,1.5078125,129.71484,236.1523,539.7539,3
3220.883,425,70.45455,4384,10,1.5078125,129.71484,243.2109,532.6953,3
3220.883,425,68.27411,4384,11,1.5078125,129.71484,238.8477,537.0586,3
3220.883,425,70.66327,4384,9,1.5078125,129.71484,243.9531,531.9531,3
3220.883,425,70.52897,4384,14,1.5078125,129.71484,240.9219,534.9844,3
3220.883,425,71.8593,4384,11,1.5078125,129.71484,236.793,539.1133,3
3220.883,425,69.87342,4384,13,1.5078125,129.71484,237.832,538.0742,3
3220.883,425,71.60804,4384,10,1.5078125,129.71484,233.8516,542.0547,3
3220.883,425,69.5,4384,13,1.5078125,129.71484,239.1641,536.7422,3
3220.883,425,66.07143,4384,11,1.5078125,129.71484,234.5703,541.3359,3
3220.883,425,65.82278,4384,11,1.5078125,129.71484,238.8906,537.0156,3
3220.883,425,60.90226,4384,14,1.5078125,129.71484,235.0195,540.8867,3
3220.867,425,61.0,4384,13,1.5078125,129.71484,240.6328,535.2734,3
3220.867,425,54.17722,4384,12,1.5078125,129.71484,242.7227,533.1836,3
3220.867,425,65.23929,4384,10,1.5078125,129.71484,237.1992,538.707,3
3220.867,425,70.78086,4352,14,1.5078125,129.71484,235.4531,540.4531,3
3220.867,425,71.42857,4352,12,1.5078125,129.71484,237.6094,538.2969,3
3220.883,425,71.9697,4352,10,1.5078125,129.71484,241.2227,534.6836,3
3220.883,425,69.64286,4352,12,1.515625,129.71484,236.3281,539.5781,3
3220.883,425,71.39241,4352,12,1.515625,129.71484,235.5469,540.3516,3
3220.883,425,70.20202,4352,11,1.515625,129.71484,236.6914,539.207,3
3220.883,425,73.33333,4352,12,1.515625,129.71484,237.8398,538.0586,3
3220.867,425,72.58883,4352,10,1.515625,129.71484,234.6484,541.25,3
3220.867,425,70.88608,4352,7,1.515625,129.71484,231.0391,544.8594,3
3220.867,425,71.5736,4352,15,1.515625,129.71484,232.4414,543.457,3
3220.867,425,68.76574,4352,17,1.515625,129.71484,235.4414,540.457,3
3220.867,425,73.85787,4352,11,1.515625,129.71484,236.7266,539.1719,3
3220.867,425,71.93878,4352,13,1.515625,129.71484,236.2422,539.6562,3
3220.867,425,72.82051,4352,8,1.515625,129.71484,232.5781,543.3203,3
3220.883,425,70.30457,4352,11,1.515625,129.71484,233.9102,541.9883,3
3220.883,425,70.57357,4352,11,1.515625,129.71484,234.7734,541.125,3
3220.883,425,74.35897,4352,12,1.515625,129.71484,235.4688,540.4297,3
3220.883,425,72.77354,4352,15,1.515625,129.71484,231.5859,544.3125,3
3220.883,425,71.24682,4352,12,1.515625,129.71484,239.8516,536.0469,3
3220.867,425,70.81218,4352,14,1.515625,129.71484,234.7266,541.1719,3
3220.883,425,68.52792,4352,19,1.515625,129.71484,239.9531,535.9453,3
3220.867,425,69.87342,4352,11,1.515625,129.71484,239.4492,536.4492,3
3220.867,425,70.85427,4352,16,1.515625,129.71484,235.0469,540.8516,3
3220.867,425,67.08861,4352,7,1.515625,129.71484,234.9961,540.9023,3
3220.883,425,69.59799,4352,9,1.515625,129.71484,232.6172,543.2812,3
3220.895,425,65.91479,4352,9,1.515625,129.71484,235.375,540.5234,3
3220.895,421,68.18182,4352,18,1.515625,129.71484,231.9141,543.9844,3
3220.895,421,62.68657,4352,12,1.515625,129.71484,232.1523,543.7461,3
3220.895,421,57.14286,4352,10,1.515625,129.71484,234.0898,541.8086,3
3220.883,421,60.60606,4384,13,1.515625,129.71484,239.1875,536.7109,3
3220.883,421,68.0203,4352,16,1.515625,129.71484,233.8164,542.082,3
3220.895,421,73.23232,4352,10,1.515625,129.71484,233.9766,541.9219,3
3220.895,421,70.22901,4352,9,1.515625,129.71484,235.3164,540.582,3
3220.895,421,72.44898,4352,16,1.515625,129.71484,238.3594,537.5391,3
3220.883,422,72.54408,4352,8,1.515625,129.71484,234.2852,541.6133,3
3220.895,422,71.93878,4352,8,1.515625,129.71484,237.2891,538.6094,3
3220.895,422,71.89873,4352,15,1.515625,129.71484,237.4648,538.4336,3
3220.895,422,71.39241,4352,12,1.515625,129.71484,233.3906,542.5078,3
3220.895,422,68.52792,4352,15,1.515625,129.71484,235.8789,540.0195,3
3220.883,422,70.0,4352,10,1.515625,129.71484,232.707,543.1914,3
3220.895,422,70.81218,4352,12,1.5234375,129.71484,233.6133,542.2852,3
3220.895,422,64.69072,4352,10,1.5234375,129.70703,233.418,542.4805,3
3220.895,422,68.44784,4352,12,1.5234375,129.71484,232.3242,543.5664,3
3220.867,422,72.63427,4352,13,1.5234375,129.71484,233.375,542.5156,3
3220.867,422,77.44361,4352,14,1.5234375,129.71484,232.6367,543.2539,3
3220.867,422,71.64557,4352,15,1.5234375,129.71484,237.3633,538.5273,3
3220.867,422,70.85427,4352,11,1.5234375,129.71484,238.5156,537.375,3
3220.867,422,71.42857,4352,12,1.5234375,129.71484,234.1484,541.7422,3
3220.867,422,74.23469,4352,12,1.5390625,129.71484,232.7578,543.1328,3
3220.867,422,69.7733,4352,8,1.5390625,129.71484,235.9102,539.9648,3
3220.867,422,69.7201,4352,12,1.5390625,129.71484,233.8789,541.9961,3
3220.867,422,71.9697,4352,14,1.5390625,129.71484,239.6953,536.1797,3
3220.867,422,70.48346,4352,13,1.5390625,129.71484,234.0195,541.8555,3
3220.867,422,71.25,4352,10,1.5390625,129.71484,240.4336,535.4414,3
3220.867,422,72.51908,4352,11,1.5390625,129.71484,235.7305,540.1445,3
3220.867,422,68.86076,4352,9,1.5390625,129.71484,232.5859,543.2891,3
3220.867,422,68.51385,4352,10,1.5390625,129.71484,233.5664,542.3086,3
3220.883,422,63.13131,4352,7,1.546875,129.71484,231.5703,544.3047,3
3220.883,422,61.9403,4352,7,1.546875,129.70703,240.1055,535.7695,3
3220.883,422,60.25316,4384,11,1.546875,129.71484,235.3086,540.5586,3
3220.867,422,61.36364,4352,10,1.546875,129.71484,235.2734,540.5938,3
3220.867,422,72.70408,4352,9,1.546875,129.71484,231.3906,544.4766,3
3220.883,422,69.05371,4352,12,1.546875,129.71484,235.2969,540.5703,3
3220.883,422,70.99237,4352,12,1.546875,129.71484,236.2695,539.5977,3
3220.895,422,66.83805,4384,11,1.546875,129.71484,234.4922,541.375,3
3220.895,422,69.01763,4384,17,1.5546875,129.71484,236.0039,539.8633,3
3220.895,422,68.5422,4384,16,1.5546875,129.71484,232.5195,543.3398,3
3220.895,422,70.73791,4384,8,1.5546875,129.71484,235.1914,540.668,3
3220.895,422,69.84925,4384,12,1.5546875,129.71484,229.8984,545.9609,3
3220.895,422,68.0203,4352,15,1.5546875,129.71484,238.9414,536.918,3
3220.895,422,74.43038,4352,11,1.5546875,129.71484,234.0898,541.7695,3
3220.883,422,72.0403,4352,11,1.5546875,129.71484,229.6797,546.1797,3
3220.883,422,71.64557,4352,15,1.5546875,129.71484,231.0508,544.8086,3
3220.867,422,74.37186,4352,19,1.5546875,129.71484,233.6523,542.207,3
3220.867,422,74.24242,4352,9,1.5546875,129.71484,231.6562,544.2031,3
3220.867,421,71.3198,4352,9,1.5546875,129.71484,231.3008,544.5586,3
3220.867,421,73.68421,4352,13,1.5546875,129.71484,234.0117,541.8477,3
3220.867,420,72.26463,4352,14,1.5546875,129.71484,239.1562,536.7031,3
3220.867,420,70.15306,4352,12,1.5546875,129.71484,234.3281,541.5312,3
3220.867,420,69.03553,4352,12,1.5546875,129.71484,230.2539,545.6055,3
3220.867,420,72.70408,4352,13,1.5546875,129.71484,238.9922,536.8672,3
3220.867,420,70.27708,4352,12,1.5546875,129.71484,231.9688,543.8906,3
3220.867,420,68.38046,4352,8,1.5546875,129.71484,232.8203,543.0391,3
3220.867,420,68.18182,4352,12,1.5546875,129.71484,229.6211,546.2383,3
3220.867,420,70.30457,4352,7,1.5546875,129.71484,235.0352,540.8242,3
3220.867,420,68.5,4352,11,1.5546875,129.71484,238.4805,537.3789,3
3220.867,420,70.45455,4352,14,1.5546875,129.71484,234.8164,541.043,3
3220.867,420,67.25441000000001,4352,11,1.5546875,129.71484,233.6016,542.2578,3
3220.867,420,65.16291,4352,16,1.5546875,129.71484,232.9922,542.8672,3
3220.867,420,60.05025,4352,15,1.5546875,129.71484,235.9961,539.8633,3
3220.867,420,60.86957,4352,13,1.5625,129.71484,234.0742,541.7852,3
3220.867,420,70.84399,4352,20,1.5625,129.70703,234.6016,541.2578,3
3220.867,420,70.37975,4352,10,1.5625,129.71484,236.3867,539.4648,3
3220.867,420,72.12276,4352,14,1.5625,129.71484,237.5625,538.2891,3
3220.867,420,65.7289,4352,9,1.5625,129.71484,233.9297,541.9219,3
3220.867,420,69.79695,4352,8,1.5625,129.71484,231.2773,544.5742,3
3220.895,420,73.02799,4352,9,1.5625,129.71484,236.3477,539.5039,3
3220.895,420,72.58883,4352,9,1.5625,129.71484,237.3867,538.4648,3
3220.883,420,69.11392,4352,7,1.578125,129.71484,237.4062,538.4453,3
3220.895,420,71.39241,4352,12,1.578125,129.71484,236.4258,539.4102,3
3220.895,420,72.65823,4352,10,1.578125,129.71484,238.0078,537.8281,3
3220.895,420,70.33248,4352,9,1.578125,129.71484,236.3555,539.4805,3
3220.883,420,70.60302,4352,7,1.578125,129.71484,232.3359,543.5,3
3220.883,420,71.78841,4352,16,1.578125,129.71484,234.5273,541.3086,3
3220.883,420,70.05076,4352,11,1.578125,129.71484,231.7188,544.1172,3
3220.883,420,68.18182,4352,13,1.578125,129.71484,232.9805,542.8555,3
3220.883,420,70.02584,4352,10,1.578125,129.71484,234.3359,541.5,3
3220.883,420,70.73791,4352,15,1.578125,129.71484,237.0508,538.7852,3
3220.883,420,72.77354,4352,14,1.578125,129.71484,235.2852,540.5508,3
3220.883,421,69.11392,4352,13,1.578125,129.71484,237.0312,538.8047,3
3220.883,421,68.0203,4352,13,1.578125,129.92578,233.2422,542.3828,3
3220.895,421,74.36548,4352,14,1.578125,129.92578,235.8398,539.7852,3
3220.895,421,71.09974,4352,16,1.578125,129.92578,235.4883,540.1367,3
3220.883,421,70.52897,4352,8,1.578125,129.92578,243.4727,532.1523,3
3220.883,421,68.70229,4320,9,1.578125,129.92578,235.7891,539.8359,3
3220.883,421,70.05076,4320,11,1.578125,129.92578,231.6992,543.9258,3
3220.883,421,71.13924,4320,8,1.578125,129.92578,228.7461,546.8789,3
3220.898,421,69.75,4320,14,1.578125,129.92578,232.4062,543.2188,3
3220.883,421,64.33915,4320,12,1.578125,129.92578,233.5078,542.1172,3
3220.883,421,63.06533,4320,8,1.578125,129.92578,230.9609,544.6641,3
3220.883,421,58.79397,4320,10,1.578125,129.92578,236.8672,538.7578,3
3220.883,421,64.57286,4320,11,1.578125,129.92578,232.7656,542.8594,3
3220.883,421,71.64557,4320,9,1.578125,129.92578,233.4023,542.2227,3
3221.887,421,72.61307,4320,11,1.5859375,129.92578,230.9531,544.6719,3
3221.887,421,76.0101,4320,15,1.5859375,129.92578,235.7344,539.8828,3
3221.898,421,71.93878,4320,8,1.5859375,129.92578,237.1211,538.4961,3
3220.895,421,73.92405,4320,12,1.5859375,129.92578,230.8711,544.7461,3
3220.895,421,71.21212,4320,6,1.5859375,129.92578,235.6836,539.9336,3
3220.895,421,70.07673,4320,9,1.5859375,129.92578,235.8594,539.7578,3
3220.895,422,72.54408,4320,15,1.5859375,129.92578,232.2031,543.4141,3
3220.895,423,68.70229,4320,15,1.5859375,129.92578,234.1484,541.4688,3
3220.895,423,69.56522,4320,11,1.59375,129.92578,230.9336,544.6836,3
3220.895,423,73.35025,4320,12,1.59375,129.92578,231.7344,543.875,3
3220.895,423,73.5369,4352,12,1.59375,129.92578,233.2305,542.3789,3
3220.895,423,68.60759,4352,14,1.59375,129.92578,233.582,542.0273,3
3220.883,423,74.05542,4352,8,1.59375,129.92578,236.1016,539.5078,3
3220.895,424,71.86701,4320,10,1.59375,129.92578,233.5859,542.0234,3
3220.895,424,70.9596,4320,10,1.59375,129.92578,233.3945,542.2148,3
3220.895,424,74.4898,4320,18,1.59375,129.92578,231.8555,543.7539,3
3220.895,424,73.21429,4320,12,1.59375,129.92578,233.0664,542.543,3
3220.895,425,70.92732,4320,9,1.59375,129.92578,229.6758,545.9336,3
3220.895,425,71.42857,4320,15,1.59375,129.92578,230.2617,545.3477,3
3220.895,425,70.07673,4320,11,1.59375,129.92578,232.3008,543.3086,3
3220.895,425,71.60804,4320,8,1.59375,129.92578,236.1641,539.4453,3
3220.895,425,70.73791,4320,6,1.59375,129.92578,237.1758,538.4336,3
3220.895,425,70.27708,4320,11,1.59375,129.92578,231.7227,543.8867,3
3220.895,425,68.0798,4320,13,1.59375,129.92578,233.4023,542.207,3
3220.883,425,68.27411,4320,14,1.59375,129.92578,236.7344,538.875,3
3220.895,425,64.33915,4320,10,1.59375,129.92578,235.375,540.2344,3
3220.895,425,64.98741,4320,8,1.59375,129.92578,238.1836,537.4258,3
3220.895,425,57.72152,4320,10,1.59375,129.92578,234.5664,541.043,3
3220.895,425,60.10101,4320,7,1.59375,129.92578,233.668,541.9414,3
3220.895,425,68.26196,4320,11,1.59375,129.92578,233.9141,541.6953,3
3220.895,425,68.51385,4320,9,1.59375,129.92578,231.2891,544.3203,3
3220.895,425,68.12339,4320,14,1.59375,129.92578,237.8906,537.7188,3
3220.895,425,71.79487,4320,11,1.59375,129.92578,233.7383,541.8711,3
3220.895,425,71.06599,4320,12,1.59375,129.92578,234.1758,541.4336,3
3220.895,425,73.97959,4320,12,1.59375,129.92578,231.2539,544.3555,3
3220.895,425,72.47475,4320,11,1.59375,129.92578,236.1133,539.4961,3
3220.895,425,71.50127,4320,5,1.6015625,129.92578,237.9219,537.6875,3
3220.883,425,70.17995,4320,17,1.6015625,129.92578,234.4492,541.1523,3
3220.883,425,69.28934,4320,10,1.6015625,129.92578,231.332,544.2695,3
3220.895,425,73.35025,4320,9,1.6015625,129.92578,234.1992,541.4023,3
3220.895,425,73.92405,4320,12,1.6015625,129.92578,234.2461,541.3555,3
3220.883,425,73.35025,4320,10,1.6015625,129.92578,234.4805,541.1211,3
3220.883,425,69.56522,4320,8,1.6015625,129.92578,236.3281,539.2734,3
3220.883,425,68.93939,4320,10,1.6015625,129.92578,232.2969,543.3047,3
3220.883,425,70.05076,4320,10,1.6015625,129.92578,231.8672,543.7344,3
3220.883,425,68.62245,4320,11,1.6015625,129.92578,230.5273,545.0742,3
3220.883,425,70.55838,4320,10,1.6015625,129.92578,227.9062,547.6953,3
3220.883,425,71.53652,4320,8,1.6015625,129.92578,231.1289,544.4727,3
3220.883,425,73.41772,4320,12,1.6015625,129.92578,228.9141,546.6875,3
3220.883,425,74.05542,4320,14,1.6015625,129.92578,230.4336,545.168,3
3220.883,425,70.40816,4320,14,1.6015625,129.92578,231.9844,543.6172,3
3220.867,425,70.67669,4320,14,1.6015625,129.92578,233.6719,541.9297,3
3220.883,425,70.17544,4320,12,1.6015625,129.92578,234.2031,541.3984,3
3220.883,425,71.35678,4352,12,1.6015625,129.92578,235.2227,540.3789,3
3220.883,425,69.69697,4352,8,1.6015625,129.92578,237.9727,537.6289,3
3220.883,425,69.44444,4352,13,1.6015625,129.92578,233.0234,542.5781,3
3220.883,425,68.09045,4320,12,1.6015625,129.92578,229.8516,545.75,3
3220.883,425,60.4534,4320,12,1.6015625,129.92578,237.3359,538.2656,3
3220.883,425,57.46835,4320,11,1.6015625,129.92578,235.9844,539.6172,3
3220.883,425,64.07035,4320,12,1.6015625,129.92578,233.7656,541.8359,3
3220.883,425,71.68367,4320,7,1.6015625,129.92578,233.9961,541.6055,3
3220.883,425,75.0,4320,14,1.6015625,129.92578,237.6992,537.9023,3
3220.883,425,71.82741,4320,13,1.609375,129.92578,234.4805,541.1211,3
3220.883,425,71.06599,4320,11,1.609375,129.91797,232.9297,542.6719,3
3220.883,425,71.82741,4320,9,1.609375,129.96875,233.5977,541.9531,3
3220.883,425,65.40404,4320,13,1.609375,129.96875,228.6211,546.9297,3
3220.883,425,61.40351,4320,10,1.609375,129.96875,235.8047,539.7461,3
3220.895,425,64.12214,4320,11,1.609375,129.96875,235.1914,540.3594,3
3220.895,425,71.75573,4320,9,1.609375,129.96875,234.5,541.0508,3
3220.883,425,72.77354,4320,8,1.609375,129.96875,237.332,538.2188,3
3220.883,425,72.33503,4320,11,1.6171875,129.96875,233.1758,542.375,3
3220.895,425,70.9596,4352,11,1.6171875,129.96875,230.1523,545.3906,3
3220.895,425,72.40506,4352,10,1.6171875,129.96875,228.5234,547.0195,3
3220.895,425,71.89873,4352,8,1.6171875,129.96875,231.8203,543.7227,3
3220.883,425,72.26463,4352,8,1.6171875,129.96875,237.8242,537.7188,3
3220.883,425,74.4898,4352,10,1.6171875,129.96875,239.3047,536.2383,3
3220.883,425,71.50127,4352,13,1.6171875,129.96875,233.5586,541.9844,3
3220.883,425,71.06599,4352,13,1.6171875,129.96875,234.9844,540.5586,3
3220.883,425,69.13265,4352,18,1.6171875,129.96875,231.7578,543.7852,3
3220.883,425,70.05076,4352,14,1.6171875,129.96875,237.2969,538.2461,3
3220.883,425,70.37975,4352,7,1.6171875,129.96875,234.5781,540.9648,3
3220.895,425,73.14578,4352,9,1.6171875,129.96875,230.7227,544.8203,3
3220.895,425,68.09045,4352,10,1.6171875,129.96875,230.5312,545.0117,3
3220.883,424,70.20202,4352,11,1.6171875,129.96875,235.2148,540.3281,3
3220.883,424,71.3555,4384,14,1.6171875,129.96875,230.7617,544.7812,3
3220.883,424,67.42424,4384,6,1.6171875,129.96875,237.625,537.918,3
3220.883,424,69.11392,4384,11,1.6171875,130.20312,236.0391,539.2695,3
3220.895,424,68.0203,4384,12,1.6171875,130.20312,236.6289,538.6797,3
3220.895,424,68.78173,4384,12,1.6171875,130.20312,239.3516,535.957,3
3220.895,424,69.23077,4384,10,1.6171875,130.20312,238.1758,537.1328,3
3220.883,424,70.70707,4384,13,1.6171875,130.20312,239.625,535.6836,3
3220.883,424,71.10553,4384,12,1.6171875,130.20312,235.6875,539.6211,3
3220.895,424,71.21212,4384,7,1.6171875,130.20312,235.2734,540.0352,3
3220.895,424,64.3038,4384,9,1.6171875,130.20312,235.7109,539.5977,3
3220.895,424,66.91542,4384,12,1.6171875,130.20312,230.8164,544.4922,3
3220.883,424,63.40852,4384,14,1.6171875,130.20312,227.5078,547.8008,3
3220.883,424,61.11111,4384,9,1.6171875,130.20312,229.4609,545.8477,3
3220.883,424,64.63104,4384,12,1.6171875,130.20312,227.6836,547.625,3
3220.883,424,69.7201,4384,14,1.6171875,130.20312,230.3086,545.0,3
3220.883,424,70.43702,4384,12,1.6171875,130.20312,233.8867,541.4219,3
3220.895,424,71.75573,4384,12,1.6171875,130.20312,233.3203,541.9883,3
3220.895,424,73.35025,4384,9,1.6171875,130.20312,234.5781,540.7305,3
3220.883,424,69.7201,4352,14,1.6171875,130.20312,230.9688,544.3398,3
3220.883,424,76.39594,4352,12,1.6171875,130.20312,235.6133,539.6953,3
3220.883,424,74.68672,4352,11,1.6171875,130.20312,236.2031,539.1055,3
3220.883,424,73.61809,4352,14,1.6171875,130.20312,232.5391,542.7695,3
3220.883,424,73.43358,4352,14,1.6171875,130.20312,230.5938,544.7148,3
3220.895,424,69.56522,4352,10,1.6171875,130.20312,227.7109,547.5977,3
3220.895,424,71.10553,4352,9,1.6171875,130.20312,231.7148,543.5938,3
3220.895,424,72.08122,4352,8,1.6171875,130.20312,239.5586,535.75,3
3220.883,424,70.66327,4352,9,1.6171875,130.20312,239.1719,536.1367,3
3220.883,424,71.39241,4352,8,1.6171875,130.20312,234.3984,540.9102,3
3220.883,424,69.7201,4352,14,1.625,130.20312,231.1445,544.1641,3
3220.883,424,69.36709,4352,11,1.625,130.19531,231.5156,543.793,3
3220.883,424,71.79487,4352,14,1.625,130.20312,233.4961,541.8047,3
3220.883,424,72.40506,4352,13,1.625,130.20312,232.7344,542.5664,3
3220.883,424,70.25641,4352,15,1.625,130.20312,234.0039,541.2969,3
3220.883,424,69.44444,4352,11,1.625,130.20312,234.5078,540.793,3
3220.883,424,68.27411,4352,13,1.625,130.20312,229.4805,545.8203,3
3220.883,424,71.75573,4352,9,1.625,130.20312,228.9609,546.3398,3
3220.883,424,68.26196,4352,9,1.625,130.20312,230.3203,544.9805,3
3220.883,424,70.12658,4352,11,1.625,130.20312,240.3594,534.9414,3
3220.883,424,69.09548,4352,13,1.625,130.20312,236.3945,538.9062,3
3220.867,424,69.52141,4352,9,1.625,130.20312,230.5156,544.7852,3
3220.867,424,67.08543,4352,10,1.625,130.20312,232.7539,542.5469,3
3220.883,424,64.48363,4352,13,1.625,130.20312,228.4883,546.8125,3
3220.883,424,60.5,4352,9,1.625,130.20312,227.3672,547.9336,3
3220.883,424,59.44584,4352,12,1.625,130.20312,228.0273,547.2734,3
3220.883,424,66.49616,4352,11,1.625,130.20312,237.1992,538.1016,3
3220.898,424,70.15306,4352,14,1.625,130.20312,233.3242,541.9766,3
3220.883,424,73.97959,4352,13,1.625,130.20312,233.3867,541.9141,3
3220.867,424,71.09974,4352,8,1.625,130.20312,233.7188,541.582,3
3220.867,424,73.14578,4352,8,1.625,130.20312,230.2734,545.0273,3
3220.867,424,70.91837,4352,9,1.625,130.20312,228.1758,547.125,3
3220.867,424,69.2112,4352,11,1.625,130.20312,234.0742,541.2266,3
3220.867,424,71.64557,4352,13,1.625,130.20312,236.9062,538.3945,3
3220.867,424,70.85427,4352,13,1.625,130.20312,231.7266,543.5742,3
3220.883,424,70.51282,4352,10,1.625,130.20312,232.6367,542.6641,3
3220.867,424,72.08122,4352,13,1.625,130.20312,232.793,542.5078,3
3220.867,424,74.49495,4352,7,1.625,130.20312,233.6953,541.6055,3
3220.867,424,69.2112,4352,13,1.6328125,130.20312,231.4531,543.8477,3
3220.867,424,71.78841,4320,13,1.6328125,130.20312,232.0312,543.2617,3
3220.867,424,71.64557,4320,11,1.6328125,130.20312,231.3594,543.9336,3
3220.867,424,72.01018,4320,11,1.6328125,130.20312,232.8477,542.4453,3
3220.883,424,71.89873,4352,10,1.6328125,130.20312,235.3828,539.9102,3
3221.738,427,68.0203,4352,11,1.6328125,130.20312,234.4648,540.8281,3
3220.883,424,71.93878,4352,8,1.6328125,130.20312,231.1328,544.1602,3
3220.867,424,69.01763,4352,9,1.6328125,130.30078,237.0078,538.1875,3
3220.867,424,71.06599,4352,7,1.6328125,130.32422,234.5273,540.6445,3
3220.867,424,72.22222,4352,7,1.6328125,130.32422,229.9883,545.1836,3
3220.867,424,69.46565,4352,10,1.6328125,130.32422,232.9062,542.2656,3
3220.867,424,68.60759,4352,10,1.6328125,130.32422,234.9023,540.2695,3
3220.867,424,70.64677,4352,14,1.6328125,130.32422,233.8516,541.3203,3
3220.867,424,68.71795,4352,10,1.6328125,130.32422,230.2656,544.9062,3
3220.867,424,69.09548,4352,11,1.6328125,130.32422,231.9531,543.2188,3
3220.867,424,69.62025,4352,14,1.6328125,130.32422,237.082,538.0898,3
3220.867,424,59.3985,4352,7,1.6328125,130.32422,232.4883,542.6836,3
3220.883,424,57.28643,4352,7,1.6328125,130.32422,228.9141,546.2578,3
3220.883,424,63.31658,4352,9,1.6328125,130.32422,239.4141,535.7578,3
3220.883,424,69.11392,4352,10,1.6328125,130.32422,233.1016,542.0703,3
3220.867,424,71.46465,4352,12,1.6328125,130.32422,229.1367,546.0352,3
3220.867,424,69.56522,4352,14,1.6328125,130.33984,230.6758,544.4805,3
3220.867,424,70.76923,4352,11,1.6328125,130.33984,230.6992,544.457,3
3220.883,424,74.43038,4352,9,1.6328125,130.33984,232.1641,542.9922,3
3220.883,424,71.75573,4352,9,1.6328125,130.33984,229.1406,546.0156,3
3220.883,424,70.9596,4352,14,1.6328125,130.33984,230.9727,544.1836,3
3220.883,424,74.23469,4352,9,1.640625,130.33984,228.8398,546.3164,3
3220.883,424,71.39241,4352,16,1.640625,130.33984,230.3711,544.7773,3
3220.883,424,70.88608,4352,14,1.640625,130.33984,236.2148,538.9336,3
3220.883,424,74.1206,4352,8,1.640625,130.33984,231.6484,543.5,3
3220.883,425,71.89873,4352,12,1.640625,130.33984,229.0508,546.0977,3
3221.637,427,70.73791,4352,12,1.640625,130.33984,232.4414,542.707,3
3220.883,425,73.48485,4352,10,1.640625,130.33984,228.8633,546.2852,3
3220.883,425,73.84615,4352,8,1.640625,130.33984,230.5664,544.582,3
3220.883,425,71.13924,4352,11,1.640625,130.33984,233.3984,541.75,3
3220.883,425,69.97455,4352,8,1.640625,130.33984,228.0938,547.0547,3
3220.898,425,71.82741,4384,12,1.640625,130.33984,231.668,543.4805,3
3220.883,425,69.11392,4384,8,1.640625,130.33984,231.832,543.3164,3
3220.883,425,68.8946,4384,14,1.640625,130.33984,235.1562,539.9922,3
3220.883,425,69.87342,4384,12,1.640625,130.33984,232.0273,543.1211,3
3220.883,425,69.44444,4384,10,1.640625,130.33984,229.5508,545.5977,3
3220.883,425,72.65823,4384,9,1.640625,130.33984,226.6211,548.5273,3
3220.883,425,70.17544,4384,14,1.6484375,130.33984,237.8789,537.2695,3
3220.898,425,69.52141,4352,12,1.6484375,130.33203,233.6016,541.5469,3
3220.883,425,67.34694,4352,13,1.6484375,130.33984,235.3828,539.7578,3
3220.883,425,67.5,4352,10,1.6484375,130.33984,234.5859,540.5547,3
3220.883,425,66.41414,4352,11,1.6484375,130.33984,230.2383,544.9023,3
3220.883,425,61.30653,4352,16,1.6484375,130.33984,234.0195,541.1211,3
3220.883,425,60.25,4352,11,1.6484375,130.33984,235.8398,539.3008,3
3220.883,425,64.3038,4352,10,1.6484375,130.33984,235.3281,539.8125,3
3220.883,425,72.26463,4352,15,1.6484375,130.33984,230.543,544.5977,3
3220.883,425,70.40816,4352,10,1.6484375,130.33984,231.2461,543.8945,3
3220.883,425,71.5736,4352,10,1.6484375,130.33984,235.6719,539.4688,3
3220.883,425,73.41772,4352,14,1.6484375,130.33984,230.1562,544.9844,3
3220.883,425,70.07673,4352,12,1.6484375,130.33984,232.2266,542.9141,3
3220.883,425,70.37975,4352,16,1.6484375,130.33984,229.2461,545.8945,3
3220.883,425,70.58824,4352,9,1.6484375,130.33984,227.9727,547.168,3
3220.883,425,72.44898,4352,10,1.65625,130.33984,225.5703,549.5703,3
3220.883,425,71.35678,4320,7,1.65625,130.33203,226.3047,548.8359,3
3220.883,425,73.67089,4352,12,1.65625,130.33984,227.4414,547.6914,3
3220.883,425,73.46939,4352,10,1.65625,130.33984,232.707,542.4258,3
3220.883,425,71.25,4352,11,1.65625,130.33984,230.2734,544.8594,3
3220.883,425,72.1519,4352,12,1.65625,130.33984,227.2656,547.8672,3
3220.883,425,73.65729,4352,12,1.65625,130.33984,227.9766,547.1562,3
3220.883,425,72.33503,4352,10,1.65625,130.33984,228.6875,546.4453,3
3220.883,425,72.84264,4352,11,1.65625,130.33984,226.9961,548.1367,3
3220.883,425,69.62025,4352,7,1.65625,130.33984,227.6953,547.4375,3
3220.883,425,72.77354,4352,10,1.65625,130.33984,229.7891,545.3438,3
3220.883,425,71.89873,4352,12,1.65625,130.33984,233.6562,541.4766,3
3220.883,425,71.93878,4352,12,1.65625,130.33984,234.4492,540.6836,3
3220.883,425,70.32419,4352,8,1.6640625,130.33984,232.1133,543.0195,3
3220.883,425,74.30025,4352,9,1.6640625,130.33984,229.8984,545.2266,3
3220.883,425,72.22222,4352,12,1.6640625,130.33984,233.3789,541.7461,3
3220.883,425,71.21212,4352,10,1.6640625,130.33984,229.1133,546.0117,3
3220.883,424,69.34673,4352,8,1.6640625,130.33984,234.7734,540.3516,3
3220.883,424,72.47475,4352,12,1.6640625,130.33984,232.7812,542.3438,3
3220.883,424,65.22843,4352,12,1.6640625,130.33984,227.6719,547.4531,3
3220.883,424,62.12121,4352,10,1.6640625,130.33984,231.9062,543.2188,3
3220.883,424,59.0,4352,11,1.6640625,130.33984,236.75,538.375,3
3220.898,424,62.5,4352,12,1.6640625,130.33984,232.6602,542.4648,3
3220.898,424,72.01018,4352,12,1.6640625,130.33984,231.4688,543.6562,3
3220.898,424,70.02519,4352,12,1.6640625,130.33984,232.1719,542.9531,3
3220.898,424,70.30457,4352,8,1.6640625,130.33984,239.1641,535.9609,3
3220.898,424,72.5641,4352,10,1.6640625,130.33984,232.3984,542.7266,3
3220.898,424,70.0,4320,11,1.6640625,130.33984,235.168,539.957,3
3220.898,424,75.31807,4320,8,1.6640625,130.33984,234.0898,541.0352,3
3220.887,424,74.81108,4320,9,1.6640625,130.33984,233.1602,541.9648,3
3221.402,425,71.3217,4320,10,1.6640625,130.33984,233.6523,541.4727,3
3221.402,425,66.32391,4320,12,1.6640625,130.33984,238.2695,536.8555,3
3221.402,425,72.3192,4320,13,1.6640625,130.39844,233.8398,541.2266,3
3220.898,425,71.03275,4320,13,1.6640625,130.39844,235.5156,539.5508,3
3220.898,425,72.37852,4320,13,1.6640625,130.39844,235.4766,539.5898,3
3220.898,425,74.8731,4320,13,1.6640625,130.39844,234.9922,540.0742,3
3220.898,425,73.73737,4320,14,1.671875,130.39844,231.5742,543.4922,3
3220.887,425,72.0,4320,13,1.671875,130.39062,232.1133,542.9531,3
3220.898,425,72.54408,4320,16,1.671875,130.39844,238.1953,536.8633,3
3220.898,425,70.12658,4320,6,1.671875,130.39844,231.6094,543.4492,3
3220.898,425,70.33248,4320,12,1.671875,130.39844,235.4648,539.5938,3
3220.898,425,71.53652,4320,13,1.671875,130.39844,230.8906,544.168,3
3220.898,425,70.37975,4320,10,1.671875,130.39844,232.8516,542.207,3
3220.898,425,73.60406,4320,12,1.6875,130.39844,234.2969,540.7617,3
3220.898,425,72.93233,4320,9,1.6875,130.38281,229.8672,545.1914,3
3220.898,425,73.46939,4320,8,1.6875,130.39844,237.1289,537.9141,3
3220.898,424,71.10553,4320,14,1.6875,130.39844,233.3203,541.7227,3
3220.898,424,72.44898,4320,13,1.6875,130.39844,229.4375,545.6055,3
3220.898,424,70.05076,4320,12,1.6875,130.39844,232.5586,542.4844,3
3220.898,424,69.17293,4320,7,1.6875,130.39844,234.3164,540.7266,3
3220.898,424,64.0,4320,14,1.6875,130.39844,237.2031,537.8398,3
3220.898,425,60.5,4320,13,1.6875,130.39844,232.4414,542.6016,3
3220.898,425,59.34343,4320,9,1.6875,130.39844,231.6797,543.3633,3
3220.898,425,69.84536,4320,16,1.6875,130.39844,228.3438,546.6992,3
3220.898,425,69.38776,4320,12,1.6875,130.39844,236.5898,538.4531,3
3220.898,425,75.75758,4320,13,1.6875,130.39844,233.918,541.125,3
3220.898,425,71.24682,4320,14,1.6875,130.39844,232.0078,543.0352,3
3220.914,425,72.08122,4320,18,1.6875,130.39844,233.1797,541.8633,3
3220.898,425,70.30457,4320,13,1.6875,130.39844,236.5508,538.4922,3
3220.898,425,67.7665,4320,12,1.6875,130.39844,233.4141,541.6289,3
3220.898,425,72.1519,4320,7,1.6875,130.39844,233.2227,541.8203,3
3220.887,425,75.0,4320,11,1.6875,130.39844,231.1016,543.9414,3
3220.887,425,72.84264,4320,12,1.6875,130.39844,232.2031,542.8398,3
3220.887,425,69.44444,4320,9,1.6875,130.39844,228.7617,546.2812,3
3220.898,425,68.51385,4320,11,1.6875,130.39844,233.2344,541.8086,3
3220.898,425,73.23232,4320,7,1.6875,130.39844,230.0664,544.9766,3
3220.887,425,73.92405,4320,11,1.6875,130.39844,233.2891,541.7539,3
3220.898,425,70.33248,4352,11,1.6875,130.39844,233.3867,541.6562,3
3220.898,425,69.7201,4352,11,1.6875,130.39844,235.5742,539.4688,3
3220.898,425,73.04786,4352,16,1.6875,130.39844,230.7969,544.2461,3
3220.898,425,71.42857,4352,20,1.6875,130.39844,228.207,546.8359,3
3220.898,425,70.45455,4352,13,1.6875,130.39844,230.875,544.168,3
3220.898,425,73.60406,4352,11,1.6875,130.39844,231.832,543.2109,3
3220.898,425,69.7201,4352,16,1.6875,130.39844,226.4492,548.5938,3
3220.898,425,72.01018,4352,9,1.6875,130.39844,231.4805,543.5625,3
3220.898,425,67.41855,4352,9,1.6875,130.39844,231.2383,543.8047,3
3220.898,425,73.84615,4320,9,1.6875,130.39844,230.2852,544.7578,3
3220.898,425,71.09974,4320,14,1.6875,130.39844,232.3906,542.6523,3
3220.898,425,72.33503,4320,15,1.6875,130.39844,233.5273,541.5156,3
3220.898,425,72.77487,4352,13,1.695312,130.39844,230.082,544.9609,3
3220.914,425,68.86076,4352,16,1.695312,130.39062,228.0625,546.9805,3
3220.914,425,70.84399,4352,15,1.695312,130.39844,229.3438,545.6914,3
3220.898,425,71.93878,4352,13,1.695312,130.39844,236.3555,538.6797,3
3220.898,425,74.30025,4352,9,1.695312,130.39844,231.4766,543.5586,3
3220.898,425,70.73791,4352,13,1.695312,130.39844,233.1484,541.8867,3
3220.898,425,70.73791,4352,13,1.695312,130.39844,227.9414,547.0938,3
3220.898,425,72.95918,4352,13,1.695312,130.39844,229.1641,545.8711,3
3220.898,425,73.67089,4352,10,1.695312,130.39844,227.4766,547.5586,3
3220.887,425,76.13065,4352,10,1.695312,130.39844,232.5703,542.4648,3
3220.887,425,72.26463,4352,18,1.695312,130.39844,232.7734,542.2617,3
3220.887,425,73.21429,4352,14,1.695312,130.39844,230.3281,544.707,3
3220.887,425,70.25641,4352,6,1.695312,130.39844,227.4297,547.6055,3
3220.887,425,69.54315,4352,11,1.695312,130.39844,229.5273,545.5078,3
3220.898,425,75.56675,4352,17,1.695312,130.39844,235.5703,539.4648,3
3220.898,425,69.79695,4352,11,1.695312,130.39844,232.6172,542.418,3
3220.898,425,73.65729,4352,15,1.703125,130.39844,233.1328,541.9023,3
3220.898,425,71.24682,4352,8,1.703125,130.39844,229.9805,545.0469,3
3220.898,425,69.01763,4352,8,1.703125,130.39844,227.7188,547.3086,3
3220.898,425,70.81218,4352,8,1.703125,130.39844,229.3477,545.6797,3
3220.898,425,69.28934,4352,12,1.703125,130.39844,230.6055,544.4219,3
3220.898,425,65.49118,4352,12,1.703125,130.39844,230.543,544.4844,3
3220.898,425,66.83417,4352,11,1.703125,130.39844,228.5195,546.5078,3
3220.898,425,64.91228,4352,18,1.703125,130.39844,230.9766,544.0508,3
3220.898,425,70.55838,4352,13,1.703125,130.39844,231.7266,543.3008,3
3220.898,425,69.28934,4352,9,1.703125,130.39844,233.0195,542.0078,3
3220.887,425,71.42857,4352,12,1.710938,130.39844,230.5117,544.5156,3
3221.441,425,72.0403,4352,11,1.710938,130.39844,232.1602,542.8594,3
3221.441,425,72.40506,4352,12,1.710938,130.39844,232.3359,542.6836,3
3221.652,426,68.27411,4352,13,1.710938,130.39844,232.0117,543.0078,3
3221.699,426,69.19192,4352,15,1.710938,130.48047,234.5703,540.3672,3
3193.336,426,67.09512,4352,15,1.710938,130.48047,227.4766,547.4609,3
3193.336,426,66.75063,4352,14,1.710938,130.70703,252.6602,522.0508,3
3193.422,426,69.7201,4352,12,1.710938,130.74219,252.4766,522.1992,3
3193.422,426,69.62025,4352,13,1.710938,131.6875,249.0391,524.6914,3
3193.422,426,65.66416,4352,10,1.710938,131.6875,248.5586,525.1719,3
3193.422,426,64.1604,4352,12,1.710938,131.6875,255.875,517.8555,3
3193.422,424,62.09476,4352,10,1.710938,131.6875,252.3047,521.4258,3
3193.422,424,58.20896,4352,7,1.710938,131.6875,253.5898,520.1406,3
3193.422,423,56.53266,4352,12,1.710938,131.6875,250.5195,523.2109,3
3193.422,423,66.15776,4352,8,1.710938,131.6875,252.4414,521.2891,3
3193.422,423,68.73385,4352,10,1.710938,131.6875,245.5352,528.1953,3
3193.41,423,70.63291,4352,6,1.710938,131.6875,248.5703,525.1602,3
3193.41,423,69.11392,4352,9,1.710938,131.6875,249.5508,524.1797,3
3193.422,423,69.44444,4352,10,1.710938,131.6875,250.8828,522.8477,3
3193.422,423,67.60204,4352,6,1.710938,131.6875,253.0195,520.7109,3
3193.422,423,70.48346,4352,10,1.710938,131.6875,247.9883,525.7422,3
3193.422,423,70.99237,4352,14,1.710938,131.6875,253.7305,520.0,3
3193.422,423,70.66327,4352,18,1.710938,131.6875,255.7305,518.0,3
3193.422,423,71.03275,4352,9,1.710938,131.6875,256.3359,517.3945,3
3193.422,423,70.70707,4352,14,1.710938,131.6875,253.3164,520.4141,3
3193.41,423,66.83673,4352,12,1.710938,131.6875,254.9297,518.8008,3
3193.41,423,69.44444,4352,11,1.710938,131.6875,250.1055,523.625,3
3193.41,422,69.15167,4352,12,1.710938,131.6875,248.9062,524.8242,3
3193.41,422,70.99237,4352,13,1.710938,131.6875,246.5,527.2305,3
3193.41,422,68.03069,4352,14,1.710938,131.6875,250.0234,523.707,3
3193.41,422,68.76574,4352,15,1.710938,131.6875,251.4492,522.2812,3
3193.41,422,70.20202,4352,10,1.710938,131.6875,251.5078,522.2227,3
3193.41,422,70.70707,4352,11,1.710938,131.6875,260.7852,512.9453,3
3193.41,422,67.09184,4352,10,1.710938,131.6875,253.6445,520.0859,3
3193.41,422,73.46939,4320,11,1.710938,131.6875,250.7578,522.9727,3
3193.395,422,71.64557,4320,7,1.710938,131.6875,253.9922,519.7383,3
3193.395,422,69.89796,4320,13,1.710938,131.6875,248.8516,524.8789,3
3193.395,422,70.52897,4320,15,1.710938,131.6875,252.125,521.6055,3
3193.41,422,67.67677,4352,13,1.710938,131.6875,250.1289,523.6016,3
3193.395,422,66.25,4352,12,1.710938,131.6875,245.4531,528.2773,3
3193.395,422,68.18182,4352,12,1.710938,131.6875,251.0117,522.7188,3
3193.395,422,65.0,4352,9,1.710938,131.6875,248.0039,525.7266,3
3193.395,422,64.07035,4384,10,1.710938,131.6875,248.7266,525.0039,3
3193.395,422,67.59494,4384,6,1.710938,131.6875,250.4062,523.3242,3
3193.395,422,70.55838,4384,10,1.710938,131.6875,256.2461,517.4844,3
3193.395,422,70.20202,4384,10,1.71875,131.6875,255.7773,517.9531,3
3193.395,422,70.22901,4384,12,1.71875,131.6875,257.3633,516.3594,3
3193.395,422,66.16162,4384,9,1.71875,131.6875,252.9141,520.8086,3
3193.395,422,72.56858,4384,12,1.71875,131.6875,247.1211,526.6016,3
3193.395,422,68.59296,4384,8,1.71875,131.6875,254.7461,518.9766,3
3193.395,422,64.72081,4384,11,1.71875,131.6875,250.6484,523.0742,3
3193.43,425,62.43781,4384,14,1.71875,131.6875,253.3555,520.3672,3
3193.395,422,61.19403,4384,8,1.71875,131.6875,247.6484,526.0742,3
3193.395,422,59.04523,4384,6,1.71875,131.6875,246.6367,527.0859,3
3193.395,422,59.10224,4384,8,1.71875,131.6875,251.7344,521.9883,3
3193.395,422,66.92308,4384,10,1.71875,131.6875,251.4766,522.2461,3
3193.395,422,72.19388,4384,10,1.71875,131.78125,247.0312,526.5977,3
3193.395,422,73.09645,4384,9,1.71875,131.78125,256.4648,517.1641,3
3193.395,422,67.67677,4384,14,1.71875,131.78125,249.2695,524.3594,3
3193.395,422,68.95674,4384,9,1.71875,131.78125,251.6602,521.9688,3
3193.395,422,70.91837,4384,11,1.71875,131.78125,248.9805,524.6484,3
3193.395,422,72.33503,4384,11,1.71875,131.78125,249.9023,523.7266,3
3193.395,422,70.02519,4384,11,1.71875,131.78125,251.2656,522.3633,3
3193.395,422,70.81218,4384,12,1.71875,131.78125,252.1992,521.4297,3
3193.395,422,68.01008,4384,15,1.71875,131.78125,254.8008,518.8281,3
3193.395,422,66.41026,4384,12,1.71875,131.78125,259.1523,514.4766,3
3193.395,422,71.39241,4384,15,1.71875,131.78125,249.4219,524.207,3
3193.395,422,68.18182,4384,12,1.828125,131.78125,250.0742,523.5547,3
3193.395,422,66.83673,4352,13,1.828125,131.78516,246.9023,526.6133,3
3193.395,422,70.45455,4352,13,1.828125,131.78906,248.1719,525.3398,3
3193.395,422,70.30457,4352,9,1.828125,131.78906,251.4219,522.0898,3
3193.395,422,69.11392,4352,16,1.828125,131.78906,254.3359,519.1758,3
3193.395,422,70.40816,4384,17,1.828125,131.78906,252.8945,520.6172,3
3193.395,422,69.42356,4384,12,1.828125,131.78906,252.4258,521.0859,3
3193.395,422,71.82741,4384,10,1.828125,131.78906,255.5156,517.9961,3
3193.395,422,69.28934,4384,10,1.828125,131.78906,251.6328,521.8789,3
3193.395,422,72.22222,4384,10,1.828125,131.78906,253.2617,520.25,3
3193.395,422,67.75819,4384,10,1.828125,131.78906,254.5039,519.0078,3
3193.395,422,72.33503,4384,13,1.828125,131.78906,253.5781,519.9336,3
3193.395,422,72.22222,4384,11,1.828125,131.78906,250.8984,522.6133,3
3193.395,422,63.29114,4384,8,1.828125,131.78906,255.0156,518.4961,3
3193.395,422,68.25,4384,11,1.828125,131.78906,251.3789,522.1328,3
3193.395,422,65.74307,4384,8,1.828125,131.78906,248.8906,524.6211,3
3193.395,422,57.21393,4384,11,1.828125,131.78906,252.6289,520.8828,3
3193.395,422,55.88972,4384,9,1.828125,131.78906,246.9414,526.5703,3
3193.395,422,65.23929,4384,12,1.828125,131.78906,243.7344,529.7773,3
3193.395,422,67.58794,4384,13,1.828125,131.78906,250.1484,523.3633,3
3193.395,422,70.66327,4384,12,1.828125,131.78906,247.0859,526.4258,3
3193.395,422,67.92929,4384,14,1.828125,131.78906,245.1523,528.3594,3
3193.395,422,71.86701,4384,12,1.828125,131.78906,247.9766,525.5352,3
3193.395,422,73.45361,4352,8,1.828125,131.78906,256.0273,517.4844,3
3193.395,422,72.54408,4352,8,1.828125,131.78906,258.2969,515.2148,3
3193.395,422,73.35025,4352,14,1.828125,131.78906,252.2422,521.2695,3
3193.395,422,68.78173,4352,13,1.828125,131.78906,252.6055,520.9062,3
3193.395,422,68.44784,4352,7,1.828125,131.78906,254.2109,519.3008,3
3193.395,422,70.12658,4352,13,1.828125,131.78906,252.3984,521.1133,3
3193.395,422,69.82097,4352,18,1.828125,131.78906,253.5898,519.9219,3
3193.395,422,69.13265,4352,16,1.828125,131.78906,251.1016,522.4102,3
3193.395,422,70.91837,4352,11,1.828125,131.78906,249.7539,523.7578,3
3193.395,422,69.82097,4352,14,1.828125,131.78906,258.9023,514.6094,3
3193.395,422,69.38776,4352,9,1.828125,131.78906,254.1172,519.3945,3
3193.395,422,72.01018,4352,10,1.835938,131.78906,255.4219,518.0898,3
3193.395,422,71.46465,4352,9,1.835938,131.78906,250.0898,523.4141,3
3193.395,422,70.30457,4352,8,1.835938,131.78906,254.4102,519.0938,3
3193.395,422,71.86701,4352,14,1.835938,131.78906,248.7383,524.7656,3
3193.395,422,71.53652,4352,10,1.835938,131.78906,251.4961,522.0078,3
3193.395,422,70.52897,4352,10,1.835938,131.78906,251.6914,521.8125,3
3193.395,422,70.05076,4352,12,1.835938,131.78906,252.168,521.3359,3
3193.395,422,71.10553,4352,14,1.835938,131.78906,249.6523,523.8516,3
3193.395,422,65.06329,4352,8,1.835938,131.78906,256.0391,517.4648,3
3193.395,422,68.95674,4352,11,1.835938,131.78906,253.0742,520.4297,3
3193.395,422,67.92929,4352,7,1.835938,131.78906,250.3359,523.168,3
3193.395,422,66.91542,4352,11,1.835938,131.78906,256.7383,516.7656,3
3193.395,422,60.44776,4352,10,1.835938,131.78906,256.5859,516.918,3
3193.395,422,58.25,4320,10,1.835938,131.78906,252.6367,520.8672,3
3193.395,422,59.601,4352,13,1.835938,131.89453,250.1406,523.2578,3
3193.395,422,66.32391,4352,12,1.835938,131.89453,248.2969,525.1016,3
3193.395,421,68.86076,4352,11,1.835938,131.89453,253.6523,519.7461,3
3193.395,421,70.40816,4352,9,1.84375,131.89453,255.0156,518.3828,3
3193.395,421,71.24682,4352,12,1.84375,131.88672,250.0586,523.3398,3
3193.395,421,70.88608,4352,7,1.84375,131.89453,254.2148,519.1758,3
3193.395,422,70.76923,4352,13,1.84375,131.89453,255.5078,517.8828,3
3193.395,423,69.38776,4352,13,1.84375,131.89453,248.4688,524.9219,3
3193.395,423,72.19388,4352,14,1.84375,131.89453,249.3164,524.0742,3
3193.395,423,70.02519,4352,9,1.84375,131.89453,247.8555,525.5352,3
3193.395,423,69.62025,4352,8,1.84375,131.89453,255.0039,518.3867,3
3193.395,423,67.00767,4352,12,1.84375,131.89453,254.4648,518.9258,3
3193.395,423,59.6401,4352,9,1.84375,131.89453,253.5508,519.8398,3
3193.395,423,72.30769,4352,12,1.84375,131.89453,252.7617,520.6289,3
3193.395,423,72.26463,4352,18,1.84375,131.89453,252.3906,521.0,3
3193.395,423,66.58163,4352,11,1.84375,131.89453,251.0898,522.3008,3
3193.395,423,68.76574,4320,11,1.84375,131.89453,251.8555,521.5352,3
3193.395,423,70.07673,4320,9,1.84375,131.89453,253.5234,519.8672,3
3193.395,423,68.8946,4352,15,1.84375,131.89453,253.5742,519.8164,3
3193.41,423,68.43434,4352,18,1.84375,131.89453,255.1758,518.2148,3
3193.395,423,70.30457,4352,10,1.84375,131.89453,250.4023,522.9883,3
3193.395,423,71.71717,4384,12,1.84375,131.89453,256.082,517.3086,3
3193.395,423,70.88608,4384,11,1.84375,131.89453,250.9414,522.4492,3
3193.395,423,67.60204,4384,14,1.84375,131.89453,252.7734,520.6172,3
3193.395,423,67.43003,4384,8,1.84375,131.89453,252.7539,520.6367,3
3193.395,423,72.0,4384,10,1.84375,131.89453,253.5938,519.7969,3
3193.395,423,66.49616,4384,14,1.851562,131.89453,258.4141,514.9766,3
3193.395,423,62.78481,4384,11,1.851562,131.89453,254.5586,518.8242,3
3193.395,423,64.83791,4384,11,1.851562,131.89453,252.8086,520.5742,3
3193.395,423,64.12214,4384,11,1.851562,131.89453,255.0469,518.3359,3
3193.395,423,70.88608,4384,9,1.851562,131.89453,250.9297,522.4531,3
3193.395,423,68.38046,4384,6,1.851562,131.89453,258.3203,515.0625,3
3193.395,423,70.15306,4384,12,1.859375,131.89453,255.832,517.5508,3
3193.41,423,68.78173,4384,9,1.859375,131.89453,256.293,517.082,3
3193.41,423,73.35025,4384,12,1.859375,131.89453,254.1133,519.2617,3
3193.41,423,73.16456,4384,7,1.859375,131.89453,252.957,520.418,3
3193.41,423,70.30457,4384,11,1.859375,131.89453,254.75,518.625,3
3193.395,423,72.43108,4384,14,1.859375,131.89453,251.582,521.793,3
3193.395,423,67.93893,4384,10,1.859375,131.89453,253.4102,519.9648,3
3193.395,423,69.01763,4384,10,1.867188,131.89453,254.8867,518.4883,3
3193.395,423,71.64557,4384,9,1.867188,131.89453,252.1914,521.1758,3
3193.395,423,71.75573,4384,10,1.867188,131.89453,258.3984,514.9688,3
3193.395,423,69.54315,4384,9,1.867188,131.89453,251.6484,521.7188,3
3193.395,423,68.10127,4384,11,1.867188,131.89453,253.5586,519.8086,3
3193.395,423,67.58794,4384,11,1.867188,131.89453,256.9297,516.4375,3
3193.395,423,64.73552,4384,8,1.867188,131.89453,252.8789,520.4883,3
3193.395,423,65.56962,4384,8,1.867188,131.89453,255.4648,517.9023,3
3193.395,423,61.30653,4384,12,1.867188,131.89453,250.1406,523.2266,3
3193.395,423,62.31527,4384,10,1.867188,131.89453,255.9688,517.3984,3
3193.395,423,59.14787,4384,12,1.867188,131.89453,251.3359,522.0312,3
3193.395,423,60.35354,4384,12,1.867188,131.89453,255.6094,517.7578,3
3193.395,423,70.20202,4384,16,1.867188,131.89453,254.6445,518.7227,3
3193.395,423,70.88608,4384,12,1.867188,131.89453,254.4414,518.9258,3
3193.395,423,72.47475,4384,16,1.867188,131.89453,251.0508,522.3164,3
3193.395,423,66.75192,4384,7,1.867188,131.89453,248.7617,524.6055,3
3193.395,423,69.7733,4384,9,1.867188,131.89453,244.9102,528.457,3
3193.395,423,66.66667,4384,12,1.867188,131.89453,252.5742,520.793,3
3193.395,423,71.50127,4384,11,1.867188,131.89453,248.5859,524.7812,3
3193.395,423,71.35678,4384,9,1.867188,131.89453,245.1914,528.1758,3
3193.395,423,72.30769,4384,10,1.867188,131.89453,247.6367,525.7305,3
3193.395,422,69.79695,4384,9,1.867188,131.89453,253.4883,519.8789,3
3193.395,422,71.89873,4384,15,1.867188,131.89453,254.7109,518.6562,3
3193.395,423,68.35443,4384,8,1.867188,131.89453,253.207,520.1602,3
3193.395,423,72.54408,4384,10,1.867188,131.89453,251.2695,522.0977,3
3193.395,423,71.97943,4384,8,1.867188,131.89453,255.6016,517.7656,3
3193.875,423,66.58163,4352,11,1.867188,131.89453,248.3203,525.0469,3
3193.875,423,70.07673,4352,12,1.867188,131.89453,257.0352,516.332,3
3193.875,423,70.12658,4352,8,1.867188,131.89453,251.5469,521.8203,3
3193.875,423,68.27411,4352,14,1.867188,131.89453,252.0938,521.2734,3
3193.875,423,71.17347,4352,10,1.867188,131.89453,252.6836,520.6836,3
3193.875,423,69.28934,4352,11,1.867188,131.89453,251.5078,521.8594,3
3193.875,423,73.16456,4352,9,1.867188,131.89453,252.9609,520.4062,3
3193.875,423,68.93939,4352,9,1.867188,131.89453,256.4453,516.9219,3
3193.875,423,68.09045,4352,11,1.875,131.89453,251.7969,521.5703,3
3193.875,423,69.28934,4352,10,1.875,131.89453,252.3398,521.0195,3
3193.875,423,67.51918,4352,14,1.875,131.89453,250.8242,522.5352,3
3193.875,423,66.91919,4352,10,1.875,131.89453,254.7305,518.6289,3
3193.875,423,65.41353,4352,11,1.875,131.89453,254.8984,518.4609,3
3193.875,423,62.65664,4352,9,1.875,131.89453,251.6367,521.7227,3
3193.875,423,59.89975,4352,15,1.875,131.89453,246.0703,527.2891,3
3193.875,423,56.57568,4352,11,1.875,131.89453,251.1992,522.1602,3
3193.875,424,61.90476,4352,13,1.875,131.89453,247.7812,525.5781,3
3193.875,424,69.46565,4352,9,1.875,131.89453,249.2109,524.1484,3
3193.875,424,70.02519,4352,12,1.875,131.89453,246.9961,526.3633,3
3193.891,424,70.30457,4352,9,1.875,131.89453,253.957,519.4023,3
3193.891,424,68.95674,4352,10,1.875,131.89453,247.8594,525.5,3
3193.891,424,68.62245,4384,8,1.875,131.89453,251.5156,521.8438,3
3194.125,424,67.35219,4384,17,1.875,131.89453,247.7695,525.5898,3
3194.125,424,70.40816,4384,13,1.875,131.89453,251.0625,522.2969,3
3194.125,424,68.35443,4384,9,1.875,131.89453,252.0195,521.3398,3
3194.125,424,69.2112,4384,11,1.875,131.89453,253.2422,520.1172,3
3194.125,424,68.60759,4384,10,1.875,131.89453,248.8008,524.5586,3
3194.125,425,67.25888,4384,13,1.875,131.89453,253.3633,519.9961,3
3194.125,425,70.02519,4384,10,1.882812,131.89453,254.5078,518.8516,3
3194.125,425,69.64286,4384,13,1.882812,131.89453,248.4492,524.9023,3
3194.125,425,69.94949,4384,15,1.882812,131.89453,255.4414,517.9102,3
3194.125,425,70.27708,4384,9,1.882812,131.89453,251.5078,521.8438,3
3194.125,425,73.73737,4384,13,1.882812,131.89453,251.6211,521.7305,3
3194.125,425,72.33503,4384,9,1.882812,131.90625,248.8438,524.4961,3
3194.125,425,67.08861,4352,14,1.90625,131.90625,249.9023,523.4375,3
3194.125,425,69.89796,4352,10,1.90625,131.88281,251.6758,521.6641,3
3194.125,425,70.30457,4384,11,1.90625,131.90625,255.0,518.3164,3
3194.125,425,70.17544,4384,8,1.90625,131.90625,256.4688,516.8477,3
3194.125,425,70.05076,4384,8,1.90625,131.90625,252.5859,520.7305,3
3194.125,425,67.5063,4384,17,1.90625,131.90625,249.8906,523.4258,3
3194.125,425,69.38776,4384,12,1.90625,131.97656,251.8203,521.4258,3
3194.125,425,68.1592,4352,10,1.90625,131.97656,248.7305,524.5156,3
3194.125,425,68.0203,4352,13,1.90625,131.97656,248.2852,524.9609,3
3194.125,425,66.58098,4352,13,1.90625,131.97656,247.8984,525.3477,3
3194.125,425,63.77171,4352,12,1.90625,131.97656,244.75,528.4961,3
3194.125,425,58.43829,4352,14,1.914062,131.97656,247.5156,525.7305,3
3194.125,425,58.79397,4352,14,1.914062,131.97656,250.5195,522.7188,3
3194.125,425,67.33668,4352,13,1.914062,131.97656,250.2617,522.9766,3
3194.125,425,70.22901,4352,7,1.914062,131.97656,250.4453,522.793,3
3194.125,425,72.77354,4352,15,1.914062,131.97656,255.8047,517.4336,3
3194.125,425,71.71717,4352,11,1.914062,131.97656,255.6602,517.5781,3
3194.125,425,71.02564,4352,12,1.914062,131.97656,249.0234,524.2148,3
3194.125,425,73.86935,4352,12,1.914062,131.97656,255.457,517.7812,3
3194.125,425,71.46465,4384,9,1.921875,131.97656,250.8906,522.3477,3
3194.125,425,68.73385,4384,12,1.921875,132.19531,254.9961,518.0156,3
3194.086,425,69.07216,4384,10,1.921875,132.25391,249.2812,523.6719,3
3194.086,425,70.76923,4384,11,1.921875,132.55469,246.1797,526.4727,3
3194.039,425,66.66667,4384,12,1.921875,132.55469,243.9922,528.6602,3
3194.039,425,70.12658,4384,11,1.929688,132.55469,249.9453,522.707,3
3194.039,425,71.61125,4384,14,1.929688,132.55469,254.2227,518.4219,3
3194.039,425,69.28934,4384,10,1.929688,132.55469,253.4453,519.1992,3
3194.039,425,67.17557,4384,11,1.929688,132.55469,255.5508,517.0938,3
3194.039,425,68.18182,4384,11,1.929688,132.55469,250.7656,521.8789,3
3194.039,425,68.19338,4384,18,1.929688,132.55469,251.4023,521.2422,3
3194.039,425,70.43702,4384,14,1.929688,132.55469,251.5938,521.0508,3
3194.039,425,70.88608,4384,9,1.929688,132.55469,250.2891,522.3555,3
3194.039,425,67.34177,4384,14,1.929688,132.55469,248.457,524.1875,3
3194.039,425,70.99237,4384,6,1.929688,132.55469,249.9141,522.7305,3
3195.043,425,71.28463,4384,10,1.929688,132.55469,247.4258,525.2188,3
3195.043,425,69.46565,4384,17,1.929688,132.55469,249.1758,523.4688,3
3195.043,425,67.42424,4352,9,1.929688,132.55469,249.7812,522.8633,3
3194.039,425,69.01763,4352,7,1.929688,132.55469,250.7148,521.9297,3
3194.039,425,72.12276,4352,11,1.929688,132.55469,249.8633,522.7812,3
3194.039,425,65.82278,4352,7,1.929688,132.55469,255.0352,517.6094,3
3194.039,425,65.99496,4352,13,1.929688,132.55469,251.4688,521.1758,3
3194.039,425,61.63366,4352,11,1.929688,132.55469,250.6875,521.957,3
3194.039,425,59.35162,4352,7,1.929688,132.55469,249.9219,522.7227,3
3194.039,424,54.54545,4352,8,1.9375,132.55469,258.4453,514.1992,3
3194.039,424,67.8392,4352,10,1.9375,132.55469,255.0977,517.5391,3
3194.039,424,73.00771,4352,16,1.9375,132.55469,250.7227,521.9141,3
3194.039,424,71.46465,4352,9,1.9375,132.55469,247.5508,525.0859,3
3194.039,424,69.23077,4320,11,1.9375,132.55469,250.6602,521.9766,3
3194.039,424,67.75819,4320,9,1.9375,132.55469,252.8984,519.7383,3
3194.039,424,69.79695,4320,10,1.9375,132.55469,250.4648,522.1719,3
3194.039,424,68.03069,4320,5,1.9375,132.55469,250.8398,521.7969,3
3194.039,424,69.54315,4320,12,1.9375,132.55469,252.2656,520.3711,3
3194.039,424,60.05222,4320,10,1.9375,132.55469,252.0469,520.5898,3
3194.039,424,68.0203,4320,11,1.9375,132.55469,248.8906,523.7461,3
3194.039,424,68.60759,4320,7,1.9375,132.55469,249.0234,523.6133,3
3194.039,424,71.50127,4320,11,1.9375,132.55469,244.6211,528.0156,3
3194.039,424,70.1005,4352,10,1.9375,132.55469,253.7617,518.875,3
3194.039,424,70.22901,4352,14,1.945312,132.55469,252.7773,519.8594,3
3194.039,424,69.46565,4352,11,1.945312,132.54688,253.8867,518.75,3
3194.039,424,67.92929,4352,17,1.945312,132.55469,253.9062,518.7227,3
3194.039,424,70.9596,4352,9,1.945312,132.55469,254.3203,518.3086,3
3194.039,424,72.40506,4352,9,1.945312,132.55469,248.7578,523.8711,3
3194.039,424,71.64557,4352,13,1.945312,132.55469,252.9883,519.6406,3
3196.926,424,66.49616,4352,7,1.945312,132.55469,249.4648,523.1641,3
3196.926,425,60.85859,4352,13,1.953125,132.55469,248.7266,523.9023,3
3196.926,425,70.20202,4352,9,1.953125,132.54688,252.2891,520.3398,3
3196.926,425,67.0,4352,6,1.953125,132.55469,247.1367,525.4844,3
3196.926,425,71.5736,4352,14,1.953125,132.55469,251.9688,520.6523,3
3196.926,425,69.36709,4352,12,1.953125,132.55469,248.9844,523.6367,3
3196.926,425,66.32653,4352,7,1.953125,132.55469,246.2812,526.3398,3
3196.926,425,64.66165,4352,11,1.953125,132.55469,248.5547,524.0664,3
3196.926,425,64.1604,4384,8,1.953125,132.55469,253.0625,519.5586,3
3196.926,425,59.85037,4384,8,1.953125,132.55469,252.7578,519.8633,3
3196.926,425,58.29146,4384,9,1.953125,132.55469,251.5234,521.0977,3
3196.926,425,58.14536,4384,11,1.953125,132.55469,248.3242,524.2969,3
3196.926,425,65.64103,4384,11,1.953125,132.55469,253.8203,518.8008,3
3196.926,425,69.56522,4384,10,1.953125,132.55469,247.9688,524.6523,3
3196.926,425,73.48485,4384,8,1.953125,132.55469,247.6758,524.9453,3
3196.926,425,71.89873,4384,17,1.953125,132.55469,252.2188,520.4023,3
3196.926,425,67.5063,4384,15,1.953125,132.55469,249.6914,522.9297,3
3194.672,425,70.84399,4384,20,1.953125,132.55469,250.6406,521.9805,3
3194.672,425,68.52792,4384,8,1.953125,132.55469,251.3672,521.2539,3
3194.672,425,71.61125,4384,10,1.953125,132.55469,251.75,520.8711,3
3194.672,425,73.36683,4384,10,1.953125,132.55469,251.2148,521.4062,3
3194.672,425,72.08122,4384,8,1.953125,132.55469,245.6641,526.957,3
3194.672,425,69.89796,4384,12,1.953125,132.55469,256.168,516.4531,3
3194.672,425,70.70707,4384,11,1.953125,132.55469,256.1953,516.4258,3
3194.672,425,70.52897,4384,13,1.953125,132.55469,255.8047,516.8164,3
3194.672,425,66.83417,4384,9,1.953125,132.55469,249.0547,523.5664,3
3194.672,425,71.28205,4384,13,1.953125,132.55469,250.793,521.8281,3
3194.672,425,72.58883,4384,9,1.953125,132.55469,252.8711,519.75,3
3194.672,425,71.24352,4384,14,1.953125,132.55469,251.7852,520.8359,3
3194.672,424,74.0458,4384,14,1.953125,132.55469,247.9727,524.6484,3
3194.672,424,69.11392,4384,10,1.953125,132.5625,248.4844,524.1289,3
3194.672,424,67.42424,4384,11,1.953125,132.5625,250.293,522.3203,3
3194.672,424,69.26952,4384,14,1.953125,132.5625,250.5117,522.1016,3
3194.672,424,70.81218,4384,13,1.953125,132.5625,248.4883,524.125,3
3194.672,424,70.78086,4384,7,1.953125,132.5625,246.957,525.6562,3
3194.672,425,71.21212,4384,12,1.960938,132.5625,247.7617,524.8516,3
3194.672,425,67.5063,4384,8,1.960938,132.5625,250.125,522.4805,3
3194.672,425,66.41414,4384,10,1.960938,132.5625,249.043,523.5625,3
3194.672,425,64.98741,4384,7,1.960938,132.5625,250.625,521.9805,3
3194.672,425,65.17413,4384,10,1.960938,132.5625,250.457,522.1484,3
3194.672,425,60.80402,4384,10,1.960938,132.5625,257.3867,515.2188,3
3194.672,425,56.5,4384,16,1.96875,132.5625,252.0273,520.5781,3
3194.672,425,58.37563,4384,15,1.96875,132.5625,252.4297,520.168,3
3194.672,425,66.24041,4384,8,1.96875,132.5625,250.8203,521.7773,3
3194.672,425,64.46701,4384,15,1.96875,132.5625,254.7188,517.8789,3
3194.672,425,70.37975,4384,12,1.96875,132.5625,249.6445,522.9531,3
3194.672,425,69.25065,4384,12,1.96875,132.5625,250.9844,521.6133,3
3194.672,425,72.22222,4384,20,1.96875,132.5625,254.5625,518.0352,3
3194.672,425,67.25888,4384,12,1.96875,132.5625,249.0273,523.5703,3
3194.672,425,69.56522,4384,10,1.96875,132.5625,250.4336,522.1641,3
3194.672,425,72.18045,4384,10,1.96875,132.5625,247.2891,525.3086,3
3194.672,425,70.81218,4352,14,1.96875,132.5625,248.8711,523.7266,3
3194.672,425,69.97455,4352,9,1.96875,132.5625,245.6758,526.9219,3
3194.672,425,66.41221,4352,10,1.96875,132.5625,251.7812,520.8164,3
3194.672,425,71.42857,4352,9,1.96875,132.5625,246.8867,525.7109,3
3194.672,425,68.62245,4352,13,1.96875,132.5625,250.7812,521.8164,3
3194.672,425,71.8593,4352,13,1.96875,132.5625,250.7891,521.8086,3
3194.672,425,67.16792,4352,11,1.96875,132.5625,248.6602,523.9375,3
3194.672,425,71.79487,4352,11,1.96875,132.5625,243.8945,528.7031,3
3194.672,425,71.71717,4352,11,1.96875,132.5625,248.7344,523.8633,3
3195.797,428,70.0,4352,17,1.96875,132.5625,244.625,527.9727,3
3194.672,425,69.7733,4352,8,1.96875,132.5625,246.9883,525.6094,3
3194.672,425,66.58228,4384,16,1.96875,132.57812,248.3477,524.2344,3
3194.672,425,73.60406,4384,10,1.96875,132.57812,247.1992,525.3828,3
3194.672,425,68.86076,4384,10,1.96875,132.57812,242.4531,530.1289,3
3194.672,425,69.11392,4384,13,1.96875,132.57812,249.3711,523.2109,3
3194.672,425,68.68687,4384,8,1.96875,132.57812,250.2539,522.3281,3
3194.672,425,70.37975,4384,9,1.96875,132.57812,249.4961,523.0859,3
3194.672,425,69.52141,4384,11,2.234375,132.57812,249.3516,523.2305,3
3194.672,425,64.96164,4384,13,2.234375,133.06641,244.8945,526.9336,3
3194.672,425,68.68687,4384,12,2.234375,133.08203,240.9062,530.9062,3
3194.672,425,67.16792,4352,13,2.234375,133.08203,239.5703,532.2422,3
3194.672,425,63.31658,4352,10,2.234375,133.08203,247.8438,523.9688,3
3194.672,425,60.30151,4352,10,2.234375,133.08203,244.2617,527.5508,3
3194.672,425,57.10723,4352,12,2.242188,133.08203,246.2852,525.5273,3
3194.672,425,67.67677,4384,10,2.242188,133.08203,243.5703,528.2344,3
3194.672,425,72.43108,4384,10,2.242188,133.08203,247.4062,524.3984,3
3194.672,425,70.17995,4384,11,2.242188,133.08203,242.9219,528.8828,3
3194.672,425,68.43434,4384,17,2.242188,133.17969,241.3633,530.3438,3
3194.672,425,63.42711,4384,12,2.242188,133.20312,240.8633,530.8203,3
3194.672,425,74.24242,4384,15,2.242188,133.20312,244.7344,526.9492,3
3194.672,425,72.29219,4384,7,2.242188,133.20312,244.1914,527.4922,3
3194.672,425,76.51515,4384,11,2.242188,133.20312,240.1445,531.5391,3
3194.672,425,68.0203,4352,7,2.25,133.20312,248.5,523.1836,3
3194.672,425,68.0203,4352,8,2.25,133.20312,243.4141,528.2617,3
3194.672,425,70.05076,4352,11,2.25,133.20312,238.7656,532.9102,3
3194.672,425,70.67669,4352,14,2.25,133.20312,244.75,526.9258,3
3194.672,425,70.42607,4352,12,2.25,133.20312,240.0391,531.6367,3
3194.672,425,71.86701,4352,15,2.25,133.20312,245.7031,525.9727,3
3194.672,425,70.92732,4352,13,2.25,133.20312,240.8203,530.8555,3
3194.672,425,74.0458,4352,10,2.25,133.20312,245.8984,525.7773,3
3194.672,425,68.26196,4352,16,2.25,133.20312,247.2031,524.4727,3
3194.699,425,69.79695,4352,11,2.25,133.20312,247.6523,524.0234,3
3194.699,425,69.36709,4352,9,2.25,133.20312,244.9453,526.7305,3
3194.699,425,67.86632,4352,14,2.25,133.20312,239.2461,532.4297,3
3194.699,425,72.84264,4352,12,2.25,133.20312,242.2539,529.4219,3
3194.699,425,74.05542,4352,11,2.25,133.20312,238.9141,532.7617,3
3194.699,425,68.09045,4352,12,2.25,133.20312,245.1484,526.5273,3
3194.699,425,64.23174,4320,5,2.25,133.20312,242.4141,529.2617,3
3194.699,425,65.90331,4320,12,2.25,133.20312,246.8398,524.8359,3
3194.699,425,68.0,4320,10,2.25,133.20312,243.1914,528.4844,3
3194.699,425,67.86632,4320,10,2.25,133.20312,240.457,531.2188,3
3194.699,425,65.56962,4320,6,2.25,133.20312,248.2695,523.4062,3
3194.699,425,55.31401,4320,15,2.257812,133.20312,246.6562,525.0195,3
3194.699,425,59.21376,4320,12,2.257812,133.19531,246.9375,524.7383,3
3194.699,425,62.0603,4320,13,2.257812,133.20312,241.7148,529.9531,3
3194.699,425,65.64885,4320,12,2.257812,133.20312,247.8945,523.7734,3
3194.699,425,71.71717,4352,14,2.257812,133.20312,243.3047,528.3633,3
3194.762,426,71.6792,4352,9,2.257812,133.20312,243.5,528.168,3
3194.762,426,68.8946,4352,12,2.257812,133.20312,243.9062,527.7617,3
3194.762,426,68.01008,4352,9,2.257812,133.20312,244.5664,527.1016,3
3194.762,426,69.64286,4352,9,2.257812,133.20312,244.9219,526.7461,3
3194.762,426,70.70707,4352,14,2.257812,133.20312,240.5078,531.1602,3
3194.762,426,72.58883,4352,12,2.257812,133.20312,242.3984,529.2695,3
3194.762,426,72.70408,4352,11,2.257812,133.20312,247.6016,524.0664,3
3194.762,426,72.47475,4352,11,2.257812,133.20312,241.2734,530.3945,3
3194.762,426,69.44444,4352,7,2.257812,133.20312,242.6797,528.9883,3
3194.762,426,72.95918,4384,12,2.257812,133.20312,243.7422,527.9258,3
3194.762,426,69.52141,4384,10,2.257812,133.20312,241.9883,529.6797,3
3194.762,426,70.76923,4384,10,2.257812,133.20312,237.5586,534.1094,3
3194.762,426,66.75127,4384,17,2.257812,133.20312,238.5508,533.1172,3
3195.57,426,66.75127,4384,8,2.257812,133.20312,238.6484,533.0195,3
3195.57,426,68.19338,4384,12,2.257812,133.20312,240.1641,531.5039,3
3195.57,426,68.10127,4384,13,2.257812,133.20312,239.6719,531.9961,3
3195.57,426,70.30457,4384,9,2.257812,133.20312,239.5898,532.0781,3
3195.57,426,70.35176,4384,11,2.257812,133.20312,242.5859,529.082,3
3195.57,426,69.7201,4384,9,2.257812,133.20312,238.1172,533.5508,3
3195.57,426,72.65823,4384,14,2.257812,133.20312,239.6211,532.0469,3
3195.57,426,66.66667,4384,11,2.257812,133.20312,242.4883,529.1797,3
3195.57,426,66.66667,4384,12,2.257812,133.20312,238.1445,533.5234,3
3195.57,426,67.08229,4384,14,2.257812,133.20312,242.9375,528.7305,3
3195.57,426,65.3944,4384,12,2.257812,133.20312,240.6953,530.9727,3
3193.648,426,65.23929,4384,9,2.257812,133.20312,241.7227,529.9453,3
3193.648,426,63.19797,4384,8,2.257812,133.20312,241.4844,530.1836,3
3193.648,426,61.86869,4352,7,2.257812,133.20312,240.6641,531.0039,3
3193.648,426,57.07071,4352,12,2.257812,133.20312,236.457,535.2109,3
3193.648,426,58.70647,4352,8,2.257812,133.20312,238.0312,533.6367,3
3193.648,426,69.89796,4352,18,2.257812,133.20312,244.7188,526.9492,3
3196.535,426,70.07673,4352,12,2.257812,133.20312,239.9258,531.7422,3
3196.535,426,71.39241,4352,12,2.257812,133.20312,239.9688,531.6992,3
3196.535,426,70.9596,4352,13,2.257812,133.20312,240.5547,531.1133,3
3196.551,426,70.07673,4352,9,2.265625,133.20312,236.5625,535.1055,3
3196.551,426,68.27411,4352,12,2.265625,133.19531,242.1328,529.5352,3
3196.535,426,68.0203,4352,14,2.265625,133.20312,239.9219,531.7383,3
3196.535,426,70.55838,4352,9,2.265625,133.20312,240.9414,530.7188,3
3196.551,426,70.58824,4352,13,2.265625,133.20312,236.7578,534.9023,3
3196.551,426,68.04124,4352,9,2.265625,133.20312,237.7578,533.9023,3
3196.551,426,73.16456,4352,9,2.265625,133.20312,243.9609,527.6992,3
3196.535,426,68.97436,4352,11,2.265625,133.20312,239.1484,532.5117,3
3196.535,426,71.39241,4352,12,2.265625,133.20312,239.5664,532.0938,3
3196.535,426,71.71717,4352,7,2.265625,133.20312,235.5078,536.1523,3
3196.535,426,67.52577,4352,12,2.265625,133.20312,242.4297,529.2305,3
3196.535,426,68.0203,4352,8,2.265625,133.20312,238.3008,533.3594,3
3194.129,426,69.05371,4352,9,2.265625,133.20312,243.4062,528.2539,3
3194.129,426,69.2112,4352,11,2.265625,133.20312,238.1914,533.4688,3
3194.129,426,72.05128,4352,11,2.265625,133.20312,233.2891,538.3711,3
3194.129,426,66.32911,4352,15,2.265625,133.20312,235.3945,536.2656,3
3197.496,426,74.1206,4352,8,2.265625,133.20312,239.2109,532.4492,3
3197.496,426,67.25888,4352,10,2.265625,133.20312,235.3008,536.3594,3
3198.938,426,67.42424,4352,16,2.265625,133.20312,237.5898,534.0703,3
3198.938,424,68.93939,4352,14,2.265625,133.20312,238.4883,533.1719,3
3198.938,424,71.46465,4352,16,2.265625,133.20312,238.3164,533.3438,3
3198.938,424,66.83544,4352,14,2.265625,133.20312,233.7227,537.9375,3
3198.938,424,65.32663,4352,14,2.265625,133.20312,237.2109,534.4492,3
3198.938,426,65.82915,4352,11,2.265625,133.20312,236.1953,535.4648,3
3198.926,426,59.0,4352,11,2.265625,133.20312,232.1211,539.5391,3
3198.938,426,56.28141,4352,11,2.265625,133.20312,238.1914,533.4688,3
3198.938,426,64.23174,4352,12,2.265625,133.20312,239.6211,532.0391,3
3198.938,426,73.02799,4352,8,2.265625,133.20312,236.2461,535.4141,3
3198.938,426,69.74359,4352,8,2.265625,133.20312,237.6484,534.0117,3
3198.938,426,68.68687,4352,13,2.265625,133.20312,233.8203,537.8398,3
3198.938,426,69.56522,4352,12,2.265625,133.20312,232.4766,539.1836,3
3198.938,426,69.26952,4352,9,2.265625,133.20312,230.4648,541.1953,3
3198.938,426,69.44444,4352,11,2.265625,133.20312,237.5781,534.082,3
3198.938,426,72.08122,4352,12,2.265625,133.20312,237.5664,534.0938,3
3198.938,426,70.63291,4352,11,2.265625,133.20312,237.1094,534.5508,3
3198.938,425,67.85714,4352,10,2.265625,133.20312,238.7383,532.9219,3
3198.938,426,69.13265,4352,8,2.265625,133.20312,235.4883,536.1719,3
3198.938,426,67.8481,4352,12,2.265625,133.20312,231.5781,540.082,3
3198.938,426,69.52141,4352,10,2.265625,133.20312,237.4844,534.1758,3
3198.938,426,70.76923,4352,10,2.273438,133.20312,238.5898,533.0703,3
3198.938,426,70.37975,4352,13,2.273438,133.20312,232.1484,539.5039,3
3198.938,426,66.16541,4352,14,2.273438,133.20312,237.6367,534.0156,3
3198.938,426,68.68687,4352,11,2.273438,133.20312,237.2266,534.4258,3
3198.938,426,68.97436,4352,12,2.273438,133.20312,234.3633,537.2891,3
3198.938,426,72.47475,4352,13,2.273438,133.20312,235.0273,536.625,3
3198.938,426,67.17557,4352,10,2.273438,133.20312,236.6445,535.0078,3
3198.938,426,68.60759,4352,8,2.273438,133.20312,236.6172,535.0352,3
3198.938,426,70.37975,4352,17,2.273438,133.20312,232.4609,539.1914,3
3198.938,426,68.68687,4352,10,2.273438,133.20312,233.9219,537.7305,3
3198.953,426,69.03553,4352,7,2.273438,133.20312,233.8828,537.7695,3
3198.938,426,62.56281,4352,7,2.273438,133.20312,235.207,536.4453,3
3198.938,426,67.92929,4352,12,2.273438,133.20312,227.7109,543.9414,3
3198.938,426,66.16541,4352,10,2.273438,133.20312,237.1094,534.543,3
3198.938,426,66.32911,4352,10,2.273438,133.20312,232.7773,538.875,3
3198.938,426,60.34913,4384,10,2.273438,133.20312,233.3164,538.3359,3
3198.938,426,55.86035,4384,10,2.273438,133.20312,232.9258,538.7266,3
3198.938,426,53.16456,4384,9,2.273438,133.20312,234.7773,536.875,3
3198.938,426,61.71285,4384,12,2.273438,133.20312,232.4844,539.168,3
3198.938,426,69.13265,4384,14,2.28125,133.20312,231.5781,540.0742,3
3198.938,426,68.27411,4352,14,2.28125,133.19531,236.0703,535.582,3
3198.938,426,69.44444,4352,10,2.28125,133.20312,231.6445,540.0,3
3198.938,426,68.52792,4352,9,2.28125,133.20312,235.5469,536.0977,3
3198.938,426,70.51282,4352,11,2.28125,133.20312,234.6836,536.9609,3
3198.938,426,72.44898,4352,10,2.28125,133.20312,231.5156,540.1289,3
3198.938,426,74.05542,4352,13,2.28125,133.20312,229.3711,542.2734,3
3198.938,426,71.24682,4352,10,2.28125,133.20312,233.0586,538.5859,3
3198.938,426,71.06599,4352,7,2.28125,133.20312,231.8789,539.7656,3
3198.938,426,71.82741,4352,13,2.28125,133.20312,231.7461,539.8984,3
3198.938,425,70.42607,4352,7,2.28125,133.20312,228.6367,543.0078,3
3198.938,426,71.17347,4352,9,2.28125,133.20312,235.2969,536.3477,3
3198.938,426,66.66667,4352,13,2.289062,133.20312,236.0625,535.582,3
3198.938,426,71.39241,4352,11,2.289062,133.19531,232.6328,539.0117,3
3198.938,426,69.05371,4352,8,2.289062,133.20312,230.6094,541.0273,3
3198.953,426,68.95674,4352,10,2.289062,133.20312,231.6992,539.9375,3
3197.031,426,65.12821,4352,13,2.289062,133.20312,233.9375,537.6992,3
3197.016,426,68.44784,4352,14,2.289062,133.20312,230.1523,541.4844,3
3197.016,426,70.81218,4352,13,2.289062,133.20312,229.4336,542.2031,3
3197.016,426,66.83544,4352,8,2.289062,133.20312,234.7773,536.8594,3
3197.016,426,70.07673,4352,12,2.289062,133.20312,230.9766,540.6602,3
3197.016,426,66.83673,4352,8,2.289062,133.20312,234.3516,537.2852,3
3197.016,426,67.41855,4352,10,2.289062,133.20312,230.2227,541.4141,3
3197.016,426,71.3198,4352,10,2.289062,133.20312,231.418,540.2188,3
3197.016,426,67.5063,4352,14,2.289062,133.20312,232.7422,538.8945,3
3197.016,426,67.5063,4352,9,2.289062,133.20312,234.4805,537.1562,3
3197.016,425,65.16291,4352,11,2.289062,133.20312,234.918,536.7188,3
3197.016,425,60.69652,4352,7,2.289062,133.20312,231.1055,540.5312,3
3197.031,425,56.56566,4352,15,2.289062,133.20312,227.7422,543.8945,3
3197.031,425,57.93451,4352,13,2.289062,133.20312,229.375,542.2617,3
3197.016,425,67.8481,4384,14,2.289062,133.20312,235.168,536.4688,3
3197.016,425,69.30946,4384,13,2.289062,133.20312,229.8086,541.8281,3
3197.016,425,70.99237,4384,13,2.289062,133.20312,225.8008,545.8359,3
3197.031,425,67.68448,4384,10,2.289062,133.20312,227.5273,544.1094,3
3197.031,425,67.53247,4384,7,2.289062,133.20312,230.5234,541.1133,3
3197.031,425,72.44898,4384,13,2.289062,133.20312,231.4453,540.1914,3
3199.898,425,71.61125,4384,9,2.289062,133.20312,230.4961,541.1406,3
3199.898,425,67.67677,4384,12,2.289062,133.20312,230.0781,541.5586,3
3199.898,425,71.39241,4384,10,2.296875,133.20312,229.8828,541.7539,3
3199.898,425,68.03069,4384,10,2.296875,133.20312,228.7891,542.8398,3
3199.898,425,66.92112,4384,13,2.296875,133.20312,225.5078,546.1211,3
3199.898,425,67.68448,4384,11,2.296875,133.20312,229.6641,541.9648,3
3199.898,425,68.18182,4384,11,2.296875,133.20312,231.3359,540.293,3
3199.898,424,67.7665,4384,11,2.296875,133.20312,233.1992,538.4297,3
3199.898,424,72.77354,4384,15,2.296875,133.20312,227.4023,544.2266,3
3199.898,424,70.17544,4384,8,2.296875,133.20312,229.543,542.0859,3
3199.898,424,68.21705,4384,9,2.296875,133.20312,226.7539,544.875,3
3199.898,424,68.84422,4384,10,2.296875,133.20312,229.1289,542.5,3
3199.898,424,70.43702,4384,12,2.296875,133.20312,230.625,541.0039,3
3199.898,425,67.93893,4384,13,2.296875,133.20312,227.3711,544.2578,3
3199.898,425,69.13265,4384,12,2.296875,133.20312,230.3945,541.2344,3
3199.898,425,67.33668,4384,17,2.296875,133.20312,228.5664,543.0625,3
3199.898,425,67.5063,4384,12,2.296875,133.20312,229.3398,542.2891,3
3199.898,425,65.29563,4384,6,2.304688,133.84766,228.3164,542.668,3
3199.898,425,66.66667,4384,10,2.304688,133.83984,225.5273,545.457,3
3199.898,425,69.82544,4384,11,2.304688,133.84766,224.0195,546.957,3
3199.898,425,68.76574,4384,13,2.304688,133.84766,230.582,540.3945,3
3197.977,425,63.5443,4384,12,2.304688,133.84766,223.4844,547.4922,3
3197.977,425,59.44584,4384,14,2.304688,133.84766,224.9844,545.9922,3
3197.977,425,56.93069,4384,8,2.304688,133.84766,226.0508,544.9258,3
3197.977,425,63.52041,4384,11,2.304688,133.84766,226.4844,544.4922,3
3193.648,425,67.8481,4384,9,2.304688,133.84766,228.4141,542.5625,3
3193.648,425,68.0203,4384,12,2.304688,133.84766,228.9766,542.0,3
3193.648,425,72.75,4384,11,2.304688,133.84766,225.1133,545.8633,3
3197.016,425,72.0403,4384,15,2.304688,133.84766,225.9766,545.0,3
3197.016,424,72.12276,4384,9,2.320312,133.84766,223.293,547.6836,3
3197.016,424,70.66327,4384,14,2.320312,133.83203,222.2695,548.707,3
3197.016,424,69.62025,4384,12,2.320312,133.84766,232.832,538.1289,3
3197.016,424,70.80103,4384,16,2.320312,133.84766,227.0391,543.9219,3
3197.016,424,68.93939,4384,10,2.320312,133.84766,226.9023,544.0586,3
3197.016,424,68.63753,4384,12,2.320312,133.84766,226.4414,544.5195,3
3197.016,424,70.37975,4384,12,2.320312,133.84766,227.6719,543.2891,3
3197.016,424,68.76574,4384,7,2.320312,133.84766,222.6445,548.3164,3
3197.016,424,70.37975,4384,17,2.320312,133.84766,225.0195,545.9414,3
3197.016,424,70.48346,4384,12,2.320312,133.84766,222.0664,548.8945,3
3197.016,424,73.72449,4384,13,2.320312,133.84766,230.7383,540.2227,3
3197.016,424,70.70707,4384,12,2.320312,133.84766,226.3789,544.582,3
3197.016,424,73.02799,4384,12,2.320312,133.84766,222.5664,548.3945,3
3197.016,424,71.93878,4384,10,2.320312,133.84766,223.707,547.2539,3
3193.648,424,68.68687,4384,13,2.320312,133.84766,224.9492,546.0117,3
3193.648,424,65.56122,4384,9,2.320312,133.84766,227.6055,543.3555,3
3198.457,424,70.37975,4384,9,2.320312,133.84766,233.957,537.0039,3
3198.457,424,71.53846,4352,9,2.328125,133.84766,229.0703,541.8906,3
3198.457,424,65.22843,4352,12,2.328125,133.83984,223.8984,547.0625,3
3198.457,424,70.02519,4352,10,2.328125,133.84766,224.2344,546.7188,3
3198.457,424,67.59494,4352,13,2.328125,133.84766,226.1797,544.7734,3
3198.457,424,70.37975,4352,5,2.328125,133.84766,225.4844,545.4688,3
3198.457,424,62.5,4352,16,2.328125,133.84766,227.3789,543.5742,3
3198.457,425,60.05025,4352,17,2.328125,133.84766,227.4336,543.5195,3
3198.457,425,61.44279,4352,16,2.328125,133.84766,223.0312,547.9219,3
3198.457,425,55.16373,4352,20,2.328125,133.84766,224.8242,546.1289,3
3198.457,425,62.94416,4352,9,2.328125,133.84766,226.832,544.1211,3
3198.457,425,67.51269,4352,11,2.328125,133.84766,226.6055,544.3477,3
3198.457,425,73.28244,4352,10,2.328125,133.84766,227.4922,543.4609,3
3198.457,425,72.68041,4320,10,2.328125,133.84766,223.7734,547.1797,3
3198.457,425,70.15306,4320,10,2.328125,133.84766,221.9961,548.957,3
3198.457,425,70.48346,4320,10,2.328125,133.84766,220.4414,550.5117,3
3198.457,425,67.7665,4320,14,2.328125,133.84766,229.0664,541.8867,3
3198.457,425,68.70229,4320,10,2.328125,133.84766,223.9961,546.957,3
3198.457,425,59.28753,4320,9,2.328125,133.84766,223.7773,547.1758,3
3198.457,425,69.97455,4320,13,2.328125,133.84766,225.0781,545.875,3
3198.473,425,70.95116,4320,12,2.328125,133.84766,227.4727,543.4805,3
3198.473,425,71.71717,4320,8,2.328125,133.84766,227.5859,543.3672,3
3198.457,425,70.52897,4320,14,2.328125,133.84766,223.3867,547.5664,3
3195.039,425,70.07673,4320,8,2.328125,133.84766,221.6914,549.2617,3
3195.039,425,69.17293,4320,15,2.328125,133.84766,225.9492,545.0039,3
3195.039,425,69.62025,4320,10,2.328125,133.84766,222.2695,548.6836,3
3195.039,425,67.93893,4320,10,2.328125,133.84766,224.8125,546.1406,3
3195.039,424,67.85714,4352,14,2.328125,133.84766,227.2344,543.7188,3
3195.055,424,69.03553,4352,11,2.328125,133.84766,226.3477,544.6055,3
3195.055,424,67.5063,4352,9,2.328125,133.84766,222.918,548.0352,3
3195.039,425,71.3198,4352,10,2.328125,133.84766,224.2852,546.668,3
3195.039,425,69.36709,4352,16,2.328125,133.84766,221.6328,549.3203,3
3194.301,424,67.42424,4352,15,2.328125,133.84766,224.0469,546.9062,3
3197.113,427,71.71717,4384,14,2.351562,133.84766,221.1758,549.7773,3
3195.039,425,69.01763,4320,10,2.382812,135.19141,221.8945,547.6914,3
3195.039,425,62.81407,4320,11,2.382812,135.73438,222.3789,546.6328,3
3195.055,425,64.64646,4320,17,2.382812,135.74219,219.0586,549.9453,3
3195.055,425,67.35219,4352,15,2.382812,135.74219,220.3711,548.6328,3
3195.055,425,62.28288,4320,10,2.382812,135.74219,220.8594,548.1445,3
3195.039,425,58.54271,4320,7,2.390625,135.74219,221.9727,547.0312,3
3195.984,428,55.38847,4320,14,2.390625,135.74219,221.8242,547.1719,3
3195.57,425,66.83544,4320,15,2.390625,135.74219,219.418,549.5781,3
3195.57,425,66.58098,4320,11,2.390625,135.74219,220.9453,548.0508,3
3195.57,425,71.64557,4320,15,2.390625,135.74219,219.0312,549.9648,3
3196.051,425,69.87342,4320,13,2.390625,135.74219,221.1445,547.8516,3
3196.535,425,71.72237,4320,10,2.390625,135.74219,218.7383,550.2578,3
3196.535,425,68.52792,4320,15,2.390625,135.74219,218.1914,550.8047,3
3196.535,425,68.46154,4320,8,2.390625,135.74219,219.2109,549.7852,3
3196.535,425,65.81633,4320,12,2.390625,135.74219,223.7812,545.2148,3
3196.551,425,67.60204,4352,12,2.390625,135.74219,225.0039,543.9922,3
3196.535,425,70.99237,4352,11,2.390625,135.74219,222.0508,546.9453,3
3196.535,425,66.83544,4352,14,2.390625,135.74219,223.582,545.4141,3
3196.535,425,73.72449,4352,12,2.390625,135.74219,224.8984,544.0977,3
3196.535,426,68.8946,4352,13,2.390625,135.74219,222.0195,546.9766,3
3196.535,426,69.03553,4352,8,2.390625,135.74219,218.6562,550.3398,3
3196.535,426,67.34694,4352,11,2.390625,135.74219,219.082,549.9141,3
3196.535,426,70.55838,4352,9,2.390625,135.74219,222.875,546.1211,3
3196.535,426,69.28934,4352,12,2.40625,135.74219,220.1797,548.8164,3
3196.535,426,64.46701,4352,9,2.40625,135.73047,220.9609,548.0312,3
3196.535,426,70.37975,4352,17,2.40625,135.74219,216.1055,552.875,3
3196.535,425,71.3198,4352,12,2.40625,135.74219,223.6328,545.3477,3
3196.535,426,69.38776,4352,12,2.40625,135.74219,220.2578,548.7227,3
3196.535,426,66.32911,4352,10,2.40625,135.74219,220.5156,548.4648,3
3196.535,426,71.82741,4352,12,2.40625,135.74219,225.0938,543.8867,3
3196.535,426,65.15152,4352,16,2.40625,135.74219,222.3984,546.582,3
3196.535,426,67.00508,4384,10,2.40625,135.74219,223.5742,545.4062,3
3196.535,426,71.0,4384,12,2.40625,135.74219,219.8555,549.125,3
3197.16,426,64.92537,4384,12,2.40625,135.74219,221.3594,547.6211,3
3197.176,426,65.91479,4384,16,2.40625,135.74219,217.9023,551.0781,3
3197.176,426,58.29146,4384,11,2.40625,135.74219,216.3477,552.6328,3
3197.176,426,58.48101,4384,7,2.40625,135.74219,222.125,546.8555,3
3197.16,426,55.80808,4352,13,2.414062,135.74219,221.1445,547.8359,3
3197.176,426,68.11224,4352,14,2.414062,135.73438,218.4531,550.5273,3
3197.176,426,69.3299,4352,12,2.414062,135.74219,223.5,545.4727,3
3197.16,426,72.51908,4352,12,2.414062,135.74219,219.8672,549.1055,3
3197.16,426,70.73791,4352,11,2.414062,135.74219,220.3945,548.5781,3
3197.16,426,70.55838,4352,14,2.414062,135.74219,227.3828,541.5898,3
3197.16,426,69.05371,4352,12,2.414062,135.74219,221.875,547.0977,3
3197.16,426,69.01763,4352,8,2.421875,135.74219,217.4609,551.5117,3
3197.16,426,68.79795,4352,14,2.421875,135.73438,219.0859,549.8867,3
3197.16,426,69.03553,4352,13,2.421875,135.74219,223.9023,545.0625,3
3197.16,426,69.92288,4352,10,2.421875,135.74219,221.5703,547.3945,3
3197.16,426,69.62025,4352,11,2.421875,135.74219,218.207,550.7578,3
3197.16,426,72.08122,4352,18,2.421875,135.74219,219.5195,549.4453,3
3197.16,426,67.7665,4352,13,2.421875,135.74219,222.4102,546.5547,3
3194.754,426,65.22843,4352,16,2.421875,135.74219,218.1445,550.8203,3
3194.754,426,69.13265,4352,11,2.421875,135.74219,219.8125,549.1523,3
3194.754,426,70.52897,4352,14,2.421875,135.74219,219.5703,549.3945,3
3194.754,426,69.79695,4352,11,2.421875,135.74219,218.0742,550.8906,3
3194.754,426,68.28645,4352,13,2.421875,135.74219,219.543,549.4219,3
3194.754,426,69.19192,4352,13,2.421875,135.74219,223.3359,545.6289,3
3198.602,426,71.78841,4352,12,2.421875,135.74219,218.4805,550.4844,3
3198.602,426,65.21739,4352,12,2.421875,135.74219,214.4609,554.5039,3
3198.602,426,67.93893,4352,10,2.421875,135.74219,220.625,548.3398,3
3198.602,426,67.85714,4352,12,2.421875,135.74219,216.9102,552.0547,3
3198.602,426,69.36709,4352,8,2.421875,135.74219,217.9141,551.0508,3
3198.602,426,66.16162,4352,6,2.421875,135.74219,214.5312,554.4336,3
3198.602,426,65.99496,4352,12,2.421875,135.74219,216.5391,552.4258,3
3198.602,426,66.75063,4352,10,2.421875,135.74219,219.8789,549.0859,3
3198.602,426,59.0,4352,12,2.421875,135.74219,218.5117,550.4531,3
3198.602,426,56.96517,4352,13,2.421875,135.74219,215.7773,553.1875,3
3198.602,426,60.15038,4352,14,2.421875,135.74219,212.8359,556.1289,3
3198.602,426,68.11224,4352,9,2.421875,135.74219,220.375,548.5898,3
3198.602,426,71.3198,4352,11,2.421875,135.74219,222.7773,546.1875,3
3198.602,426,68.36735,4352,10,2.421875,135.74219,219.5625,549.4023,3
3198.602,426,67.85714,4352,9,2.421875,135.74219,215.5742,553.3906,3
3198.602,426,68.60759,4352,13,2.421875,135.74219,215.7695,553.1953,3
3195.719,426,73.5369,4352,12,2.421875,135.74219,210.3008,558.6641,3
3195.719,426,72.01018,4352,11,2.429688,135.74219,216.4609,552.5039,3
3195.719,426,68.27411,4352,13,2.429688,135.73438,220.9961,547.9688,3
3195.719,426,68.35443,4352,12,2.429688,135.74219,222.1445,546.8125,3
3195.719,426,69.67419,4320,13,2.429688,135.74219,220.6328,548.3242,3
3195.719,426,72.08122,4352,15,2.429688,135.74219,221.3594,547.5977,3
3195.719,426,69.69697,4352,12,2.429688,135.74219,219.7383,549.2188,3
3195.719,426,68.93939,4352,16,2.429688,135.74219,220.3477,548.6094,3
3195.719,426,66.58098,4352,11,2.429688,135.74219,214.2227,554.7344,3
3195.719,426,68.87755,4352,10,2.429688,135.74219,219.4141,549.543,3
3195.719,426,70.52897,4352,10,2.429688,135.74219,215.957,553.0,3
3195.719,426,65.13995,4352,8,2.429688,135.74219,222.8906,546.0664,3
3195.719,426,68.86076,4352,12,2.429688,136.32031,216.7969,551.582,3
3195.719,426,68.70229,4352,8,2.429688,136.32031,215.2891,553.0898,3
3195.719,426,68.52792,4352,13,2.429688,136.32031,216.0781,552.3008,3
3195.719,426,69.38776,4352,7,2.429688,136.32031,211.7695,556.6094,3
3195.719,426,68.60759,4352,8,2.429688,136.32031,213.1445,555.2344,3
3195.719,426,68.44784,4352,9,2.4375,136.32031,214.1992,554.1797,3
3195.719,426,70.37975,4352,10,2.4375,136.3125,211.9023,556.4766,3
3195.719,426,74.3073,4352,10,2.4375,136.32031,213.6484,554.7227,3
3195.719,426,64.5,4384,10,2.4375,136.32031,209.8516,558.5195,3
3195.719,426,65.22843,4384,16,2.4375,136.32031,215.0742,553.2969,3
3195.719,426,62.93532,4384,7,2.4375,136.32031,213.4453,554.9258,3
3196.68,426,59.10224,4384,10,2.4375,136.32031,216.3594,552.0117,3
3196.68,426,58.1864,4384,10,2.4375,136.32031,220.0234,548.3477,3
3196.68,426,55.10204,4384,8,2.4375,136.32031,213.8438,554.5273,3
3196.68,426,68.60759,4384,11,2.4375,136.32031,216.3359,552.0352,3
3196.68,426,69.15167,4384,16,2.4375,136.32031,220.7617,547.6094,3
3196.68,426,67.60204,4384,19,2.4375,136.32031,216.5898,551.7812,3
3196.68,426,70.35176,4384,11,2.4375,136.32031,214.8398,553.5312,3
3196.68,426,70.17995,4384,9,2.4375,136.32031,210.6016,557.7695,3
3197.16,426,68.68687,4384,8,2.4375,136.32031,221.6055,546.7656,3
3197.16,426,68.70229,4384,11,2.4375,136.32031,216.7383,551.6328,3
3197.16,426,70.88608,4384,10,2.4375,136.32031,211.6094,556.7617,3
3197.16,426,68.10127,4384,12,2.445312,136.32031,212.1211,556.25,3
3197.16,426,68.95674,4384,9,2.445312,136.32031,214.3398,554.0234,3
3197.16,426,69.15167,4384,13,2.445312,136.32031,214.9492,553.4141,3
3197.16,426,69.7201,4384,13,2.445312,136.32031,214.4492,553.9141,3
3197.16,426,67.51918,4384,10,2.445312,136.32031,216.4922,551.8711,3
3197.656,426,67.34177,4384,12,2.445312,136.32031,211.6484,556.7148,3
3197.656,426,73.23232,4384,6,2.445312,136.32031,218.918,549.4453,3
3197.656,426,73.23232,4384,8,2.445312,136.32031,213.125,555.2383,3
3197.641,426,71.5,4384,15,2.445312,136.32031,213.9727,554.3906,3
3197.641,426,70.30457,4384,11,2.445312,136.32031,212.0352,556.3281,3
3197.641,426,66.58228,4384,10,2.445312,136.32031,215.75,552.6133,3
3197.641,426,68.51385,4384,7,2.445312,136.32031,212.1016,556.2617,3
3197.641,426,65.98985,4384,12,2.445312,136.32031,212.9062,555.457,3
3197.641,426,67.00508,4384,9,2.445312,136.32031,211.8242,556.5391,3
3197.641,426,66.07595,4384,6,2.445312,136.32031,220.2266,548.1367,3
3197.641,426,69.82544,4384,14,2.445312,136.32031,214.9531,553.4102,3
3197.641,426,67.08861,4352,10,2.445312,136.32031,216.4688,551.8945,3
3197.641,426,63.63636,4352,9,2.445312,136.41797,212.2695,555.9961,3
3197.641,426,64.82412,4352,8,2.445312,136.44531,215.2578,552.9805,3
3197.641,426,63.8404,4352,9,2.445312,136.44531,212.5625,555.6758,3
3197.641,426,59.19395,4352,12,2.445312,136.44531,213.2422,554.9961,3
3197.641,426,56.32754,4352,8,2.453125,136.44531,212.8633,555.375,3
3197.641,426,61.32316,4352,7,2.453125,136.4375,210.9336,557.3047,3
3194.754,426,70.30457,4352,17,2.453125,136.44531,212.1016,556.1289,3
3194.754,426,68.0203,4352,10,2.453125,136.44531,215.6602,552.5703,3
3194.754,426,71.09974,4352,10,2.453125,136.44531,214.668,553.5625,3
3194.754,426,70.33248,4352,12,2.453125,136.44531,216.2812,551.9492,3
3194.754,426,70.37975,4352,13,2.453125,136.44531,219.2305,549.0,3
3194.754,426,72.12276,4352,10,2.453125,136.44531,215.8516,552.3789,3
3194.754,426,67.94872,4352,7,2.453125,136.44531,212.2148,556.0156,3
3194.754,426,69.36709,4352,10,2.453125,136.44531,216.7188,551.5117,3
3199.566,426,69.23077,4352,12,2.453125,136.44531,214.1211,554.1094,3
3199.566,426,72.63427,4352,8,2.453125,136.44531,210.1328,558.0977,3
3199.566,426,69.46565,4352,14,2.453125,136.44531,212.3672,555.8633,3
3199.566,426,74.87437,4352,11,2.453125,136.44531,208.2969,559.9336,3
3200.527,426,71.75573,4352,11,2.453125,136.44531,213.2695,554.9609,3
3200.527,426,70.60302,4352,18,2.453125,136.44531,209.1953,559.0352,3
3200.527,426,69.58763,4352,10,2.453125,136.44531,214.7578,553.4727,3
3200.527,426,71.06599,4352,15,2.453125,136.44531,211.3398,556.8906,3
3200.527,426,71.64557,4352,12,2.453125,136.44531,212.6367,555.5938,3
3200.527,426,65.98985,4352,9,2.453125,136.44531,214.3164,553.9141,3
3200.527,426,70.66327,4352,10,2.453125,136.44531,214.3867,553.8438,3
3200.527,426,69.84925,4352,14,2.453125,136.44531,211.2539,556.9766,3
3200.527,426,70.02519,4352,13,2.453125,136.44531,213.6562,554.5742,3
3200.527,426,68.60759,4352,10,2.453125,136.44531,209.7734,558.457,3
3200.527,426,68.78173,4352,8,2.453125,136.44531,215.8281,552.4023,3
3200.527,426,68.68687,4352,12,2.453125,136.44531,212.8516,555.3789,3
3200.527,426,67.67677,4352,7,2.453125,136.44531,209.2539,558.9766,3
3200.527,426,66.66667,4352,6,2.453125,136.44531,211.4023,556.8281,3
3200.527,426,62.0,4352,7,2.453125,136.44531,207.7109,560.5195,3
3200.527,424,52.08845,4352,5,2.453125,136.44531,207.7109,560.5195,3
3200.543,424,51.11111,4352,14,2.453125,136.44531,207.2461,560.9844,3
3200.527,424,57.64411,4352,10,2.453125,136.44531,213.9844,554.2461,3
3200.527,424,63.77551,4352,9,2.453125,136.53125,215.5547,552.5898,3
3200.527,424,70.95116,4352,5,2.453125,136.5625,216.6836,551.4297,3
3200.527,425,65.90331,4352,12,2.453125,136.60938,214.9609,553.1055,3
3200.527,425,59.33504,4352,9,2.453125,136.60938,214.9609,553.1055,3
3195.719,425,62.33766,4352,5,2.453125,136.60938,214.7148,553.3516,3
3195.719,425,63.07692,4352,6,2.453125,136.60938,214.7148,553.3516,3
3195.719,425,63.91753,4352,6,2.453125,136.60938,214.7148,553.3516,3
3195.719,425,63.93862,4352,5,2.453125,137.13281,214.7148,552.8281,3
3195.719,425,60.77922,4352,7,2.453125,137.13281,214.7148,552.8281,3
3195.719,425,60.86957,4352,7,2.453125,137.13281,214.2227,553.3203,3
3200.527,425,62.37113,4352,6,2.453125,137.13281,214.0039,553.5391,3
3200.773,426,62.76042,4352,11,2.453125,137.13281,213.7578,553.7852,3
3200.527,425,61.32316,4384,4,2.453125,137.13281,213.5117,554.0312,3
3200.527,424,65.47315,4384,7,2.453125,137.13281,212.7734,554.7695,3
3200.527,425,58.82353,4384,7,2.453125,137.13281,212.7734,554.7695,3
3200.527,425,64.35897,4384,10,2.453125,137.13281,212.2812,555.2617,3
3200.527,425,65.89744,4352,6,2.453125,137.13281,212.0352,555.5078,3
3200.527,425,62.14834,4352,5,2.460938,137.13281,212.0352,555.5078,3
3200.543,425,63.58974,4352,8,2.460938,137.125,212.0352,555.5078,3
3200.543,425,62.34097,4352,8,2.460938,137.13281,211.7891,555.7461,3
3200.543,425,63.68286,4352,4,2.460938,137.13281,211.543,555.9922,3
3200.531,425,66.15776,4352,12,2.460938,137.13281,211.2969,556.2383,3
3200.531,425,66.83417,4384,11,2.460938,137.13281,211.2969,556.2383,3
3200.531,425,64.23174,4384,4,2.460938,137.13281,210.8047,556.7305,3
3200.531,425,63.72796,4384,14,2.46875,137.13281,210.8047,556.7305,3
3200.531,425,60.14851,4384,6,2.46875,137.125,210.8047,556.7305,3
3200.531,425,64.33915,4384,8,2.46875,137.13281,210.8047,556.7227,3
3201.535,425,58.47666,4384,9,2.46875,137.13281,210.8047,556.7227,3
3201.535,425,54.81481,4384,6,2.46875,137.13281,210.0664,557.4609,3
3200.531,425,54.47761,4384,9,2.46875,137.13281,209.8203,557.707,3
3200.531,425,54.72637,4384,6,2.46875,137.13281,209.8203,557.707,3
3200.531,425,62.1134,4384,9,2.46875,137.13281,209.5742,557.9531,3
3199.438,425,58.85417,4384,3,2.625,137.13281,209.5742,557.9531,3
3197.168,426,50.79365,4384,8,3.1875,146.41797,200.2227,557.8633,3
3193.855,426,24.87437,4384,7,3.1875,152.47656,187.1797,564.2852,3
3193.855,426,50.65274,4384,8,3.1875,152.47656,188.3477,563.1172,3
3193.855,426,51.29534,4384,5,3.1875,152.47656,188.4102,563.0547,3
3193.855,426,49.09091,4384,7,3.1875,152.47656,188.4102,563.0547,3
3193.855,426,51.04712,4384,7,3.195312,152.47656,188.1641,563.3008,3
3193.855,426,48.31169,4384,7,3.195312,152.47656,187.918,563.5391,3
3193.855,426,47.93814,4384,7,3.195312,152.47656,187.918,563.5391,3
3193.855,426,50.26316,4384,9,3.195312,152.47656,187.918,563.5391,3
3193.855,426,50.51546,4384,6,3.195312,152.47656,187.4258,564.0312,3
3193.855,426,48.18653,4352,7,3.195312,152.47656,187.4258,564.0312,3
3193.855,426,49.61832,4352,11,3.195312,152.47656,187.4258,564.0312,3
3193.855,426,49.87406,4352,7,3.195312,152.47656,187.4258,564.0312,3
3193.855,425,48.85496,4352,6,3.195312,152.47656,187.4258,564.0312,3
3193.855,425,48.06202,4352,7,3.195312,152.47656,187.4258,564.0312,3
3193.855,425,50.63613,4352,8,3.195312,152.47656,187.1797,564.2773,3
3193.855,426,46.95431,4352,8,3.195312,152.47656,187.1797,564.2773,3
3193.855,426,46.75,4352,8,3.195312,152.47656,187.1797,564.2773,3
3193.855,426,48.11083,4352,10,3.195312,152.47656,186.9336,564.5234,3
3190.488,426,50.12531,4352,5,3.195312,152.47656,186.9336,564.5234,3
3190.488,426,48.37905,4320,7,3.195312,153.21094,187.4258,563.2969,3
3190.473,426,51.63728,4320,9,3.195312,153.21094,186.6875,564.0352,3
3192.879,426,51.75,4320,8,3.195312,153.21094,186.1953,564.5273,3
3192.879,426,50.49261,4320,9,3.210938,153.21094,185.6797,565.043,3
3192.879,426,47.57282,4320,8,3.210938,153.19531,186.2227,564.5,3
3192.879,426,44.02985,4320,7,3.210938,153.21094,186.2227,564.4844,3
3192.879,426,40.15152,4320,9,3.210938,153.21094,186.418,564.2891,3
3192.879,426,34.83709,4352,7,3.210938,153.21094,186.4688,564.2383,3
3192.879,426,44.02036,4352,9,3.210938,153.21094,186.4688,564.2383,3
3190.473,426,48.54111,4352,8,3.210938,153.21094,186.4688,564.2383,3
3190.473,426,47.74536,4352,7,3.210938,153.21094,186.4688,564.2383,3
3191.266,426,50.26178,4352,7,3.234375,153.21094,186.2344,564.4727,3
3191.266,426,46.70185,4352,7,3.234375,153.27344,186.2344,564.3867,3
3191.266,426,47.3545,4352,7,3.234375,153.30078,186.2344,564.3594,3
3191.266,426,47.51958,4352,7,3.234375,153.30078,186.2344,564.3594,3
3191.266,426,48.15789,4352,9,3.234375,153.30078,186.2344,564.3594,3
3191.266,426,48.71134,4352,7,3.234375,153.30078,186.2344,564.3594,3
3191.266,426,48.4127,4352,8,3.242188,153.30078,186.2344,564.3594,3
3191.266,426,47.4359,4352,10,3.242188,153.30078,186.2344,564.3516,3
3191.266,426,47.93814,4352,7,3.242188,153.30078,186.4297,564.1562,3
3191.266,426,44.64286,4352,7,3.242188,153.30078,186.4805,564.1055,3
3191.266,426,45.40816,4352,7,3.242188,153.30078,186.4805,564.1055,3
3191.266,426,49.23077,4352,5,3.242188,153.30078,186.4805,564.1055,3
3191.266,426,49.74359,4352,7,3.242188,153.30078,186.4805,564.1055,3
3191.266,426,49.23077,4352,3,3.242188,153.30078,186.4805,564.1055,3
3191.266,426,50.50505,4352,5,3.242188,153.30078,186.4805,564.1055,3
3191.918,426,47.59494,4352,3,3.242188,153.30078,186.4805,564.1055,3
3191.918,426,48.08184,4352,4,3.242188,153.30078,186.4805,564.1055,3
3191.918,426,50.38168,4352,6,3.242188,153.30078,186.4805,564.1055,3
3191.918,426,48.98477,4352,3,3.242188,153.30078,186.4805,564.1055,3
3194.801,426,49.0,4352,4,3.242188,153.30078,186.4805,564.1055,3
3194.801,426,50.25381,4352,5,3.242188,153.30078,186.4805,564.1055,3
3194.801,426,49.5,4352,5,3.242188,153.30078,186.4805,564.1055,3
3194.801,426,50.50251,4352,4,3.242188,153.30078,186.4805,564.1055,3
3194.801,426,47.04433,4352,3,3.25,153.30078,186.2344,564.3516,3
3194.801,426,45.92593,4352,4,3.25,153.30078,186.2344,564.3438,3
3197.207,426,46.95864,4352,4,3.25,153.30078,186.2344,564.3438,3
3197.207,426,44.15274,4352,3,3.25,153.30078,186.2344,564.3438,3
3197.207,426,38.73418,4352,5,3.25,153.30078,186.0156,564.5625,3
3197.207,426,48.42932,4352,4,3.25,153.30078,186.0156,564.5625,3
3197.207,426,50.78125,4352,3,3.25,153.30078,186.2109,564.3672,3
3197.207,426,50.79365,4352,4,3.25,153.30078,186.2617,564.3164,3
3197.207,426,46.92308,4352,3,3.25,153.30078,186.0156,564.5625,3
3197.207,426,47.90576,4352,4,3.25,153.30078,186.0156,564.5625,3
3197.207,426,49.34037,4352,3,3.25,153.30078,186.0156,564.5625,3
3197.223,426,47.36842,4352,4,3.25,153.30078,186.0156,564.5625,3
3197.234,426,50.13193,4352,3,3.25,153.30078,186.0156,564.5625,3
3197.234,426,48.05195,4352,6,3.25,153.30078,185.7695,564.8086,3
3197.234,426,49.60836,4384,8,3.25,153.30078,185.7695,564.8086,3
3197.234,426,49.4898,4384,3,3.25,153.30078,185.7695,564.8086,3
3197.234,426,50.52356,4384,3,3.25,153.30078,185.7695,564.8086,3
3197.234,426,47.96954,4384,5,3.25,153.30078,185.7695,564.8086,3
3197.234,426,48.71795,4384,4,3.25,153.30078,185.5234,565.0547,3
3197.234,426,49.6124,4352,4,3.25,153.30078,185.5234,565.0547,3
3197.234,426,49.36387,4352,4,3.25,153.30078,185.2773,565.3008,3
3192.426,426,51.27551,4352,3,3.25,153.30078,185.2773,565.3008,3
3192.426,426,51.38539,4320,3,3.25,153.30078,185.2773,565.3008,3
3192.426,426,48.60759,4320,3,3.25,153.30078,185.2773,565.3008,3
3192.426,426,50.37975,4320,5,3.25,153.30078,185.2773,565.3008,3
3192.426,426,48.26733,4320,3,3.25,153.30078,185.2773,565.3008,3
3192.426,426,50.76142,4320,4,3.25,153.30078,185.2773,565.3008,3
3192.426,426,52.67176,4320,6,3.25,153.30078,185.2773,565.3008,3
3192.426,426,51.50754,4320,3,3.25,153.30078,185.2773,565.3008,3
3192.426,426,51.36476,4320,6,3.25,153.30078,185.2773,565.3008,3
3192.426,426,52.8536,4320,4,3.25,153.30078,185.2773,565.3008,3
3192.426,426,48.27586,4320,7,3.25,153.30078,185.2773,565.3008,3
3192.426,426,48.28431,4320,3,3.25,153.30078,185.2773,565.3008,3
3192.426,426,45.94595,4320,4,3.25,153.30078,185.2773,565.3008,3
3192.426,426,39.55224,4320,4,3.257812,153.30078,190.082,560.4961,3
3192.426,426,45.13716,4320,4,3.257812,153.30078,190.082,560.4883,3
3192.426,426,48.15789,4320,3,3.257812,153.30078,189.6172,560.9531,3
3192.426,426,47.36842,4320,3,3.257812,153.30078,189.6172,560.9531,3
3192.426,426,46.59686,4320,3,3.257812,153.30078,189.3711,561.1992,3
3192.426,426,48.4127,4320,9,3.257812,153.30078,189.3711,561.1992,3
3192.426,426,48.42932,4320,4,3.257812,153.30078,189.125,561.4453,3
3192.426,425,47.80362,4320,3,3.257812,153.30078,189.125,561.4453,3
3192.426,425,49.60422,4320,5,3.257812,153.30078,189.125,561.4453,3
3192.426,425,48.70466,4320,6,3.257812,153.30078,188.6328,561.9375,3
3192.426,425,50.78125,4320,5,3.257812,153.30078,188.6328,561.9375,3
3192.426,425,47.3545,4320,7,3.257812,153.30078,188.6328,561.9375,3
3192.426,425,46.37306,4320,3,3.257812,153.30078,188.6328,561.9375,3
3192.426,425,50.12723,4320,4,3.257812,153.30078,188.6328,561.9375,3
3192.426,425,49.10941,4320,3,3.257812,153.30078,188.3867,562.1836,3
3192.426,425,47.59494,4320,4,3.257812,153.30078,188.3867,562.1836,3
3192.426,425,47.28682,4320,4,3.257812,153.30078,188.3867,562.1836,3
3192.426,425,48.32905,4320,4,3.257812,153.30078,188.3867,562.1836,3
3192.426,425,45.78005,4320,6,3.257812,153.30078,188.1406,562.4297,3
3192.426,425,47.20812,4320,4,3.265625,153.30078,188.1406,562.4297,3
3192.426,425,47.70408,4320,7,3.265625,153.30078,188.1406,562.4219,3
3192.426,425,49.24242,4320,9,3.265625,153.30078,188.1406,562.4219,3
3192.426,425,47.71574,4320,9,3.265625,153.30078,188.1406,562.4219,3
3192.426,425,52.55102,4320,4,3.265625,153.30078,188.1406,562.4219,3
3192.426,425,51.77665,4320,4,3.265625,153.30078,188.1406,562.4219,3
3192.426,425,50.63291,4320,5,3.265625,153.30078,188.1406,562.4219,3
3192.426,425,50.0,4320,6,3.265625,153.30078,188.1406,562.4219,3
3192.426,425,51.0,4320,5,3.265625,153.30078,187.8945,562.668,3
3192.426,425,48.27586,4320,4,3.265625,153.30078,190.1094,560.4531,3
3192.426,425,45.85366,4320,6,3.265625,153.30078,190.1094,560.4531,3
3192.426,425,38.53659,4320,6,3.265625,153.30078,190.1094,560.4531,3
3192.426,425,38.66995,4320,5,3.265625,153.30078,190.1094,560.4531,3
3192.426,425,43.82872,4320,5,3.265625,153.30078,189.8906,560.6719,3
3192.426,425,50.65963,4320,7,3.265625,153.30078,189.8906,560.6719,3
3192.426,425,45.3125,4320,5,3.265625,153.30078,189.8906,560.6719,3
3192.426,425,45.11873,4320,6,3.273438,153.30078,189.8906,560.6719,3
3192.426,425,45.66929,4320,4,3.273438,153.29297,189.8906,560.6719,3
3192.75,425,44.85488,4320,5,3.273438,153.30078,189.8906,560.6641,3
3192.75,425,47.13542,4320,6,3.273438,153.30078,189.8906,560.6641,3
3192.75,425,47.53247,4320,4,3.273438,153.30078,189.8906,560.6641,3
3192.75,424,48.54111,4320,6,3.273438,153.30078,189.3984,561.1562,3
3192.766,424,51.15681,4320,7,3.273438,153.30078,189.3984,561.1562,3
3192.75,424,47.68041,4320,7,3.273438,153.30078,189.3984,561.1562,3
3192.75,424,46.68367,4320,4,3.273438,153.30078,189.3984,561.1562,3
3192.75,424,47.15026,4320,7,3.273438,153.30078,189.3984,561.1562,3
3193.23,424,46.17347,4320,6,3.273438,153.30078,189.3984,561.1562,3
3193.23,424,47.07379,4320,4,3.273438,153.30078,189.3984,561.1562,3
3193.23,424,48.34606,4320,7,3.273438,153.30078,189.3984,561.1562,3
3193.23,424,46.78218,4320,4,3.273438,153.30078,189.3984,561.1562,3
3193.23,425,46.0,4320,7,3.273438,153.30078,189.3984,561.1562,3
3193.23,425,49.23077,4320,7,3.273438,153.30078,189.3984,561.1562,3
3193.23,425,48.46939,4320,8,3.273438,153.30078,189.3984,561.1562,3
3193.23,425,48.35443,4320,4,3.273438,153.30078,189.3984,561.1562,3
3193.23,425,51.62907,4320,6,3.273438,153.30078,189.3984,561.1562,3
3193.23,425,53.28283,4320,5,3.273438,153.30078,189.3984,561.1562,3
3193.23,425,52.0202,4320,5,3.273438,153.30078,189.3984,561.1562,3
3193.23,424,53.71287,4320,5,3.273438,153.30078,189.3984,561.1562,3
3193.246,424,53.25,4320,5,3.273438,153.30078,189.3984,561.1562,3
3193.23,424,50.73892,4320,4,3.273438,153.30078,189.3984,561.1562,3
3193.23,424,51.72414,4320,4,3.273438,153.30078,189.3984,561.1562,3
3193.23,424,46.81373,4320,5,3.273438,153.30078,189.3984,561.1562,3
3193.23,424,41.03194,4320,7,3.273438,153.30078,189.3984,561.1562,3
3193.23,424,43.75,4320,9,3.273438,153.30078,189.3984,561.1562,3
3193.23,424,47.93814,4320,5,3.273438,153.30078,189.3984,561.1562,3
3193.23,424,52.08333,4320,7,3.273438,153.30078,189.3984,561.1562,3
3193.23,424,49.73404,4320,8,3.273438,153.30078,189.3984,561.1562,3
3193.23,424,51.82292,4320,8,3.273438,153.30078,189.3984,561.1562,3
3193.23,424,51.57068,4320,8,3.273438,153.30078,189.3984,561.1562,3
3193.23,424,52.63158,4320,7,3.273438,153.30078,189.3984,561.1562,3
3193.23,424,47.78068,4352,10,3.28125,153.30078,189.3984,561.1562,3
3193.23,424,48.06202,4352,8,3.28125,153.29297,189.3984,561.1562,3
3193.23,424,47.76903,4352,6,3.28125,153.30078,189.3984,561.1484,3
3193.23,424,45.14436,4320,6,3.28125,153.30078,189.1797,561.3672,3
3193.23,424,46.66667,4320,5,3.28125,153.30078,188.9336,561.6133,3
3193.23,424,43.48958,4320,9,3.28125,153.30078,188.9336,561.6133,3
3193.23,424,44.81013,4320,6,3.28125,153.30078,188.9336,561.6133,3
3193.23,424,44.87179,4320,9,3.28125,153.30078,188.9336,561.6133,3
3193.23,424,45.12821,4320,6,3.28125,153.30078,188.9336,561.6133,3
3193.23,424,45.82278,4320,6,3.28125,153.30078,188.9336,561.6133,3
3193.23,424,45.82278,4320,12,3.28125,153.30078,188.9336,561.6133,3
3193.23,424,45.54707,4320,8,3.28125,153.30078,188.9336,561.6133,3
3193.23,424,42.56927,4320,7,3.28125,153.30078,188.9336,561.6133,3
3193.23,424,43.7659,4320,7,3.296875,153.30078,188.9336,561.6133,3
3193.23,424,44.81013,4320,5,3.296875,153.28516,187.9492,562.5977,3
3193.23,424,48.47716,4320,6,3.296875,153.30078,187.9492,562.582,3
3193.23,424,48.99497,4320,8,3.296875,153.30078,187.9492,562.582,3
3193.23,424,49.87469,4320,9,3.296875,153.30078,187.9492,562.582,3
3193.23,424,48.51485,4320,8,3.296875,153.30078,187.7031,562.8281,3
3193.23,424,47.39454,4320,10,3.304688,153.30078,187.7031,562.8281,3
3193.23,424,47.92176,4320,7,3.304688,153.29297,187.7031,562.8281,3
3193.23,424,43.76528,4320,10,3.304688,153.30078,187.7031,562.8203,3
3193.23,424,39.70223,4320,7,3.304688,153.30078,187.7031,562.8203,3
3193.23,424,36.22829,4320,5,3.304688,153.30078,187.7031,562.8203,3
3193.23,424,45.01279,4320,5,3.304688,153.30078,187.7031,562.8203,3
3193.23,424,47.63158,4320,4,3.304688,153.30078,187.7031,562.8203,3
3193.23,424,47.10526,4320,4,3.304688,153.30078,187.7031,562.8203,3
3193.23,424,46.43799,4320,5,3.304688,153.30078,187.7031,562.8203,3
3193.23,424,45.38259,4320,4,3.304688,153.30078,187.7031,562.8203,3
3193.23,424,48.9418,4320,4,3.304688,153.30078,187.7031,562.8203,3
3193.23,425,45.45455,4320,5,3.304688,153.30078,187.7031,562.8203,3
3193.23,425,44.18605,4320,4,3.304688,153.30078,187.7031,562.8203,3
3193.23,425,47.10526,4320,3,3.304688,153.30078,187.7031,562.8203,3
3193.23,425,45.93176,4320,3,3.304688,153.30078,187.7031,562.8203,3
3193.23,425,45.26854,4320,5,3.304688,154.09766,187.7031,562.0234,3
3193.23,425,46.92308,4320,3,3.304688,154.09766,187.7031,562.0234,3
3193.23,425,47.71574,4320,3,3.304688,154.09766,187.7031,562.0234,3
3193.23,425,46.11529,4320,4,3.3125,154.09766,187.7031,562.0234,3
3193.23,425,46.4467,4320,3,3.3125,154.09766,187.7031,562.0156,3
3193.23,425,46.29156,4320,3,3.3125,154.09766,187.7031,562.0156,3
3193.23,425,48.97959,4320,3,3.3125,154.09766,187.7031,562.0156,3
3193.23,425,43.79747,4320,3,3.3125,154.09766,187.7031,562.0156,3
3193.23,425,43.3584,4320,4,3.3125,154.09766,187.7031,562.0156,3
3193.23,425,44.0806,4320,3,3.3125,154.09766,187.7031,562.0156,3
3193.23,425,45.68528,4320,3,3.3125,154.09766,187.7031,562.0156,3
3193.23,425,50.0,4320,3,3.3125,154.09766,187.7031,562.0156,3
3193.23,425,52.53807,4320,3,3.3125,154.09766,187.457,562.2617,3
3193.23,425,51.12782,4320,3,3.3125,154.09766,187.457,562.2617,3
3193.23,425,49.75,4352,4,3.3125,154.09766,187.457,562.2617,3
3193.23,425,50.25126,4352,3,3.3125,154.09766,187.457,562.2617,3
3193.23,425,47.01493,4352,3,3.3125,154.09766,187.457,562.2617,3
3193.23,425,46.09756,4352,3,3.3125,154.09766,187.457,562.2617,3
3193.23,425,47.36842,4352,4,3.3125,154.09766,187.457,562.2617,3
3193.23,425,43.55231,4352,3,3.3125,154.09766,187.457,562.2617,3
3193.23,425,43.84236,4352,6,3.3125,154.09766,187.457,562.2617,3
3193.23,425,47.68041,4352,3,3.320312,154.09766,187.457,562.2617,3
3193.23,425,49.73262,4352,3,3.320312,154.09766,187.457,562.2539,3
3193.23,425,47.79221,4352,3,3.320312,154.09766,187.2109,562.5,3
3193.23,425,47.39583,4320,3,3.320312,154.09766,187.2109,562.5,3
3193.23,425,47.76903,4320,5,3.320312,154.09766,186.4727,563.2383,3
3193.23,425,48.16754,4320,3,3.320312,154.09766,186.4727,563.2383,3
3193.23,425,47.51958,4320,4,3.320312,154.09766,186.4727,563.2383,3
3193.23,425,48.17708,4320,8,3.320312,154.09766,186.2266,563.4844,3
3193.23,425,47.79221,4320,5,3.320312,154.09766,186.2266,563.4844,3
3193.23,425,48.96373,4320,5,3.320312,154.09766,185.9805,563.7305,3
3193.23,425,49.86807,4320,3,3.320312,154.09766,185.9805,563.7305,3
3193.23,425,50.90439,4320,3,3.320312,154.09766,185.9805,563.7305,3
3193.23,425,47.30077,4320,4,3.320312,154.09766,185.9805,563.7305,3
3193.23,425,51.40665,4320,4,3.320312,154.09766,185.9805,563.7305,3
3193.23,425,50.25126,4320,4,3.320312,154.09766,185.7344,563.9766,3
3193.23,425,48.59335,4320,3,3.320312,154.09766,185.7344,563.9766,3
3193.23,425,45.9596,4320,5,3.320312,154.09766,185.7344,563.9766,3
3193.23,425,47.5827,4320,4,3.320312,154.09766,185.7344,563.9766,3
3193.23,425,48.22335,4320,8,3.320312,154.09766,185.7344,563.9766,3
3193.23,425,49.49495,4320,5,3.320312,154.09766,185.7344,563.9766,3
3193.23,425,48.23232,4320,4,3.320312,154.09766,185.7344,563.9766,3
3193.23,425,48.23232,4320,5,3.320312,154.09766,185.7344,563.9766,3
3193.23,425,54.47761,4320,3,3.320312,154.09766,185.9805,563.7305,3
3193.23,425,50.62344,4320,7,3.320312,154.09766,185.9805,563.7305,3
3193.23,425,48.87781,4320,4,3.320312,154.09766,185.9805,563.7305,3
3193.23,425,50.37221,4320,4,3.320312,154.09766,185.9805,563.7305,3
3193.23,425,49.26108,4320,6,3.320312,154.09766,185.9805,563.7305,3
3193.23,425,46.53465,4320,5,3.320312,154.09766,185.9805,563.7305,3
3193.23,425,45.3012,4320,8,3.320312,154.09766,185.9805,563.7305,3
3193.23,425,39.70944,4320,5,3.320312,154.09766,185.9805,563.7305,3
3193.23,425,43.60902,4320,4,3.320312,154.09766,185.9805,563.7305,3
3193.23,425,49.6063,4320,6,3.320312,154.09766,185.9805,563.7305,3
3193.23,425,50.39578,4320,8,3.320312,154.09766,185.9805,563.7305,3
3193.23,425,51.5873,4320,6,3.320312,154.09766,186.2266,563.4844,3
3193.23,425,46.54255,4320,3,3.320312,154.09766,186.4219,563.2891,3
3193.23,425,48.30287,4320,4,3.320312,154.09766,186.4727,563.2383,3
3193.23,425,46.49351,4320,6,3.320312,154.09766,186.668,563.043,3
3193.23,425,46.43799,4320,5,3.320312,154.09766,186.7188,562.9922,3
3193.734,425,47.27273,4320,5,3.320312,154.09766,186.7188,562.9922,3
3193.734,425,45.73643,4320,6,3.320312,154.09766,186.4727,563.2383,3
3193.23,425,45.21964,4320,4,3.320312,154.09766,186.4727,563.2383,3
3193.23,425,47.16495,4320,3,3.320312,154.09766,186.2266,563.4844,3
3193.23,425,47.70408,4320,8,3.320312,154.09766,186.2266,563.4844,3
3193.23,425,47.69231,4320,4,3.320312,154.09766,186.2266,563.4844,3
3193.23,425,47.42268,4320,4,3.320312,154.09766,186.2266,563.4844,3
3193.23,425,47.07379,4320,5,3.320312,154.09766,186.2266,563.4844,3
3193.23,425,50.12788,4320,9,3.320312,154.09766,186.2266,563.4844,3
3193.23,425,47.17949,4320,5,3.320312,154.09766,186.2266,563.4844,3
3193.23,425,45.45455,4320,4,3.320312,154.09766,185.9805,563.7305,3
3193.23,425,46.85139,4320,8,3.320312,154.09766,185.9805,563.7305,3
3193.23,425,47.59494,4320,8,3.320312,154.09766,185.9805,563.7305,3
3193.23,425,48.49246,4320,5,3.320312,154.09766,185.9805,563.7305,3
3193.23,425,50.37406,4320,6,3.328125,154.09766,185.4883,564.2227,3
3193.23,425,48.46939,4320,8,3.328125,154.08984,185.2422,564.4688,3
3193.23,425,47.77228,4320,8,3.328125,154.09766,185.2422,564.4609,3
3193.23,425,49.87593,4352,5,3.328125,154.09766,185.2422,564.4609,3
3193.23,425,50.49261,4352,5,3.328125,154.09766,185.2422,564.4609,3
3193.23,425,46.15385,4352,5,3.328125,154.09766,185.4375,564.2656,3
3193.23,425,44.81928,4352,4,3.328125,154.09766,185.4883,564.2148,3
3193.23,425,39.75309,4352,5,3.328125,154.09766,185.4883,564.2148,3
3193.23,425,34.88943,4352,7,3.328125,154.09766,185.0234,564.6797,3
3193.23,425,48.61461,4352,6,3.328125,154.09766,185.0234,564.6797,3
3193.23,425,46.43799,4352,4,3.328125,154.09766,185.0234,564.6797,3
3193.23,424,49.73822,4352,6,3.328125,154.09766,185.0234,564.6797,3
3193.23,424,49.59786,4352,8,3.328125,154.09766,185.0234,564.6797,3
3193.23,424,47.78068,4352,7,3.328125,154.09766,185.2188,564.4844,3
3193.23,424,48.16754,4352,5,3.328125,154.09766,185.2695,564.4336,3
3193.23,424,45.69191,4352,7,3.328125,154.09766,185.2695,564.4336,3
3193.23,424,45.50129,4352,7,3.328125,154.09766,185.4648,564.2383,3
3193.23,424,47.69231,4352,7,3.328125,154.09766,185.5156,564.1875,3
3194.234,424,46.4752,4352,7,3.328125,154.09766,185.5156,564.1875,3
3194.234,424,45.89744,4352,9,3.328125,154.09766,185.7617,563.9414,3
3193.23,424,42.01031,4352,13,3.328125,154.09766,185.7617,563.9414,3
3193.23,424,46.19289,4352,7,3.328125,154.09766,187.2383,562.4648,3
3193.23,424,47.65625,4352,7,3.328125,154.09766,187.2383,562.4648,3
3193.23,424,46.77003,4352,9,3.328125,154.09766,187.2383,562.4648,3
3193.23,424,46.58228,4352,10,3.328125,154.09766,186.9922,562.7109,3
3193.23,424,49.62025,4352,10,3.328125,154.29297,186.7461,562.7617,3
3193.477,426,49.87342,4384,12,3.597656,155.03906,186.2539,562.5078,3
3195.453,427,54.17722,4384,15,3.597656,157.05859,184.5586,561.9141,3
3195.453,427,75.06361,4384,10,3.597656,157.25391,178.7188,567.5586,3
3195.453,427,73.06733,4384,9,3.597656,157.25391,176.4766,569.8008,3
3187.438,427,73.40153,4384,13,3.597656,157.25391,176.6211,569.6562,3
3187.438,427,69.34673,4384,13,3.597656,157.25391,187.1719,559.1055,3
3187.438,427,69.36709,4384,11,3.605469,157.25391,183.5625,562.7148,3
3187.438,427,71.46465,4384,8,3.605469,157.24609,183.8281,562.4492,3
3187.426,427,67.43003,4384,13,3.605469,157.25391,186.6445,559.625,3
3187.426,427,65.65657,4384,12,3.613281,157.25391,183.2734,562.9961,3
3187.426,427,64.82412,4384,8,3.613281,157.25391,183.9102,562.3516,3
3187.438,427,66.75063,4384,14,3.613281,157.25391,184.0273,562.2344,3
3187.438,427,59.30521,4384,11,3.613281,157.25391,184.7734,561.4883,3
3187.438,427,62.5,4384,14,3.613281,157.25391,182.0977,564.1641,3
3187.41,427,73.28244,4384,15,3.613281,157.25391,187.5586,558.7031,3
3187.32,427,67.87565,4384,17,3.613281,157.25391,184.5781,561.6836,3
3187.32,425,71.06599,4384,7,3.613281,157.25391,186.1641,560.0977,3
3187.32,425,76.08142,4384,14,3.613281,157.25391,182.3164,563.9453,3
3187.227,424,73.09645,4384,15,3.613281,157.25391,183.9961,562.2656,3
3187.227,424,73.72449,4384,11,3.613281,157.25391,188.4062,557.8555,3
3187.254,424,68.43434,4352,14,3.613281,157.25391,190.0898,556.1719,3
3187.254,424,71.42857,4352,11,3.613281,157.25391,188.0703,558.1914,3
3187.242,424,71.06599,4352,11,3.613281,157.25391,189.2422,557.0195,3
3187.242,424,68.28645,4352,14,3.613281,157.25391,184.9883,561.2734,3
3187.242,424,70.73791,4352,13,3.613281,157.25391,184.9648,561.2969,3
3187.242,424,65.48223,4352,10,3.613281,157.25391,183.1328,563.1289,3
3187.242,424,66.58098,4352,11,3.613281,157.25391,184.8359,561.4258,3
3187.168,424,70.73791,4352,11,3.613281,157.25391,184.6211,561.6406,3
3187.168,424,68.97436,4352,10,3.613281,157.25391,188.7422,557.5195,3
3187.168,424,70.45455,4352,18,3.613281,157.25391,185.4062,560.8555,3
3187.168,424,69.09548,4352,8,3.613281,157.25391,187.3008,558.9609,3
3187.168,424,68.5422,4384,8,3.613281,157.25391,190.7773,555.4844,3
3187.168,424,68.52792,4384,9,3.613281,157.25391,187.5234,558.7383,3
3187.168,425,71.53652,4384,14,3.613281,157.25391,182.3828,563.8789,3
3187.168,424,63.35878,4384,14,3.613281,157.25391,180.0898,566.1719,3
3187.168,424,67.75819,4384,11,3.613281,157.25391,183.0664,563.1953,3
3187.168,424,68.28645,4384,12,3.613281,157.25391,182.4102,563.8516,3
3187.168,424,70.9596,4384,10,3.613281,157.25391,182.6094,563.6523,3
3187.168,424,66.24685,4384,13,3.613281,157.25391,183.1406,563.1211,3
3187.168,424,68.92231,4384,10,3.621094,157.25781,184.3555,561.9023,3
3187.168,424,64.5,4384,14,3.621094,157.25781,186.9375,559.3125,3
3187.168,424,60.25,4384,16,3.621094,157.25781,183.3047,562.9453,3
3187.168,424,60.75,4384,10,3.621094,157.25781,181.0859,565.1641,3
3187.168,424,58.43829,4384,16,3.621094,157.25781,182.9258,563.3242,3
3187.168,424,66.41414,4384,10,3.621094,157.25781,184.875,561.375,3
3187.184,424,72.37852,4352,14,3.621094,157.25781,180.7852,565.4648,3
3187.168,424,69.69697,4352,9,3.621094,157.25781,181.5,564.75,3
3187.168,424,69.94949,4352,12,3.621094,157.25781,182.4062,563.8438,3
3187.168,424,69.79695,4352,6,3.621094,157.25781,185.7969,560.4531,3
3187.168,424,70.73791,4352,7,3.621094,157.25781,187.9336,558.3164,3
3187.168,424,68.52792,4352,11,3.621094,157.25781,185.6641,560.5859,3
3187.168,425,69.03553,4352,10,3.621094,157.25781,184.9414,561.3086,3
3187.168,425,69.28934,4352,16,3.621094,157.25781,182.0664,564.1836,3
3187.168,425,70.84399,4352,9,3.621094,157.25781,183.4336,562.8164,3
3187.168,425,67.4359,4352,15,3.621094,157.25781,184.9297,561.3203,3
3187.168,425,69.89796,4352,9,3.621094,157.25781,183.0703,563.1797,3
3187.168,425,68.81443,4352,9,3.621094,157.25781,187.2422,559.0078,3
3187.168,425,64.14141,4352,10,3.621094,157.25781,188.5547,557.6953,3
3187.168,425,71.24682,4352,11,3.621094,157.25781,184.5938,561.6562,3
3187.168,425,70.05076,4352,7,3.621094,157.25781,183.3359,562.9141,3
3187.168,425,69.7201,4352,12,3.621094,157.25781,189.0312,557.2188,3
3187.168,425,65.81633,4352,11,3.621094,157.25781,185.4336,560.8164,3
3187.168,425,68.19338,4352,8,3.621094,157.25781,185.2773,560.9727,3
3187.168,425,67.00508,4352,11,3.621094,157.25781,186.2383,560.0117,3
3187.168,425,69.23077,4352,10,3.621094,157.25781,183.9727,562.2773,3
3187.168,425,68.51385,4352,11,3.621094,157.25781,186.0391,560.2109,3
3187.168,425,68.68687,4352,11,3.621094,157.25781,183.6055,562.6445,3
3187.168,424,68.19338,4352,9,3.621094,157.25781,185.5039,560.7461,3
3187.168,424,66.49874,4352,8,3.621094,157.25781,188.9141,557.3359,3
3187.168,424,67.33167,4352,9,3.621094,157.25781,184.5938,561.6562,3
3187.168,424,68.09045,4384,15,3.621094,157.25781,185.4531,560.7969,3
3187.168,424,62.18274,4384,11,3.621094,157.25781,186.8789,559.3711,3
3187.168,424,58.85287,4384,12,3.621094,157.25781,182.9961,563.2539,3
3187.168,424,58.0402,4384,8,3.621094,157.25781,185.3555,560.8945,3
3187.168,424,59.601,4384,10,3.621094,157.25781,188.4648,557.7852,3
3187.168,424,69.89796,4384,17,3.621094,157.25781,183.5781,562.6719,3
3187.168,424,67.0,4384,10,3.621094,157.25781,185.543,560.707,3
3187.168,424,73.60406,4384,8,3.621094,157.25781,186.7812,559.4688,3
3187.168,424,65.82278,4384,14,3.621094,157.25781,183.3945,562.8555,3
3187.168,424,71.93878,4384,10,3.621094,157.25781,184.625,561.625,3
3187.168,424,65.7289,4384,11,3.628906,157.25781,180.7695,565.4805,3
3187.168,424,69.74359,4384,12,3.628906,157.25,181.7812,564.4688,3
3187.168,424,71.50127,4384,11,3.628906,157.25781,187.8711,558.3711,3
3187.168,424,72.11055,4384,12,3.628906,157.25781,183.3867,562.8555,3
3187.168,424,70.63291,4384,9,3.628906,157.25781,184.6836,561.5586,3
3187.168,424,68.87755,4384,14,3.628906,157.25781,182.2773,563.9648,3
3187.168,424,71.24682,4384,13,3.628906,157.25781,184.5039,561.7383,3
3187.168,424,72.01018,4384,12,3.628906,157.25781,185.0938,561.1484,3
3187.168,424,66.15776,4384,11,3.628906,157.25781,189.625,556.6172,3
3187.168,424,71.46465,4384,8,3.628906,157.25781,186.918,559.3242,3
3187.168,424,69.2112,4384,13,3.628906,157.25781,188.3047,557.9375,3
3187.168,424,70.91837,4384,8,3.628906,157.25781,185.582,560.6602,3
3187.168,424,68.79795,4384,11,3.628906,157.25781,183.3125,562.9297,3
3187.168,424,68.76574,4384,7,3.628906,157.25781,184.0742,562.168,3
3187.168,424,67.00508,4384,13,3.628906,157.25781,182.0664,564.1758,3
3187.168,424,68.26196,4384,8,3.628906,157.25781,189.0117,557.2305,3
3187.168,424,68.11224,4384,12,3.628906,157.25781,184.8828,561.3594,3
3187.168,424,70.30457,4384,14,3.628906,157.25781,186.8984,559.3438,3
3187.168,424,69.67419,4384,12,3.628906,157.25781,188.1719,558.0703,3
3187.168,424,68.67168,4384,9,3.628906,157.25781,185.2734,560.9688,3
3187.168,424,69.30946,4384,11,3.628906,157.25781,188.7812,557.4609,3
3187.168,424,65.67164,4352,13,3.628906,157.25781,184.8867,561.3555,3
3187.168,424,61.19403,4352,8,3.628906,157.25781,187.6133,558.6289,3
3187.168,424,58.98734,4352,8,3.628906,157.25781,185.9453,560.2969,3
3187.168,424,57.46835,4352,11,3.628906,157.25781,189.6719,556.5703,3
3187.168,424,64.48363,4352,16,3.628906,157.25781,190.5039,555.7383,3
3187.168,424,72.77354,4352,7,3.628906,157.25781,186.5117,559.7305,3
3187.168,424,66.32911,4352,10,3.628906,157.25781,188.75,557.4922,3
3187.168,424,72.26463,4352,11,3.628906,157.25781,189.8555,556.3867,3
3187.168,424,68.78173,4352,16,3.628906,157.25781,187.1211,559.1211,3
3187.168,424,69.84536,4352,9,3.628906,157.25781,189.3984,556.8438,3
3187.168,424,68.01008,4352,11,3.628906,157.25781,185.0273,561.2148,3
3187.168,424,68.86076,4352,11,3.628906,157.25781,183.6953,562.5469,3
3187.168,424,68.10127,4352,11,3.628906,157.25781,189.7383,556.5039,3
3187.168,424,71.68367,4352,9,3.636719,157.25781,186.6211,559.6211,3
3187.168,424,70.91837,4352,13,3.636719,157.25781,188.3047,557.9297,3
3187.168,424,69.54315,4352,13,3.636719,157.25781,183.7383,562.4961,3
3187.168,424,72.5641,4352,8,3.636719,157.25781,182.2344,564.0,3
3187.168,424,68.86076,4352,11,3.636719,157.25781,185.3242,560.9102,3
3187.168,424,71.71717,4352,15,3.636719,157.25781,186.5195,559.7148,3
3187.168,424,67.94872,4352,11,3.636719,157.25781,189.1211,557.1133,3
3187.168,424,67.92929,4352,11,3.636719,157.25781,186.543,559.6914,3
3187.168,424,70.30457,4352,7,3.636719,157.25781,188.5625,557.6719,3
3187.168,424,68.10127,4352,10,3.636719,157.25781,184.8711,561.3633,3
3187.168,424,69.54315,4352,14,3.636719,157.25781,182.4102,563.8242,3
3187.168,424,72.19388,4352,10,3.636719,157.25781,185.5156,560.7188,3
3187.168,424,71.89873,4352,12,3.644531,157.25781,186.7461,559.4883,3
3187.168,424,65.90331,4384,10,3.644531,157.25781,184.7188,561.5078,3
3187.168,424,70.52897,4384,15,3.644531,157.25781,187.5156,558.7109,3
3187.168,424,67.92929,4384,11,3.644531,157.25781,184.3516,561.875,3
3187.168,424,68.18182,4384,9,3.644531,157.25781,181.2344,564.9922,3
3187.168,424,64.73552,4384,12,3.644531,157.25781,181.2305,564.9961,3
3187.168,424,63.0,4384,12,3.644531,157.25781,186.2422,559.9844,3
3187.168,423,61.11111,4384,12,3.644531,157.25781,182.8516,563.375,3
3187.168,423,55.22388,4384,13,3.644531,157.25781,184.7031,561.5234,3
3187.168,423,58.08081,4384,8,3.652344,157.25781,181.4766,564.75,3
3187.168,423,72.01018,4384,12,3.652344,157.25781,184.3945,561.8242,3
3187.168,423,70.48346,4384,12,3.652344,157.25781,181.4727,564.7461,3
3187.168,423,68.38046,4384,11,3.652344,157.25781,182.2266,563.9922,3
3187.168,423,65.21739,4384,12,3.652344,157.25781,184.8711,561.3477,3
3187.168,423,68.91192,4384,7,3.652344,157.25781,183.6836,562.5352,3
3187.168,423,70.02519,4384,12,3.652344,157.25781,191.8516,554.3672,3
3187.168,423,69.87342,4384,17,3.652344,157.25781,187.2031,559.0156,3
3187.168,423,69.28934,4384,13,3.652344,157.25781,183.3281,562.8906,3
3187.168,423,68.52792,4384,15,3.652344,157.25781,187.7344,558.4844,3
3187.168,423,68.70229,4384,8,3.652344,157.25781,184.1133,562.1055,3
3187.168,423,71.17347,4384,14,3.652344,157.25781,185.7227,560.4961,3
3187.168,422,67.77494,4384,11,3.652344,157.25781,187.8242,558.3945,3
3187.168,422,68.63753,4384,8,3.652344,157.25781,184.3945,561.8242,3
3187.168,422,69.7201,4384,16,3.652344,157.25781,186.2891,559.9297,3
3187.168,422,69.46565,4384,10,3.652344,157.25781,181.2461,564.9727,3
3187.168,422,68.86076,4384,11,3.652344,157.25781,179.7148,566.5039,3
3187.168,422,72.65823,4384,13,3.652344,157.25781,182.9766,563.2422,3
3187.168,422,74.68354,4352,7,3.652344,157.25781,187.4883,558.7305,3
3187.168,422,71.46465,4352,14,3.652344,157.25781,184.0703,562.1484,3
3187.168,422,65.25,4352,12,3.652344,157.25781,185.9727,560.2461,3
3187.168,422,67.92929,4352,18,3.652344,157.25781,188.082,558.1367,3
3187.168,422,67.66917,4352,9,3.652344,157.25781,187.2383,558.9805,3
3187.168,422,66.58163,4352,13,3.652344,157.25781,187.4883,558.7305,3
3187.168,422,70.88608,4352,10,3.652344,157.25781,184.2891,561.9297,3
3187.168,422,67.17557,4352,10,3.652344,157.25781,184.3359,561.8828,3
3187.168,422,68.59296,4352,15,3.652344,157.25781,187.4883,558.7305,3
3187.168,422,66.41604,4352,14,3.652344,157.25781,187.7812,558.4375,3
3187.168,423,64.64646,4352,13,3.652344,157.25781,187.8906,558.3281,3
3187.168,423,58.45771,4352,10,3.652344,157.25781,185.4336,560.7852,3
3187.168,423,56.96203,4352,10,3.652344,157.25781,182.7578,563.4609,3
3187.168,423,64.19753,4352,15,3.652344,157.25781,184.6328,561.5859,3
3187.168,423,67.26343,4352,10,3.652344,157.25781,187.0664,559.1523,3
3187.168,423,69.89796,4352,14,3.652344,157.25781,187.332,558.8867,3
3187.168,423,71.5736,4352,5,3.660156,157.25781,188.7266,557.4922,3
3187.168,423,72.58883,4352,9,3.660156,157.25,184.3945,561.8242,3
3187.168,423,70.37975,4352,10,3.660156,157.25781,181.9336,564.2773,3
3187.168,423,70.37975,4352,14,3.660156,157.25781,183.8516,562.3594,3
3187.168,423,70.91837,4352,9,3.660156,157.25781,185.9922,560.2188,3
3187.168,423,70.20202,4352,13,3.660156,157.25781,187.4805,558.7305,3
3187.168,423,68.19338,4352,9,3.660156,157.25781,184.0078,562.2031,3
3187.168,423,69.7201,4352,10,3.660156,157.25781,181.0977,565.1133,3
3187.168,423,67.68448,4352,9,3.660156,157.25781,182.7383,563.4727,3
3187.168,423,68.20513,4352,9,3.660156,157.25781,184.5664,561.6445,3
3187.168,423,71.39241,4352,9,3.660156,157.25781,185.9219,560.2891,3
3187.168,423,69.7201,4352,13,3.660156,157.25781,188.168,558.043,3
3187.168,423,68.0203,4352,7,3.660156,157.25781,184.7656,561.4453,3
3187.168,423,70.76923,4352,8,3.660156,157.25781,188.9961,557.2148,3
3187.168,423,68.19338,4352,13,3.660156,157.25781,185.1406,561.0703,3
3187.168,423,70.25641,4352,9,3.667969,157.25781,187.3008,558.9102,3
3187.168,423,68.12339,4352,14,3.667969,157.25781,182.1484,564.0547,3
3187.168,423,69.26952,4352,10,3.667969,157.25781,185.7461,560.457,3
3187.168,423,70.35176,4320,9,3.667969,157.25781,184.25,561.9531,3
3187.168,423,69.54315,4320,14,3.667969,157.25781,190.3359,555.8672,3
3187.168,423,71.53652,4352,11,3.667969,157.25781,186.1836,560.0195,3
3187.168,423,68.78173,4352,10,3.667969,157.25781,186.6797,559.5234,3
3187.168,423,66.58228,4352,8,3.667969,157.25781,186.2383,559.9648,3
3187.168,423,65.66416,4352,14,3.667969,157.25781,183.0273,563.1758,3
3187.168,423,66.5,4352,16,3.667969,157.25781,185.7109,560.4922,3
3187.168,423,66.33166,4352,8,3.667969,157.25781,181.8008,564.4023,3
3187.168,423,57.88177,4352,17,3.667969,157.25781,181.2031,565.0,3
3187.168,423,58.33333,4352,11,3.667969,157.25781,187.4492,558.7539,3
3187.168,423,67.67677,4352,10,3.667969,157.25781,188.1133,558.0898,3
3187.168,422,70.95116,4352,19,3.667969,157.25781,184.5312,561.6719,3
3187.168,422,70.43702,4352,11,3.667969,157.25781,182.5352,563.668,3
3187.168,422,68.46154,4352,12,3.667969,157.25781,184.9492,561.2539,3
3187.168,422,67.75819,4352,9,3.667969,157.25781,184.4219,561.7812,3
3187.168,422,70.40816,4352,17,3.667969,157.25781,186.5898,559.6133,3
3187.168,422,65.90331,4352,14,3.667969,157.25781,187.4844,558.7188,3
3187.168,422,70.48346,4352,10,3.667969,157.25781,189.8945,556.3086,3
3187.168,422,67.25441000000001,4352,13,3.667969,157.25781,189.5,556.7031,3
3187.168,422,72.33503,4352,9,3.667969,157.25781,184.4141,561.7891,3
3187.184,422,66.75192,4352,14,3.667969,157.25781,187.2656,558.9375,3
3187.168,422,70.66327,4352,13,3.667969,157.25781,183.7422,562.4609,3
3187.168,422,69.54315,4384,10,3.667969,157.25781,183.9766,562.2266,3
3187.168,422,68.84422,4384,12,3.667969,157.25781,185.668,560.5352,3
3187.168,423,69.11392,4384,14,3.667969,157.25781,189.0273,557.1758,3
3187.168,423,69.97455,4384,10,3.667969,157.25781,189.2422,556.9609,3
3187.168,423,72.1519,4384,14,3.667969,157.25781,190.2266,555.9766,3
3187.168,423,67.25441000000001,4384,8,3.667969,157.25781,185.4141,560.7891,3
3187.168,423,67.66169,4384,10,3.667969,157.25781,186.7383,559.4648,3
3187.168,423,70.58824,4352,12,3.667969,157.25781,190.2539,555.9492,3
3187.168,423,66.75127,4352,10,3.667969,157.25781,185.4062,560.7969,3
3187.168,423,68.01008,4384,12,3.667969,157.25781,184.4844,561.7188,3
3187.168,423,68.93939,4384,19,3.667969,157.25781,189.5391,556.6641,3
3187.168,423,68.51385,4384,10,3.675781,157.25781,188.3672,557.8359,3
3187.168,423,65.65657,4384,11,3.675781,157.25781,187.6758,558.5195,3
3187.168,423,68.86076,4384,14,3.675781,157.25781,184.6836,561.5117,3
3187.168,423,65.31646,4384,13,3.675781,157.25781,187.6016,558.5938,3
3187.168,423,62.81407,4384,13,3.675781,157.25781,188.1719,558.0234,3
3187.168,423,62.46851,4384,8,3.675781,157.25781,185.2461,560.9492,3
3187.168,423,56.79012,4384,14,3.675781,157.25781,187.2031,558.9922,3
3187.168,423,63.68159,4384,15,3.675781,157.25781,182.6562,563.5391,3
3187.168,423,70.55838,4384,10,3.675781,157.25781,185.543,560.6523,3
3187.168,423,71.06599,4384,13,3.675781,157.25781,185.8672,560.3281,3
3187.168,423,71.21212,4384,10,3.675781,157.25781,188.1992,557.9961,3
3187.168,423,67.00508,4384,12,3.675781,157.25781,185.6992,560.4961,3
3187.168,423,70.43702,4384,9,3.675781,157.25781,188.5273,557.668,3
3187.168,423,72.01018,4384,10,3.675781,157.25781,184.1953,562.0,3
3187.168,423,71.13924,4384,13,3.675781,157.25781,186.2344,559.9609,3
3187.168,423,70.0,4384,12,3.675781,157.25781,182.5312,563.6641,3
3187.168,423,71.24682,4384,10,3.675781,157.25781,180.5625,565.6328,3
3187.168,423,72.08122,4384,10,3.675781,157.25781,182.6172,563.5781,3
3187.203,423,71.46465,4384,14,3.675781,157.25781,180.7852,565.4102,3
3187.168,423,73.09645,4384,23,3.675781,157.25781,179.5039,566.6914,3
3187.168,423,70.55838,4384,15,3.675781,157.25781,183.7031,562.4922,3
3187.168,423,68.27411,4384,13,3.675781,157.25781,182.1172,564.0781,3
3187.168,423,70.27708,4352,13,3.675781,157.25781,189.1445,557.0508,3
3187.168,423,71.02564,4352,12,3.675781,157.25781,185.3438,560.8516,3
3187.168,423,65.90909,4352,9,3.675781,157.25781,185.3906,560.8047,3
3187.168,423,71.06599,4352,12,3.675781,157.25781,187.8594,558.3359,3
3187.168,423,67.08861,4352,15,3.683594,157.25781,183.7461,562.4492,3
3187.168,423,69.13265,4352,15,3.683594,157.25781,186.6016,559.5859,3
3187.168,423,72.1519,4352,9,3.683594,157.25781,186.4102,559.7773,3
3187.168,423,67.08861,4352,16,3.683594,157.25781,187.7812,558.4062,3
3187.168,423,66.83417,4352,14,3.683594,157.25781,187.5,558.6875,3
3187.168,423,69.89796,4352,11,3.683594,157.25781,183.4023,562.7852,3
3187.168,423,65.31646,4352,11,3.683594,157.25781,181.1055,565.082,3
3187.168,423,67.66169,4352,10,3.683594,157.25781,183.3359,562.8516,3
3187.168,423,64.66165,4352,11,3.691406,157.25781,181.1758,565.0117,3
3187.168,423,63.56784,4352,8,3.691406,157.25781,187.4766,558.7031,3
3187.168,423,58.69018,4352,10,3.691406,157.25781,183.8047,562.375,3
3187.168,423,63.93035,4352,14,3.691406,157.25781,184.7305,561.4492,3
3187.168,423,67.53247,4352,9,3.691406,157.25781,187.6055,558.5742,3
3187.168,423,72.93814,4352,12,3.691406,157.25781,184.1914,561.9883,3
3187.168,423,68.84422,4352,18,3.691406,157.25781,185.1094,561.0703,3
3187.168,423,69.23077,4352,12,3.691406,157.25781,180.2891,565.8906,3
3187.168,423,68.87755,4352,8,3.691406,157.25781,185.9492,560.2305,3
3187.168,424,72.84264,4352,13,3.691406,157.25781,188.2773,557.9023,3
3187.168,424,68.19338,4352,9,3.691406,157.25781,183.7266,562.4531,3
3187.168,424,69.64286,4352,7,3.691406,157.25781,185.8008,560.3789,3
3187.168,424,69.7201,4352,12,3.691406,157.25781,187.2422,558.9375,3
3187.168,424,73.60406,4352,11,3.691406,157.25781,187.9219,558.2578,3
3187.168,424,70.78086,4352,10,3.691406,157.25781,183.8086,562.3711,3
3187.168,424,69.38776,4352,13,3.691406,157.25781,186.1328,560.0469,3
3187.168,424,70.73791,4352,9,3.691406,157.25781,187.0234,559.1562,3
3187.168,424,69.7733,4384,12,3.691406,157.25781,183.8672,562.3125,3
3187.168,424,69.7201,4384,12,3.691406,157.25781,184.8047,561.375,3
3187.168,424,71.79487,4352,9,3.691406,157.25781,185.168,561.0117,3
3187.168,424,70.55838,4352,14,3.691406,157.25781,186.6406,559.5391,3
3187.168,424,69.7201,4352,7,3.839844,157.25781,184.5898,561.5898,3
3187.168,424,68.35443,4352,11,3.839844,159.30859,183.375,560.6055,3
3187.168,424,68.57855,4352,11,3.839844,159.30078,183.2656,560.7227,3
3187.168,424,71.3555,4352,18,3.839844,159.30078,178.7656,565.2227,3
3187.184,425,65.82278,4352,14,3.839844,159.30078,182.1172,561.8711,3
3187.168,425,72.79597,4352,12,3.839844,159.30078,180.582,563.4062,3
3187.168,426,67.51269,4352,9,3.847656,159.30078,179.4883,564.5,3
3187.168,426,66.75063,4384,12,3.847656,159.30078,183.7852,560.1953,3
3187.168,426,64.8855,4384,11,3.847656,159.30078,180.6289,563.3516,3
3187.168,426,65.49118,4384,14,3.847656,159.30078,177.9805,566.0,3
3187.168,426,64.58853,4384,11,3.847656,159.30078,183.5703,560.4102,3
3187.168,426,61.20907,4384,7,3.847656,159.30078,184.7578,559.2227,3
3187.168,426,56.03015,4384,16,3.847656,159.30078,181.8047,562.1758,3
3187.168,426,60.60606,4384,10,3.847656,159.30078,179.5352,564.4453,3
3187.168,426,68.60759,4384,15,3.847656,159.30078,181.8555,562.125,3
3187.168,426,67.09184,4384,12,3.847656,159.30078,187.7695,556.2109,3
3187.168,426,70.73791,4384,9,3.847656,159.30078,183.8594,560.1211,3
3187.168,426,69.48718,4384,11,3.847656,159.30078,178.7344,565.2461,3
3187.168,426,67.60204,4384,11,3.847656,159.30078,182.8516,561.1289,3
3187.168,426,68.51385,4384,13,3.847656,159.30078,186.3633,557.6172,3
3187.168,426,71.75573,4384,6,3.847656,159.30078,182.2344,561.7461,3
3187.168,426,67.68448,4384,15,3.847656,159.30078,179.5586,564.4219,3
3187.168,426,68.52792,4384,11,3.847656,159.30078,182.3711,561.6094,3
3187.168,426,70.27708,4384,6,3.847656,159.30078,186.1172,557.8633,3
3187.168,426,67.95866,4384,13,3.847656,159.30078,180.7031,563.2773,3
3187.168,426,72.01018,4384,13,3.847656,159.30078,181.2031,562.7773,3
3187.168,426,70.81218,4384,13,3.847656,159.30078,179.4531,564.5273,3
3187.168,426,72.26463,4384,11,3.847656,159.30078,184.8594,559.1211,3
3187.168,426,67.17949,4352,17,3.847656,159.30078,180.4453,563.5352,3
3187.34,427,72.29219,4352,11,3.847656,159.30078,180.8555,563.125,3
3187.168,426,69.13265,4352,11,3.847656,159.30078,183.6758,560.3047,3
3187.168,426,69.79695,4352,17,3.847656,159.30078,181.6523,562.3281,3
3187.168,426,70.1005,4352,9,3.847656,159.30078,178.4219,565.5586,3
3187.168,426,69.19192,4352,11,3.847656,159.30078,184.2188,559.7617,3
3187.168,426,70.45455,4352,12,3.847656,159.30078,185.7266,558.2539,3
3187.168,426,71.68367,4352,10,3.847656,159.30078,184.8633,559.1172,3
3187.168,426,69.54315,4352,13,3.847656,159.30078,183.5117,560.4688,3
3187.168,426,69.34673,4352,9,3.847656,159.30078,180.918,563.0625,3
3187.168,425,66.58228,4352,14,3.847656,159.30078,182.7969,561.1836,3
3187.168,425,64.23174,4352,11,3.847656,159.30078,183.5664,560.4141,3
3187.168,425,64.07035,4352,11,3.847656,159.30078,186.6172,557.3633,3
3187.168,425,62.22222,4352,15,3.847656,159.30078,182.6953,561.2852,3
3187.168,425,58.1864,4352,12,3.847656,159.30078,178.5977,565.3828,3
3187.168,425,57.9602,4352,6,3.847656,159.30078,182.043,561.9375,3
3187.168,425,67.26804,4352,11,3.847656,159.30078,189.2773,554.7031,3
3187.168,425,71.46465,4352,11,3.847656,159.30078,185.1211,558.8594,3
3187.168,425,69.03553,4352,12,3.847656,159.30078,181.6328,562.3477,3
3187.168,425,70.81218,4352,10,3.847656,159.30078,182.3086,561.6719,3
3187.168,425,69.92288,4352,12,3.847656,159.30078,184.293,559.6875,3
3187.168,425,72.58883,4352,13,3.855469,159.30078,178.9336,565.0469,3
3187.168,425,73.93484,4352,15,3.855469,159.30078,176.4766,567.4961,3
3187.168,425,73.09645,4320,13,3.855469,159.30078,185.4375,558.5352,3
3187.168,425,72.37852,4320,7,3.855469,159.30078,187.4688,556.5039,3
3187.168,425,71.21212,4320,17,3.855469,159.30078,185.5117,558.4609,3
3187.184,425,69.87342,4320,13,3.863281,159.30078,186.6914,557.2812,3
3187.168,425,71.75573,4352,9,3.863281,159.30078,182.1836,561.7812,3
3187.168,425,69.52141,4352,12,3.863281,159.30078,179.8203,564.1445,3
3187.168,426,68.43434,4352,20,3.863281,159.30078,181.8203,562.1445,3
3187.168,426,70.55838,4352,9,3.863281,159.30078,184.4219,559.543,3
3187.168,426,72.1519,4352,11,3.863281,159.30078,185.0352,558.9297,3
3187.168,426,68.19338,4352,10,3.863281,159.30078,180.4023,563.5625,3
3187.168,426,64.8855,4352,7,3.863281,159.30078,181.6172,562.3477,3
3187.168,426,69.79695,4352,9,3.863281,159.30078,187.5938,556.3711,3
3187.168,426,70.30457,4352,8,3.863281,159.30078,189.4258,554.5391,3
3187.168,426,66.66667,4384,8,3.863281,159.30078,183.8477,560.1172,3
3187.168,426,72.9798,4384,10,3.871094,159.30078,183.6719,560.293,3
3187.168,426,68.18182,4384,13,3.871094,159.30078,181.6484,562.3086,3
3187.168,426,68.87755,4384,14,3.871094,159.30078,179.543,564.4141,3
3187.168,426,68.42105,4384,14,3.871094,159.30078,181.293,562.6641,3
