object_detection_rpi_mem.committed_Committed_AS,object_detection_rpi_system.active_processes_active,object_detection_rpi_system.cpu_user,object_detection_rpi_system.file_nr_used_used,object_detection_rpi_system.processes_running,object_detection_rpi_system.ram_buffers,object_detection_rpi_system.ram_cached,object_detection_rpi_system.ram_free,object_detection_rpi_system.ram_used,Target
3116.031,429,63.80208,4352,5,2.261719,245.4453,166.39062,493.0312,0
3116.031,429,62.2108,4352,6,2.261719,245.4453,168.4219,491.0,0
3116.031,429,60.05222,4352,7,2.261719,245.4453,164.65234,494.7695,0
3116.031,429,60.15424,4352,3,2.261719,245.4453,162.08203,497.3398,0
3116.031,429,63.68286,4352,5,2.261719,245.4453,161.20312,498.2188,0
3116.031,429,63.68286,4352,4,2.261719,245.4453,160.64453,498.7773,0
3116.031,429,62.72494,4352,7,2.261719,245.4453,162.67969,496.7422,0
3116.031,429,60.15424,4352,4,2.261719,245.4453,161.80859,497.6133,0
3116.031,429,59.69388,4352,10,2.261719,245.4453,161.44922,497.9727,0
3116.031,429,57.69231,4352,5,2.261719,245.4453,160.55859,498.8633,0
3116.031,429,63.77551,4352,10,2.261719,245.4453,160.09375,499.3281,0
3116.031,429,61.79487,4352,12,2.261719,245.4453,159.875,499.5469,0
3116.031,429,62.34097,4352,7,2.261719,245.4453,158.78516,500.6367,0
3116.031,429,60.40609,4352,3,2.261719,245.4453,158.64844,500.7734,0
3116.031,429,63.19797,4384,6,2.261719,240.1758,170.3438,494.3477,0
3116.031,429,58.26972,4384,7,2.269531,240.168,168.7422,495.9492,0
3116.031,429,63.65915,4384,8,2.269531,240.1758,167.375,497.3086,0
3116.031,429,63.42711,4384,6,2.269531,240.1758,167.01953,497.6641,0
3116.031,429,59.64912,4384,5,2.269531,240.1758,167.13281,497.5508,0
3116.031,429,61.30653,4352,11,2.269531,240.1758,165.24609,499.4375,0
3116.031,429,59.3985,4352,4,2.269531,240.1758,169.625,495.0586,0
3116.031,429,61.59601,4352,7,2.269531,240.1758,167.73828,496.9453,0
3118.914,429,56.65025,4352,11,2.269531,240.1758,167.49219,497.1914,0
3118.914,429,51.36476,4352,10,2.269531,240.1758,166.58984,498.0938,0
3118.914,429,56.60848,4352,10,2.269531,240.1758,169.5156,495.168,0
3118.914,429,60.30928,4352,10,2.269531,240.1758,167.39453,497.2891,0
3118.914,429,62.40209,4352,10,2.269531,240.1758,165.53516,499.1484,0
3118.914,429,60.62992,4352,14,2.269531,240.1758,164.38672,500.2969,0
3118.914,429,65.28497,4352,4,2.269531,240.1758,163.01953,501.6641,0
3116.031,429,59.27835,4352,4,2.277344,240.168,166.32031,498.3633,0
3116.031,429,61.24031,4352,5,2.277344,240.1758,164.26953,500.4062,0
3116.031,429,63.65979,4352,13,2.277344,240.1758,163.12109,501.5547,0
3116.031,429,62.46787,4352,5,2.277344,240.1758,162.0,502.6758,0
3116.031,429,60.0,4352,10,2.277344,240.1758,166.79297,497.8828,0
3116.031,429,58.85417,4352,3,2.277344,240.1758,170.1133,494.5625,0
3116.031,429,59.07928,4352,4,2.277344,240.1758,167.19922,497.4766,0
3116.031,429,61.9898,4352,10,2.277344,240.1797,166.07812,498.5938,0
3116.031,429,60.20408,4352,11,2.277344,240.1797,170.0859,494.5859,0
3116.031,429,59.84655,4352,8,2.277344,240.1797,167.59766,497.0742,0
3116.031,429,62.59542,4352,7,2.277344,240.1797,166.42188,498.25,0
3116.031,429,60.80402,4352,9,2.277344,240.1797,165.32812,499.3438,0
3116.031,429,59.59079,4352,13,2.285156,240.1797,163.71484,500.9492,0
3116.031,429,62.18274,4352,4,2.285156,240.1797,166.71484,497.9492,0
3116.031,429,61.22449,4352,9,2.285156,240.1797,165.07422,499.5898,0
3116.031,429,63.75,4352,7,2.285156,240.1797,168.2773,496.3867,0
3116.031,429,62.81407,4352,13,2.285156,240.1797,171.7344,492.9297,0
3116.031,429,63.03797,4352,6,2.285156,240.1797,168.4258,496.2383,0
3116.031,429,62.46851,4352,5,2.285156,240.1797,167.33203,497.332,0
3116.031,429,62.21662,4352,9,2.285156,240.1797,166.89453,497.7695,0
3116.031,429,62.53102,4352,10,2.285156,240.1797,165.11719,499.5469,0
3116.031,429,59.54774,4352,6,2.285156,240.1797,163.77734,500.8867,0
3116.031,429,62.22222,4352,10,2.285156,240.1797,161.67188,502.9922,0
3116.031,429,57.28395,4352,8,2.285156,240.1797,165.17578,499.4883,0
3116.031,429,48.30097,4352,8,2.285156,240.1797,164.00391,500.6602,0
3116.031,427,46.65012,4352,7,2.285156,240.1797,168.1875,496.4766,0
3116.031,427,59.34343,4352,8,2.285156,240.1797,170.7344,493.9297,0
3116.031,428,61.63683,4352,13,2.285156,240.2266,169.8047,494.8125,0
3116.031,428,59.17313,4384,11,2.285156,240.2266,168.9297,495.6875,0
3116.031,428,61.39896,4384,10,2.285156,240.2266,165.83984,498.7773,0
3116.953,428,62.95337,4352,6,2.285156,240.2266,169.6367,494.9805,0
3116.031,431,60.62176,4352,13,2.285156,240.2266,167.06641,497.5508,0
3116.031,428,58.44156,4352,9,2.285156,240.2266,165.45312,499.1641,0
3116.031,428,60.76923,4352,8,2.285156,240.2266,165.34766,499.2695,0
3116.031,428,65.03856,4352,5,2.285156,240.2266,175.4883,489.1289,0
3116.031,428,59.02062,4352,10,2.285156,240.2266,171.4883,493.1289,0
3116.031,429,57.80051,4352,16,2.285156,240.2266,168.918,495.6992,0
3116.031,429,60.05089,4352,10,2.285156,240.2266,167.27734,497.3398,0
3116.031,429,57.82828,4352,10,2.285156,240.2266,165.66797,498.9492,0
3116.031,429,60.35354,4352,11,2.285156,240.2266,164.82422,499.793,0
3116.031,429,63.56589,4352,9,2.285156,240.2266,164.96484,499.6523,0
3116.031,429,60.86957,4352,8,2.285156,240.2266,167.72656,496.8906,0
3116.047,429,58.61183,4352,11,2.285156,240.2266,170.7344,493.8828,0
3116.031,429,61.47959,4352,6,2.285156,240.2266,169.3281,495.2891,0
3116.031,429,64.46701,4352,10,2.285156,240.2266,168.1797,496.4375,0
3116.031,429,57.97468,4320,9,2.285156,240.2266,166.83984,497.7773,0
3116.031,429,58.58586,4320,9,2.285156,240.2266,164.44531,500.1719,0
3116.031,429,59.89975,4320,11,2.285156,240.2266,164.25781,500.3594,0
3116.031,429,61.51899,4320,11,2.285156,240.2266,166.78125,497.8359,0
3116.031,429,60.20151,4320,9,2.285156,240.2266,165.63672,498.9805,0
3116.031,429,64.48363,4320,10,2.285156,240.2266,168.418,496.1992,0
3116.031,429,58.98734,4320,10,2.285156,240.2266,167.02344,497.5938,0
3116.031,429,57.89474,4320,9,2.285156,240.2266,166.58594,498.0312,0
3116.031,429,54.87805,4320,10,2.285156,240.2266,165.67188,498.9453,0
3116.031,429,53.84615,4320,11,2.285156,240.2266,169.168,495.4492,0
3116.031,429,51.9802,4320,11,2.285156,240.2266,168.0586,496.5586,0
3116.031,429,55.80808,4320,8,2.292969,240.2266,167.8125,496.7969,0
3116.031,429,59.43152,4320,7,2.292969,240.2266,166.91016,497.6992,0
3116.031,429,60.86957,4320,5,2.292969,240.2266,165.57031,499.0391,0
3116.031,429,62.5323,4320,13,2.292969,240.2266,164.47656,500.1328,0
3116.031,429,62.30366,4320,9,2.292969,240.2266,168.375,496.2344,0
3116.031,429,58.54922,4320,11,2.308594,240.2109,166.70703,497.9023,0
3116.031,429,61.65803,4320,7,2.308594,240.2266,165.80469,498.7891,0
3116.031,429,68.0203,4320,16,2.308594,240.2266,166.39453,498.1992,0
3116.031,429,62.5974,4320,7,2.308594,240.5977,163.26562,500.957,0
3116.031,429,64.61538,4320,8,2.308594,240.6641,167.70703,496.4492,0
3116.031,429,57.36434,4320,9,2.308594,240.6641,164.85156,499.3047,0
3116.031,429,60.81425,4320,12,2.308594,240.6641,167.69922,496.457,0
3116.031,429,59.74359,4320,8,2.308594,240.6641,164.41797,499.7383,0
3116.031,429,58.41837,4320,12,2.308594,240.6641,166.66016,497.4961,0
3116.031,429,60.86957,4320,14,2.316406,240.6641,164.56641,499.582,0
3116.031,429,59.89717,4320,7,2.316406,240.6641,168.3672,495.7812,0
3116.031,429,59.18367,4320,6,2.316406,240.6641,166.58984,497.5586,0
3116.031,429,62.69036,4320,3,2.316406,240.6641,165.19531,498.9531,0
3116.031,429,64.73552,4320,14,2.316406,240.6641,164.04688,500.1016,0
3116.031,429,62.02532,4320,8,2.316406,240.6641,162.89844,501.25,0
3116.031,429,57.39796,4320,6,2.316406,240.6641,167.28125,496.8672,0
3116.031,429,59.49367,4320,3,2.316406,240.6641,164.97266,499.1758,0
3116.031,429,62.12121,4352,4,2.316406,240.6641,163.33203,500.8164,0
3116.031,429,60.91371,4352,6,2.316406,240.6641,161.69141,502.457,0
3116.031,429,63.34165,4352,15,2.316406,240.6641,160.59766,503.5508,0
3116.031,429,62.62626,4352,7,2.316406,240.6641,164.79297,499.3555,0
3116.031,429,59.20398,4352,4,2.316406,240.6641,163.16797,500.9805,0
3116.031,429,56.0794,4352,3,2.316406,240.6641,162.0625,502.0859,0
3116.031,429,52.68293,4352,5,2.316406,240.6641,162.99609,501.1523,0
3116.031,429,48.51485,4352,4,2.316406,240.6641,165.77734,498.3711,0
3116.031,429,55.38462,4352,11,2.316406,240.6641,165.625,498.5234,0
3116.031,429,62.82723,4352,7,2.316406,240.6641,163.98828,500.1602,0
3116.031,429,61.97917,4352,5,2.316406,240.6641,162.09375,502.0547,0
3116.031,429,60.56701,4352,3,2.316406,240.6641,165.59375,498.5547,0
3116.031,429,62.6943,4352,5,2.316406,240.6641,164.6875,499.4609,0
3116.031,429,62.92428,4352,3,2.316406,240.6641,169.1641,494.9844,0
3116.031,428,60.45918,4352,10,2.316406,240.6641,167.55078,496.5977,0
3116.031,428,62.92428,4352,4,2.316406,240.6641,167.10547,497.043,0
3116.031,428,60.71429,4352,7,2.316406,240.6641,166.42188,497.7266,0
3116.031,428,60.30928,4352,13,2.316406,240.6641,164.31641,499.832,0
3116.031,428,60.46512,4352,4,2.316406,240.6641,163.66016,500.4883,0
3116.031,426,59.48718,4352,4,2.316406,240.6641,163.22266,500.9258,0
3116.031,426,62.34097,4352,3,2.316406,240.6641,165.26953,498.8789,0
3116.031,426,61.83206,4352,9,2.316406,240.6641,162.89062,501.2578,0
3116.031,426,60.91371,4352,4,2.316406,240.6641,162.28906,501.8594,0
3116.031,426,61.77215,4352,8,2.316406,240.6641,160.92578,503.2227,0
3116.031,426,60.40609,4352,3,2.316406,240.6641,159.26172,504.8867,0
3116.031,426,57.80051,4352,5,2.316406,240.6641,158.36328,505.7852,0
3116.031,426,60.35354,4352,14,2.316406,240.6641,160.78906,503.3594,0
3116.031,426,61.73469,4352,5,2.316406,240.6641,162.69531,501.4531,0
3116.031,426,63.23907,4352,11,2.324219,240.6562,161.08203,503.0664,0
3116.031,425,63.38384,4352,12,2.324219,240.6641,161.08203,503.0586,0
3116.031,425,64.2132,4352,8,2.324219,240.6641,159.44141,504.6992,0
3116.031,425,57.10723,4352,14,2.324219,240.6641,163.40625,500.7344,0
3116.031,426,64.1604,4352,13,2.324219,240.6641,167.76172,496.3789,0
3116.031,426,59.24051,4352,3,2.324219,240.6641,165.20703,498.9336,0
3116.031,426,60.5985,4352,9,2.324219,240.6797,162.89453,501.2305,0
3116.031,426,58.63747,4352,8,2.324219,240.6797,162.45703,501.668,0
3116.031,426,50.24631,4352,4,2.324219,240.6797,165.00391,499.1211,0
3116.031,426,52.32274,4352,7,2.324219,240.6797,162.89844,501.2266,0
3116.031,426,48.62155,4352,11,2.324219,240.6797,167.52344,496.6016,0
3116.031,426,60.72351,4352,11,2.324219,240.6797,170.7539,493.3711,0
3116.031,426,59.94832,4352,4,2.324219,240.6797,168.4453,495.6797,0
3116.031,426,59.22078,4352,6,2.324219,240.6797,166.36719,497.7578,0
3116.031,426,61.69666,4352,5,2.324219,240.6797,165.92969,498.1953,0
3116.031,426,63.82429,4352,4,2.324219,240.6797,165.4375,498.6875,0
3116.031,426,59.59079,4352,9,2.324219,240.6797,167.10156,497.0234,0
3116.031,426,60.36269,4352,7,2.324219,240.6797,164.80469,499.3203,0
3116.031,426,61.12532,4352,8,2.324219,240.6797,163.45312,500.6719,0
3116.031,426,61.12532,4320,9,2.324219,240.6797,162.57812,501.5469,0
3116.031,426,60.15424,4320,3,2.324219,240.6797,160.11719,504.0078,0
3116.031,426,60.0,4320,4,2.324219,240.6797,163.37109,500.7539,0
3116.535,426,61.57761,4320,5,2.324219,240.6797,165.05859,499.0664,0
3116.535,426,58.26972,4320,6,2.324219,240.8359,167.69531,496.2734,0
3116.031,426,60.45918,4320,7,2.324219,240.8359,166.30078,497.668,0
3116.031,426,63.58974,4320,6,2.324219,240.8359,165.15234,498.8164,0
3116.031,426,60.0,4320,10,2.332031,240.8359,164.05859,499.9023,0
3116.031,426,59.13706,4320,10,2.332031,240.8359,162.88281,501.0781,0
3116.031,426,58.97436,4320,13,2.332031,240.8359,161.73438,502.2266,0
3116.031,426,64.07035,4320,12,2.332031,240.8359,160.33984,503.6211,0
3116.031,426,62.97229,4320,5,2.332031,240.8359,159.41016,504.5508,0
3116.031,426,63.40852,4320,6,2.332031,240.8359,162.37891,501.582,0
3116.031,426,64.32161,4320,10,2.332031,240.8359,165.77344,498.1875,0
3116.031,427,61.80905,4320,8,2.332031,240.8359,163.21875,500.7422,0
3116.031,426,62.2449,4320,3,2.339844,240.8359,162.28906,501.6641,0
3116.031,426,61.40351,4320,5,2.339844,240.8359,161.82422,502.1289,0
3116.031,426,61.67076,4320,13,2.339844,240.8359,161.38672,502.5664,0
3116.031,426,54.61347,4320,6,2.339844,240.8359,160.29297,503.6602,0
3116.031,426,56.71642,4320,5,2.339844,240.8359,163.37891,500.5742,0
3116.031,426,55.01222,4320,7,2.339844,240.8359,161.30469,502.6484,0
3116.031,426,49.0099,4320,12,2.339844,240.8359,159.75,504.2031,0
3116.031,426,60.41131,4320,7,2.339844,240.8359,159.09375,504.8594,0
3116.031,426,60.72351,4320,11,2.339844,240.8359,157.42969,506.5234,0
3116.031,426,63.80208,4320,14,2.339844,240.8359,165.4375,498.5156,0
3116.031,426,61.12532,4320,10,2.339844,240.8359,164.27734,499.6758,0
3116.031,426,61.03896,4320,12,2.339844,240.8359,167.09766,496.8555,0
3116.031,427,60.76923,4320,6,2.339844,240.8359,163.39844,500.5547,0
3116.031,427,59.58549,4320,9,2.339844,240.8359,162.27734,501.6758,0
3116.031,427,61.2987,4320,5,2.339844,240.8359,161.15625,502.7969,0
3116.031,427,62.37113,4320,10,2.339844,240.8359,160.71875,503.2344,0
3116.031,427,62.07792,4320,9,2.339844,240.8359,159.05078,504.9023,0
3116.047,427,61.22449,4320,12,2.339844,240.8359,158.14844,505.8047,0
3116.031,427,62.78481,4320,4,2.339844,240.1523,163.25,501.3867,0
3116.031,427,61.86869,4288,6,2.339844,240.0859,161.66016,503.043,0
3116.031,427,60.20408,4288,6,2.339844,240.0859,164.22656,500.4766,0
3116.031,427,61.26582,4288,10,2.339844,240.0859,166.65234,498.0508,0
3116.031,427,57.94872,4288,6,2.339844,240.0859,164.5625,500.1406,0
3116.031,427,62.0603,4288,5,2.339844,240.0859,168.0703,496.6328,0
3116.031,427,60.30534,4288,8,2.339844,240.4727,166.86719,497.4492,0
3116.031,427,60.30151,4288,13,2.339844,240.4727,165.69531,498.6211,0
3116.031,427,61.53846,4288,9,2.339844,240.4727,164.08203,500.2344,0
3116.031,427,63.72796,4288,15,2.339844,240.4727,162.27734,502.0391,0
3116.031,427,60.4534,4320,9,2.339844,240.4727,162.11719,502.1992,0
3116.031,427,60.85859,4320,17,2.347656,240.4727,164.74219,499.5664,0
3116.031,427,59.64912,4320,9,2.347656,240.4727,161.95312,502.3555,0
3116.031,427,61.0,4320,15,2.347656,240.4727,161.29688,503.0117,0
3116.031,427,60.90226,4320,5,2.347656,240.4727,160.85938,503.4492,0
3116.031,427,59.10224,4320,9,2.347656,240.4727,159.95703,504.3516,0
3116.031,427,56.3591,4320,14,2.347656,240.4727,159.19531,505.1133,0
3116.031,427,49.01961,4320,11,2.355469,240.4727,158.37109,505.9297,0
3116.031,427,46.5,4320,9,2.355469,219.0898,183.7617,501.9219,0
3116.031,427,55.97964,4320,10,2.355469,219.0898,187.5156,498.168,0
3116.031,427,59.53608,4320,11,2.355469,219.0898,185.207,500.4766,0
3116.031,427,59.32642,4320,10,2.355469,219.0898,184.9883,500.6953,0
3116.031,427,62.07792,4320,7,2.355469,219.0898,189.0039,496.6797,0
3116.031,427,62.05128,4320,16,2.355469,219.0898,186.6523,499.0312,0
3116.031,427,57.80051,4320,10,2.355469,219.0898,185.5039,500.1797,0
3116.031,427,57.78364,4320,8,2.355469,219.0898,185.5547,500.1289,0
3116.031,427,56.84755,4320,14,2.355469,219.0898,184.875,500.8086,0
3116.031,427,60.4712,4320,9,2.355469,219.0898,183.0312,502.6523,0
3116.031,427,63.68286,4320,10,2.355469,219.0898,182.0742,503.6094,0
3116.031,427,58.61183,4320,8,2.355469,219.0938,180.9805,504.6992,0
3116.031,427,61.57761,4320,13,2.355469,219.0938,180.1055,505.5742,0
3116.031,426,60.82474,4320,9,2.355469,219.0938,179.4492,506.2305,0
3116.031,426,58.92857,4320,8,2.355469,219.0938,179.5234,506.1562,0
3116.031,426,61.0687,4320,10,2.355469,219.0938,179.8242,505.8555,0
3116.031,426,62.8866,4320,7,2.355469,219.0938,190.082,495.5977,0
3116.031,426,62.37374,4320,9,2.363281,219.0938,187.0391,498.6328,0
3116.031,426,63.70558,4320,8,2.363281,219.0938,185.4414,500.2305,0
3116.031,426,62.02532,4320,9,2.363281,219.0938,184.293,501.3789,0
3116.031,426,62.94416,4320,8,2.363281,219.0938,187.6016,498.0703,0
3116.031,426,63.10433,4320,8,2.363281,219.0938,185.5117,500.1602,0
3116.031,426,58.94207,4320,9,2.363281,219.0938,184.6094,501.0625,0
3116.031,426,60.81425,4320,14,2.363281,219.0938,183.9531,501.7188,0
3116.031,426,61.16751,4320,9,2.363281,219.0938,183.2695,502.4023,0
3116.031,426,64.1604,4320,8,2.363281,219.0938,182.832,502.8398,0
3116.031,426,63.0,4320,11,2.363281,219.0938,181.9297,503.7422,0
3116.031,426,58.2716,4320,8,2.363281,219.0938,180.5664,505.1055,0
3116.031,426,55.66502,4320,7,2.363281,219.0938,179.6367,506.0352,0
3116.031,425,52.61845,4320,15,2.363281,219.0938,183.2031,502.4688,0
3116.031,425,52.23881,4320,10,2.363281,219.0938,181.6719,504.0,0
3116.031,425,51.93798,4320,8,2.363281,219.0938,189.7188,495.9531,0
3116.031,425,65.02591,4320,9,2.363281,219.0938,186.7031,498.9688,0
3116.031,425,61.67979,4352,9,2.363281,219.0938,185.9922,499.6797,0
3116.031,425,61.2987,4352,5,2.371094,219.0938,185.3086,500.3555,0
3116.031,425,57.289,4352,8,2.371094,219.0938,185.0898,500.5742,0
3116.031,425,62.82723,4352,13,2.371094,219.0938,183.6836,501.9805,0
3116.031,425,66.23711,4352,4,2.371094,219.0938,182.7812,502.8828,0
3116.031,425,60.82474,4352,5,2.371094,219.0938,181.6328,504.0312,0
3116.031,425,61.9898,4352,4,2.371094,219.0938,180.2656,505.3984,0
3116.031,425,57.8534,4352,9,2.371094,219.0938,184.8945,500.7695,0
3116.031,425,64.69072,4352,11,2.371094,219.0938,187.4531,498.2109,0
3116.031,425,64.0625,4352,11,2.371094,219.0938,184.9258,500.7383,0
3116.031,425,59.84655,4352,10,2.371094,219.0938,183.0938,502.5703,0
3116.031,425,62.69036,4352,4,2.511719,219.0938,182.0,503.5234,0
3116.031,425,63.07692,4352,3,2.511719,219.0938,179.168,506.3555,0
3116.031,425,62.5,4352,8,2.511719,219.0938,178.2656,507.2578,0
3116.031,425,64.28571,4352,8,2.511719,219.0938,177.3633,508.1602,0
3116.031,425,64.45013,4352,7,2.511719,219.0938,176.8984,508.625,0
3116.031,425,60.91371,4352,3,2.511719,219.0938,180.7695,504.7539,0
3116.031,425,60.40609,4352,6,2.519531,219.0938,178.9531,506.5625,0
3116.031,425,61.42132,4352,7,2.519531,219.0938,176.6562,508.8594,0
3116.031,425,62.59542,4352,3,2.519531,219.0938,179.8945,505.6211,0
3116.031,425,64.72081,4352,3,2.519531,219.0938,178.2812,507.2344,0
3116.031,425,63.40852,4352,3,2.519531,219.0938,176.668,508.8477,0
3116.031,425,61.0,4352,7,2.519531,219.0938,180.8086,504.707,0
3116.031,425,61.53846,4352,9,2.519531,219.0938,178.7422,506.7734,0
3116.031,425,62.68657,4352,4,2.519531,219.0938,180.5547,504.9609,0
3116.031,425,56.10973,4352,5,2.519531,219.0938,178.75,506.7656,0
3116.031,425,55.3616,4352,3,2.519531,219.0938,181.6797,503.8359,0
3116.031,425,45.54455,4320,4,2.519531,219.0938,186.1953,499.3203,0
3116.031,425,47.05882,4320,7,2.519531,219.0938,181.9844,503.5312,0
3116.031,425,62.8866,4320,5,2.519531,219.0938,181.3008,504.2148,0
3116.031,425,59.02062,4320,10,2.519531,219.0938,179.2461,506.2695,0
3116.031,425,64.41558,4320,4,2.519531,219.0938,178.8633,506.6523,0
3116.031,425,61.34021,4320,5,2.519531,219.0938,176.8125,508.7031,0
3116.031,425,62.62887,4320,7,2.519531,219.0938,184.5859,500.9297,0
3116.031,425,61.59794,4320,10,2.519531,219.0938,181.8438,503.6719,0
3116.031,425,61.47959,4320,4,2.519531,219.0938,181.1875,504.3281,0
3116.031,425,60.62176,4320,5,2.519531,219.0938,183.5039,502.0117,0
3116.031,425,60.41667,4320,9,2.519531,219.0938,179.8945,505.6211,0
3116.031,425,60.62176,4320,4,2.519531,219.0938,179.4688,506.0469,0
3116.031,425,64.69072,4320,7,2.519531,219.0938,177.6914,507.8242,0
3116.031,425,64.63104,4320,10,2.519531,219.0938,185.6562,499.8594,0
3116.031,425,62.7907,4320,8,2.519531,219.0938,184.0469,501.4688,0
3116.031,425,59.28753,4320,5,2.519531,219.0938,182.7383,502.7773,0
3116.031,425,62.9156,4320,11,2.527344,219.0859,179.1016,506.4141,0
3116.031,425,61.42132,4320,4,2.527344,219.0938,177.8984,507.6094,0
3116.031,425,61.92893,4320,4,2.527344,219.0938,182.3711,503.1367,0
3116.031,425,63.45178,4320,3,2.527344,219.0938,181.2773,504.2305,0
3116.031,425,61.26582,4320,15,2.527344,219.0938,184.1836,501.3242,0
3116.031,425,63.95939,4320,5,2.527344,219.0938,183.2266,502.2812,0
3116.031,425,60.91371,4320,5,2.527344,219.0938,181.8594,503.6484,0
3116.031,425,64.05063,4320,5,2.527344,219.0938,180.4922,505.0156,0
3116.031,425,64.2132,4320,7,2.527344,219.0938,180.082,505.4258,0
3116.031,425,60.65163,4320,11,2.527344,219.0938,178.6875,506.8203,0
3116.031,425,58.25,4320,4,2.527344,219.0938,177.9805,507.5273,0
3116.031,425,62.90727,4320,6,2.527344,219.0938,178.043,507.4648,0
3116.031,425,58.45771,4320,9,2.527344,219.0938,179.3555,506.1523,0
3116.031,425,55.88972,4320,6,2.527344,219.0938,178.9453,506.5625,0
3116.031,425,52.72277,4320,7,2.527344,219.0938,182.0781,503.4297,0
3116.031,426,51.99005,4320,4,2.527344,219.0938,179.9766,505.5312,0
3116.031,426,57.4359,4320,5,2.527344,219.0938,178.8281,506.6797,0
3116.031,426,59.48718,4320,10,2.527344,219.0938,177.5234,507.9844,0
3116.031,426,61.45833,4320,10,2.527344,219.0938,186.2891,499.2188,0
3116.031,426,61.39896,4320,10,2.527344,219.0938,183.5273,501.9805,0
3116.031,426,62.2449,4320,4,2.527344,219.0938,183.0898,502.418,0
3116.031,426,64.96164,4320,5,2.527344,219.0938,181.75,503.7578,0
3116.031,426,66.06684,4320,10,2.527344,219.0938,179.2344,506.2734,0
3116.031,427,61.75711,4320,7,2.527344,219.0938,177.4023,508.1055,0
3116.031,427,62.33766,4320,10,2.527344,219.0938,180.1875,505.3203,0
3116.031,427,58.71795,4320,7,2.527344,219.0938,178.3555,507.1523,0
3116.031,427,62.5323,4320,8,2.527344,219.0938,187.9492,497.5586,0
3116.031,427,63.54167,4320,5,2.527344,219.0938,184.8867,500.6211,0
3116.031,427,59.84655,4320,13,2.535156,219.0859,183.2734,502.2344,0
3116.031,427,63.42711,4320,11,2.535156,219.0938,181.6328,503.8672,0
3116.031,427,62.40409,4320,9,2.535156,219.0938,181.0039,504.4961,0
3116.031,427,62.5,4320,13,2.535156,219.0938,180.5117,504.9883,0
3116.031,427,58.43829,4320,13,2.535156,219.0938,183.7773,501.7227,0
3116.031,427,59.84655,4320,6,2.535156,219.0938,182.3828,503.1172,0
3116.031,427,64.45013,4352,6,2.535156,219.0938,184.3867,501.1133,0
3116.031,429,65.90331,4352,10,2.535156,219.0938,182.0625,503.4375,0
3116.031,427,64.81013,4352,11,2.535156,219.0938,180.6406,504.8594,0
3116.031,427,61.90476,4352,6,2.535156,219.0938,179.6875,505.8125,0
3116.047,427,62.18274,4352,6,2.535156,219.0938,183.4062,502.0938,0
3116.031,427,61.59601,4352,6,2.535156,219.0938,182.2578,503.2422,0
3116.031,427,65.17413,4352,7,2.535156,219.0938,180.6719,504.8281,0
3116.031,427,61.5,4352,13,2.535156,219.0938,180.0156,505.4844,0
3116.031,427,58.54271,4352,13,2.535156,219.0938,178.4844,507.0156,0
3116.031,427,57.42092,4352,15,2.535156,219.0938,178.0469,507.4531,0
3116.031,427,55.83127,4352,8,2.535156,219.2461,176.707,508.6406,0
3116.031,427,50.73892,4352,17,2.535156,219.2461,180.7656,504.582,0
3116.031,427,57.03325,4352,14,2.535156,219.2461,184.6289,500.7188,0
3116.031,427,59.05512,4352,8,2.535156,219.2461,183.3438,502.0039,0
3116.031,427,61.45833,4352,7,2.535156,219.2461,181.4297,503.918,0
3116.031,427,63.21244,4352,13,2.535156,219.2461,182.1367,503.2109,0
3116.031,427,60.15625,4352,8,2.535156,219.2461,180.1172,505.2305,0
3116.031,427,65.89744,4352,10,2.535156,219.2461,179.4609,505.8867,0
3116.031,427,59.63542,4352,13,2.542969,219.2461,182.7266,502.6133,0
3116.031,427,62.2108,4352,6,2.542969,219.2461,186.0625,499.2773,0
3116.031,427,61.1399,4352,7,2.542969,219.3438,182.7656,502.4766,0
3116.031,427,58.97436,4352,9,2.542969,219.3711,182.1094,503.1055,0
3116.031,427,62.43523,4352,11,2.542969,219.3711,181.2344,503.9805,0
3116.031,427,61.73469,4352,8,2.542969,219.4336,184.1953,500.957,0
3116.031,427,62.7907,4320,10,2.542969,219.4336,182.3047,502.8477,0
3116.031,427,67.00767,4320,14,2.542969,219.4336,186.3477,498.8047,0
3116.031,427,61.43959,4320,7,2.542969,219.4336,184.7734,500.3789,0
3116.031,427,60.75949,4320,9,2.542969,219.4336,182.8867,502.2656,0
3116.031,427,57.98969,4320,9,2.542969,219.4336,180.4844,504.668,0
3116.031,427,63.19797,4320,11,2.542969,219.4336,184.8711,500.2812,0
3116.031,427,62.84987,4320,7,2.542969,219.4336,186.9727,498.1797,0
3116.031,427,62.9156,4320,9,2.542969,219.4336,185.332,499.8203,0
3116.031,427,60.10101,4320,7,2.542969,219.4336,183.2539,501.8984,0
3116.031,427,64.64646,4320,8,2.542969,219.4336,180.1914,504.9609,0
3116.031,427,63.22418,4320,12,2.542969,219.4336,178.3047,506.8477,0
3116.031,427,65.58603,4320,13,2.542969,219.4336,185.2578,499.8945,0
3116.031,427,63.47607,4352,12,2.542969,219.4336,182.4961,502.6562,0
3116.031,427,62.53102,4352,8,2.542969,219.4336,181.1016,504.0508,0
3116.031,427,62.37624,4352,13,2.542969,219.4336,179.9805,505.1719,0
3116.031,427,59.29648,4352,8,2.542969,219.4336,182.3164,502.8359,0
3116.031,427,51.47783,4352,15,2.542969,219.4336,181.3984,503.7539,0
3116.031,427,46.88279,4352,9,2.542969,219.4336,182.2188,502.9336,0
3116.031,427,61.92893,4352,9,2.542969,219.4336,182.7969,502.3555,0
3116.031,427,61.97917,4352,10,2.542969,219.4336,181.8945,503.2578,0
3116.031,427,58.65633,4352,12,2.542969,219.4336,180.7461,504.4062,0
3116.031,427,63.8961,4352,8,2.542969,219.4336,179.6562,505.4961,0
3116.031,427,60.77922,4352,9,2.542969,219.4336,181.4727,503.6797,0
3116.031,427,59.18367,4352,7,2.542969,219.4336,180.7617,504.3906,0
3116.031,427,64.41558,4352,8,2.542969,219.4336,179.3945,505.7578,0
3116.031,427,61.97917,4352,11,2.542969,219.4336,178.2734,506.8789,0
3116.031,425,60.30928,4352,8,2.542969,219.4336,178.3281,506.8242,0
3116.031,425,62.5641,4352,7,2.542969,219.4336,182.043,503.1094,0
3116.031,425,64.10256,4352,4,2.542969,219.4336,180.7031,504.4492,0
3116.031,425,61.47959,4384,3,2.542969,219.4336,180.0195,505.1328,0
3116.031,425,61.57761,4384,6,2.542969,219.4336,178.1875,506.9648,0
3116.031,425,57.25191,4384,10,2.542969,219.4336,182.6719,502.4805,0
3116.031,425,59.18367,4384,16,2.542969,219.4336,179.9141,505.2383,0
3116.031,425,61.67513,4384,3,2.542969,219.4336,182.4336,502.7188,0
3116.031,425,61.92893,4384,4,2.542969,219.4336,185.9648,499.1875,0
3116.031,425,61.67513,4384,3,2.550781,219.4336,184.0781,501.0664,0
3116.031,425,62.2449,4384,4,2.550781,219.5312,183.1602,501.8867,0
3116.031,425,63.29114,4384,3,2.550781,219.5586,181.5469,503.4727,0
3116.031,425,64.70588,4352,3,2.550781,219.5586,180.5898,504.4297,0
3116.031,425,63.86768,4352,7,2.550781,219.5586,179.6875,505.332,0
3116.031,425,62.59352,4352,13,2.550781,219.5586,178.5391,506.4805,0
3116.031,425,61.40351,4352,10,2.550781,219.5586,177.0859,507.9336,0
3116.031,425,63.29114,4320,3,2.550781,219.5586,180.7461,504.2734,0
3116.031,425,63.26531,4320,8,2.550781,219.5586,178.9141,506.1055,0
3116.031,425,61.48148,4320,4,2.550781,219.5586,178.4766,506.543,0
3116.031,425,57.63547,4320,4,2.550781,219.5586,177.3555,507.6641,0
3116.031,425,53.33333,4320,6,2.550781,219.5586,176.0273,508.9922,0
3116.031,425,50.0,4320,4,2.550781,219.5586,175.6719,509.3477,0
3116.031,425,48.73096,4320,4,2.550781,219.5586,180.6211,504.3984,0
3116.031,425,59.89583,4320,3,2.550781,219.5586,178.2969,506.7227,0
3116.031,425,61.95373,4320,3,2.550781,219.5586,176.9023,508.1172,0
3116.031,425,61.03896,4320,11,2.550781,219.5586,180.1562,504.8633,0
3116.031,425,63.23907,4320,7,2.550781,219.5586,178.1328,506.8867,0
3116.031,425,60.99476,4352,8,2.550781,219.5586,176.9844,508.0352,0
3116.031,425,60.61381,4352,6,2.550781,219.5586,175.8672,509.1523,0
3116.031,425,66.23711,4352,13,2.550781,219.5586,181.5508,503.4688,0
3116.031,425,61.79487,4384,8,2.550781,219.5586,179.9961,505.0234,0
3116.031,425,62.14099,4384,8,2.550781,219.5586,179.0859,505.9336,0
3116.031,425,64.96164,4352,5,2.550781,219.5586,177.8633,507.1562,0
3116.031,425,61.71875,4352,7,2.550781,219.5586,180.7852,504.2344,0
3116.031,425,61.89258,4352,8,2.550781,219.5586,179.418,505.6016,0
3116.031,426,59.89848,4352,4,2.550781,219.5586,178.7109,506.3086,0
3116.031,426,60.50633,4352,5,2.558594,219.5547,176.4414,508.5742,0
3116.031,426,63.61323,4352,15,2.558594,219.5586,175.5195,509.4922,0
3116.031,426,60.25316,4352,4,2.558594,219.5586,175.3516,509.6602,0
3116.031,426,61.18252,4320,7,2.558594,219.5586,179.4102,505.6016,0
3116.031,426,57.65306,4320,4,2.558594,219.5586,177.7266,507.2852,0
3116.031,426,61.61616,4320,6,2.558594,219.5586,177.5078,507.5039,0
3116.031,426,62.7551,4320,4,2.558594,219.5586,176.4141,508.5977,0
3116.031,426,62.40409,4320,3,2.558594,219.5586,177.2031,507.8086,0
3116.031,426,63.88889,4320,5,2.558594,219.5586,178.2695,506.7422,0
3116.031,426,63.97985,4320,9,2.558594,219.5586,177.3711,507.6406,0
3116.031,426,60.401,4320,11,2.558594,219.5586,181.2539,503.7578,0
3116.031,426,61.15288,4320,5,2.558594,219.5586,180.1328,504.8789,0
3116.031,426,60.70529,4320,10,2.558594,219.5586,183.7656,501.2461,0
3116.031,425,58.75,4320,16,2.558594,219.5586,182.5352,502.4766,0
3116.031,426,54.27136,4352,5,2.558594,219.5586,181.1797,503.832,0
3116.031,426,53.54523,4352,4,2.558594,219.5586,180.0312,504.9805,0
3116.031,426,52.80612,4352,10,2.558594,219.5586,178.4453,506.5664,0
3116.031,426,58.61183,4352,9,2.558594,219.5586,176.832,508.1797,0
3116.031,426,58.7013,4352,4,2.558594,219.5586,175.7148,509.2969,0
3116.031,426,64.41558,4352,8,2.558594,219.5586,179.6367,505.375,0
3116.031,426,58.35476,4352,4,2.558594,219.5586,178.2422,506.7695,0
3116.031,426,59.27835,4352,6,2.558594,219.5586,181.543,503.4688,0
3116.031,426,61.71875,4352,13,2.558594,219.5586,185.6367,499.375,0
3116.031,426,62.5,4352,5,2.558594,219.5586,183.1172,501.8945,0
3116.031,426,62.46787,4352,5,2.558594,219.5586,181.9805,503.0312,0
3116.031,426,63.33333,4352,13,2.558594,219.5586,180.832,504.1797,0
3116.031,426,61.9898,4352,4,2.558594,219.5586,178.0156,506.9961,0
3116.031,426,60.05155,4352,7,2.566406,219.5586,176.4062,508.5977,0
3116.031,426,60.81425,4352,5,2.566406,219.5586,179.6602,505.3438,0
3116.031,426,61.16751,4352,12,2.566406,219.5586,178.5391,506.4648,0
3116.031,426,63.07692,4352,5,2.566406,219.5586,177.6367,507.3672,0
3116.031,426,59.69388,4352,7,2.566406,219.5586,176.543,508.4609,0
3116.031,427,60.71429,4352,6,2.566406,219.5586,177.7656,507.2383,0
3116.031,427,62.82051,4352,13,2.566406,219.5586,179.8711,505.1328,0
3116.031,427,61.28205,4352,9,2.566406,219.5586,181.4023,503.6016,0
3116.031,427,59.79899,4352,8,2.566406,219.5586,180.7461,504.2578,0
3116.031,427,63.91753,4352,3,2.566406,219.5586,178.2305,506.7734,0
3116.031,427,60.84788,4352,10,2.566406,219.5586,181.1953,503.8086,0
3116.031,427,65.13995,4352,7,2.566406,219.5586,185.6445,499.3594,0
3116.031,427,63.97985,4352,12,2.566406,219.5586,183.5586,501.4453,0
3116.031,427,64.46701,4352,4,2.566406,219.5586,182.4102,502.5938,0
3116.031,427,63.40852,4352,8,2.566406,219.5586,181.5352,503.4688,0
3116.031,427,61.01266,4352,4,2.566406,219.5586,180.6055,504.3984,0
3116.031,427,62.43655,4352,11,2.566406,219.5586,178.7734,506.2305,0
3116.031,427,59.31373,4352,5,2.566406,219.5586,177.4453,507.5586,0
3116.031,428,57.21393,4352,12,2.566406,219.5586,177.9961,507.0078,0
3116.031,427,50.49261,4352,9,2.566406,219.5586,178.5469,506.457,0
3116.031,427,56.2982,4352,7,2.566406,219.5586,181.2969,503.707,0
3116.031,427,61.12532,4352,9,2.574219,219.5508,180.3438,504.6602,0
3116.031,427,63.11688,4352,10,2.574219,219.5586,184.0586,500.9375,0
3116.031,427,61.38107,4352,8,2.574219,219.5586,181.7617,503.2344,0
3116.031,427,59.31759,4352,5,2.574219,219.5586,179.875,505.1211,0
3116.031,427,60.99476,4352,11,2.574219,219.5586,178.4805,506.5156,0
3116.031,427,62.72494,4352,11,2.574219,219.5586,178.2617,506.7344,0
3116.031,427,62.18274,4352,10,2.574219,219.5586,178.0508,506.9453,0
3116.031,427,60.05222,4352,8,2.574219,219.5586,181.207,503.7891,0
3116.031,427,60.98191,4352,9,2.574219,219.5586,178.6094,506.3867,0
3116.031,427,61.55844,4352,9,2.574219,219.5586,180.7305,504.2656,0
3116.031,427,58.50515,4352,14,2.574219,219.5586,183.1641,501.832,0
3116.031,427,62.2449,4352,15,2.574219,219.5586,186.8008,498.1953,0
3116.031,427,60.05089,4352,11,2.574219,219.5586,183.793,501.2031,0
3116.031,426,57.90816,4352,16,2.574219,219.5586,181.6875,503.3086,0
3116.031,426,60.15228,4352,11,2.574219,219.5586,179.5547,505.4414,0
3116.031,426,60.51282,4384,5,2.574219,219.5586,178.8477,506.1484,0
3116.031,426,64.54082,4384,5,2.574219,219.5586,178.7148,506.2812,0
3116.031,426,60.70529,4384,9,2.574219,219.5586,177.625,507.3711,0
3116.031,426,60.75949,4384,9,2.574219,219.5586,175.5742,509.4219,0
3116.031,426,60.45918,4384,9,2.574219,219.5586,180.1953,504.8008,0
3116.031,426,62.21662,4384,8,2.574219,219.5586,178.8047,506.1914,0
3116.031,426,62.5,4384,11,2.574219,219.5586,178.4531,506.543,0
3116.031,426,62.69036,4384,9,2.574219,219.5586,181.8867,503.1094,0
3116.031,426,61.55779,4384,7,2.574219,219.5586,180.0273,504.9688,0
3116.031,426,62.40602,4384,10,2.574219,219.5586,184.4492,500.5469,0
3116.031,426,58.60349,4384,9,2.574219,219.5586,181.1875,503.8086,0
3116.031,426,58.35411,4384,11,2.574219,219.5586,180.0703,504.9258,0
3116.031,426,54.5,4384,4,2.574219,219.5586,178.9766,506.0195,0
3116.031,426,51.94175,4384,8,2.574219,219.5586,177.5664,507.4297,0
3116.031,426,56.52174,4384,15,2.574219,219.5586,181.5234,503.4727,0
3116.031,426,60.20672,4384,13,2.574219,219.5586,178.6523,506.3438,0
3116.031,425,58.54922,4384,12,2.574219,219.5586,176.5469,508.4492,0
3116.031,425,63.73057,4352,10,2.574219,219.5586,178.918,506.0781,0
3116.047,425,61.19792,4352,14,2.582031,219.5508,176.5664,508.4297,0
3116.031,425,60.25641,4352,13,2.582031,219.5586,181.0312,503.957,0
3116.031,425,61.75711,4352,5,2.582031,219.5586,183.3672,501.6211,0
3116.031,425,62.82051,4352,7,2.582031,219.5586,181.7383,503.25,0
3116.031,425,61.03896,4352,12,2.582031,219.5586,180.8398,504.1484,0
3116.031,425,64.34109,4352,14,2.582031,219.5586,179.2539,505.7344,0
3116.031,425,59.38303,4352,11,2.582031,219.5586,177.4766,507.5117,0
3116.031,425,61.63683,4352,11,2.582031,219.5586,181.3828,503.6055,0
3116.031,425,63.75321,4352,8,2.582031,219.5586,180.0156,504.9727,0
3116.031,425,61.95373,4352,9,2.582031,219.5586,179.3594,505.6289,0
3116.031,425,67.58794,4352,9,2.582031,219.5586,183.5117,501.4766,0
3116.031,425,62.87879,4352,8,2.582031,219.5586,182.3633,502.625,0
3116.031,425,59.59596,4352,9,2.582031,219.5586,186.832,498.1562,0
3116.031,425,58.67347,4352,16,2.589844,219.6836,183.3438,501.5117,0
3116.031,424,65.15152,4352,13,2.589844,219.6836,181.6758,503.1797,0
3116.031,424,59.54774,4352,9,2.589844,219.6836,180.582,504.2734,0
3116.031,424,56.63265,4352,7,2.589844,219.6836,178.2578,506.5977,0
3116.031,424,63.40852,4352,6,2.589844,219.6836,179.0117,505.8438,0
3116.031,424,65.56962,4352,8,2.589844,219.6836,181.7305,503.125,0
3115.293,424,60.15228,4352,12,2.589844,219.6836,180.1719,504.6836,0
3117.016,423,63.06533,4352,10,2.589844,219.6836,179.0234,505.832,0
3116.031,425,61.53846,4320,8,3.015625,221.4922,175.4648,507.1562,0
3116.031,425,55.72139,4320,8,3.1875,228.8633,167.23438,507.8438,0
3116.031,425,59.75309,4320,11,3.1875,228.8633,171.8477,503.2305,0
3116.031,425,57.35661,4320,5,3.1875,228.8633,170.918,504.1602,0
3116.031,425,49.26829,4320,5,3.1875,228.8633,170.0156,505.0625,0
3116.031,425,48.12968,4320,5,3.1875,228.8633,166.89844,508.1797,0
3116.031,425,63.0102,4320,4,3.195312,228.8555,171.0391,504.0391,0
3116.031,425,60.51282,4320,6,3.195312,228.8633,168.0039,507.0664,0
3116.031,425,59.53608,4320,3,3.195312,228.8633,166.66406,508.4062,0
3116.031,425,63.98964,4320,4,3.195312,228.8633,167.28906,507.7812,0
3116.031,425,60.05155,4320,5,3.195312,228.8633,170.668,504.4023,0
3116.031,425,60.77922,4320,3,3.195312,228.8633,173.4141,501.6562,0
3116.031,425,61.0687,4320,8,3.195312,228.8633,171.7852,503.2852,0
3116.031,425,61.69666,4320,3,3.195312,228.8633,171.1289,503.9414,0
3116.031,425,57.51295,4320,5,3.195312,228.8633,169.9805,505.0898,0
3117.035,425,65.80311,4320,4,3.195312,228.8633,168.1211,506.9492,0
3117.035,425,57.289,4320,5,3.203125,228.8633,172.5312,502.5312,0
3117.035,425,62.62887,4320,3,3.203125,228.8633,171.1914,503.8711,0
3116.031,425,60.30534,4320,7,3.203125,228.8633,170.2344,504.8281,0
3116.031,425,59.48718,4320,7,3.203125,228.8633,170.4844,504.5781,0
3116.031,425,62.5641,4320,6,3.203125,228.8633,174.918,500.1445,0
3116.031,425,65.3944,4320,4,3.203125,228.8633,173.0859,501.9766,0
3116.031,425,60.35354,4320,3,3.203125,228.8633,170.75,504.3125,0
3116.031,425,63.84615,4320,9,3.203125,228.8633,174.5273,500.5352,0
3116.031,425,57.14286,4320,13,3.203125,228.8633,171.9297,503.1328,0
3116.031,425,59.48718,4320,5,3.203125,228.8633,170.5078,504.5547,0
3116.031,425,60.80402,4320,5,3.203125,228.8633,174.7461,500.3164,0
3116.031,425,61.61616,4320,3,3.203125,228.8633,172.6406,502.4219,0
3116.031,425,62.12121,4320,4,3.203125,228.8633,171.7656,503.2969,0
3116.031,425,62.84289,4320,9,3.203125,228.8633,170.125,504.9375,0
3116.031,425,64.91228,4320,4,3.203125,228.8633,169.2227,505.8398,0
3116.031,425,59.45274,4320,4,3.203125,228.8633,167.14453,507.918,0
3116.031,425,58.29146,4320,4,3.203125,228.9805,172.3047,502.6406,0
3116.031,425,56.85786,4320,10,3.210938,228.9727,170.2266,504.7188,0
3116.031,425,51.55875,4320,12,3.210938,228.9805,173.6523,501.2852,0
3116.031,425,50.87719,4320,8,3.210938,228.9805,172.0664,502.8711,0
3116.031,425,57.62274,4320,13,3.210938,228.9805,170.6992,504.2383,0
3116.031,425,60.83551,4320,11,3.210938,228.9805,169.0586,505.8789,0
3116.031,425,64.93506000000001,4320,5,3.210938,228.9805,168.6445,506.293,0
3116.031,425,60.10363,4320,4,3.210938,228.9805,166.875,508.0625,0
3116.031,425,63.65979,4320,5,3.210938,228.9805,166.47266,508.4648,0
3116.031,425,60.66838,4320,10,3.210938,228.9805,164.67188,510.2656,0
3116.031,425,59.375,4320,9,3.210938,228.9805,169.4727,505.4648,0
3116.031,425,58.29016,4320,8,3.210938,228.9805,172.0508,502.8867,0
3116.031,425,61.59794,4320,4,3.210938,228.9805,174.4336,500.5039,0
3116.414,425,63.07692,4320,5,3.210938,228.9805,173.75,501.1875,0
3116.031,426,63.26531,4320,11,3.210938,228.9805,172.3281,502.6094,0
3116.031,425,61.83206,4320,5,3.210938,228.9805,171.4297,503.5078,0
3116.031,425,60.35806,4320,4,3.210938,228.9805,169.1602,505.7773,0
3116.031,425,59.79381,4320,12,3.210938,228.9805,168.2852,506.6523,0
3116.031,425,61.16751,4320,11,3.210938,228.9805,167.19141,507.7461,0
3116.031,425,60.20408,4320,6,3.210938,228.9805,165.87891,509.0586,0
3116.031,425,59.69388,4320,7,3.210938,228.9805,164.27734,510.6602,0
3116.031,425,64.89899,4320,8,3.210938,228.9805,172.4102,502.5273,0
3116.031,425,59.25,4320,6,3.210938,228.9805,170.3047,504.6328,0
3116.031,425,61.47959,4320,6,3.210938,228.9805,168.7461,506.1914,0
3116.031,425,64.46701,4320,8,3.210938,228.9805,167.57031,507.3672,0
3116.031,425,61.90476,4320,12,3.210938,228.9805,171.9883,502.9492,0
3116.031,425,62.27848,4320,5,3.210938,228.9805,171.125,503.8125,0
3116.031,424,61.71285,4320,12,3.210938,228.9805,175.1094,499.8281,0
3116.031,424,62.46851,4320,4,3.210938,228.9805,173.9609,500.9766,0
3116.031,424,61.05528,4320,8,3.210938,228.9805,172.5938,502.3438,0
3116.031,424,61.29032,4320,6,3.210938,228.9805,170.0352,504.9023,0
3116.031,424,57.92079,4320,12,3.210938,228.9805,169.5703,505.3672,0
3116.031,424,55.08685,4320,4,3.210938,228.9805,168.9141,506.0234,0
3116.031,424,50.62344,4320,9,3.210938,228.9805,171.875,503.0625,0
3116.031,424,58.03109,4320,4,3.21875,228.9805,169.9609,504.9688,0
3116.031,424,61.8799,4320,8,3.21875,228.9805,169.3047,505.625,0
3116.031,424,61.03896,4320,6,3.21875,228.9805,167.71875,507.2109,0
3116.031,424,62.62887,4320,5,3.21875,228.9805,166.79297,508.1367,0
3116.031,424,63.14433,4320,5,3.21875,228.9805,167.58984,507.3398,0
3116.031,424,62.05128,4320,10,3.21875,228.9805,171.5391,503.3906,0
3116.031,424,61.18252,4320,4,3.21875,228.9805,172.9336,501.9961,0
3116.031,424,61.49871,4320,7,3.21875,228.9805,171.4844,503.4453,0
3116.031,424,62.46787,4320,9,3.21875,228.9805,169.9258,505.0039,0
3116.031,424,60.0,4320,14,3.21875,228.9805,168.0977,506.832,0
3116.031,424,60.20672,4320,10,3.21875,228.9805,171.6602,503.2695,0
3116.031,424,62.40409,4320,11,3.21875,228.9805,173.9688,500.9609,0
3116.031,424,57.4359,4320,11,3.21875,228.9805,172.6016,502.3281,0
3116.031,424,61.95373,4320,7,3.21875,228.9805,170.25,504.6797,0
3116.031,424,59.64912,4320,18,3.21875,228.9805,168.1445,506.7852,0
3116.031,424,59.94832,4320,10,3.21875,228.9805,167.51562,507.4141,0
3116.031,424,58.61183,4320,13,3.21875,228.9805,171.1992,503.7305,0
3116.031,424,61.53846,4320,7,3.21875,228.9805,169.3945,505.5352,0
3116.031,424,62.43655,4320,11,3.21875,228.9805,168.0273,506.9023,0
3116.031,424,61.79487,4320,13,3.21875,228.9805,166.44141,508.4883,0
3116.031,424,60.90226,4352,13,3.226562,228.9727,164.85938,510.0703,0
3116.047,424,60.05089,4352,8,3.226562,228.9805,163.49219,511.4297,0
3116.031,424,63.03797,4352,7,3.226562,228.9805,163.76562,511.1562,0
3116.031,424,62.93532,4352,9,3.226562,228.9805,166.64062,508.2812,0
3116.031,424,61.46096,4352,14,3.226562,228.9805,166.28906,508.6328,0
3116.031,424,59.5,4352,11,3.226562,228.9805,165.63281,509.2891,0
3116.031,424,59.30521,4352,5,3.226562,228.9805,168.0234,506.8984,0
3116.031,424,57.10723,4352,15,3.226562,228.9805,167.8594,507.0625,0
3116.031,424,55.03686,4352,9,3.226562,228.9805,171.9922,502.9297,0
3116.031,424,51.74129,4352,13,3.226562,228.9805,169.668,505.2539,0
3116.031,424,56.85279,4352,14,3.226562,228.9805,168.5742,506.3477,0
3116.031,424,63.94737,4352,10,3.226562,228.9805,167.69922,507.2227,0
3116.031,424,63.51706,4352,7,3.226562,228.9805,166.33594,508.5859,0
3116.031,424,65.19481,4352,12,3.226562,228.9805,169.5469,505.375,0
3116.031,424,64.85788,4352,12,3.226562,228.9805,171.9336,502.9883,0
3116.031,424,60.5598,4352,10,3.226562,228.9805,170.9766,503.9453,0
3116.031,424,64.04199,4352,14,3.226562,228.9805,169.8047,505.1172,0
3116.031,424,61.38107,4352,9,3.226562,228.9805,168.0273,506.8945,0
3116.031,424,60.30928,4352,9,3.226562,228.9805,170.7617,504.1602,0
3116.031,424,61.65803,4352,12,3.226562,228.9805,169.6133,505.3086,0
3116.031,424,60.35806,4352,8,3.226562,228.9805,168.1953,506.7266,0
3116.031,424,63.11688,4352,9,3.226562,228.9805,166.82812,508.0938,0
3116.031,422,60.51282,4352,9,3.226562,228.9805,165.67969,509.2422,0
3116.031,422,60.51282,4352,7,3.234375,228.9805,169.5898,505.3242,0
3116.031,422,61.02564,4352,8,3.234375,228.9805,169.2344,505.6797,0
3116.031,422,61.32316,4352,11,3.234375,228.9805,169.5078,505.4062,0
3116.031,422,63.86768,4352,9,3.234375,228.9805,173.043,501.8711,0
3116.031,422,59.43878,4352,9,3.234375,228.9805,170.1992,504.7148,0
3116.031,422,62.02532,4352,8,3.234375,228.9805,173.3438,501.5703,0
3116.031,422,61.80905,4352,9,3.234375,228.9805,171.4844,503.4297,0
3116.031,422,62.27848,4352,13,3.234375,228.9805,170.1445,504.7695,0
3116.031,422,61.26582,4352,6,3.234375,228.9805,169.2695,505.6445,0
3116.031,422,63.31658,4352,9,3.234375,228.9805,166.91797,507.9961,0
3116.031,422,61.26582,4352,10,3.234375,228.9805,170.9766,503.9375,0
3116.031,422,60.90226,4352,9,3.234375,228.9805,174.8594,500.0547,0
3116.031,422,62.18274,4384,8,3.234375,228.9805,173.0312,501.8828,0
3116.031,422,61.75,4384,7,3.234375,228.9805,170.7734,504.1406,0
3116.031,422,58.43829,4384,12,3.234375,228.9805,169.625,505.2891,0
3116.031,422,55.66502,4352,8,3.234375,228.9805,168.9688,505.9453,0
3116.031,422,52.95567,4352,13,3.234375,228.9805,168.2852,506.6289,0
3116.031,422,49.49495,4352,9,3.234375,228.9805,167.16406,507.75,0
3116.031,422,58.26772,4352,4,3.234375,228.9805,165.82422,509.0898,0
3116.031,422,62.30769,4352,8,3.234375,228.9805,165.82422,509.0898,0
3116.031,423,64.01028,4352,9,3.234375,228.9805,169.8672,505.0469,0
3116.031,423,65.02591,4352,8,3.234375,228.9805,168.2539,506.6602,0
3116.031,423,60.71429,4320,5,3.234375,228.9805,165.90234,509.0117,0
3116.031,423,58.29016,4352,5,3.234375,228.9805,162.56641,512.3477,0
3116.031,423,59.53608,4352,10,3.234375,228.9805,171.4688,503.4453,0
3116.031,423,63.40206,4352,3,3.234375,228.9805,170.1562,504.7578,0
3116.031,423,61.16751,4352,3,3.234375,228.9805,168.625,506.2891,0
3116.031,423,58.09769,4352,6,3.234375,228.9805,167.06641,507.8477,0
3116.031,423,61.32316,4352,11,3.234375,228.9805,166.66016,508.2539,0
3116.031,423,62.84987,4352,4,3.242188,228.9727,165.53906,509.375,0
3116.031,423,64.96164,4352,12,3.242188,228.9805,164.42188,510.4844,0
3116.031,423,60.71429,4352,9,3.242188,228.9805,163.95703,510.9492,0
3116.031,423,58.22785,4352,3,3.242188,228.9805,162.15625,512.75,0
3116.031,423,58.43829,4352,4,3.242188,228.9805,163.03906,511.8672,0
3116.031,423,62.08651,4352,8,3.242188,228.9805,168.3633,506.543,0
3116.031,423,60.50633,4352,5,3.242188,228.9805,166.80859,508.0977,0
3116.031,423,60.40609,4352,7,3.242188,228.9805,171.3047,503.6016,0
3116.031,423,63.0102,4352,7,3.242188,228.9805,174.7734,500.1328,0
3116.031,423,64.23174,4352,13,3.242188,228.9805,173.1602,501.7461,0
3116.031,423,59.34343,4352,3,3.242188,228.9805,172.7227,502.1836,0
3116.031,423,62.62626,4352,4,3.242188,228.9805,172.0664,502.8398,0
3116.031,423,64.3038,4352,5,3.242188,228.9805,170.9492,503.957,0
3116.031,423,64.1791,4320,12,3.242188,228.9805,170.0742,504.832,0
3116.031,423,66.16162,4320,6,3.242188,228.9805,168.4453,506.4609,0
3116.031,423,59.29648,4320,5,3.242188,228.9805,168.4414,506.4648,0
3116.031,423,59.44584,4320,9,3.242188,228.9805,167.32812,507.5781,0
3116.031,423,54.39024,4320,9,3.242188,228.9805,171.1914,503.7148,0
3116.031,423,49.38272,4320,5,3.25,228.9805,170.1016,504.7969,0
3116.031,422,58.26972,4320,9,3.25,228.9805,168.9531,505.9453,0
3116.031,423,64.08269,4320,7,3.25,228.9805,167.58594,507.3125,0
3116.031,423,59.43152,4320,5,3.25,228.9805,167.14844,507.75,0
3116.031,423,62.92428,4320,7,3.25,228.9805,169.7734,505.125,0
3116.031,423,63.44648,4320,6,3.25,228.9805,168.4062,506.4922,0
3116.031,423,63.63636,4320,3,3.25,228.9805,165.86328,509.0352,0
3116.031,423,63.0102,4320,4,3.25,228.9805,164.52344,510.375,0
3116.031,424,62.37113,4320,9,3.25,228.9805,167.72266,507.1758,0
3116.031,424,59.27835,4320,5,3.25,228.9805,166.35547,508.543,0
3116.031,424,62.27848,4320,6,3.25,228.9805,167.43359,507.4648,0
3116.031,424,65.11628,4320,12,3.25,228.9805,165.51953,509.3789,0
3116.031,424,62.5,4320,3,3.25,228.9805,164.39844,510.5,0
3116.031,424,61.83206,4320,3,3.257812,228.9805,165.73438,509.1562,0
3116.031,425,64.8855,4320,4,3.257812,228.9805,163.92969,510.9609,0
3116.031,426,63.13131,4320,8,3.257812,228.9805,162.78125,512.1094,0
3116.031,426,61.18252,4320,10,3.257812,228.9805,165.94922,508.9414,0
3116.031,426,61.61616,4320,11,3.257812,228.9805,165.94922,508.9414,0
3116.031,426,63.58974,4320,5,3.257812,228.9805,166.52344,508.3672,0
3116.031,426,63.19797,4320,4,3.257812,228.9805,165.83984,509.0508,0
3116.031,426,62.27848,4352,5,3.257812,228.9805,170.7812,504.1094,0
3116.031,426,61.20907,4352,7,3.257812,228.9805,169.1953,505.6953,0
3116.031,426,61.61616,4320,6,3.257812,229.1406,171.832,502.8984,0
3116.031,426,63.29114,4320,11,3.257812,229.1406,169.5391,505.1914,0
3116.031,426,62.5,4320,6,3.257812,229.1406,168.1992,506.5312,0
3116.031,426,62.53165,4320,6,3.257812,229.1406,167.09375,507.6367,0
3116.031,426,61.5,4320,4,3.257812,229.1406,169.1719,505.5586,0
3116.031,426,59.59596,4320,5,3.257812,229.1406,173.6523,501.0781,0
3116.031,426,57.9602,4320,11,3.257812,229.1406,172.2695,502.4609,0
3116.031,426,48.88337,4320,16,3.257812,229.1406,170.4414,504.2891,0
3116.031,426,46.09572,4320,8,3.257812,229.1406,169.7578,504.9727,0
3116.031,426,55.86735,4320,5,3.257812,229.1406,168.1719,506.5586,0
3116.031,426,61.9171,4320,6,3.257812,229.1406,167.29688,507.4336,0
3116.031,426,61.75711,4320,7,3.257812,229.1406,166.14844,508.582,0
3116.031,426,63.80208,4320,10,3.257812,229.1406,164.78516,509.9453,0
3116.031,426,61.9171,4320,5,3.257812,229.1406,165.35938,509.3711,0
3116.031,426,64.2487,4320,8,3.257812,229.1406,166.92188,507.8086,0
3116.031,426,58.94737,4320,4,3.257812,229.1406,166.01953,508.7109,0
3116.031,426,61.22449,4320,11,3.257812,229.1406,169.6289,505.1016,0
3117.234,426,64.94845,4320,4,3.257812,229.1406,169.2422,505.4883,0
3116.031,429,62.2449,4320,12,3.257812,229.1406,173.0547,501.6758,0
3116.406,426,61.59794,4320,7,3.257812,229.1406,171.9609,502.7695,0
3116.031,427,59.53608,4320,14,3.257812,229.1406,171.5234,503.207,0
3116.031,426,60.15424,4320,8,3.257812,229.1406,170.6211,504.1094,0
3116.031,426,61.63683,4320,5,3.257812,229.1406,169.1992,505.5312,0
3116.031,426,62.59542,4320,4,3.257812,229.1406,168.1367,506.5938,0
3116.031,426,63.10433,4320,14,3.257812,229.1406,173.2031,501.5273,0
3116.031,426,59.43878,4320,5,3.257812,229.1406,169.793,504.9375,0
3116.031,426,63.68286,4320,7,3.257812,229.1406,173.6953,501.0352,0
3116.031,426,60.30928,4320,5,3.257812,229.1406,172.3008,502.4297,0
3116.031,425,64.05063,4320,10,3.257812,229.1406,170.4961,504.2344,0
3116.031,425,61.86869,4320,12,3.257812,229.1406,169.8633,504.8672,0
3116.031,425,59.02062,4320,9,3.257812,229.1406,169.2383,505.4922,0
3116.031,425,62.0,4320,7,3.257812,229.1406,167.32422,507.4062,0
3116.031,425,63.47607,4320,8,3.257812,229.1406,166.17578,508.5547,0
3116.031,425,64.39394,4320,6,3.257812,229.1406,165.46484,509.2656,0
3116.031,425,61.36364,4320,11,3.257812,229.1406,168.3008,506.4297,0
3116.031,425,60.59113,4352,10,3.257812,229.1406,167.61719,507.1133,0
3116.031,425,58.31266,4352,9,3.257812,229.1406,167.17969,507.5508,0
3116.031,425,52.75,4352,5,3.257812,229.1406,165.625,509.1055,0
3116.031,425,51.85185,4352,9,3.257812,229.1406,164.76562,509.9648,0
3116.031,425,53.04569,4352,7,3.257812,229.1406,163.58984,511.1406,0
3116.031,425,63.65979,4352,10,3.257812,229.1406,163.91797,510.8125,0
3116.031,425,61.71875,4352,11,3.265625,229.1328,161.32031,513.4102,0
3116.031,425,64.01028,4352,13,3.265625,229.1406,165.26562,509.457,0
3116.031,425,64.3038,4352,8,3.265625,229.1406,173.2148,501.5078,0
3116.031,425,61.45833,4352,10,3.265625,229.1406,171.0,503.7227,0
3116.031,425,61.59794,4352,6,3.265625,229.1406,169.6055,505.1172,0
3116.031,425,62.56545,4352,6,3.265625,229.1406,171.0625,503.6602,0
3116.031,425,60.36269,4352,10,3.265625,229.1406,168.5156,506.207,0
3116.031,425,61.9171,4352,9,3.273438,229.1406,171.7344,502.9805,0
3116.031,425,60.61381,4352,14,3.273438,229.1406,169.875,504.8398,0
3116.031,425,59.38303,4352,14,3.273438,229.1406,167.57812,507.1367,0
3116.031,425,62.5,4352,10,3.273438,229.1406,166.24219,508.4727,0
3116.031,425,64.10256,4352,5,3.273438,229.1406,167.33594,507.3789,0
3116.031,425,66.58228,4352,7,3.273438,229.1406,166.71094,508.0039,0
3116.031,425,61.36364,4352,6,3.273438,229.1406,165.86328,508.8516,0
3116.031,425,61.96474,4352,12,3.273438,229.1406,169.4297,505.2852,0
3116.031,425,59.03308,4352,8,3.273438,229.1406,167.8984,506.8164,0
3116.031,425,60.0,4352,10,3.273438,229.1406,175.4961,499.2188,0
3116.031,425,59.94898,4352,11,3.273438,229.1406,173.4727,501.2422,0
3116.031,425,62.05128,4352,11,3.273438,229.1406,172.543,502.1719,0
3116.031,425,60.5985,4352,8,3.273438,229.1406,171.1602,503.5547,0
3116.031,424,64.98741,4352,11,3.273438,229.1406,170.2031,504.5117,0
3116.031,424,64.73552,4352,11,3.273438,229.1406,168.9453,505.7695,0
3116.031,424,64.41103,4352,6,3.273438,229.1406,167.63672,507.0781,0
3116.031,424,60.0,4352,8,3.289062,229.1406,166.25391,508.4453,0
3116.031,424,56.56566,4352,9,3.289062,229.1406,165.81641,508.8828,0
3116.031,425,59.45946,4352,9,3.289062,229.1406,172.7266,501.9727,0
3116.031,425,57.17822,4352,13,3.289062,229.1406,171.8242,502.875,0
3116.031,425,47.63092,4352,13,3.289062,229.1406,170.707,503.9922,0
3116.031,425,52.5,4320,9,3.289062,229.1406,169.5898,505.1094,0
3116.031,425,58.29016,4352,7,3.289062,229.1406,172.1133,502.5859,0
3116.031,425,63.21244,4352,10,3.289062,229.1406,170.2539,504.4453,0
3116.031,425,62.5974,4352,6,3.289062,229.1406,168.1602,506.5391,0
3116.031,425,64.43299,4352,10,3.289062,229.1406,166.13672,508.5625,0
3116.031,425,61.1399,4352,11,3.289062,229.1523,169.2031,505.4844,0
3116.031,425,63.82429,4352,11,3.289062,229.1523,171.5,503.1875,0
3116.031,425,58.35476,4352,10,3.289062,229.1523,170.1602,504.5273,0
3116.031,426,60.10363,4352,12,3.289062,229.1523,168.9844,505.7031,0
3116.031,426,63.75321,4352,8,3.289062,229.1523,166.63281,508.0547,0
3116.031,426,63.84615,4352,11,3.289062,229.1523,165.51172,509.1758,0
3116.031,426,60.61381,4352,8,3.296875,229.1445,169.9141,504.7734,0
3116.031,426,60.44776,4352,8,3.296875,229.1523,168.6016,506.0781,0
3116.031,426,61.65414,4352,11,3.296875,229.1523,167.51172,507.168,0
3116.031,426,63.38384,4352,11,3.296875,229.1523,171.8047,502.875,0
3116.031,426,62.69036,4352,10,3.296875,229.1523,174.832,499.8477,0
3116.031,426,61.77215,4352,5,3.296875,229.1523,173.1914,501.4883,0
3116.031,426,60.35806,4352,11,3.296875,229.1523,172.043,502.6367,0
3116.031,426,62.02532,4352,4,3.296875,229.1523,171.3594,503.3203,0
3116.031,426,61.42132,4352,4,3.296875,229.1523,169.8008,504.8789,0
3116.031,426,60.91371,4320,3,3.296875,229.1523,167.72266,506.957,0
3116.031,426,62.5,4320,4,3.296875,229.1523,166.02734,508.6523,0
3116.031,426,61.86869,4320,9,3.296875,229.1523,169.7461,504.9336,0
3116.031,426,65.66416,4320,14,3.296875,229.1523,167.9414,506.7383,0
3116.031,426,63.59102,4320,14,3.296875,229.1523,166.35938,508.3203,0
3116.031,426,62.5,4320,6,3.296875,229.25,165.45703,509.125,0
3116.031,426,63.72796,4320,3,3.296875,229.2773,163.87109,510.6836,0
3116.031,426,57.00246,4320,7,3.296875,229.2773,162.53125,512.0234,0
3116.031,426,56.26536,4320,7,3.296875,229.2773,166.20312,508.3516,0
3116.031,426,52.72277,4320,9,3.296875,229.2773,168.6719,505.8828,0
3116.031,426,55.16373,4320,11,3.296875,229.2773,168.2891,506.2656,0
3116.031,426,58.35476,4320,5,3.296875,229.2773,171.3086,503.2461,0
3116.031,426,61.3577,4320,3,3.296875,229.2773,175.1016,499.4531,0
3116.031,426,60.62176,4320,5,3.296875,229.2773,173.0547,501.5,0
3116.031,426,61.39896,4320,5,3.296875,229.2773,171.4688,503.0859,0
3116.031,426,64.0625,4320,11,3.296875,229.2773,169.4297,505.125,0
3116.031,426,59.58549,4320,6,3.296875,229.2773,167.57031,506.9844,0
3116.031,426,62.2108,4320,8,3.296875,229.2773,172.1328,502.4219,0
3116.031,426,62.94416,4320,9,3.296875,229.2773,170.793,503.7617,0
3116.031,426,64.61538,4320,4,3.296875,229.2773,168.9609,505.5938,0
3116.031,426,60.51282,4320,8,3.296875,229.2773,167.62109,506.9336,0
3116.031,426,59.84456,4320,4,3.296875,229.2773,166.53125,508.0234,0
3116.031,426,59.43878,4320,4,3.296875,229.2773,165.6875,508.8672,0
3116.031,426,62.2108,4320,8,3.296875,229.2773,164.01953,510.5352,0
3116.031,426,66.41026,4320,4,3.296875,229.2773,163.09375,511.4609,0
3116.031,426,63.35878,4320,12,3.296875,198.5156,199.7969,505.5195,0
3116.031,426,62.5,4320,4,3.300781,198.4922,198.7852,506.5508,0
3116.031,426,62.53165,4320,6,3.300781,198.4961,202.875,502.457,0
3116.031,426,63.68286,4320,5,3.300781,198.4961,201.2891,504.043,0
3116.031,426,61.73469,4320,7,3.308594,198.4961,199.6758,505.6484,0
3116.031,426,62.46851,4320,8,3.308594,198.4961,203.918,501.4062,0
3116.031,426,64.3038,4320,6,3.308594,198.4961,205.1914,500.1328,0
3116.031,426,63.06533,4320,9,3.308594,198.4961,203.7695,501.5547,0
3116.031,426,62.94416,4320,6,3.308594,198.4961,201.8828,503.4414,0
3116.031,426,60.04963,4320,8,3.316406,198.4883,199.9961,505.3281,0
3116.031,426,63.06533,4320,4,3.316406,198.4961,198.8867,506.4297,0
3116.031,426,59.64912,4320,7,3.316406,198.4961,196.3438,508.9727,0
3116.031,426,60.78431,4320,7,3.316406,198.4961,194.7031,510.6133,0
3116.031,425,58.08824,4320,11,3.316406,198.4961,194.0469,511.2695,0
3116.031,425,54.41176,4320,4,3.316406,198.4961,197.9258,507.3906,0
3116.031,425,49.50739,4320,4,3.316406,198.4961,199.9336,505.3828,0
3116.031,426,58.54271,4320,5,3.316406,198.4961,198.8242,506.4922,0
3116.031,426,62.5974,4352,4,3.316406,198.4961,202.5078,502.8086,0
3116.031,427,63.0491,4352,4,3.316406,198.4961,200.8672,504.4492,0
3116.031,427,63.73057,4352,7,3.316406,198.4961,200.1836,505.1328,0
3116.031,427,61.09661,4352,4,3.316406,198.4961,198.582,506.7344,0
3116.031,427,62.37113,4352,12,3.316406,198.4961,197.4883,507.8281,0
3116.031,427,58.91473,4352,6,3.316406,198.4961,196.8047,508.5117,0
3116.031,427,65.37468,4352,6,3.316406,198.4961,195.6953,509.6211,0
3116.031,427,61.71875,4352,7,3.324219,198.4883,194.7969,510.5195,0
3116.031,427,61.18252,4352,5,3.324219,198.4961,194.1172,511.1914,0
3116.031,427,63.56589,4352,5,3.324219,198.4961,197.8906,507.418,0
3116.031,427,60.50633,4352,12,3.324219,198.4961,197.0352,508.2734,0
3116.031,427,60.71429,4352,10,3.324219,198.4961,200.3008,505.0078,0
3116.031,427,61.32316,4352,9,3.324219,198.4961,199.125,506.1836,0
3116.031,427,63.70558,4352,4,3.324219,198.4961,197.0859,508.2227,0
3116.031,427,64.19437,4352,4,3.324219,198.4961,194.8438,510.4648,0
3116.031,427,65.22843,4352,4,3.324219,198.4961,195.3828,509.9258,0
3116.031,427,60.20408,4352,9,3.324219,198.4961,195.2539,510.0547,0
3116.031,427,60.76923,4352,5,3.324219,198.4961,194.3516,510.957,0
3116.031,427,62.82051,4352,5,3.324219,198.4961,197.875,507.4336,0
3116.031,427,62.7204,4352,5,3.324219,198.4961,201.6289,503.6797,0
3116.031,427,56.34518,4352,10,3.324219,198.4961,199.8242,505.4844,0
3116.031,427,61.05528,4352,12,3.324219,198.4961,198.3789,506.9297,0
3116.031,427,60.35354,4352,6,3.324219,198.4961,197.9141,507.3945,0
3116.031,427,60.10101,4352,9,3.324219,198.4961,196.3008,509.0078,0
3116.031,427,58.69018,4352,4,3.324219,198.4961,199.4688,505.8398,0
3116.031,427,61.7866,4352,7,3.324219,198.4961,197.8945,507.4141,0
3116.031,427,58.62069,4352,9,3.324219,198.4961,196.7188,508.5898,0
3116.031,427,51.85185,4352,9,3.324219,198.4961,195.1094,510.1992,0
3116.031,427,49.01478,4352,8,3.324219,198.4961,199.9961,505.3125,0
3116.031,427,56.59898,4352,8,3.324219,198.5,197.6719,507.6328,0
3116.031,427,59.94832,4352,6,3.324219,198.5,196.2812,509.0234,0
3116.047,427,61.81818,4352,10,3.324219,198.5039,194.7227,510.5781,0
3116.031,427,62.2449,4352,7,3.324219,198.5039,198.9805,506.3203,0
3116.031,427,64.08269,4352,7,3.324219,198.5039,198.0898,507.2109,0
3116.031,427,61.6188,4352,7,3.324219,198.5039,196.6953,508.6055,0
3116.031,427,60.51282,4352,15,3.324219,198.5039,195.1094,510.1914,0
3116.031,427,59.17313,4352,5,3.324219,198.5039,197.3281,507.9727,0
3116.031,427,60.76923,4352,8,3.324219,198.5039,200.082,505.2188,0
3116.031,427,60.82474,4352,9,3.324219,198.5039,203.3711,501.9297,0
3116.031,427,63.93862,4352,7,3.324219,198.5039,201.5391,503.7617,0
3116.031,427,62.12121,4352,9,3.324219,198.5039,199.6523,505.6484,0
3116.031,427,62.98201,4352,6,3.332031,198.5039,198.3125,506.9805,0
3116.031,427,63.52041,4352,9,3.332031,198.5039,197.1914,508.1016,0
3116.031,427,60.95718,4352,6,3.332031,198.5039,196.5195,508.7734,0
3116.031,427,64.79592,4352,5,3.332031,198.5039,195.6445,509.6484,0
3116.031,427,60.0,4352,12,3.332031,198.5039,198.4102,506.8828,0
3116.031,427,60.35354,4352,7,3.332031,198.5039,197.9492,507.3438,0
3116.047,427,61.77215,4352,13,3.332031,198.5039,197.3398,507.9531,0
3116.031,427,64.81013,4352,7,3.332031,198.5039,196.6641,508.6289,0
3116.031,427,62.84987,4352,7,3.332031,198.5039,199.1133,506.1797,0
3116.031,427,60.35354,4352,8,3.332031,198.5039,198.457,506.8359,0
3116.031,427,58.62944,4352,10,3.332031,198.5039,197.8008,507.4922,0
3116.031,427,61.16751,4352,5,3.332031,198.5039,195.4492,509.8438,0
3116.031,427,63.13131,4352,8,3.332031,198.5039,198.6641,506.6289,0
3116.031,427,60.30151,4352,6,3.332031,198.5039,197.5156,507.7773,0
3116.031,427,61.9403,4352,7,3.332031,198.5039,196.6406,508.6523,0
3116.047,427,59.89975,4352,7,3.332031,198.5039,200.5039,504.7891,0
3116.031,427,52.08845,4352,7,3.339844,198.4961,198.4258,506.8672,0
3116.031,427,48.1203,4352,9,3.339844,198.5039,196.8398,508.4453,0
3116.031,427,49.87406,4352,10,3.339844,198.5039,195.7188,509.5664,0
3116.031,427,58.97436,4352,13,3.339844,198.5039,195.0078,510.2773,0
3116.031,427,63.14433,4352,12,3.359375,198.4961,198.9336,506.3398,0
3116.031,427,62.2739,4384,8,3.359375,198.5117,198.0312,507.2266,0
3116.031,427,60.72351,4384,10,3.359375,198.8203,196.9219,508.0273,0
3116.031,427,60.20942,4352,7,3.359375,198.9141,194.2969,510.5586,0
3116.031,427,59.43152,4352,11,3.359375,198.9141,193.8594,510.9961,0
3116.031,427,61.24031,4352,14,3.359375,198.9141,193.4219,511.4336,0
3116.031,427,60.76923,4352,8,3.359375,198.9141,192.3281,512.5273,0
3116.031,427,61.79487,4352,9,3.359375,198.9141,193.3711,511.4844,0
3116.031,427,59.11458,4352,8,3.367188,198.9062,192.7148,512.1406,0
3116.031,427,60.76923,4352,8,3.367188,198.9141,192.2695,512.5781,0
3116.031,427,63.93862,4352,8,3.367188,198.9141,191.5898,513.2578,0
3116.031,427,62.2449,4352,10,3.367188,198.9141,192.7305,512.1172,0
3116.031,427,59.13706,4352,14,3.367188,198.9141,191.3516,513.4961,0
3116.031,427,63.45178,4352,7,3.367188,198.9141,194.9922,509.8555,0
3116.031,427,62.5,4352,8,3.367188,198.9141,195.543,509.3047,0
3116.031,427,64.55696,4352,10,3.367188,198.9141,199.7148,505.1328,0
3116.031,427,63.42711,4352,11,3.367188,198.9141,197.8555,506.9922,0
3116.031,427,59.84848,4352,13,3.375,198.9062,194.6016,510.2461,0
3116.031,427,58.61183,4352,9,3.375,198.9141,197.9102,506.9297,0
3116.031,427,60.6599,4352,7,3.375,198.9141,196.5977,508.2422,0
3116.031,427,60.96939,4352,7,3.375,198.9141,195.9414,508.8984,0
3116.031,427,63.86768,4352,6,3.375,198.9141,198.668,506.1719,0
3116.031,427,63.8404,4352,11,3.375,198.9141,195.3438,509.4961,0
3116.031,427,64.39394,4352,7,3.375,198.9141,196.375,508.4648,0
3116.031,427,61.46096,4352,13,3.375,198.9141,194.9961,509.8438,0
3116.031,427,58.16832,4352,12,3.375,198.9141,197.6875,507.1523,0
3116.031,427,57.07196,4352,6,3.375,198.9141,196.0469,508.793,0
3116.031,427,57.80488,4352,7,3.375,198.9141,196.0273,508.8125,0
3116.031,427,51.12782,4352,4,3.375,198.9141,196.4727,508.3672,0
3116.031,427,58.01527,4352,17,3.375,198.9141,194.5742,510.2656,0
3116.031,427,60.62176,4352,4,3.375,198.9141,197.6094,507.2305,0
3116.031,427,60.51948,4352,6,3.375,198.9141,200.3633,504.4766,0
3116.031,427,61.39896,4352,9,3.375,198.9141,197.5586,507.2812,0
3116.031,427,62.94416,4352,7,3.375,198.9141,195.9688,508.8711,0
3116.031,427,67.09845,4352,7,3.375,198.9141,195.7539,509.0859,0
3116.031,427,61.49871,4352,12,3.375,198.9141,195.125,509.7148,0
3116.031,427,62.46787,4352,8,3.375,198.9141,198.082,506.7578,0
3116.031,427,59.1623,4352,9,3.375,198.9141,200.6289,504.2109,0
3116.031,427,63.14433,4352,3,3.375,198.9141,199.2891,505.5508,0
3116.031,427,60.25641,4352,8,3.375,198.9141,198.3594,506.4805,0
3116.031,427,58.50515,4352,3,3.375,198.9141,197.0195,507.8203,0
3116.031,427,64.81013,4352,5,3.375,198.9141,195.8711,508.9688,0
3116.031,427,60.75949,4352,5,3.375,198.9141,192.6289,512.2109,0
3116.031,427,60.81425,4352,4,3.375,198.9141,191.5352,513.3047,0
3116.031,427,61.51899,4352,3,3.375,198.9141,196.6953,508.1445,0
3116.031,427,63.91753,4352,11,3.375,198.9141,195.5742,509.2656,0
3116.031,427,63.03797,4352,10,3.375,198.9141,199.0469,505.793,0
3116.031,427,60.51282,4352,12,3.375,198.9141,197.1641,507.6758,0
3116.031,427,58.94207,4352,5,3.375,198.9141,196.043,508.7969,0
3116.031,427,61.75,4352,5,3.375,198.9141,195.1992,509.6406,0
3116.031,427,64.07035,4352,4,3.375,198.9141,198.8008,506.0391,0
3116.031,427,62.84987,4352,4,3.375,198.9141,197.8828,506.957,0
3116.031,427,64.32161,4352,6,3.375,198.9141,196.7109,508.1289,0
3116.031,427,62.53165,4352,9,3.375,198.9141,195.3945,509.4453,0
3116.031,427,61.30653,4352,4,3.375,198.9141,194.082,510.7578,0
3116.031,427,60.5,4352,6,3.375,198.9141,197.3125,507.5273,0
3116.031,427,60.64356,4352,4,3.375,198.9141,199.3867,505.4531,0
3116.031,427,48.73737,4352,11,3.390625,198.8945,196.4883,508.3555,0
3116.031,427,50.61425,4352,3,3.390625,198.9141,197.4844,507.3398,0
3116.031,427,60.41131,4352,5,3.390625,198.9141,200.625,504.1992,0
3116.031,427,63.17136,4352,3,3.390625,198.9141,198.793,506.0312,0
3116.031,427,61.85567,4352,7,3.390625,198.9141,197.4805,507.3438,0
3116.031,427,63.73057,4352,3,3.390625,198.9141,200.9219,503.9023,0
3116.031,427,62.2449,4352,6,3.390625,198.9141,198.5977,506.2266,0
3116.031,427,62.98201,4352,4,3.390625,198.9141,198.4062,506.418,0
3116.031,427,65.30612,4352,9,3.390625,198.9141,196.6289,508.1953,0
3116.031,426,63.0491,4352,4,3.398438,198.9141,195.9727,508.8438,0
3116.031,426,63.11688,4352,6,3.398438,198.9141,194.6055,510.2109,0
3116.031,426,61.11111,4352,9,3.414062,198.9141,198.2422,506.5586,0
3116.031,426,64.08269,4352,9,3.414062,198.9297,197.3398,507.4453,0
3116.031,426,61.73469,4352,9,3.414062,198.9297,196.2383,508.5469,0
3116.031,426,62.62626,4352,4,3.414062,198.9297,194.6523,510.1328,0
3116.031,426,63.0102,4352,8,3.414062,198.9297,194.5547,510.2305,0
3116.031,426,62.5,4352,7,3.414062,198.9297,197.7227,507.0625,0
3116.031,426,64.23174,4352,9,3.414062,198.9297,196.1992,508.5859,0
3116.031,426,59.28753,4352,8,3.414062,198.9297,196.5312,508.2539,0
3116.031,426,63.13131,4352,5,3.414062,198.9297,204.8086,499.9766,0
3116.031,426,64.23174,4352,6,3.414062,198.9297,202.6328,502.1523,0
3116.031,426,59.03308,4352,10,3.414062,198.9297,200.7734,504.0117,0
3116.031,426,60.4534,4352,9,3.414062,198.9297,199.1875,505.5977,0
3116.031,426,61.65414,4352,10,3.414062,198.9297,198.5312,506.2539,0
3116.031,426,66.91919,4352,6,3.414062,198.9297,196.8906,507.8945,0
3116.031,426,62.0603,4352,13,3.414062,198.9297,196.0,508.7852,0
3116.031,426,60.15228,4352,4,3.414062,198.9297,195.5078,509.2773,0
3116.031,426,59.89975,4352,5,3.414062,198.9297,194.3867,510.3984,0
3116.031,426,59.85037,4352,9,3.414062,198.9297,193.4336,511.3516,0
3116.031,426,57.31707,4352,10,3.414062,198.9297,197.2305,507.5547,0
3116.031,426,55.28256,4352,8,3.414062,198.9297,195.6211,509.1641,0
3116.031,426,46.82927,4352,8,3.414062,198.9297,201.0703,503.7148,0
3116.031,426,52.05128,4352,5,3.414062,198.9297,197.6016,507.1836,0
3116.031,426,62.17617,4352,5,3.414062,198.9297,196.4531,508.332,0
3116.031,426,60.92545,4352,7,3.414062,198.9297,196.0156,508.7695,0
3116.031,426,65.37468,4352,7,3.414062,198.9297,194.4141,510.3711,0
3116.031,426,61.45833,4352,9,3.414062,198.9297,193.5117,511.2734,0
3116.031,427,62.43655,4352,12,3.414062,198.9297,192.8047,511.9805,0
3116.031,427,58.59375,4352,5,3.414062,198.9297,191.9805,512.8047,0
3116.031,426,61.02564,4352,10,3.414062,198.9297,191.3242,513.4609,0
3116.031,426,67.09184,4352,5,3.414062,198.9297,195.2344,509.5508,0
3116.031,426,60.66838,4352,5,3.414062,198.9297,193.8398,510.9453,0
3116.031,426,59.89717,4352,10,3.414062,198.9297,197.4375,507.3477,0
3116.031,426,63.26531,4352,8,3.414062,198.9297,196.3438,508.4414,0
3116.031,425,62.72494,4352,9,3.414062,198.9297,195.4141,509.3711,0
3116.031,425,58.26972,4352,6,3.421875,198.9297,194.707,510.0703,0
3116.031,425,57.68262,4352,4,3.421875,198.9297,197.9414,506.8359,0
3116.031,425,63.93862,4352,7,3.421875,198.9297,196.3008,508.4766,0
3116.031,425,57.68262,4320,8,3.421875,198.9297,194.6875,510.0898,0
3116.031,425,61.53846,4320,6,3.421875,198.9297,193.543,511.2344,0
3116.031,425,60.95718,4320,10,3.421875,198.9297,191.9297,512.8477,0
3116.031,425,61.11111,4320,6,3.421875,198.9297,199.8906,504.8867,0
3116.031,425,63.95939,4320,4,3.421875,198.9297,197.8945,506.8828,0
3116.031,425,63.03797,4320,8,3.421875,198.9297,196.9961,507.7812,0
3116.031,425,62.87879,4320,13,3.421875,198.9297,199.9414,504.8359,0
3116.031,425,59.14787,4320,10,3.421875,198.9297,197.8477,506.9297,0
3116.031,425,63.0,4320,9,3.421875,198.9297,195.9648,508.8125,0
3116.031,425,62.59542,4320,4,3.421875,198.9297,194.8945,509.8828,0
3116.031,424,60.199,4320,7,3.421875,198.9297,193.5,511.2773,0
3116.031,424,57.3201,4320,15,3.421875,198.9297,192.625,512.1523,0
3116.031,424,56.40394,4320,11,3.421875,198.9297,197.957,506.8203,0
3116.031,424,50.49751,4320,8,3.429688,198.9219,195.1133,509.6641,0
3116.031,424,47.5827,4320,6,3.429688,198.9297,197.5469,507.2227,0
3116.031,424,60.46512,4320,11,3.429688,198.9297,196.4531,508.3164,0
3116.031,424,59.79644,4320,10,3.429688,198.9297,195.7695,509.0,0
3116.031,424,60.71429,4320,12,3.429688,198.9297,194.6484,510.1211,0
3116.031,424,56.92308,4320,10,3.429688,198.9297,193.3086,511.4609,0
3116.031,424,61.77215,4320,9,3.429688,198.9297,192.8711,511.8984,0
3116.031,424,61.61616,4320,7,3.429688,198.9297,192.9531,511.8164,0
3116.031,424,61.92893,4320,9,3.429688,198.9297,198.3789,506.3906,0
3116.031,424,60.35806,4320,14,3.429688,198.9297,196.7109,508.0586,0
3116.031,424,61.57761,4320,10,3.4375,198.9297,195.3438,509.418,0
3116.031,424,66.0,4320,14,3.4375,198.9297,194.9336,509.8281,0
3116.031,424,62.69036,4320,8,3.4375,198.9297,197.6406,507.1211,0
3116.031,424,60.60606,4320,4,3.4375,198.9297,196.0547,508.707,0
3116.031,424,60.85859,4320,11,3.4375,198.9297,195.1641,509.5977,0
3116.031,424,60.35354,4320,10,3.4375,198.9297,198.4883,506.2734,0
3116.031,424,59.75,4352,10,3.4375,198.9297,201.0234,503.7383,0
3116.031,424,56.54321,4352,11,3.4375,198.9297,198.8906,505.8711,0
3116.031,424,55.36585,4352,10,3.445312,198.9219,197.9609,506.8008,0
3116.031,424,53.11721,4352,17,3.445312,198.9297,196.8125,507.9414,0
3116.031,424,60.36269,4352,8,3.445312,198.9297,195.9102,508.8438,0
3116.031,424,62.92428,4352,13,3.445312,198.9297,194.2969,510.457,0
3116.031,424,60.05155,4352,12,3.445312,198.9297,193.3945,511.3594,0
3116.031,424,62.07792,4352,12,3.445312,198.9297,193.0195,511.7344,0
3116.031,424,60.66838,4352,10,3.445312,198.9297,195.8164,508.9375,0
3116.031,424,59.68992,4352,9,3.445312,198.9297,194.9414,509.8125,0
3116.031,424,62.5323,4352,10,3.445312,198.9297,194.5547,510.1992,0
3116.031,424,63.54167,4384,21,3.445312,198.9297,192.5078,512.2461,0
3116.047,424,60.41131,4384,9,3.445312,198.9297,192.3477,512.4062,0
3116.031,424,59.79381,4384,9,3.445312,198.9297,196.8047,507.9492,0
3116.031,424,63.33333,4384,7,3.445312,198.9297,195.832,508.9219,0
3116.031,424,58.62944,4384,10,3.445312,198.9297,193.6719,511.082,0
3116.031,424,63.75321,4352,7,3.445312,198.9297,197.3906,507.3633,0
3116.031,424,63.79747,4352,6,3.445312,198.9297,195.2852,509.4688,0
3116.031,424,62.2449,4352,11,3.445312,198.9297,198.2656,506.4883,0
3116.031,424,61.77215,4352,14,3.445312,198.9297,197.582,507.1719,0
3116.031,424,63.52041,4352,8,3.445312,198.9297,196.9258,507.8281,0
3116.031,424,64.46701,4352,9,3.445312,198.9297,196.0234,508.7305,0
3116.031,424,60.30534,4352,12,3.445312,198.9297,199.4375,505.3164,0
3116.031,424,59.54198,4352,7,3.445312,198.9297,197.3984,507.3555,0
3116.031,424,59.69388,4352,6,3.445312,198.9297,199.6797,505.0742,0
3116.031,424,62.21662,4352,13,3.445312,198.9297,196.8906,507.8633,0
3116.031,424,56.99746,4352,10,3.445312,198.9297,195.2227,509.5312,0
3116.031,424,62.77916,4352,11,3.445312,198.9297,194.1289,510.625,0
3116.031,424,61.15288,4352,12,3.445312,198.9297,192.7773,511.9766,0
3116.031,424,60.84788,4352,7,3.445312,198.9297,191.4414,513.3125,0
3116.031,424,61.5,4352,9,3.445312,198.9297,196.7227,508.0312,0
3116.031,424,55.22388,4352,8,3.445312,198.9297,194.5898,510.1641,0
3116.031,424,51.60494,4352,6,3.445312,198.9297,194.207,510.5469,0
3116.031,424,50.2451,4352,7,3.445312,198.9297,199.4688,505.2852,0
3116.031,424,59.74684,4352,8,3.445312,198.9297,197.3633,507.3906,0
3116.031,424,63.11688,4352,8,3.445312,198.9297,195.7227,509.0312,0
3116.031,424,62.43523,4352,7,3.445312,198.9297,193.918,510.8359,0
3116.031,424,62.46787,4352,5,3.445312,198.9297,197.2969,507.457,0
3116.031,424,59.375,4352,5,3.445312,198.9297,195.5,509.2539,0
3116.031,425,60.92545,4352,3,3.445312,198.9297,194.6484,510.1055,0
3116.031,425,60.82474,4352,8,3.453125,198.9297,197.1719,507.5742,0
3116.031,425,58.54922,4352,8,3.453125,198.9297,200.6992,504.0469,0
3116.031,425,61.65803,4352,6,3.453125,198.9297,199.3047,505.4414,0
3116.031,425,61.53846,4352,3,3.453125,198.9297,196.2695,508.4766,0
3116.031,425,58.96104,4352,3,3.453125,198.9297,193.2344,511.5117,0
3116.031,426,63.0102,4352,10,3.453125,198.9297,191.6758,513.0703,0
3116.031,425,61.85567,4352,3,3.453125,198.9297,190.8008,513.9453,0
3116.031,425,62.5,4352,6,3.453125,198.9297,190.4492,514.2969,0
3116.031,425,62.84987,4352,3,3.453125,198.9297,194.6797,510.0664,0
3116.031,425,58.77863,4352,5,3.453125,198.9297,192.3828,512.3633,0
3116.031,425,64.37659,4352,3,3.453125,198.9297,195.4336,509.3125,0
3116.031,425,62.2449,4352,4,3.453125,198.9297,194.3555,510.3906,0
3116.031,425,61.28205,4352,12,3.453125,198.9297,193.4648,511.2812,0
3116.031,425,61.46096,4352,4,3.453125,198.9297,197.7031,507.043,0
3116.031,425,62.78481,4352,4,3.453125,198.9297,196.1445,508.6016,0
3116.031,424,63.70558,4352,11,3.453125,198.9297,195.2695,509.4766,0
3116.031,424,61.73469,4352,9,3.453125,198.9297,194.3398,510.4062,0
3116.031,424,63.19797,4352,12,3.453125,198.9297,193.6328,511.1133,0
3116.031,424,62.37374,4352,4,3.453125,198.9297,193.1797,511.5664,0
3116.031,424,61.15288,4352,7,3.453125,198.9297,191.6484,513.0977,0
3116.031,424,60.0,4352,13,3.453125,198.9297,193.7109,511.0352,0
3116.031,424,56.43564,4352,5,3.453125,198.9297,192.6172,512.1289,0
3116.031,424,53.33333,4352,4,3.453125,198.9297,191.0312,513.7148,0
3116.031,423,51.85185,4352,5,3.453125,198.9297,191.0742,513.6719,0
3116.031,423,57.32648,4352,3,3.453125,198.9297,194.582,510.1641,0
3116.031,423,63.40206,4352,6,3.453125,198.9297,193.4141,511.332,0
3116.031,423,62.85714,4352,11,3.453125,198.9297,191.3086,513.4375,0
3116.031,423,61.89258,4352,6,3.453125,198.9297,195.2344,509.5117,0
3116.031,423,60.88083,4352,12,3.46875,198.9141,193.3359,511.4102,0
3116.031,423,59.375,4352,3,3.46875,198.9297,192.6523,512.0781,0
3116.031,423,63.91753,4352,5,3.46875,198.9297,197.8789,506.8516,0
3116.031,423,63.25459,4352,4,3.46875,198.9336,200.6445,504.082,0
3116.031,423,60.51282,4352,4,3.46875,198.9336,199.2773,505.4492,0
3116.031,423,61.65803,4352,8,3.46875,198.9336,197.8828,506.8438,0
3116.031,423,60.92545,4352,5,3.46875,198.9336,195.5586,509.168,0
3116.031,423,59.89717,4352,7,3.46875,198.9336,193.6719,511.0547,0
3116.031,423,58.12183,4352,10,3.46875,198.9336,193.7578,510.9688,0
3116.031,423,60.56701,4352,4,3.46875,198.9336,193.5117,511.2148,0
3116.031,423,58.77863,4352,3,3.46875,198.9336,192.1562,512.5703,0
3116.031,423,60.5598,4352,3,3.46875,198.9336,195.5234,509.2031,0
3116.031,423,58.31202,4352,9,3.46875,198.9336,194.4062,510.3203,0
3116.031,423,58.37563,4352,7,3.46875,198.9336,193.7227,511.0039,0
3116.031,423,61.16751,4352,7,3.46875,198.9336,192.5469,512.1797,0
3116.031,423,63.95939,4352,8,3.46875,198.9336,190.9336,513.793,0
3116.031,423,61.86869,4352,12,3.46875,198.9336,195.4258,509.3008,0
3116.031,423,60.65163,4320,9,3.46875,198.9336,198.0703,506.6562,0
3116.031,423,59.64467,4320,9,3.46875,198.9336,195.7734,508.9531,0
3116.031,423,62.7204,4320,6,3.476562,198.9336,193.668,511.0508,0
3116.031,423,61.30653,4320,4,3.476562,198.9336,191.0859,513.6328,0
3116.031,423,56.81818,4320,4,3.476562,198.9336,194.9609,509.7578,0
3116.031,423,59.35961,4320,4,3.476562,198.9336,193.1016,511.6172,0
3116.031,423,59.95086,4320,6,3.476562,198.9336,191.9531,512.7656,0
3116.031,423,56.0794,4320,11,3.476562,198.9336,191.0781,513.6406,0
3116.031,423,50.85575,4320,7,3.476562,198.9336,191.1289,513.5898,0
3116.031,423,56.53266,4320,5,3.476562,198.9336,194.5117,510.207,0
3116.031,423,60.46512,4320,8,3.484375,198.9258,193.3398,511.3789,0
3116.031,423,61.84211,4320,13,3.484375,198.9336,196.8789,507.832,0
3116.031,423,61.43959,4320,7,3.484375,198.9336,196.5,508.2109,0
3116.031,423,62.85714,4320,11,3.484375,198.9336,199.1875,505.5234,0
3116.031,423,65.80311,4320,7,3.484375,198.9336,196.6172,508.0938,0
3116.031,423,61.65803,4320,13,3.484375,198.9336,195.4688,509.2422,0
3116.031,423,64.61538,4320,9,3.503906,198.9141,194.5117,510.1992,0
3116.031,423,63.14433,4320,6,3.503906,198.9414,194.3398,510.3438,0
3116.031,423,62.37113,4352,9,3.503906,198.9414,194.1289,510.5547,0
3116.031,423,59.94832,4352,7,3.503906,198.9414,197.6055,507.0781,0
3116.031,423,62.2449,4352,13,3.503906,198.9414,196.457,508.2266,0
3116.031,423,63.98964,4352,10,3.503906,198.9414,195.0625,509.6211,0
3116.031,423,64.46701,4320,7,3.503906,198.9414,194.1602,510.5234,0
3116.031,423,59.28753,4320,9,3.503906,198.9414,194.6172,510.0664,0
3116.031,423,61.11111,4320,6,3.503906,198.9414,193.0039,511.6797,0
3116.031,423,60.71429,4320,8,3.511719,198.9414,196.5195,508.1562,0
3116.031,423,59.34343,4320,6,3.511719,198.9414,194.4492,510.2266,0
3116.031,421,65.56122,4320,6,3.511719,198.9414,193.3008,511.375,0
3116.031,421,59.74684,4320,12,3.511719,198.9414,198.2539,506.4219,0
3116.031,421,60.96939,4320,6,3.511719,198.9414,195.875,508.8008,0
3116.031,421,61.26582,4320,9,3.527344,198.9258,194.2344,510.4414,0
3116.031,421,64.75,4320,13,3.527344,198.9414,193.332,511.3281,0
3116.031,421,62.34097,4320,11,3.527344,198.9414,192.1836,512.4766,0
3116.031,421,62.15539,4320,7,3.527344,198.9414,191.5273,513.1328,0
3116.031,421,60.30151,4320,13,3.527344,198.9414,194.2969,510.3633,0
3116.031,421,61.0,4320,8,3.527344,198.9414,193.6133,511.0469,0
3116.031,421,56.39098,4320,6,3.527344,198.9414,192.7148,511.9453,0
3116.031,421,56.43564,4320,9,3.527344,198.9414,196.9375,507.7227,0
3116.031,421,51.23153,4320,8,3.527344,198.9414,196.2578,508.4023,0
3116.781,421,51.0,4320,11,3.527344,198.9414,198.6992,505.9609,0
3116.031,422,62.46787,4320,12,3.527344,198.9414,195.8555,508.8047,0
3117.035,421,62.2108,4320,7,3.527344,198.9414,194.6836,509.9766,0
3117.035,421,62.0155,4320,6,3.527344,198.9414,192.9883,511.6719,0
3116.031,421,64.34109,4320,8,3.527344,198.9414,191.7969,512.8633,0
3116.031,421,64.08269,4320,8,3.527344,199.0352,191.3594,513.207,0
3116.031,421,60.05155,4320,11,3.527344,199.0352,190.2109,514.3555,0
3116.031,421,62.8866,4320,9,3.527344,199.0352,189.7734,514.793,0
3116.031,421,61.67513,4320,11,3.527344,199.0352,193.1562,511.4102,0
3116.031,421,59.38303,4320,8,3.527344,199.0352,196.9258,507.6406,0
3116.031,421,60.76923,4320,10,3.527344,199.0352,199.9766,504.5898,0
3116.031,421,58.91473,4320,10,3.527344,199.0352,197.6523,506.9141,0
3116.031,421,60.05089,4320,8,3.527344,199.0352,196.5312,508.0352,0
3116.031,421,62.2449,4320,11,3.527344,199.0352,194.9727,509.5938,0
3116.031,421,65.3944,4320,9,3.527344,199.0352,193.6602,510.9062,0
3116.031,421,60.35806,4320,13,3.527344,199.0352,193.5039,511.0625,0
3116.031,421,62.7204,4320,7,3.527344,199.0352,192.6055,511.9609,0
3116.031,421,60.50633,4320,9,3.527344,199.0352,196.3555,508.2109,0
3116.031,421,61.79487,4320,9,3.527344,199.0352,193.6289,510.9375,0
3116.031,421,62.12121,4320,7,3.527344,199.0352,192.9766,511.5898,0
3116.031,422,63.07692,4320,7,3.535156,199.0352,191.582,512.9766,0
3116.031,422,63.29114,4320,8,3.535156,199.0352,191.3555,513.2031,0
3116.031,422,63.17136,4320,14,3.535156,199.0352,190.3281,514.2305,0
3116.031,422,65.75,4320,9,3.535156,199.0352,198.2188,506.3398,0
3116.031,423,61.09726,4320,11,3.535156,199.0352,200.957,503.6016,0
3116.031,423,61.44279,4320,12,3.535156,199.0352,200.082,504.4766,0
3116.031,423,62.34097,4320,8,3.535156,199.0352,198.4414,506.1172,0
3116.031,423,59.70516,4288,10,3.535156,199.0352,197.5664,506.9922,0
3116.047,423,56.12745,4288,6,3.535156,199.0352,196.418,508.1406,0
3116.031,423,51.73267,4288,11,3.535156,199.0352,194.8594,509.6992,0
3116.031,423,50.49261,4288,9,3.535156,199.0352,193.9414,510.6172,0
3116.031,423,58.46154,4288,12,3.535156,199.0352,193.0156,511.543,0
3116.031,423,58.76289,4288,12,3.535156,199.0352,192.3438,512.2148,0
3116.031,423,62.66319,4288,9,3.535156,199.0352,195.1133,509.4453,0
3116.031,423,63.06069,4288,8,3.535156,199.0352,193.2109,511.3477,0
3116.031,423,62.76042,4288,9,3.535156,199.0352,193.9766,510.582,0
3116.031,423,63.37662,4288,9,3.535156,199.0352,192.4375,512.1211,0
3116.031,423,63.07692,4288,12,3.535156,199.0352,191.7305,512.8281,0
3116.031,423,61.22449,4320,3,3.535156,199.0352,191.3984,513.1602,0
3116.031,423,61.08247,4320,3,3.535156,199.0352,194.4102,510.1484,0
3116.031,423,62.2739,4320,9,3.535156,199.0352,193.2383,511.3203,0
3116.031,423,64.69072,4320,7,3.535156,199.0352,191.3516,513.207,0
3116.031,423,60.30928,4320,4,3.535156,199.0352,193.5664,510.9922,0
3116.031,423,59.07928,4320,13,3.535156,199.0352,195.375,509.1836,0
3116.031,423,62.18274,4320,6,3.535156,199.1562,193.3359,511.1016,0
3116.031,424,59.84655,4320,8,3.535156,199.1562,192.4062,512.0312,0
3116.031,425,62.43655,4320,8,3.535156,199.1562,191.5039,512.9336,0
3116.031,425,59.24051,4320,5,3.535156,199.1562,194.9961,509.4414,0
3116.031,425,62.02532,4352,8,3.542969,199.1484,193.3828,511.0547,0
3116.031,425,60.10101,4352,6,3.542969,199.1562,192.0039,512.4258,0
3116.031,425,58.88325,4352,19,3.542969,199.1562,191.1016,513.3281,0
3116.031,425,60.15424,4352,6,3.542969,199.1562,189.9531,514.4766,0
3116.031,425,59.69388,4352,3,3.542969,199.1562,193.2734,511.1562,0
3116.031,425,63.88889,4352,5,3.542969,199.1562,191.6719,512.7578,0
3116.031,425,58.58586,4352,4,3.542969,199.1562,196.1523,508.2773,0
3116.031,425,59.85037,4352,5,3.542969,199.1562,194.5703,509.8594,0
3116.031,425,62.0603,4352,6,3.542969,199.1562,198.8125,505.6172,0
3116.031,425,56.12745,4352,9,3.542969,199.1562,197.4805,506.9492,0
3116.031,425,55.52826,4352,5,3.542969,199.1562,195.9219,508.5078,0
3116.031,425,52.32274,4352,5,3.542969,199.1562,194.7578,509.6719,0
3116.031,425,51.0,4352,9,3.542969,199.1562,192.9258,511.5039,0
3116.031,425,53.68957,4352,5,3.542969,199.1562,190.6016,513.8281,0
3116.031,425,61.75711,4352,5,3.542969,199.1562,189.7031,514.7266,0
3116.031,425,64.22977,4352,3,3.542969,199.1562,189.2656,515.1641,0
3116.031,425,64.04199,4352,5,3.542969,199.1562,188.5859,515.8438,0
3116.031,425,61.65803,4352,5,3.542969,199.1562,192.8047,511.625,0
3116.031,425,62.14834,4352,5,3.542969,199.1562,192.0938,512.3359,0
3116.031,425,62.82051,4352,8,3.558594,199.1562,195.3594,509.0547,0
3116.031,425,62.2108,4352,4,3.558594,199.1562,196.9805,507.4336,0
3116.031,425,65.64103,4352,3,3.558594,199.1562,195.0938,509.3203,0
3116.031,425,62.7551,4352,6,3.558594,199.1562,194.4375,509.9766,0
3116.031,425,60.86957,4352,8,3.558594,199.1562,193.5391,510.875,0
3116.031,425,60.82474,4352,8,3.558594,199.1562,192.6641,511.75,0
3116.031,425,58.01527,4352,3,3.558594,199.1562,192.2266,512.1875,0
3116.031,425,62.2108,4352,4,3.558594,199.1562,191.3008,513.1133,0
3116.031,425,59.89848,4352,8,3.558594,199.1562,190.4414,513.9727,0
3116.031,425,62.40409,4352,6,3.558594,199.1562,194.3984,510.0156,0
3116.031,425,58.83838,4352,5,3.558594,199.1562,193.9609,510.4531,0
3116.031,425,59.94832,4352,7,3.558594,199.1562,196.7617,507.6523,0
3116.031,425,55.47074,4352,4,3.558594,199.1562,195.832,508.582,0
3116.031,425,58.67347,4352,7,3.558594,199.1562,194.7109,509.7031,0
3116.031,425,62.5,4352,4,3.558594,199.1562,194.0586,510.3555,0
3116.031,425,64.3038,4352,5,3.558594,199.1562,191.9023,512.5117,0
3116.031,425,59.54774,4352,6,3.558594,199.1562,196.543,507.8711,0
3116.031,425,60.94527,4352,6,3.558594,199.1562,194.7109,509.7031,0
3116.031,425,63.29114,4352,5,3.558594,199.1562,193.5625,510.8516,0
3116.031,425,63.29114,4352,4,3.558594,199.1562,191.6758,512.7383,0
3116.031,425,58.54271,4352,8,3.558594,199.1562,196.8164,507.5977,0
3116.031,425,54.65995,4352,3,3.558594,199.1562,194.5039,509.9102,0
3116.031,425,50.12469,4352,5,3.558594,199.1562,196.7734,507.6406,0
3116.031,425,45.63591,4352,4,3.558594,199.1562,194.7383,509.6758,0
3116.031,425,52.5641,4352,12,3.558594,199.1562,193.8359,510.5781,0
3116.031,425,59.84456,4352,4,3.558594,199.1562,193.1523,511.2617,0
3116.031,425,59.79381,4320,4,3.558594,199.1562,192.6875,511.7266,0
3116.031,425,65.89744,4320,5,3.558594,199.1562,192.0586,512.3555,0
3116.031,425,60.66838,4320,4,3.558594,199.1562,195.6992,508.7148,0
3116.031,425,63.08901,4320,6,3.558594,199.1562,194.3047,510.1094,0
3116.031,425,62.17617,4320,4,3.558594,199.1562,194.0859,510.3281,0
3116.031,425,58.91473,4320,5,3.558594,199.1562,191.6836,512.7305,0
3116.031,425,61.59794,4320,4,3.558594,199.1562,195.7188,508.6953,0
3116.031,425,63.23907,4320,14,3.558594,199.1562,197.6602,506.7539,0
3116.031,425,62.08651,4320,10,3.558594,199.1562,196.2773,508.1367,0
3116.031,425,60.1023,4320,6,3.566406,199.1562,195.6211,508.7852,0
3116.031,425,61.08247,4320,4,3.566406,199.1562,194.9922,509.4141,0
3116.031,425,58.97436,4320,12,3.566406,199.1562,192.6172,511.7891,0
3116.031,425,61.75711,4320,6,3.566406,199.1562,190.9766,513.4297,0
3116.031,425,58.41837,4320,10,3.566406,199.1562,190.0742,514.332,0
3116.031,425,61.16751,4320,12,3.566406,199.1562,188.168,516.2383,0
3116.031,425,62.65985,4320,20,3.566406,199.1562,188.0,516.4062,0
3116.031,425,61.42132,4320,5,3.566406,199.1562,191.8867,512.5195,0
3116.031,425,61.16751,4320,5,3.574219,199.1484,191.2422,513.1641,0
3116.031,425,61.02564,4320,5,3.574219,199.1562,195.5781,508.8203,0
3116.031,425,59.29648,4320,6,3.574219,199.1562,194.6758,509.7227,0
3116.031,425,60.4534,4320,5,3.574219,199.1562,192.3242,512.0742,0
3116.031,426,62.65664,4320,5,3.574219,199.1562,191.6406,512.7578,0
3116.031,426,59.75,4320,11,3.574219,199.1562,195.7656,508.6328,0
3116.031,426,58.5,4320,3,3.574219,199.1562,194.1875,510.2109,0
3116.031,426,59.54774,4320,10,3.574219,199.1562,192.6016,511.7969,0
3116.031,426,58.23096,4320,10,3.582031,199.1562,191.207,513.1836,0
3116.031,426,56.04938,4352,11,3.582031,199.1562,195.1055,509.2852,0
3116.031,426,50.2451,4320,13,3.582031,199.1562,193.7656,510.625,0
3116.031,426,51.39949,4320,11,3.582031,199.1562,192.3711,512.0195,0
3116.031,426,57.73196,4320,8,3.582031,199.1562,201.0195,503.3711,0
3116.031,426,60.36269,4320,7,3.582031,199.1562,198.3164,506.0742,0
3116.031,426,57.88114,4320,18,3.582031,199.1562,195.9648,508.4258,0
3116.031,426,59.38303,4320,5,3.582031,199.1562,198.043,506.3477,0
3116.031,426,62.07792,4320,11,3.582031,199.1562,195.9688,508.4219,0
3116.031,426,60.92545,4320,12,3.582031,199.1562,194.1211,510.2695,0
3116.031,426,61.53846,4320,8,3.582031,199.1562,193.2188,511.1719,0
3116.031,426,59.22078,4320,6,3.582031,199.1562,193.0,511.3906,0
3116.031,426,62.07792,4320,6,3.582031,199.1562,190.6875,513.7031,0
3116.031,426,60.66838,4320,10,3.582031,199.1562,194.1367,510.2539,0
3116.031,426,61.95373,4320,8,3.597656,199.1406,192.9609,511.4297,0
3116.031,426,58.67347,4320,9,3.597656,199.1562,195.7422,508.6328,0
3116.031,426,58.50515,4320,9,3.597656,199.1562,200.0781,504.2969,0
3116.031,426,58.22785,4320,6,3.597656,199.1562,197.3672,507.0078,0
3116.031,426,60.71429,4320,13,3.597656,199.1562,195.7266,508.6484,0
3116.031,426,56.66667,4320,9,3.597656,199.1562,195.0469,509.3281,0
3116.031,426,61.73469,4352,9,3.597656,199.1562,197.8086,506.5664,0
3116.031,426,60.0,4352,9,4.398438,202.832,193.7383,506.1602,0
3116.031,426,60.71429,4352,9,4.398438,202.832,191.3867,508.5117,0
3116.031,426,57.14286,4352,8,4.398438,202.832,188.0508,511.8477,0
3116.031,426,61.36364,4352,14,4.398438,202.832,186.6289,513.2695,0
3116.031,426,59.43878,4352,8,4.398438,202.832,185.7266,514.1719,0
3116.031,426,60.15038,4352,9,4.398438,202.832,189.1797,510.7188,0
3116.031,426,62.0603,4352,8,4.40625,202.8242,186.8594,513.0391,0
3116.031,426,58.41584,4352,11,4.40625,202.832,185.7383,514.1523,0
3116.031,426,60.5985,4352,7,4.40625,202.832,188.543,511.3477,0
3116.031,426,58.85287,4352,8,4.40625,202.832,187.8594,512.0312,0
3116.031,426,55.72139,4352,10,4.40625,202.832,186.2461,513.6445,0
3116.031,426,47.77228,4352,10,4.40625,202.832,185.3711,514.5195,0
3116.031,426,47.73869,4352,11,4.40625,202.832,184.4961,515.3945,0
3116.031,425,59.42408,4352,9,4.40625,202.832,191.75,508.1406,0
3116.031,425,58.91473,4352,7,4.40625,202.832,189.8633,510.0273,0
3116.031,425,60.98191,4352,11,4.40625,202.832,188.4453,511.4453,0
3116.031,425,59.38303,4352,11,4.40625,202.832,192.6172,507.2734,0
3116.031,425,62.2739,4352,13,4.40625,202.8867,192.1797,507.6562,0
3116.031,425,60.4712,4352,14,4.40625,202.8867,191.5078,508.3281,0
3116.031,425,61.18252,4352,7,4.40625,202.8867,190.6055,509.2305,0
3116.031,425,58.65633,4352,16,4.40625,202.8867,195.2227,504.6133,0
3116.031,425,58.33333,4352,9,4.40625,202.8867,192.4297,507.4062,0
3116.031,425,58.29016,4352,5,4.40625,202.8867,190.3516,509.4844,0
3116.031,425,59.89717,4352,7,4.40625,202.8867,188.4102,511.4258,0
3116.031,425,65.29563,4352,10,4.40625,202.8867,190.9883,508.8477,0
3116.031,425,57.46835,4352,13,4.40625,202.8867,189.6484,510.1875,0
3116.031,426,56.48855,4352,8,4.40625,202.8867,190.0039,509.832,0
3116.992,426,61.30653,4352,10,4.433594,204.2461,187.6797,510.7695,0
3116.992,426,60.6599,4352,15,4.433594,204.2773,191.1914,507.2266,0
3116.992,426,59.13706,4352,6,4.433594,204.2773,190.0547,508.3633,0
3116.992,426,61.12532,4352,8,4.433594,204.2773,187.4258,510.9922,0
3116.992,426,60.95718,4352,5,4.433594,204.2773,190.2852,508.1328,0
3116.992,426,59.44584,4352,6,4.433594,204.2773,188.1641,510.2539,0
3116.992,426,60.4534,4352,3,4.433594,204.2773,187.4805,510.9375,0
3116.992,426,64.37659,4352,3,4.433594,204.2773,187.082,511.3359,0
3116.992,426,63.88889,4352,8,4.433594,204.2773,185.7305,512.6875,0
3116.992,426,61.80905,4352,4,4.433594,204.2773,188.9609,509.457,0
3116.992,426,59.54774,4352,5,4.433594,204.2773,187.8125,510.6055,0
3116.992,426,60.0,4352,10,4.433594,204.2773,186.418,512.0,0
3116.992,426,56.67506,4352,4,4.433594,204.2773,185.7344,512.6836,0
3116.992,426,54.07407,4352,6,4.433594,204.2773,185.0234,513.3945,0
3116.992,426,53.65854,4352,6,4.433594,204.2773,188.1328,510.2852,0
3116.992,426,49.50495,4352,9,4.433594,204.2773,186.5195,511.8984,0
3116.992,426,59.74359,4352,3,4.433594,204.2773,185.1797,513.2383,0
3116.992,426,59.1623,4352,5,4.433594,204.2773,184.5234,513.8945,0
3116.992,426,62.17617,4352,5,4.433594,204.3242,184.5547,513.8164,0
3116.992,426,62.43523,4352,6,4.433594,204.3242,187.2969,511.0742,0
3116.992,426,58.90052,4352,5,4.433594,204.3242,185.8906,512.4805,0
3116.992,426,63.63636,4352,3,4.433594,204.3242,184.7969,513.5742,0
3116.992,426,61.22449,4352,3,4.441406,204.3164,188.543,509.8281,0
3116.992,426,61.71875,4352,5,4.441406,204.3242,191.5039,506.8594,0
3116.992,426,60.31332,4352,4,4.441406,204.3242,190.3672,507.9961,0
3116.992,426,59.94832,4352,7,4.441406,204.3242,189.2227,509.1406,0
3116.992,426,59.79381,4352,6,4.441406,204.3242,187.3359,511.0273,0
3116.992,426,59.79899,4352,4,4.441406,204.3242,185.7227,512.6406,0
3116.992,426,57.73196,4352,3,4.441406,204.3242,184.8711,513.4922,0
3116.992,426,61.0687,4352,4,4.441406,204.3242,183.5078,514.8555,0
3116.992,426,58.77863,4352,7,4.441406,204.3242,182.8242,515.5391,0
3116.992,426,60.6599,4352,6,4.441406,204.3242,186.1016,512.2617,0
3116.992,426,62.05128,4352,7,4.441406,204.3242,183.7266,514.6367,0
3116.992,426,60.05089,4352,5,4.441406,204.3242,186.6992,511.6641,0
3116.992,426,63.61323,4352,12,4.441406,204.3242,185.3359,513.0273,0
3116.992,426,64.2132,4352,8,4.441406,204.3242,188.5664,509.7969,0
3116.992,426,61.96474,4352,4,4.441406,204.3242,186.8984,511.4648,0
3116.992,426,63.03797,4352,3,4.449219,204.3242,189.6484,508.707,0
3116.992,426,60.401,4352,9,4.449219,204.3242,188.2305,510.125,0
3116.992,426,61.83206,4352,7,4.449219,204.3242,187.793,510.5625,0
3116.992,426,61.84539,4352,3,4.449219,204.3242,186.8672,511.4883,0
3116.992,426,57.53769,4352,5,4.449219,204.3242,185.7188,512.6367,0
3116.992,426,60.09975,4352,7,4.449219,204.3242,189.6797,508.6758,0
3116.992,426,57.9602,4352,11,4.449219,204.3242,188.0664,510.2891,0
3116.992,426,56.04938,4352,4,4.449219,204.3242,187.3828,510.9727,0
3116.992,426,53.20197,4352,7,4.449219,204.3242,186.0312,512.3242,0
3116.992,426,56.41026,4352,4,4.449219,204.3242,185.3477,513.0078,0
3116.992,426,61.85567,4352,9,4.449219,204.3242,183.4609,514.8945,0
3116.992,426,59.48052,4352,10,4.449219,204.3242,182.0664,516.2891,0
3116.992,426,59.02062,4352,4,4.449219,204.3242,181.4102,516.9453,0
3116.992,426,62.46787,4352,8,4.449219,204.3242,185.4609,512.8945,0
3116.992,425,59.84252,4352,4,4.449219,204.3242,189.3984,508.957,0
3116.992,426,59.48052,4352,9,4.449219,204.3242,187.9883,510.3672,0
3116.992,426,60.77922,4352,12,4.449219,204.3242,185.6719,512.6836,0
3116.992,426,58.48564,4352,10,4.449219,204.3242,184.7695,513.5859,0
3116.992,426,60.88083,4320,11,4.449219,204.3242,183.8867,514.4688,0
3116.992,426,61.73469,4320,6,4.449219,204.3242,186.8203,511.5352,0
3116.992,426,61.83206,4288,12,4.449219,204.3242,185.6836,512.6719,0
3116.992,426,59.23077,4288,10,4.449219,204.3242,187.4102,510.9453,0
3116.992,426,58.86889,4288,4,4.449219,204.3242,186.0742,512.2812,0
3116.992,426,60.50633,4320,4,4.449219,204.3242,185.6367,512.7188,0
3116.992,426,60.61381,4320,11,4.449219,204.3242,184.2695,514.0859,0
3116.992,426,62.40409,4320,5,4.449219,204.3242,186.7422,511.6133,0
3116.992,426,59.43878,4352,6,4.449219,204.3242,186.332,512.0234,0
3116.992,426,63.38384,4352,4,4.457031,204.3242,184.5039,513.8438,0
3116.992,426,57.28643,4352,5,4.457031,204.3242,188.2539,510.0938,0
3116.992,426,62.08651,4352,12,4.457031,204.3242,188.0352,510.3125,0
3116.992,426,61.26582,4352,6,4.457031,204.3242,187.5977,510.75,0
3116.992,425,60.95718,4352,5,4.457031,204.3242,191.5312,506.8164,0
3117.008,425,59.49367,4352,9,4.457031,204.3242,189.2188,509.1289,0
3116.992,425,61.92893,4352,6,4.457031,204.3242,188.1016,510.2461,0
3116.992,425,61.25,4352,6,4.457031,204.3242,186.7617,511.5859,0
3116.992,425,54.97512,4352,5,4.457031,204.3242,185.4219,512.9258,0
3116.992,425,58.91089,4352,12,4.457031,204.3242,184.2734,514.0742,0
3116.992,425,56.61765,4352,11,4.457031,204.3242,183.3711,514.9766,0
3116.992,425,49.37656,4352,11,4.457031,204.3242,183.418,514.9297,0
3116.992,425,46.42857,4352,6,4.457031,204.3242,187.125,511.2227,0
3116.992,425,59.375,4352,8,4.457031,204.3242,185.9766,512.3711,0
3116.992,425,63.35079,4352,4,4.457031,204.3242,184.1562,514.1914,0
3116.992,425,59.17313,4352,9,4.457031,204.3242,187.7227,510.625,0
3116.992,425,60.10499,4352,8,4.457031,204.3242,186.8477,511.5,0
3116.992,425,58.31135,4352,6,4.457031,204.3242,187.125,511.2227,0
3116.992,425,60.36269,4352,5,4.457031,204.3242,188.668,509.6797,0
3116.992,425,64.10256,4352,5,4.457031,204.3242,187.2773,511.0703,0
3116.992,425,61.02564,4352,10,4.457031,204.3242,185.9648,512.3828,0
3116.992,425,60.77922,4352,11,4.457031,204.3242,184.582,513.7656,0
3116.992,425,59.32642,4352,8,4.457031,204.3242,183.957,514.3906,0
3116.992,425,57.65306,4352,7,4.457031,204.3242,182.3711,515.9766,0
3116.992,425,58.50515,4352,11,4.457031,204.3242,186.543,511.8047,0
3116.992,425,59.48718,4352,12,4.457031,204.3242,185.1211,513.2266,0
3116.992,425,58.61183,4352,14,4.457031,204.3242,182.7734,515.5742,0
3116.992,425,64.76684,4352,10,4.457031,204.3242,181.5898,516.7578,0
3116.992,425,58.52417,4352,9,4.464844,204.3164,186.2656,512.082,0
3116.992,425,59.69388,4352,6,4.464844,204.3242,184.4102,513.9297,0
3116.992,425,63.52041,4352,12,4.464844,204.3242,187.3867,510.9531,0
3116.992,425,60.6599,4352,5,4.464844,204.3242,186.5117,511.8281,0
3116.992,425,56.39098,4352,8,4.464844,204.3242,185.6211,512.7188,0
3116.992,425,61.73469,4352,7,4.464844,204.3242,185.4023,512.9375,0
3116.992,425,60.55276,4352,4,4.464844,204.3242,184.5,513.8398,0
3116.992,425,59.19395,4352,8,4.464844,204.3242,182.8867,515.4531,0
3116.992,425,59.19395,4352,11,4.464844,204.3242,183.1602,515.1797,0
3116.992,425,63.72796,4352,9,4.464844,204.3242,181.5469,516.793,0
3116.992,425,58.25,4352,6,4.464844,204.3242,185.5352,512.8047,0
3116.992,425,60.84788,4352,13,4.464844,204.3242,188.293,510.0469,0
3116.992,425,54.41176,4352,12,4.464844,204.3242,186.1367,512.2031,0
3116.992,425,51.35135,4352,7,4.472656,204.3242,188.375,509.957,0
3116.992,425,53.0,4352,8,4.472656,204.3242,187.6914,510.6406,0
3116.992,425,58.86889,4352,8,4.472656,204.3242,186.5742,511.7578,0
3116.992,425,62.30366,4352,11,4.472656,204.3242,190.0156,508.3164,0
3116.992,425,64.35897,4352,12,4.472656,204.3242,188.1133,510.2188,0
3116.992,425,61.31579,4320,10,4.472656,204.3242,190.0586,508.2734,0
3116.992,425,57.36041,4320,11,4.472656,204.3242,187.7383,510.5938,0
3116.992,425,60.46512,4320,9,4.472656,204.3242,190.8164,507.5156,0
3116.992,425,61.1399,4320,11,4.472656,204.3242,188.9688,509.3633,0
3116.992,425,61.59794,4320,7,4.472656,204.3242,187.5508,510.7812,0
3116.992,425,60.66838,4320,8,4.472656,204.3242,185.418,512.9141,0
3116.992,425,60.20672,4320,13,4.472656,204.3242,184.5156,513.8164,0
3116.992,425,56.15385,4320,11,4.472656,204.3242,182.7227,515.6094,0
3116.992,425,61.57761,4320,9,4.472656,204.3242,181.3555,516.9766,0
3116.992,425,60.56701,4320,8,4.472656,204.3242,180.2344,518.0977,0
3116.992,426,60.61381,4320,8,4.472656,204.3242,183.5703,514.7617,0
3116.992,426,61.96474,4320,6,4.472656,204.3242,183.1914,515.1406,0
3116.992,426,61.95373,4320,10,4.472656,204.3242,187.9805,510.3516,0
3116.992,426,62.62626,4320,8,4.472656,204.3242,186.4297,511.9023,0
3116.992,426,62.69036,4320,9,4.472656,204.3242,184.8008,513.5312,0
3116.992,426,61.01266,4320,8,4.472656,204.3242,188.543,509.7891,0
3116.992,426,60.81425,4320,10,4.472656,204.3242,186.2578,512.0742,0
3116.992,426,57.32323,4320,7,4.472656,204.3242,186.0391,512.293,0
3116.992,426,59.84848,4320,9,4.472656,204.3242,184.918,513.4141,0
3116.992,426,57.53769,4320,10,4.472656,204.3242,184.918,513.4141,0
3116.992,426,58.16327,4320,8,4.472656,204.3242,182.7891,515.543,0
3116.992,426,60.10101,4320,8,4.472656,204.3242,186.0273,512.3047,0
3116.992,426,59.90099,4352,8,4.472656,204.3242,184.6992,513.6328,0
3116.992,426,56.21891,4352,6,4.472656,204.3242,189.1211,509.2109,0
3116.992,427,57.00246,4352,13,4.472656,204.3242,187.4805,510.8516,0
3116.992,427,54.45545,4352,11,4.472656,204.3242,187.293,511.0391,0
3116.992,427,45.11278,4352,8,4.472656,204.3242,186.4141,511.918,0
3116.992,427,50.3876,4352,9,4.472656,204.3242,190.6211,507.7109,0
3116.992,427,61.45833,4352,7,4.472656,204.3242,188.7734,509.5586,0
3116.992,427,62.14099,4352,9,4.488281,204.3242,186.4492,511.8672,0
3116.992,427,61.45833,4352,8,4.488281,204.3242,185.5195,512.7969,0
3116.992,427,63.40206,4352,7,4.488281,204.3242,185.5469,512.7695,0
3116.992,427,57.98969,4352,9,4.488281,204.3242,183.4297,514.8867,0
3116.992,427,58.76289,4352,5,4.488281,204.3242,182.3359,515.9805,0
3116.992,427,62.7551,4352,6,4.488281,204.3242,186.2617,512.0547,0
3116.992,427,59.17313,4352,14,4.488281,204.3242,184.7891,513.5273,0
3116.992,427,60.83551,4352,12,4.488281,204.3242,183.668,514.6484,0
3116.992,427,59.69388,4352,6,4.488281,204.3242,183.5938,514.7227,0
3116.992,427,61.38107,4352,7,4.488281,204.3242,187.2188,511.0977,0
3116.992,427,62.18274,4352,6,4.488281,204.3242,189.0,509.3164,0
3116.992,427,57.98969,4352,8,4.488281,204.3242,187.8516,510.4648,0
3116.992,427,59.18367,4352,3,4.488281,204.3242,186.9766,511.3398,0
3116.992,427,62.7551,4352,7,4.488281,204.3242,185.375,512.9414,0
3116.992,427,59.94898,4320,5,4.488281,204.3242,183.5,514.8164,0
3116.992,427,56.67506,4320,6,4.488281,204.3242,181.8594,516.457,0
3116.992,427,59.09091,4320,6,4.488281,204.3242,181.7148,516.6016,0
3116.992,427,62.65664,4320,3,4.496094,204.3164,179.8906,518.4258,0
3116.992,427,63.79747,4320,3,4.496094,204.3242,178.3047,520.0039,0
3116.992,427,58.98734,4320,5,4.496094,204.3242,178.6328,519.6758,0
3116.992,427,62.53165,4320,3,4.496094,204.3242,183.8828,514.4258,0
3116.992,427,61.92893,4320,3,4.496094,204.3242,182.7383,515.5703,0
3116.992,427,60.75949,4320,6,4.496094,204.3242,186.4102,511.8984,0
3116.992,427,60.04963,4320,4,4.496094,204.3242,185.9727,512.3359,0
3116.992,427,57.64411,4320,8,4.496094,204.3242,183.3594,514.9492,0
3116.992,427,56.2963,4320,3,4.496094,204.3242,186.8594,511.4492,0
3116.992,427,54.81481,4320,5,4.496094,204.3242,187.1523,511.1562,0
3116.992,425,47.64268,4320,4,4.496094,204.3242,185.082,513.2266,0
3116.992,425,53.86598,4320,8,4.496094,204.3242,183.7188,514.5898,0
3116.992,425,60.83551,4320,5,4.496094,204.3242,186.2461,512.0625,0
3116.992,425,58.00525,4320,3,4.496094,204.3242,185.1523,513.1562,0
3116.992,425,59.59079,4320,5,4.496094,204.3242,184.0039,514.3047,0
3116.992,425,61.08247,4320,7,4.496094,204.3242,183.1289,515.1797,0
3116.992,425,63.18538,4320,5,4.496094,204.3242,182.2539,516.0547,0
3116.992,425,59.43152,4320,5,4.496094,204.3242,181.8438,516.4648,0
3116.992,425,63.56589,4320,10,4.496094,204.3242,190.5625,507.7461,0
3116.992,425,59.38303,4320,8,4.496094,204.3242,188.4141,509.8945,0
3116.992,425,60.25974,4320,5,4.496094,204.3242,186.5586,511.75,0
3116.992,425,62.5641,4352,6,4.496094,204.3242,189.543,508.7656,0
3116.992,425,62.40409,4352,11,4.496094,204.3242,186.2188,512.0898,0
3116.992,425,58.71795,4352,5,4.496094,204.3242,185.3438,512.9648,0
3116.992,425,58.54271,4352,8,4.496094,204.3242,188.7969,509.5117,0
3116.992,425,61.89258,4352,4,4.503906,204.3242,186.418,511.8828,0
3116.992,423,61.22449,4352,6,4.503906,204.3242,184.5078,513.793,0
3116.992,423,61.08247,4352,5,4.519531,204.3242,183.6055,514.6797,0
3116.992,423,60.91371,4352,5,4.519531,204.3242,182.8945,515.3906,0
3116.992,423,57.39796,4352,5,4.519531,204.3242,183.0508,515.2344,0
3116.992,423,59.29648,4352,7,4.519531,204.3242,181.9375,516.3477,0
3116.992,423,62.5,4352,9,4.519531,204.3242,182.4805,515.8047,0
3116.992,423,57.39796,4352,4,4.519531,204.3242,186.2383,512.0469,0
3116.992,423,59.85037,4352,9,4.519531,204.3242,184.3516,513.9336,0
3116.992,423,61.01266,4352,7,4.519531,204.3242,192.9062,505.3789,0
3116.992,423,61.51899,4352,6,4.519531,204.3242,191.2734,507.0117,0
3116.992,423,57.14286,4352,8,4.519531,204.3242,189.6875,508.5977,0
3116.992,424,61.25,4352,4,4.519531,204.3242,193.1445,505.1406,0
3116.992,424,57.21393,4352,8,4.519531,204.3242,190.8281,507.457,0
3117.496,424,57.59804,4352,8,4.519531,204.3242,188.9453,509.3398,0
3117.496,424,53.78973,4352,6,4.519531,204.3242,186.6055,511.6797,0
3117.496,424,51.37157,4352,8,4.519531,204.3828,185.4258,512.8008,0
3116.992,424,61.03896,4352,8,4.519531,204.3828,184.2773,513.9492,0
3116.992,424,63.44648,4352,5,4.519531,204.3828,182.8828,515.3438,0
3116.992,424,59.89583,4352,7,4.519531,204.3828,182.2305,515.9961,0
3116.992,424,59.63542,4352,11,4.519531,204.3828,185.2266,513.0,0
3116.992,424,63.84615,4352,4,4.519531,204.3828,189.1914,509.0352,0
3116.992,424,64.08269,4352,11,4.519531,204.3828,186.6094,511.6172,0
3116.992,424,64.08269,4352,7,4.519531,204.3828,190.3086,507.918,0
3116.992,424,62.89474,4352,3,4.519531,204.3828,188.4258,509.8008,0
3116.992,424,58.80829,4352,3,4.519531,204.3828,186.5664,511.6602,0
3116.992,424,58.98734,4352,4,4.519531,204.3828,184.957,513.2695,0
3116.992,424,60.20151,4352,5,4.519531,204.3828,184.082,514.1445,0
3116.992,424,58.35476,4352,8,4.519531,204.3828,188.1914,510.0352,0
3116.992,424,62.05128,4352,7,4.519531,204.3828,186.5234,511.7031,0
3116.992,424,63.5443,4352,9,4.519531,204.3828,189.668,508.5586,0
3116.992,424,64.70588,4352,10,4.519531,204.3828,187.8398,510.3867,0
3116.992,424,58.41837,4352,8,4.519531,204.3828,186.9102,511.3164,0
3116.992,424,62.5,4352,10,4.519531,204.3828,185.3086,512.918,0
3116.992,424,58.82353,4352,8,4.519531,204.3828,184.6523,513.5742,0
3116.992,424,58.29016,4352,4,4.519531,204.3828,184.4766,513.75,0
3116.992,424,64.45013,4352,7,4.519531,204.3828,183.5781,514.6484,0
3116.992,424,65.42289,4352,12,4.519531,204.3828,183.6562,514.5703,0
3116.992,424,60.60606,4352,5,4.519531,204.3828,183.4883,514.7383,0
3116.992,425,62.27848,4352,7,4.519531,204.3828,186.6836,511.543,0
3116.992,425,59.34343,4352,9,4.519531,204.3828,185.3164,512.9102,0
3116.992,425,59.29648,4352,4,4.519531,204.3828,184.1445,514.082,0
3116.992,425,60.0,4352,11,4.519531,204.3828,187.5781,510.6484,0
3116.992,425,58.76543,4352,13,4.519531,204.3828,186.2031,512.0234,0
3116.992,425,55.77396,4352,12,4.519531,204.3828,185.2578,512.9688,0
3116.992,425,53.58025,4352,8,4.519531,204.3828,190.8359,507.3906,0
3116.992,425,56.5,4352,9,4.519531,204.4023,189.2617,508.9453,0
3116.992,425,60.0,4320,11,4.519531,204.4023,187.4297,510.7773,0
3116.992,425,60.73298,4320,14,4.519531,204.4023,185.3242,512.8828,0
3116.992,425,58.7013,4320,13,4.519531,204.4023,183.7383,514.4688,0
3116.992,425,61.67513,4320,8,4.519531,204.4023,183.3008,514.9062,0
3116.992,425,61.3577,4320,11,4.527344,204.3945,186.9297,511.2773,0
3116.992,425,62.53165,4320,10,4.527344,204.4023,190.8672,507.332,0
3116.992,425,58.80829,4320,9,4.527344,204.4023,188.2773,509.9219,0
3116.992,425,59.06736,4320,11,4.527344,204.4023,187.8398,510.3594,0
3116.992,425,61.03896,4320,8,4.527344,204.4023,186.9492,511.25,0
3116.992,425,62.40409,4320,7,4.527344,204.4023,185.5547,512.6445,0
3116.992,425,58.88325,4320,9,4.527344,204.4023,189.4336,508.7656,0
3116.992,425,62.9156,4320,7,4.527344,204.4023,186.8867,511.3125,0
3116.992,425,62.98201,4320,7,4.527344,204.4023,190.6562,507.543,0
3116.992,425,60.81425,4320,5,4.527344,204.4023,188.5273,509.6719,0
3116.992,425,58.46154,4320,13,4.527344,204.4023,187.1445,511.0547,0
3116.992,425,60.80402,4320,11,4.527344,204.4023,189.7227,508.4766,0
3116.992,425,64.03061,4320,7,4.527344,204.4023,188.5742,509.625,0
3116.992,425,63.07692,4320,8,4.527344,204.4023,187.4258,510.7734,0
3116.992,425,59.64467,4320,16,4.527344,204.4023,186.0742,512.125,0
3116.992,425,61.83206,4320,13,4.527344,204.4023,190.2578,507.9414,0
3116.992,424,62.40602,4320,14,4.527344,204.4023,188.9648,509.2344,0
3117.895,424,61.51899,4320,9,4.527344,204.4023,187.5469,510.6523,0
3116.992,426,60.25,4320,9,4.527344,204.4023,185.3867,512.8125,0
3116.992,424,61.89258,4320,8,4.527344,204.4023,184.4844,513.7148,0
3116.992,424,61.61616,4320,8,4.527344,204.4023,183.3633,514.8359,0
3116.992,424,63.43284,4320,9,4.535156,204.3945,182.4062,515.793,0
3116.992,424,60.25,4320,8,4.535156,204.4023,181.5039,516.6875,0
3116.992,424,52.83951,4320,14,4.535156,204.4023,181.5898,516.6016,0
3116.992,424,51.35135,4320,7,4.535156,204.4023,180.9375,517.2539,0
3116.992,424,53.48259,4320,7,4.535156,204.4023,185.668,512.5234,0
3116.992,424,57.50636,4320,9,4.535156,204.4023,184.2852,513.9062,0
3116.992,424,58.24742,4320,9,4.535156,204.4023,183.3828,514.8086,0
3116.992,424,59.94764,4320,10,4.535156,204.4023,186.9531,511.2383,0
3116.992,424,59.52381,4320,8,4.535156,204.4023,186.3359,511.8555,0
3116.992,424,64.45013,4320,8,4.535156,204.4023,183.7266,514.4648,0
3116.992,424,62.5323,4320,6,4.535156,204.4023,184.5938,513.5977,0
3116.992,424,62.2108,4320,19,4.535156,204.4023,184.4062,513.7852,0
3116.992,424,57.84062,4320,3,4.535156,204.4023,187.0898,511.1016,0
3116.992,424,62.72494,4320,3,4.535156,204.4023,186.625,511.5664,0
3116.992,424,60.75949,4320,4,4.535156,204.4023,185.9688,512.2227,0
3116.992,424,62.65985,4320,3,4.535156,204.4023,185.75,512.4414,0
3116.992,424,63.98964,4320,4,4.535156,204.4023,185.0664,513.125,0
3116.992,424,60.80402,4320,4,4.535156,204.4023,183.6719,514.5195,0
3116.992,424,59.17313,4320,8,4.535156,204.4023,187.8398,510.3516,0
3116.992,424,59.79381,4320,4,4.535156,204.4023,186.6953,511.4961,0
3116.992,424,62.7551,4320,3,4.542969,204.3945,185.7773,512.4141,0
3116.992,424,59.43878,4320,7,4.542969,204.4023,189.9688,508.2148,0
3116.992,424,60.45918,4320,11,4.542969,204.4023,186.9336,511.25,0
3116.992,424,57.03518,4320,3,4.542969,204.4023,189.4609,508.7227,0
3116.992,424,63.95939,4320,10,4.542969,204.4023,187.1797,511.0039,0
3116.992,424,58.14536,4320,9,4.542969,204.4023,186.2773,511.9062,0
3116.992,424,58.79397,4320,3,4.542969,204.4023,185.6211,512.5625,0
3116.992,424,61.20907,4320,12,4.542969,204.4023,183.9805,514.2031,0
3116.992,424,60.91371,4320,5,4.542969,204.4023,182.5586,515.625,0
3116.992,424,61.9403,4320,7,4.542969,204.4023,181.9258,516.2578,0
3116.992,424,61.51899,4320,3,4.542969,204.4023,189.7109,508.4727,0
3116.992,424,59.65347,4320,3,4.542969,204.4023,187.5547,510.6289,0
3116.992,424,56.57568,4320,4,4.542969,204.4023,186.3633,511.8203,0
3116.992,424,49.12718,4320,5,4.542969,204.4023,184.5352,513.6484,0
3116.992,424,46.48241,4320,3,4.550781,204.4023,188.7578,509.418,0
3116.992,424,50.89514,4320,7,4.550781,204.4023,185.8867,512.2891,0
3116.992,424,59.74026,4320,3,4.550781,204.4023,185.8867,512.2891,0
3116.992,424,60.41667,4320,3,4.550781,204.4023,185.6758,512.5,0
3116.992,424,61.71875,4320,3,4.550781,204.4023,185.0703,513.1055,0
3116.992,424,60.0,4320,3,4.550781,204.4023,183.457,514.7188,0
3116.992,424,60.46512,4320,11,4.550781,204.5273,182.9922,515.0586,0
3116.992,424,60.92545,4320,4,4.550781,204.5273,186.0391,512.0117,0
3116.992,424,63.73057,4320,5,4.550781,204.5273,185.1641,512.8867,0
3116.992,424,63.73057,4320,4,4.550781,204.5273,184.2734,513.7773,0
3116.992,424,59.00783,4352,5,4.550781,204.5273,183.3984,514.6523,0
3116.992,424,57.90816,4352,3,4.550781,204.5273,180.8398,517.2109,0
3116.992,424,63.40206,4352,5,4.550781,204.5273,180.4688,517.582,0
3116.992,424,63.75321,4352,5,4.550781,204.5273,185.7305,512.3203,0
3116.992,424,59.44584,4352,5,4.550781,204.5273,184.7031,513.3477,0
3116.992,424,60.30928,4352,5,4.558594,204.5273,184.7578,513.2852,0
3116.992,424,59.69388,4352,3,4.558594,204.5273,182.7383,515.3047,0
3116.992,424,61.89258,4352,10,4.558594,204.5273,181.8086,516.2344,0
3116.992,424,64.35897,4352,9,4.574219,204.5273,187.6328,510.3945,0
3116.992,424,60.0,4352,3,4.574219,204.5273,185.6055,512.4219,0
3116.992,424,61.36364,4352,3,4.574219,204.5273,187.6016,510.4258,0
3116.992,424,63.65915,4352,8,4.574219,204.5273,186.6992,511.3281,0
3116.992,424,59.89717,4352,12,4.574219,204.5273,185.5586,512.4688,0
3116.992,424,59.59596,4352,5,4.574219,204.5273,184.6562,513.3711,0
3116.992,424,62.65664,4320,5,4.574219,204.5273,182.7969,515.2305,0
3116.992,424,60.0,4320,3,4.574219,204.5273,187.4336,510.5938,0
3116.992,423,62.37624,4320,6,4.574219,204.5273,185.1406,512.8867,0
3116.992,423,63.97985,4320,5,4.574219,204.5273,185.1484,512.8789,0
3116.992,423,58.39599,4320,3,4.589844,204.5234,184.543,513.4727,0
3116.992,423,52.08845,4320,5,4.589844,204.5273,183.4258,514.5859,0
3116.992,423,52.8536,4320,6,4.589844,204.5273,191.5664,506.4453,0
3116.992,423,51.99005,4320,10,4.589844,204.5273,189.9414,508.0703,0
3116.992,423,58.65633,4320,9,4.589844,204.5273,188.2461,509.7656,0
3116.992,423,61.65803,4320,4,4.589844,204.5273,185.6484,512.3633,0
3116.992,423,62.76042,4320,10,4.589844,204.5273,184.9922,513.0195,0
3116.992,423,59.74359,4320,7,4.589844,204.5273,184.3359,513.6758,0
3116.992,423,59.74026,4320,8,4.589844,204.5273,183.4453,514.5664,0
3116.992,423,64.08269,4320,7,4.589844,204.5273,183.2266,514.7852,0
3116.992,423,62.82051,4320,7,4.589844,204.5273,182.7852,515.2266,0
3116.992,423,62.5974,4320,4,4.589844,204.5273,182.9336,515.0781,0
3116.992,424,60.62176,4320,10,4.589844,204.5273,185.3242,512.6875,0
3116.992,424,62.0155,4320,9,4.589844,204.5273,184.3945,513.6172,0
3116.992,424,60.66838,4320,4,4.589844,204.5273,184.0273,513.9844,0
3116.992,424,63.07692,4320,7,4.589844,204.5273,182.6289,515.3828,0
3116.992,424,58.39793,4320,8,4.589844,204.5273,186.8203,511.1914,0
3116.992,424,60.05089,4320,4,4.589844,204.5273,190.6055,507.4062,0
3116.992,424,60.75949,4320,7,4.597656,204.5273,188.7773,509.2266,0
3116.992,424,62.08651,4320,5,4.597656,204.5273,187.3945,510.6094,0
3116.992,424,63.29114,4320,10,4.597656,204.5273,186.0273,511.9766,0
3116.992,424,59.33504,4320,10,4.597656,204.5273,185.1562,512.8477,0
3116.992,424,61.83206,4320,5,4.597656,204.5273,184.5,513.5039,0
3116.992,424,60.50633,4320,4,4.597656,204.5273,183.3789,514.625,0
3116.992,424,60.91371,4320,12,4.597656,204.5273,190.2188,507.7852,0
3116.992,424,62.0603,4320,3,4.597656,204.5273,190.5156,507.4883,0
3116.992,424,61.26582,4320,12,4.597656,204.5273,189.1055,508.8984,0
3116.992,425,61.71285,4320,4,4.597656,204.5273,187.4648,510.5391,0
3116.992,425,64.12214,4320,10,4.597656,204.5273,184.6328,513.3711,0
3116.992,425,62.5,4320,3,4.597656,204.5273,186.6367,511.3672,0
3116.992,425,58.06452,4320,5,4.597656,204.5273,184.8086,513.1953,0
3116.992,425,56.93069,4320,8,4.597656,204.5273,185.8359,512.168,0
3116.992,425,50.98522,4320,4,4.597656,204.5273,183.7422,514.2617,0
3116.992,425,55.02513,4320,8,4.597656,204.5273,183.2695,514.7344,0
3116.992,426,60.72351,4352,6,4.597656,204.5273,183.1133,514.8906,0
3116.992,426,60.77922,4352,8,4.597656,204.5273,180.9297,517.0742,0
3116.992,426,60.15625,4352,6,4.597656,204.5273,188.4062,509.5977,0
3116.992,426,63.49614,4352,8,4.597656,204.5273,186.332,511.6719,0
3116.992,426,64.03061,4352,3,4.597656,204.5273,185.4297,512.5742,0
3116.992,426,60.41667,4352,8,4.597656,204.5273,184.0625,513.9414,0
3116.992,426,60.76923,4352,6,4.597656,204.5273,182.9453,515.0586,0
3116.992,426,60.10363,4352,11,4.597656,204.5273,181.7969,516.207,0
3116.992,426,60.51282,4352,10,4.597656,204.5273,180.8945,517.1094,0
3116.992,426,59.74026,4352,8,4.597656,204.5273,180.7617,517.2422,0
3116.992,426,60.35806,4352,6,4.597656,204.5273,181.3398,516.6641,0
3116.992,426,63.33333,4352,13,4.597656,204.5273,192.1055,505.8984,0
3116.992,426,62.5641,4352,8,4.597656,204.5273,190.1914,507.8125,0
3116.992,426,59.32642,4352,8,4.597656,204.5273,189.0703,508.9336,0
3116.992,426,63.03797,4352,8,4.597656,204.5273,188.1953,509.8086,0
3116.992,426,58.73418,4352,9,4.597656,204.5273,186.5703,511.4336,0
3116.992,425,60.45918,4352,13,4.597656,204.5273,185.6953,512.3086,0
3116.992,425,60.05025,4352,8,4.597656,204.5273,190.4492,507.5547,0
3116.992,425,62.59542,4352,8,4.597656,204.5273,187.8945,510.1094,0
3116.992,425,60.91371,4352,10,4.597656,204.5273,186.5391,511.4648,0
3116.992,425,59.44584,4352,12,4.597656,204.5273,190.6719,507.332,0
3116.992,425,60.35354,4352,14,4.597656,204.5273,188.3203,509.6836,0
3116.992,425,59.94962,4352,6,4.597656,204.5273,186.9141,511.0898,0
3116.992,425,62.31156,4352,9,4.605469,204.5195,186.0117,511.9922,0
3116.992,425,61.25,4352,6,4.605469,204.5273,184.6445,513.3516,0
3116.992,425,59.95025,4352,13,4.605469,204.5273,183.2266,514.7695,0
3116.992,425,62.0603,4352,8,4.605469,204.5273,182.5703,515.4258,0
3116.992,425,54.05405,4352,9,4.605469,204.5273,181.6719,516.3242,0
3116.992,425,51.73267,4352,8,4.605469,204.5273,182.6758,515.3203,0
3116.992,425,54.0201,4352,8,4.605469,204.5273,181.3438,516.6523,0
3116.992,425,57.06941,4352,5,4.605469,204.5273,184.3906,513.6055,0
3116.992,425,60.62992,4352,8,4.605469,204.5273,183.7344,514.2617,0
3116.992,425,60.4712,4352,14,4.605469,204.5273,182.3672,515.6289,0
3116.992,425,60.56701,4352,10,4.605469,204.5273,181.4648,516.5312,0
3116.992,425,61.53846,4352,9,4.605469,204.5273,181.4648,516.5312,0
3116.992,425,64.10256,4352,8,4.605469,204.5273,178.9492,519.0469,0
3116.992,425,60.35354,4352,9,4.605469,204.5273,178.2656,519.7305,0
3116.992,425,58.09769,4352,7,4.605469,204.5273,181.5859,516.4102,0
3116.992,425,60.61381,4352,7,4.613281,204.5273,181.1914,516.7969,0
3116.992,425,64.26735,4352,12,4.613281,204.5273,183.9258,514.0625,0
3116.992,425,62.5323,4352,7,4.613281,204.5273,184.2578,513.7305,0
3116.992,425,61.34021,4352,8,4.613281,204.5273,188.1953,509.793,0
3116.992,425,59.44584,4352,9,4.613281,204.5273,186.8398,511.1484,0
3116.992,425,59.75,4352,9,4.613281,204.5273,184.4883,513.5,0
3116.992,425,62.08651,4352,10,4.613281,204.5273,188.4531,509.5352,0
3116.992,425,63.77551,4352,10,4.613281,204.5273,187.0859,510.9023,0
3116.992,425,60.20408,4352,7,4.613281,204.5273,185.457,512.5312,0
3116.992,425,59.89848,4352,6,4.613281,204.5273,184.2812,513.707,0
3116.992,425,60.85859,4352,10,4.613281,204.5273,183.5977,514.3906,0
3116.992,425,61.26582,4352,9,4.628906,204.5273,182.6953,515.2773,0
3116.992,425,60.81425,4352,7,4.628906,204.5273,181.7969,516.1758,0
3116.992,425,64.2132,4352,11,4.628906,204.5273,181.3555,516.6172,0
3116.992,425,60.40609,4352,7,4.628906,204.5273,184.8672,513.1055,0
3116.992,425,62.75,4352,7,4.628906,204.5273,183.2617,514.7109,0
3116.992,425,60.70529,4352,8,4.628906,204.5273,182.2188,515.7539,0
3116.992,425,61.90476,4352,7,4.628906,204.5273,181.3438,516.6289,0
3116.992,425,58.75,4352,11,4.628906,204.5273,181.1719,516.8008,0
3116.992,425,57.14286,4352,11,4.628906,204.5273,189.2578,508.7148,0
3116.992,425,51.58924,4352,8,4.628906,204.5273,186.7578,511.2148,0
3116.992,425,47.0,4352,9,4.628906,204.5273,184.4492,513.5234,0
3116.992,425,52.5641,4352,4,4.628906,204.5273,185.9844,511.9883,0
3116.992,425,63.68286,4352,4,4.628906,204.5273,183.6602,514.3125,0
3116.992,425,61.49871,4352,8,4.628906,204.5273,180.3359,517.6367,0
3116.992,425,61.95373,4352,3,4.628906,204.5273,183.8828,514.0898,0
3116.992,425,62.6943,4352,4,4.628906,204.5273,187.2266,510.7461,0
3116.992,425,60.05222,4352,5,4.628906,204.5273,184.9805,512.9922,0
3116.992,425,58.7013,4352,7,4.628906,204.5273,183.8633,514.1094,0
3116.992,425,60.76923,4352,6,4.628906,204.5273,187.7656,510.207,0
3116.992,425,57.98969,4352,3,4.628906,204.5273,186.1523,511.8203,0
3116.992,425,60.56701,4352,9,4.628906,204.5273,186.2812,511.6914,0
3116.992,425,58.09769,4352,3,4.628906,204.5273,184.7227,513.25,0
3116.992,424,58.61183,4352,3,4.628906,204.5273,183.6289,514.3438,0
3116.992,424,64.10256,4352,3,4.628906,204.5273,182.7539,515.2188,0
3116.992,424,63.70558,4352,9,4.628906,204.5273,182.125,515.8477,0
3116.992,424,61.42132,4352,8,4.628906,204.5273,181.0039,516.9688,0
3116.992,424,62.46851,4352,4,4.636719,204.5273,180.6484,517.3164,0
3116.992,424,61.59794,4352,5,4.636719,204.5273,183.6016,514.3633,0
3116.992,424,56.67506,4352,5,4.636719,204.5273,183.6523,514.3125,0
3116.992,424,60.60606,4352,7,4.636719,204.5273,181.5195,516.4453,0
3116.992,424,61.90476,4352,4,4.636719,204.5273,181.8125,516.1523,0
3116.992,424,61.89258,4352,3,4.636719,204.5273,186.7266,511.2383,0
3116.992,424,57.17822,4352,5,4.644531,204.5273,185.8555,512.1016,0
3116.992,424,59.34343,4352,12,4.644531,204.5273,184.2734,513.6836,0
3116.992,424,62.09476,4352,7,4.644531,204.5273,182.6094,515.3477,0
3116.992,424,63.0102,4352,4,4.644531,204.5273,188.5391,509.418,0
3116.992,424,61.30653,4352,3,4.644531,204.5273,188.4531,509.5039,0
3116.992,424,62.15539,4352,4,4.644531,204.5273,187.1133,510.8438,0
3116.992,424,59.04523,4352,5,4.644531,204.5273,184.4219,513.5352,0
3116.992,424,58.08824,4352,6,4.644531,204.5273,183.7891,514.168,0
3116.992,424,53.39806,4352,6,4.644531,204.5273,182.9141,515.043,0
3116.992,424,53.0,4352,4,4.644531,204.5273,181.5195,516.4375,0
3116.992,424,56.80628,4352,6,4.644531,204.5273,191.5742,506.3828,0
3116.992,424,61.45833,4352,4,4.644531,204.5273,188.3828,509.5742,0
3116.992,424,61.2987,4352,3,4.652344,204.5273,186.5508,511.3984,0
3116.992,424,62.37113,4352,3,4.652344,204.5273,185.1836,512.7656,0
3116.992,423,60.82474,4352,4,4.652344,204.5273,184.9414,513.0078,0
3116.992,423,59.53003,4352,6,4.652344,204.5273,184.75,513.1992,0
3116.992,423,61.18252,4352,4,4.652344,204.5273,182.207,515.7422,0
3116.992,423,61.9171,4352,8,4.652344,204.5273,182.8086,515.1406,0
3117.996,423,60.30534,4352,15,4.652344,204.5273,181.9062,516.043,0
3117.996,423,58.90052,4352,7,4.652344,204.5273,180.7031,517.2461,0
3116.992,423,58.76289,4352,7,4.652344,204.5273,183.918,514.0312,0
3116.992,423,64.78149,4352,5,4.652344,204.5273,182.5391,515.4102,0
3116.992,423,62.0155,4352,6,4.652344,204.5273,181.9141,516.0352,0
3116.992,424,60.36269,4352,5,4.652344,204.5273,181.5078,516.4414,0
3116.992,424,63.75321,4352,4,4.652344,204.5273,185.6328,512.3164,0
3116.992,424,62.27848,4352,5,4.652344,204.5273,182.8594,515.0898,0
3116.992,424,58.20513,4352,5,4.652344,204.5273,181.875,516.0742,0
3116.992,424,59.43878,4320,3,4.652344,204.5273,184.7422,513.207,0
3116.992,424,60.45918,4320,13,4.652344,204.5273,183.1875,514.7617,0
3116.992,424,56.17128,4352,12,4.660156,204.5273,185.3828,512.5586,0
3116.992,424,60.50633,4352,9,4.660156,204.5273,184.2617,513.6797,0
3116.992,424,61.55779,4352,3,4.660156,204.5273,182.6758,515.2656,0
3116.992,424,62.53165,4352,7,4.660156,204.5273,182.2969,515.6445,0
3116.992,424,60.95718,4352,6,4.660156,204.5273,185.1914,512.75,0
3116.992,424,58.26972,4352,11,4.660156,204.5273,183.793,514.1484,0
3116.992,424,57.60599,4352,8,4.660156,204.5273,182.6758,515.2656,0
3116.992,424,56.54321,4352,5,4.660156,204.5273,182.4844,515.457,0
3116.992,424,54.83871,4352,6,4.660156,204.5273,185.8008,512.1406,0
3116.992,424,49.38272,4352,7,4.660156,204.5273,183.7031,514.2383,0
3117.008,424,49.62779,4352,8,4.660156,204.5273,183.0781,514.8633,0
3116.992,424,55.87467,4352,7,4.660156,204.5273,186.1719,511.7695,0
3116.992,424,61.49871,4352,7,4.660156,204.5273,185.0781,512.8633,0
3116.992,424,61.08247,4352,12,4.660156,204.5273,183.4648,514.4766,0
3116.992,424,63.08901,4352,8,4.660156,204.5273,183.0273,514.9141,0
3116.992,424,61.03896,4352,11,4.660156,204.5273,182.8398,515.1016,0
3116.992,424,61.63683,4320,6,4.660156,204.5273,182.6484,515.293,0
3116.992,424,58.80829,4320,4,4.660156,204.5273,186.1367,511.8047,0
3116.992,424,63.52041,4320,13,4.660156,204.5273,184.5625,513.3789,0
3116.992,424,59.94898,4320,9,4.660156,204.5273,183.582,514.3594,0
3116.992,424,62.2108,4320,5,4.660156,204.5273,186.7891,511.1523,0
3116.992,424,60.81425,4320,6,4.660156,204.5273,184.9297,513.0117,0
3116.992,424,59.12596,4320,5,4.660156,204.5273,184.3203,513.6211,0
3116.992,424,61.95373,4320,9,4.660156,204.5273,182.4414,515.5,0
3116.992,424,60.71429,4320,15,4.660156,204.5273,185.8242,512.1172,0
3116.992,424,63.14433,4320,4,4.660156,204.5273,184.0469,513.8945,0
3116.992,424,56.2341,4320,5,4.660156,204.5273,183.1562,514.7852,0
3116.992,424,61.16751,4320,12,4.660156,204.5273,182.2266,515.7148,0
3116.992,424,63.10433,4320,4,4.660156,204.5273,187.793,510.1484,0
3116.992,424,64.37659,4320,11,4.660156,204.5273,185.9219,512.0195,0
3116.992,424,60.66838,4320,13,4.667969,204.5195,184.0391,513.9023,0
3116.992,424,60.05025,4352,6,4.667969,204.5273,186.3398,511.5938,0
3116.992,424,61.01266,4352,9,4.667969,204.5273,184.7656,513.168,0
3116.992,424,60.60606,4352,5,4.667969,204.5273,182.9062,515.0273,0
3116.992,424,59.94962,4352,8,4.667969,204.5273,182.4688,515.4648,0
3116.992,423,60.89109,4352,13,4.667969,204.5273,181.0859,516.8477,0
3116.992,423,60.05025,4352,6,4.667969,204.5273,179.7461,518.1875,0
3116.992,423,61.0,4352,14,4.667969,204.5273,183.0625,514.8711,0
3116.992,423,55.77889,4352,7,4.683594,204.5273,181.2109,516.707,0
3116.992,423,55.17241,4352,16,4.683594,204.5273,185.3711,512.5469,0
3116.992,423,49.75,4352,10,4.683594,204.5273,183.5508,514.3672,0
3116.992,423,57.17949,4352,8,4.683594,204.5273,182.6211,515.2969,0
3116.992,423,58.07292,4352,4,4.683594,204.5273,180.9531,516.9648,0
3116.992,423,61.6188,4352,10,4.683594,204.5273,180.8203,517.0977,0
3116.992,423,60.88083,4352,10,4.683594,204.5273,180.1641,517.7539,0
3116.992,423,60.26316,4352,6,4.683594,204.5273,183.8281,514.0898,0
3116.992,423,58.05627,4352,13,4.683594,204.5273,188.0312,509.8867,0
3116.992,423,59.27835,4352,11,4.683594,204.5273,186.4492,511.4688,0
3116.992,423,61.69666,4352,14,4.683594,204.5273,185.0391,512.8789,0
3116.992,422,61.97917,4352,8,4.683594,204.5273,183.6328,514.2852,0
3116.992,422,57.73196,4352,9,4.683594,204.5273,182.2383,515.6797,0
3116.992,422,59.33504,4352,7,4.683594,204.5273,182.3477,515.5703,0
3116.992,423,62.37113,4352,8,4.683594,204.5273,180.9805,516.9375,0
3116.992,423,60.10101,4352,8,4.691406,204.5195,179.6133,518.3047,0
3116.992,423,60.62176,4352,15,4.691406,204.5273,181.125,516.7852,0
3116.992,423,59.59079,4352,10,4.691406,204.5273,183.6719,514.2383,0
3116.992,423,63.0491,4352,9,4.691406,204.5273,186.3438,511.5664,0
3116.992,423,59.03308,4352,14,4.691406,204.5273,188.3203,509.5898,0
3116.992,424,58.26972,4352,10,4.691406,204.5273,187.418,510.4922,0
3116.992,424,59.79899,4352,9,4.691406,204.5273,186.7344,511.1758,0
3116.992,424,63.68159,4352,8,4.691406,204.5273,186.0234,511.8867,0
3116.992,423,60.05089,4352,8,4.691406,204.5273,191.0,506.9102,0
3116.992,423,60.95718,4352,8,4.691406,204.5273,189.5781,508.332,0
3116.992,423,59.5,4352,14,4.691406,204.5273,189.7305,508.1797,0
3116.992,423,59.44584,4352,8,4.691406,204.5273,189.0508,508.8594,0
3116.992,423,62.31156,4352,10,4.691406,204.5273,186.957,510.9531,0
3116.992,423,59.79899,4352,10,4.691406,204.5273,185.5391,512.3711,0
3116.992,423,58.79397,4352,7,4.691406,204.5273,184.6094,513.3008,0
3116.992,423,59.25926,4352,6,4.691406,204.5273,186.582,511.3281,0
3116.992,423,53.59801,4320,5,4.691406,204.5273,184.7617,513.1484,0
3116.992,423,53.46535,4320,15,4.691406,204.5273,183.5859,514.3242,0
3116.992,423,56.06061,4320,9,4.691406,204.5273,182.2461,515.6641,0
3116.992,423,62.40209,4320,7,4.691406,204.5273,181.5391,516.3711,0
3116.992,423,60.88083,4320,11,4.691406,204.5273,186.2031,511.707,0
3116.992,423,61.95373,4320,6,4.691406,204.5273,184.0703,513.8398,0
3116.992,423,59.26893,4320,8,4.691406,204.5273,182.7422,515.168,0
3116.992,423,59.74026,4320,5,4.691406,204.5273,182.0859,515.8242,0
3116.992,423,61.18252,4320,7,4.691406,204.5273,180.7461,517.1641,0
3116.992,423,61.9898,4352,4,4.691406,204.5273,180.1211,517.7891,0
3116.992,423,60.82474,4352,10,4.691406,204.7227,182.6836,515.0312,0
3116.992,423,60.66838,4352,5,4.691406,204.7539,182.0273,515.6562,0
3116.992,423,60.71429,4352,3,4.691406,204.7539,186.5742,511.1094,0
3116.992,423,62.46787,4352,4,4.691406,204.7539,185.207,512.4766,0
3116.992,423,60.25316,4352,4,4.691406,204.7539,183.4141,514.2695,0
3116.992,423,61.40351,4352,3,4.691406,204.7539,182.5391,515.1445,0
3116.992,423,62.34097,4352,12,4.699219,204.7461,182.9258,514.7578,0
3116.992,423,55.78406,4352,5,4.699219,204.7539,182.0234,515.6523,0
3116.992,423,60.20408,4352,3,4.699219,204.7539,185.9727,511.7031,0
3116.992,423,58.88325,4352,5,4.699219,204.7539,184.8242,512.8516,0
3116.992,423,61.90476,4352,3,4.699219,204.7539,188.4609,509.2148,0
3116.992,423,60.86957,4352,5,4.699219,204.7539,185.9023,511.7734,0
3116.992,423,59.43878,4352,13,4.699219,204.7539,185.2305,512.4453,0
3116.992,423,60.60606,4352,6,4.699219,204.7539,184.5586,513.1172,0
3116.992,423,64.23174,4352,6,4.699219,204.7539,184.1445,513.5312,0
3116.992,423,62.0603,4352,9,4.699219,204.7539,188.0586,509.6172,0
3116.992,423,61.32316,4352,11,4.699219,204.7539,186.9414,510.7344,0
3118.117,423,60.96939,4352,9,4.699219,204.7539,185.3672,512.3086,0
3116.992,425,61.69154,4352,14,4.699219,204.7539,183.2617,514.4141,0
3116.992,423,58.70647,4352,11,4.699219,204.7539,182.1172,515.5586,0
3116.992,423,54.9505,4352,13,4.714844,204.7383,182.3906,515.2852,0
3116.992,423,49.87654,4352,4,4.714844,204.7539,181.543,516.1172,0
3116.992,423,54.79798,4352,10,4.714844,204.7539,185.4453,512.2148,0
3116.992,423,56.47668,4352,12,4.714844,204.7539,187.4336,510.2266,0
3116.992,423,62.0155,4352,6,4.714844,204.7539,186.1055,511.5547,0
3116.992,423,62.0155,4352,4,4.714844,204.7539,184.7656,512.8945,0
3116.992,423,61.63683,4352,3,4.714844,204.7539,183.6445,514.0156,0
3116.992,423,64.59948,4352,7,4.714844,204.7539,182.5234,515.1367,0
3116.992,423,61.49871,4352,4,4.714844,204.7539,182.0859,515.5742,0
3116.992,423,61.39896,4352,10,4.714844,204.7539,182.0664,515.5938,0
3116.992,423,63.35878,4352,8,4.714844,204.7539,186.2461,511.4141,0
3116.992,423,60.25641,4352,12,4.714844,204.7539,184.3594,513.3008,0
3116.992,423,60.20672,4352,5,4.714844,204.7539,183.7031,513.957,0
3116.992,423,60.25641,4352,3,4.714844,204.7539,182.8281,514.832,0
3116.992,423,60.46512,4352,8,4.714844,204.7539,181.4609,516.1992,0
3116.992,423,62.59542,4352,5,4.714844,204.7539,183.5039,514.1562,0
3116.992,423,60.56701,4352,5,4.714844,204.7539,181.6914,515.9688,0
3116.992,423,59.28753,4352,7,4.714844,204.7539,179.8633,517.7969,0
3116.992,423,61.79487,4352,17,4.714844,204.7539,183.5586,514.1016,0
3116.992,423,60.50633,4352,3,4.714844,204.7539,182.1914,515.4688,0
3116.992,423,62.72494,4352,4,4.714844,204.7539,186.1953,511.4648,0
3116.992,423,61.43959,4352,6,4.714844,204.7539,185.293,512.3672,0
3116.992,423,58.29146,4352,5,4.714844,204.7539,189.4766,508.1836,0
3116.992,423,62.7204,4352,3,4.722656,204.7539,186.6953,510.957,0
3116.992,423,60.50633,4352,8,4.722656,204.7539,185.5742,512.0781,0
3116.992,423,59.69773,4352,6,4.722656,204.7539,184.4258,513.2266,0
3116.992,424,61.30653,4352,14,4.722656,204.7539,188.5391,509.1133,0
3116.992,424,58.66337,4352,6,4.722656,204.7539,186.4336,511.2188,0
3116.992,424,60.30151,4320,6,4.722656,204.7539,184.5742,513.0781,0
3116.992,424,58.867,4320,9,4.722656,204.7539,183.4805,514.1719,0
3117.008,424,52.21675,4320,10,4.722656,204.7539,186.3008,511.3516,0
3116.992,424,54.41176,4320,4,4.722656,204.7539,185.6172,512.0352,0
3116.992,424,55.75,4320,6,4.722656,204.7539,183.4883,514.1641,0
3116.992,424,58.96104,4320,5,4.722656,204.7539,182.5859,515.0664,0
3116.992,424,63.33333,4320,8,4.722656,204.7539,186.0625,511.5898,0
3116.992,424,61.71875,4320,5,4.722656,204.7539,183.7539,513.8984,0
3116.992,424,62.8866,4320,4,4.722656,204.7539,182.8789,514.7734,0
3116.992,424,60.62176,4320,6,4.722656,204.7539,187.0859,510.5664,0
3116.992,424,60.45918,4320,13,4.722656,204.7539,190.1133,507.5391,0
3116.992,424,59.48052,4320,4,4.722656,204.7539,186.707,510.9453,0
3116.992,424,63.65979,4320,8,4.722656,204.7539,190.1016,507.5508,0
3116.992,424,58.71795,4320,5,4.722656,204.7539,187.2578,510.3945,0
3116.992,424,60.25641,4352,8,4.722656,204.7539,184.9492,512.7031,0
3116.992,424,57.4359,4352,6,4.722656,204.7539,183.8047,513.8477,0
3116.992,424,58.13953,4352,4,4.722656,204.7539,188.2148,509.4375,0
3116.992,424,62.84987,4352,4,4.722656,204.7539,186.5781,511.0742,0
3116.992,424,60.71429,4352,7,4.722656,204.7539,188.2812,509.3711,0
3116.992,424,60.41131,4352,3,4.722656,204.7539,186.4531,511.1992,0
3116.992,424,57.50636,4352,5,4.722656,204.7539,184.5977,513.0547,0
3116.992,424,61.46096,4352,9,4.722656,204.7539,185.2148,512.4375,0
3116.992,424,61.96474,4352,7,4.722656,204.7539,188.8828,508.7695,0
3116.992,424,59.89975,4352,7,4.722656,204.7539,187.2422,510.4102,0
3116.992,424,58.20513,4352,7,4.722656,204.7539,185.1211,512.5312,0
3116.992,424,58.98734,4352,5,4.722656,204.7539,183.7539,513.8984,0
3116.992,424,62.87879,4352,8,4.722656,204.7539,186.4727,511.1797,0
3116.992,424,62.25,4352,3,4.722656,204.7539,185.1328,512.5195,0
3116.992,424,62.0603,4352,9,4.722656,204.7539,184.2266,513.4258,0
3116.992,424,62.03474,4352,6,4.722656,204.7539,182.8906,514.7617,0
3116.992,424,62.34414,4352,12,4.722656,204.7539,181.2773,516.375,0
3116.992,424,55.66502,4352,5,4.722656,204.7539,184.4688,513.1836,0
3116.992,424,55.63725,4352,13,4.730469,204.7539,187.7461,509.8984,0
3116.992,424,54.63415,4352,7,4.730469,204.7539,186.8438,510.8008,0
3116.992,424,50.24876,4352,15,4.730469,204.7539,184.7656,512.8789,0
3116.992,424,52.9563,4352,10,4.730469,204.7539,184.3789,513.2656,0
3116.992,424,64.49086,4352,11,4.730469,204.7539,183.5352,514.1094,0
3116.992,424,63.18538,4352,6,4.730469,204.7539,183.3008,514.3438,0
3116.992,424,63.0491,4352,5,4.730469,204.7539,186.7227,510.9219,0
3116.992,424,60.46512,4384,13,4.730469,204.7539,185.5859,512.0586,0
3116.992,424,58.91473,4384,11,4.730469,204.7539,184.168,513.4766,0
3116.992,424,63.4715,4384,9,4.730469,204.7539,187.3984,510.2461,0
3116.992,424,61.49871,4384,10,4.730469,204.7539,185.0781,512.5664,0
3116.992,424,58.48564,4384,6,4.730469,204.7539,183.4922,514.1523,0
3116.992,424,60.71429,4384,8,4.730469,204.7539,182.3711,515.2734,0
3116.992,424,62.14834,4384,8,4.730469,204.7539,181.6641,515.9805,0
3116.992,424,59.6401,4384,7,4.730469,204.7539,186.9141,510.7305,0
3116.992,424,61.12532,4384,7,4.730469,204.7539,185.7773,511.8672,0
3116.992,424,59.64467,4384,9,4.730469,204.7539,184.3555,513.2891,0
3116.992,424,60.0,4384,7,4.730469,204.7539,183.8672,513.7773,0
3116.992,424,61.63683,4384,14,4.730469,204.7539,182.3086,515.3359,0
3116.992,424,62.84987,4384,11,4.730469,204.7539,180.4219,517.2227,0
3116.992,424,56.59898,4384,12,4.730469,204.7539,178.6172,519.0273,0
3116.992,424,58.26972,4384,11,4.730469,204.7539,177.6875,519.957,0
3116.992,424,61.38107,4384,12,4.730469,204.7539,176.8398,520.8047,0
3116.992,423,58.94207,4384,10,4.730469,204.7539,182.0781,515.5664,0
3116.992,423,63.5443,4384,7,4.730469,204.7539,186.8086,510.8359,0
3116.992,423,58.79397,4384,9,4.730469,204.7539,184.4414,513.2031,0
3116.992,423,63.31658,4384,17,4.730469,204.7539,184.2812,513.3633,0
3116.992,423,62.02532,4384,12,4.730469,204.7539,181.7383,515.9062,0
3116.992,423,61.65414,4384,11,4.730469,204.7539,179.668,517.9766,0
3116.992,423,60.0,4384,8,4.730469,204.7539,179.2305,518.4141,0
3116.992,423,56.37255,4352,9,4.730469,204.7539,187.5352,510.1094,0
3116.992,423,51.74129,4352,7,4.730469,204.7539,184.2812,513.3633,0
3116.992,423,46.42857,4352,8,4.730469,204.7539,181.7109,515.9336,0
3116.992,423,51.6624,4352,8,4.730469,204.7539,185.6797,511.9648,0
3116.992,423,57.18016,4352,8,4.738281,204.7461,183.5898,514.0547,0
3116.992,423,57.32648,4352,6,4.738281,204.7539,181.0234,516.6133,0
3116.992,423,61.7801,4352,8,4.738281,204.7539,184.3281,513.3086,0
3116.992,423,60.15625,4352,17,4.738281,204.7539,181.7891,515.8477,0
3116.992,423,62.0155,4352,10,4.738281,204.7539,185.6602,511.9766,0
3116.992,422,62.98201,4352,11,4.738281,204.7539,188.1406,509.4961,0
3116.992,422,60.62176,4352,7,4.738281,204.7539,186.4844,511.1523,0
3116.992,422,63.84615,4352,10,4.738281,204.75,186.2422,511.3984,0
3116.992,422,61.55844,4352,7,4.738281,204.75,185.7773,511.8633,0
3116.992,422,58.33333,4352,8,4.738281,204.75,184.8867,512.7539,0
3116.992,422,57.25389,4352,7,4.746094,204.7422,184.4219,513.2188,0
3116.992,422,58.54922,4352,6,4.746094,204.75,183.2852,514.3477,0
3116.992,422,62.2108,4352,6,4.746094,204.75,181.9727,515.6602,0
3116.992,422,62.2108,4352,9,4.746094,204.75,186.0352,511.5977,0
3116.992,422,62.1134,4352,8,4.746094,204.75,184.2578,513.375,0
3116.992,422,63.72796,4352,11,4.746094,204.75,182.8359,514.7969,0
3116.992,422,62.37113,4352,11,4.746094,204.75,181.9375,515.6953,0
3116.992,422,59.33504,4352,11,4.746094,204.75,180.7891,516.8438,0
3116.992,422,60.70529,4352,8,4.746094,204.75,178.8516,518.7812,0
3116.992,422,58.35411,4352,8,4.746094,204.75,182.4961,515.1367,0
3116.992,422,62.84987,4352,3,4.746094,204.75,187.0586,510.5742,0
3116.992,422,59.64912,4352,9,4.746094,204.75,186.1289,511.5039,0
3116.992,422,60.40609,4352,5,4.746094,204.75,189.1406,508.4922,0
3116.992,422,59.69773,4352,4,4.746094,204.75,188.2266,509.4062,0
3116.992,422,60.0,4352,4,4.746094,204.75,186.3945,511.2383,0
3116.992,422,61.5,4352,9,4.746094,204.75,184.5625,513.0703,0
3116.992,422,56.75,4352,9,4.746094,204.75,183.9062,513.7266,0
3116.992,422,58.47666,4352,5,4.746094,204.75,182.5703,515.0625,0
3116.992,422,51.22549,4352,8,4.746094,204.75,181.8555,515.7773,0
3116.992,422,52.76382,4352,3,4.746094,204.75,180.0625,517.5703,0
3116.992,422,58.03109,4352,11,4.746094,204.75,184.4922,513.1406,0
3116.992,422,61.55844,4352,10,4.746094,204.75,183.3477,514.2852,0
3116.992,422,62.66319,4352,4,4.746094,204.75,182.1992,515.4336,0
3116.992,422,62.66319,4352,5,4.746094,204.75,185.7617,511.8711,0
3116.992,422,61.53846,4352,19,4.746094,204.75,184.5742,513.0586,0
3116.992,422,59.74026,4352,8,4.746094,204.75,188.9062,508.7266,0
3116.992,422,60.51282,4352,3,4.746094,204.75,187.3086,510.3242,0
3116.992,422,60.20672,4352,3,4.746094,204.75,186.8164,510.8164,0
3116.992,422,58.74674,4352,4,4.746094,204.75,184.4375,513.1953,0
3116.992,422,60.15424,4352,6,4.746094,204.75,182.5781,515.0547,0
3116.992,422,59.59596,4384,7,4.746094,204.75,182.8516,514.7812,0
3116.992,422,64.35897,4352,4,4.746094,204.75,183.125,514.5078,0
3116.992,422,62.62887,4352,3,4.761719,204.7383,183.8867,513.7422,0
3116.992,422,62.69036,4352,3,4.761719,204.75,186.582,511.0352,0
3116.992,422,58.48564,4352,7,4.761719,204.75,185.6562,511.9609,0
3116.992,422,59.48718,4352,9,4.761719,204.75,183.0859,514.5312,0
3116.992,422,55.94937,4352,4,4.761719,204.75,182.1953,515.4219,0
3116.992,422,60.35354,4352,8,4.761719,204.75,186.1875,511.4297,0
3116.992,422,60.5598,4352,7,4.761719,204.75,184.3594,513.2578,0
3116.992,422,58.29146,4352,4,4.761719,204.75,183.4844,514.1328,0
3116.992,422,59.89848,4352,11,4.761719,204.75,188.1484,509.4688,0
3116.992,422,58.85287,4352,10,4.761719,204.75,186.1992,511.418,0
3116.992,423,60.75949,4352,7,4.761719,204.75,184.3398,513.2773,0
3116.992,423,59.45274,4352,10,4.761719,204.75,186.9688,510.6484,0
3116.992,423,60.65163,4352,4,4.761719,204.75,184.4141,513.2031,0
3116.992,423,60.5,4352,5,4.761719,204.75,183.2656,514.3516,0
3116.992,423,59.65347,4352,7,4.761719,204.75,182.8438,514.7734,0
3116.992,423,55.6391,4352,5,4.761719,204.7539,184.9922,512.6211,0
3116.992,423,47.0,4352,9,4.761719,204.7539,183.0898,514.5234,0
3116.992,423,50.74257,4352,5,4.761719,204.7539,182.625,514.9883,0
3116.992,423,60.30928,4352,7,4.761719,204.7539,185.9102,511.7031,0
3116.992,423,63.91753,4352,3,4.761719,204.7539,184.3242,513.2891,0
3116.992,423,60.88083,4352,9,4.761719,204.7539,183.1641,514.4492,0
3116.992,423,63.40206,4352,7,4.761719,204.7539,187.4766,510.1367,0
3116.992,423,63.40206,4352,4,4.761719,204.7539,185.6172,511.9961,0
3116.992,423,61.69666,4352,8,4.769531,204.7461,184.7188,512.8945,0
3116.992,423,61.39896,4352,6,4.769531,204.7539,187.2461,510.3594,0
3116.992,423,59.89717,4352,14,4.769531,204.7539,185.8516,511.7539,0
3116.992,423,62.37113,4352,7,4.769531,204.7539,184.2656,513.3398,0
3116.992,423,62.17617,4352,7,4.769531,204.7539,183.8281,513.7773,0
3116.992,423,56.95876,4352,15,4.769531,204.7539,182.8828,514.7227,0
3116.992,423,60.15424,4352,11,4.769531,204.7539,182.0117,515.5938,0
3116.992,423,59.69388,4352,8,4.769531,204.7539,186.3906,511.2148,0
3116.992,423,61.47959,4384,5,4.769531,204.7539,183.0938,514.5117,0
3116.992,423,61.01266,4384,4,4.769531,204.7539,186.6562,510.9492,0
3116.992,423,59.03308,4384,8,4.769531,204.7539,186.0,511.6055,0
3116.992,423,57.73196,4384,9,4.769531,204.7539,185.2891,512.3164,0
3116.992,423,56.15385,4352,3,4.769531,204.7539,184.6328,512.9727,0
3116.992,423,61.77215,4352,6,4.769531,204.7539,183.2656,514.3398,0
3116.992,423,57.64411,4352,8,4.769531,204.7539,186.5469,511.0586,0
3116.992,423,60.80402,4352,9,4.769531,204.7539,184.9062,512.6992,0
3116.992,423,57.9602,4352,9,4.769531,204.7539,183.7852,513.8203,0
3116.992,423,60.35806,4352,4,4.769531,204.7539,181.9805,515.625,0
3116.992,423,62.02532,4352,4,4.769531,204.7539,186.3906,511.2148,0
3116.992,423,61.25,4352,7,4.769531,204.7539,188.8945,508.7109,0
3116.992,423,62.21662,4352,4,4.769531,204.7539,187.0391,510.5664,0
3116.992,423,56.5,4352,6,4.769531,204.7539,184.6836,512.9219,0
3116.992,423,55.86035,4352,8,4.769531,204.7539,182.8516,514.7539,0
3116.992,423,49.75124,4352,11,4.769531,204.7539,181.4844,516.1211,0
3116.992,423,46.15385,4352,11,4.769531,204.7539,181.7539,515.8516,0
3116.992,423,54.45293,4352,6,4.769531,204.7539,183.9336,513.6719,0
3116.992,423,57.06806,4352,4,4.769531,204.7539,185.5391,512.0664,0
3116.992,423,60.05222,4352,7,4.769531,204.7539,183.4414,514.1641,0
3116.992,423,63.44648,4352,7,4.769531,204.7539,181.5664,516.0391,0
3116.992,423,63.30749,4352,6,4.769531,204.7539,180.8555,516.75,0
3116.992,423,62.62887,4352,9,4.769531,204.7539,184.9414,512.6641,0
3116.992,423,61.34021,4352,10,4.769531,204.7539,183.1211,514.4844,0
3116.992,423,60.86957,4352,13,4.769531,204.7539,182.0,515.6055,0
3116.992,423,66.49351,4352,5,4.769531,204.7539,185.9375,511.668,0
3116.992,423,61.55844,4352,7,4.769531,204.7539,183.7461,513.8594,0
3116.992,423,58.39793,4352,8,4.769531,204.7539,182.8164,514.7891,0
3116.992,423,61.95373,4352,12,4.769531,204.7539,182.1328,515.4727,0
3116.992,423,60.60606,4352,9,4.769531,204.7539,181.2578,516.3477,0
3116.992,423,61.89258,4352,6,4.769531,204.7539,185.582,512.0234,0
3116.992,422,58.88325,4352,11,4.769531,204.7539,183.7227,513.8828,0
3116.992,422,59.33504,4352,6,4.769531,204.7539,182.8242,514.7812,0
3116.992,422,56.58915,4352,9,4.777344,204.7539,181.7266,515.8711,0
3116.992,422,61.28205,4320,10,4.777344,204.7539,185.875,511.7227,0
3116.992,422,61.42132,4320,7,4.777344,204.7539,184.4805,513.1172,0
3116.992,422,59.28753,4320,14,4.777344,204.7539,183.3867,514.2109,0
3116.992,422,60.5,4320,14,4.777344,204.7539,187.3594,510.2383,0
3116.992,422,61.67513,4320,10,4.777344,204.7539,185.9961,511.6016,0
3116.992,422,62.18274,4320,13,4.777344,204.7539,184.6406,512.957,0
3116.992,422,61.61616,4320,12,4.777344,204.7539,183.3125,514.2852,0
3116.992,422,55.83756,4320,7,4.777344,204.7539,182.6602,514.9375,0
3116.992,423,61.46096,4320,7,4.777344,204.7539,182.1953,515.4023,0
3116.992,423,60.91371,4320,6,4.777344,204.7539,186.7266,510.8711,0
3116.992,423,58.70647,4352,5,4.777344,204.7539,184.6797,512.918,0
3116.992,423,55.72139,4352,11,4.777344,204.7539,186.0156,511.582,0
3116.992,423,49.7549,4352,10,4.777344,204.7539,184.6445,512.9531,0
3116.992,423,51.73267,4352,11,4.777344,204.7539,183.4961,514.1016,0
3116.992,423,56.13577,4352,9,4.785156,204.7539,182.8125,514.7773,0
3116.992,423,58.39793,4352,6,4.785156,204.7539,187.9258,509.6641,0
3116.992,423,60.25974,4352,8,4.785156,204.7539,186.0391,511.5508,0
3116.992,423,61.43959,4352,10,4.785156,204.7539,184.6445,512.9453,0
3116.992,423,60.10363,4352,9,4.785156,204.7539,182.8242,514.7656,0
3116.992,423,59.38303,4352,11,4.785156,204.7539,181.1016,516.4883,0
3116.992,423,58.61183,4352,10,4.785156,204.7539,180.0625,517.5273,0
3116.992,423,61.2987,4352,8,4.785156,204.7539,178.9688,518.6211,0
3116.992,423,60.72351,4352,6,4.785156,204.7539,182.8438,514.7461,0
3116.992,423,56.70103,4352,11,4.785156,204.7539,186.1562,511.4336,0
3116.992,423,59.89717,4352,8,4.785156,204.7539,185.2383,512.3516,0
3116.992,423,60.1023,4352,6,4.792969,204.7461,184.3477,513.2422,0
3116.992,423,61.83206,4352,13,4.792969,204.7539,182.957,514.625,0
3116.992,423,59.74684,4352,8,4.792969,204.7539,181.8398,515.7422,0
3116.992,423,63.52041,4352,14,4.792969,204.7539,180.6914,516.8906,0
3116.992,423,60.86957,4352,13,4.792969,204.7539,184.6875,512.8945,0
3116.992,423,61.12532,4352,8,4.792969,204.7539,186.7539,510.8281,0
3116.992,423,58.67347,4352,9,4.808594,204.7383,185.3633,512.2188,0
3116.992,423,61.47959,4352,6,4.808594,204.7539,184.457,513.1094,0
3116.992,423,62.62626,4352,13,4.808594,204.7539,188.2109,509.3555,0
3116.992,423,60.70529,4352,8,4.808594,204.7539,186.5703,510.9961,0
3116.992,423,60.81425,4352,11,4.808594,204.7539,185.2031,512.3633,0
3116.992,423,60.30151,4352,7,4.808594,204.7539,183.8359,513.7305,0
3116.992,423,61.90476,4352,7,4.808594,204.7539,181.9766,515.5898,0
3116.992,423,62.43655,4352,10,4.808594,204.7539,181.2656,516.3008,0
3116.992,423,57.53086,4352,7,4.808594,204.7539,181.0312,516.5352,0
3116.992,423,56.85786,4320,14,4.808594,204.7539,181.3047,516.2617,0
3116.992,423,51.35802,4320,8,4.808594,204.7578,180.625,516.9375,0
3116.992,423,53.08642,4320,8,4.808594,204.7578,179.5586,518.0039,0
3116.992,423,53.63409,4320,8,4.808594,204.7578,179.3633,518.1992,0
3116.992,423,58.13953,4320,8,4.808594,204.7578,183.1289,514.4336,0
3116.992,423,61.2987,4320,4,4.808594,204.7578,192.7891,504.7734,0
3116.992,423,62.8866,4320,6,4.808594,204.7578,188.793,508.7695,0
3116.992,423,60.58201,4320,7,4.808594,204.7578,186.9102,510.6523,0
3116.992,423,62.05128,4320,7,4.808594,204.7578,185.2969,512.2656,0
3116.992,423,63.21244,4320,5,4.808594,204.7578,189.6523,507.9102,0
3116.992,423,60.0,4320,7,4.808594,204.7578,186.5469,511.0156,0
3116.992,423,60.56701,4320,10,4.808594,204.7578,185.6719,511.8906,0
3116.992,423,60.30928,4320,7,4.808594,204.7578,184.9883,512.5742,0
3116.992,423,58.24742,4320,3,4.808594,204.7578,184.0625,513.5,0
3116.992,423,59.84456,4320,10,4.808594,204.7578,183.1875,514.375,0
3116.992,423,60.25316,4320,4,4.808594,204.7578,181.7656,515.7969,0
3116.992,423,64.10256,4320,10,4.808594,204.7578,179.6055,517.957,0
3116.992,423,63.0102,4320,4,4.808594,204.7578,183.332,514.2305,0
3116.992,423,63.93862,4320,6,4.808594,204.7578,181.4883,516.0742,0
3116.992,423,62.5641,4320,7,4.808594,204.7578,180.1055,517.457,0
3116.992,423,59.59596,4320,7,4.808594,204.7578,179.4492,518.1133,0
3116.992,424,60.71429,4320,5,4.808594,204.7578,179.75,517.8125,0
3116.992,423,61.16751,4320,6,4.808594,204.7578,183.3242,514.2383,0
3116.992,423,58.92857,4320,3,4.808594,204.7578,181.9961,515.5664,0
3116.992,423,60.51282,4320,11,4.808594,204.7578,182.6055,514.957,0
3116.992,423,63.52041,4320,7,4.808594,204.7578,185.6289,511.9336,0
3116.992,423,58.89724,4320,3,4.808594,204.7578,183.9336,513.6289,0
3116.992,423,62.87879,4320,5,4.816406,204.75,182.8125,514.75,0
3116.992,423,58.54271,4320,8,4.816406,204.7578,182.1289,515.4258,0
3116.992,423,58.0,4320,4,4.816406,204.7578,180.5742,516.9805,0
3116.992,423,56.21891,4352,5,4.816406,204.7578,180.3945,517.1602,0
3116.992,423,54.86284,4352,3,4.832031,204.7578,184.0703,513.4688,0
3116.992,423,50.62657,4352,11,4.832031,204.7578,183.0,514.5391,0
3116.992,423,53.41772,4352,5,4.832031,204.7578,182.0625,515.4766,0
3116.992,423,56.58915,4352,6,4.832031,204.7578,186.2305,511.3086,0
3117.742,423,60.41667,4352,5,4.832031,204.7578,185.6094,511.9297,0
3116.992,424,61.97917,4352,4,4.832031,204.7578,184.707,512.832,0
3116.992,423,59.27835,4352,4,4.832031,204.7578,183.3242,514.2148,0
3116.992,423,62.6943,4352,11,4.832031,204.7578,182.2305,515.3086,0
3116.992,423,60.46512,4352,10,4.832031,204.7578,181.1133,516.4258,0
3116.992,423,62.72494,4352,3,4.832031,204.7578,180.6758,516.8633,0
3116.992,423,63.14433,4352,7,4.832031,204.7578,180.0781,517.4609,0
3116.992,423,59.94832,4352,9,4.832031,204.7578,183.4844,514.0547,0
3116.992,423,62.30769,4352,7,4.832031,204.7578,186.5781,510.9609,0
3116.992,423,60.30928,4352,8,4.832031,204.7578,186.0898,511.4492,0
3116.992,423,64.70588,4352,10,4.832031,204.7578,184.2969,513.2422,0
3116.992,423,60.96939,4352,7,4.832031,204.7578,182.6836,514.8555,0
3116.992,423,62.34097,4352,6,4.832031,204.7578,181.043,516.4961,0
3116.992,423,58.71795,4352,9,4.832031,204.7578,180.6094,516.9297,0
3116.992,423,60.51282,4352,4,4.832031,204.7578,178.9414,518.5977,0
3116.992,423,62.59542,4352,3,4.832031,204.7578,182.4453,515.0938,0
3116.992,423,60.40609,4352,7,4.832031,204.7578,181.3281,516.2109,0
3116.992,423,60.25641,4352,11,4.832031,204.7578,181.3281,516.2109,0
3116.992,423,55.44304,4352,5,4.832031,204.7578,180.8633,516.6758,0
3116.992,423,60.30534,4352,5,4.832031,204.7578,179.9883,517.5508,0
3116.992,423,60.401,4352,10,4.832031,204.7578,183.0547,514.4844,0
3116.992,423,61.16751,4352,5,4.832031,204.7578,180.7305,516.8086,0
3116.992,423,61.42132,4352,10,4.832031,204.7578,179.8281,517.7109,0
3116.992,423,60.70529,4352,11,4.832031,204.7578,182.957,514.582,0
3116.992,423,57.75,4352,5,4.832031,204.7578,182.3516,515.1875,0
3116.992,423,62.09476,4352,4,4.832031,204.7578,181.4492,516.0898,0
3116.992,423,56.40394,4352,6,4.832031,204.7578,182.5039,515.0352,0
3116.992,423,49.87654,4352,8,4.832031,204.7578,184.5312,513.0078,0
3116.992,423,46.92308,4352,5,4.839844,204.7578,183.207,514.3242,0
3116.992,423,55.13784,4352,6,4.839844,204.7578,182.9648,514.5664,0
3116.992,423,60.56701,4352,5,4.839844,204.7578,186.6445,510.8867,0
3116.992,423,63.63636,4352,8,4.839844,204.7578,185.3047,512.2266,0
3116.992,423,60.10363,4352,6,4.839844,204.7578,184.332,513.1992,0
3116.992,423,60.62176,4352,3,4.839844,204.7578,181.957,515.5742,0
3116.992,423,61.39896,4352,11,4.839844,204.7578,180.3438,517.1875,0
3116.992,423,58.46154,4352,8,4.839844,204.7578,179.1953,518.3359,0
3116.992,424,63.82429,4352,7,4.839844,204.7578,182.7539,514.7773,0
3116.992,424,63.18538,4352,5,4.839844,204.7578,186.2383,511.293,0
3116.992,424,60.35806,4352,5,4.839844,204.7578,184.1602,513.3711,0
3116.992,424,63.28125,4352,8,4.839844,204.7578,188.0859,509.4453,0
3117.008,424,60.30928,4352,5,4.839844,204.7578,186.9492,510.582,0
3116.992,424,58.46154,4352,5,4.839844,204.7578,185.5859,511.9453,0
3116.992,424,60.75949,4352,14,4.839844,204.7578,184.4375,513.0938,0
3116.992,424,62.98201,4352,5,4.839844,204.7578,183.0977,514.4336,0
3116.992,424,61.83206,4352,4,4.839844,204.7578,181.7031,515.8281,0
3116.992,424,61.63683,4352,7,4.839844,204.7578,181.0391,516.4922,0
3116.992,424,58.77863,4352,13,4.839844,204.7578,184.8242,512.707,0
3116.992,424,59.33504,4352,6,4.839844,204.7578,183.3711,514.1602,0
3117.008,424,62.37374,4352,14,4.839844,204.7578,182.4414,515.0898,0
3116.992,424,62.0603,4352,4,4.839844,204.7578,186.2617,511.2695,0
3116.992,424,58.69018,4352,4,4.839844,204.7578,183.457,514.0742,0
3116.992,423,61.11111,4352,4,4.855469,204.7422,185.6797,511.8516,0
3116.992,423,67.00252,4352,8,4.855469,204.7578,188.3945,509.1211,0
3116.992,423,62.43781,4352,7,4.855469,204.7578,186.293,511.2227,0
3116.992,423,60.0,4320,15,4.855469,204.7578,185.3672,512.1484,0
3116.992,423,59.70149,4320,8,4.855469,204.7578,183.7539,513.7617,0
3116.992,424,55.41562,4320,6,4.855469,204.7578,186.9688,510.5469,0
3116.992,424,54.79115,4320,5,4.855469,204.7578,185.3398,512.1758,0
3116.992,424,47.35516,4320,5,4.855469,204.7578,184.4648,513.0508,0
3116.992,424,52.75,4320,9,4.855469,204.7578,183.2031,514.3125,0
3116.992,424,59.22078,4320,8,4.855469,204.7578,182.1211,515.3945,0
3116.992,424,57.66234,4320,8,4.855469,204.7578,186.5938,510.9219,0
3116.992,424,61.1399,4320,7,4.855469,204.7578,184.9844,512.5312,0
3116.992,424,60.77922,4352,5,4.855469,204.7578,183.125,514.3906,0
3116.992,424,61.38107,4352,5,4.855469,204.7578,180.6914,516.8242,0
3116.992,424,64.39791,4352,10,4.863281,204.75,179.7891,517.7266,0
3116.992,424,60.41667,4352,8,4.863281,204.7578,178.3945,519.1133,0
3116.992,424,63.08901,4352,12,4.863281,204.7578,177.957,519.5508,0
3116.992,424,58.7013,4352,8,4.863281,204.7578,177.7109,519.7969,0
3116.992,424,60.36269,4352,8,4.863281,204.7578,177.0547,520.4531,0
3117.008,424,61.32316,4352,9,4.878906,204.7539,181.6641,515.832,0
3116.992,424,61.89258,4352,15,4.878906,204.7578,184.4336,513.0586,0
3116.992,424,59.68992,4352,14,4.878906,204.7578,183.3008,514.1914,0
3116.992,424,61.55779,4352,7,4.878906,204.7578,181.7148,515.7773,0
3116.992,424,58.24742,4352,12,4.878906,204.7578,180.5938,516.8984,0
3116.992,424,57.86802,4352,8,4.878906,204.7578,179.6641,517.8281,0
3116.992,424,62.94416,4352,8,4.878906,204.7578,178.5703,518.9219,0
3116.992,424,62.34097,4352,9,4.878906,204.7578,178.1328,519.3594,0
3116.992,424,63.5443,4352,9,4.878906,204.7578,178.4609,519.0312,0
3116.992,424,64.0,4352,9,4.878906,204.7578,182.0312,515.4609,0
3116.992,424,63.5,4352,9,4.878906,204.7578,180.4766,517.0156,0
3116.992,424,62.02532,4352,12,4.878906,204.7578,180.5039,516.9883,0
3116.992,424,62.7204,4352,11,4.878906,204.7578,179.9648,517.5273,0
3116.992,424,63.15789,4352,8,4.878906,204.7578,178.9453,518.5469,0
3116.992,424,64.25,4352,8,4.878906,204.7578,183.6641,513.8281,0
3116.992,424,60.4534,4352,11,4.878906,204.7578,182.4961,514.9961,0
3116.992,424,58.0,4352,16,4.878906,204.7578,185.8789,511.6133,0
3116.992,424,54.07407,4352,10,4.878906,204.7578,183.9961,513.4961,0
3116.992,424,53.43137,4352,14,4.878906,204.7578,182.6562,514.8359,0
3116.992,424,49.11392,4352,12,4.878906,204.7578,181.9727,515.5195,0
3116.992,424,58.09769,4352,7,4.878906,204.7578,180.8242,516.668,0
3116.992,424,62.8866,4352,10,4.878906,204.7578,179.9336,517.5586,0
3116.992,424,62.46719,4352,9,4.878906,204.7578,184.4648,513.0273,0
3116.992,424,60.72351,4320,10,4.878906,204.7578,181.7734,515.7188,0
3116.992,424,63.26531,4320,8,4.878906,204.7578,180.4062,517.0859,0
3116.992,424,64.43299,4320,11,4.878906,204.7578,179.5312,517.9609,0
3116.992,424,59.84655,4320,8,4.878906,204.7578,184.4727,513.0195,0
3117.008,424,61.55844,4320,10,4.878906,204.7578,183.5742,513.918,0
3116.992,424,54.92228,4320,7,4.886719,204.75,182.1797,515.3125,0
3116.992,424,62.62887,4320,7,4.886719,204.7578,180.8281,516.6562,0
3116.992,424,62.14834,4320,9,4.886719,204.7578,180.1914,517.293,0
3116.992,424,61.85567,4320,9,4.886719,204.7578,179.2891,518.1953,0
3116.992,424,59.38303,4320,9,4.886719,204.7578,182.5352,514.9492,0
3116.992,424,58.20513,4320,8,4.886719,204.7578,180.6523,516.832,0
3116.992,424,59.79381,4320,7,4.886719,204.7578,184.5977,512.8867,0
3116.992,424,61.73469,4320,7,4.886719,204.7578,182.7461,514.7383,0
3116.992,424,59.38303,4352,3,4.886719,204.7578,186.0547,511.4297,0
3116.992,424,60.401,4352,3,4.886719,204.7578,185.1523,512.332,0
3116.992,424,58.61183,4352,9,4.894531,204.7578,183.5273,513.9492,0
3116.992,424,63.93862,4352,4,4.894531,204.7578,183.1719,514.3047,0
3116.992,424,60.5598,4352,4,4.894531,204.7578,185.6719,511.8047,0
3116.992,424,61.24031,4352,12,4.894531,204.7578,184.0859,513.3906,0
3116.992,425,62.31156,4352,9,4.894531,204.7578,182.2812,515.1953,0
3116.992,425,60.84788,4352,11,4.894531,204.7578,179.957,517.5195,0
3116.992,425,59.0,4352,9,4.894531,204.7578,183.7773,513.6992,0
3116.992,426,58.85287,4352,3,4.894531,204.7578,181.4531,516.0234,0
3116.992,426,58.69018,4352,7,4.894531,204.7578,179.6211,517.8555,0
3116.992,426,54.5,4352,5,4.894531,204.7578,178.6953,518.7812,0
3116.992,427,52.43902,4352,7,4.894531,204.7578,182.8477,514.6289,0
3116.992,427,51.12219,4352,4,4.894531,204.7578,185.5156,511.9609,0
3116.992,427,58.16327,4352,9,4.894531,204.7578,187.3281,510.1484,0
3116.992,427,60.15424,4352,10,4.894531,204.7578,184.9609,512.5156,0
3116.992,427,64.78149,4352,5,4.894531,204.7578,184.0625,513.4141,0
3116.992,427,63.70757,4352,6,4.910156,204.7539,182.1758,515.2891,0
3116.992,427,62.6943,4352,13,4.910156,204.7578,182.668,514.793,0
3116.992,427,61.49871,4352,10,4.910156,204.7578,180.8164,516.6445,0
3116.992,427,62.17617,4352,5,4.910156,204.7578,181.0625,516.3984,0
3116.992,427,63.08901,4352,3,4.910156,204.7578,180.6797,516.7812,0
3116.992,427,60.40609,4352,4,4.910156,204.7578,180.5742,516.8867,0
3117.008,427,59.48052,4352,12,4.910156,204.7578,184.4961,512.9648,0
3116.992,427,63.14433,4352,13,4.910156,204.7578,183.6289,513.832,0
3116.992,426,59.33504,4352,4,4.910156,204.7578,182.7852,514.6758,0
3116.992,426,63.26531,4352,3,4.910156,204.7578,186.8867,510.5742,0
3116.992,426,60.0,4352,5,4.910156,204.7578,186.5703,510.8906,0
3116.992,426,60.40609,4352,3,4.910156,204.7578,189.8438,507.6172,0
3116.992,426,60.75949,4352,5,4.910156,204.7578,187.2812,510.1797,0
3116.992,426,59.27835,4352,3,4.910156,204.7578,186.8438,510.6172,0
3116.992,426,59.69388,4352,4,4.910156,204.7578,185.4766,511.9844,0
3116.992,426,62.18274,4352,4,4.910156,204.7578,184.3555,513.1055,0
3116.992,426,61.55779,4352,4,4.910156,204.7578,182.7812,514.6797,0
3116.992,426,59.79899,4352,3,4.910156,204.7578,181.418,516.043,0
3116.992,426,60.91371,4352,3,4.910156,204.7578,184.6758,512.7852,0
3116.992,426,58.0402,4352,8,4.910156,204.7578,183.5273,513.9336,0
3116.992,426,62.59352,4352,6,4.910156,204.7578,188.0664,509.3945,0
3116.992,426,57.64411,4352,9,4.910156,204.7578,185.9375,511.5234,0
3116.992,426,61.01266,4352,5,4.910156,204.7578,184.793,512.668,0
3116.992,426,58.69018,4352,5,4.910156,204.7578,183.6992,513.7617,0
3116.992,426,54.17722,4352,9,4.910156,204.7578,184.9453,512.5156,0
3116.992,426,49.7549,4320,5,4.910156,204.7578,183.6445,513.8164,0
3116.992,426,49.12281,4320,9,4.910156,204.7578,182.9336,514.5273,0
3116.992,426,52.72727,4320,14,4.910156,204.7578,185.2539,512.207,0
3116.992,425,60.10499,4320,3,4.910156,204.7578,187.7383,509.7227,0
3116.992,426,61.65803,4320,5,4.910156,204.7578,185.1289,512.332,0
3116.992,426,61.03896,4320,4,4.910156,204.7578,183.5273,513.9336,0
3116.992,426,64.75196,4320,6,4.910156,204.7578,181.6445,515.8164,0
3116.992,426,62.85714,4320,9,4.910156,204.7578,181.1797,516.2812,0
3116.992,426,56.47668,4320,6,4.910156,204.7578,180.043,517.418,0
3116.992,426,61.39896,4320,16,4.910156,204.7578,184.1836,513.2773,0
3116.992,426,60.66838,4320,6,4.910156,204.7578,182.3906,515.0703,0
3116.992,426,59.79381,4320,6,4.917969,204.7578,185.1172,512.3359,0
3116.992,426,59.79381,4320,12,4.917969,204.7578,183.75,513.7031,0
3116.992,426,61.16751,4320,7,4.917969,204.7578,187.4922,509.9609,0
3116.992,426,58.12183,4320,6,4.917969,204.7578,185.668,511.7852,0
3116.992,426,56.2341,4320,4,4.917969,204.7578,188.7227,508.7305,0
3116.992,426,62.2449,4320,9,4.917969,204.7578,185.6445,511.8086,0
3116.992,426,59.18367,4320,5,4.917969,204.7578,184.25,513.2031,0
3116.992,426,59.79644,4352,4,4.917969,204.7578,182.582,514.8711,0
3116.992,426,60.76923,4352,8,4.917969,204.7578,181.2148,516.2383,0
3116.992,426,57.57576,4352,5,4.925781,204.7578,186.1172,511.3281,0
3116.992,426,60.40609,4352,4,4.925781,204.7578,183.8281,513.6172,0
3116.992,426,63.97985,4352,12,4.925781,204.7578,182.4609,514.9844,0
3116.992,426,61.46096,4352,5,4.925781,204.7578,181.9961,515.4492,0
3116.992,426,60.80402,4352,7,4.925781,204.7578,180.6328,516.8125,0
3116.992,426,64.23174,4352,11,4.925781,204.7578,179.7305,517.7148,0
3116.992,426,58.14536,4352,5,4.925781,204.7578,178.3945,519.0508,0
3116.992,426,61.26582,4352,4,4.925781,204.7578,184.0859,513.3594,0
3116.992,426,60.74074,4352,8,4.925781,204.7578,181.9883,515.457,0
3116.992,426,52.72277,4352,11,4.925781,204.7578,181.5508,515.8945,0
3116.992,426,54.34243,4352,4,4.925781,204.7578,180.2656,517.1797,0
3116.992,426,52.59259,4352,10,4.925781,204.7578,180.0469,517.3984,0
3116.992,426,51.14504,4352,10,4.925781,204.7578,179.3906,518.0547,0
3116.992,426,58.92857,4352,11,4.925781,204.7578,182.3828,515.0625,0
3116.992,426,60.05291,4352,6,4.925781,204.7578,181.4844,515.9609,0
3116.992,426,60.25974,4352,11,4.925781,204.7578,181.0,516.4453,0
3116.992,425,62.85714,4352,12,4.925781,204.7578,180.5742,516.8711,0
3116.992,425,59.22078,4352,10,4.925781,204.7578,185.4141,512.0312,0
3116.992,425,60.1023,4352,10,4.925781,204.7578,183.5547,513.8906,0
3116.992,425,59.94832,4352,14,4.925781,204.7578,187.2812,510.1641,0
3116.992,425,59.74359,4320,9,4.925781,204.7578,185.918,511.5273,0
3116.992,425,60.88083,4320,14,4.925781,204.7578,185.2617,512.1836,0
3116.992,425,59.6401,4320,5,4.933594,204.7578,184.1133,513.3242,0
3116.992,425,61.63683,4320,5,4.933594,204.7578,182.5,514.9375,0
3116.992,425,60.05089,4320,9,4.933594,204.7578,181.1328,516.3047,0
3116.992,425,60.45918,4320,15,4.933594,204.7578,180.6953,516.7422,0
3116.992,425,59.43878,4352,9,4.933594,204.7578,181.2227,516.2148,0
3116.992,425,58.46154,4352,10,4.933594,204.7578,180.3555,517.082,0
3116.992,425,57.68262,4352,11,4.933594,204.7578,183.3164,514.1211,0
3116.992,425,58.16327,4352,10,4.933594,204.7578,181.1875,516.25,0
3117.008,425,59.84848,4352,9,4.933594,204.7578,180.1445,517.293,0
3116.992,425,62.18274,4352,7,4.949219,204.7422,184.3984,513.0391,0
3116.992,425,63.47607,4352,8,4.949219,204.7578,187.6055,509.8164,0
3116.992,425,60.30151,4352,6,4.949219,204.7578,185.7773,511.6445,0
3116.992,425,57.03518,4352,8,4.949219,204.7578,184.4375,512.9844,0
3116.992,425,61.80905,4352,7,4.949219,204.7578,184.0,513.4219,0
3116.992,425,60.81425,4352,8,4.949219,204.7578,182.8789,514.543,0
3116.992,425,62.0,4352,11,4.949219,204.7578,186.3281,511.0938,0
3116.992,425,62.02532,4352,8,4.949219,204.7578,184.9609,512.4609,0
3116.992,425,55.11222,4352,9,4.949219,204.7578,182.8281,514.5938,0
3116.992,425,52.83951,4352,9,4.949219,204.7578,181.4883,515.9336,0
3116.992,425,52.21675,4352,8,4.949219,204.7578,179.6094,517.8125,0
3116.992,425,56.51106,4352,9,4.957031,204.75,178.2695,519.1523,0
3116.992,425,59.94898,4352,6,4.957031,204.7578,181.2227,516.1914,0
3116.992,426,58.54922,4352,16,4.957031,204.7578,179.8828,517.5312,0
3116.992,426,58.29016,4352,8,4.957031,204.7578,179.4297,517.9844,0
3117.008,426,60.6599,4352,11,4.957031,204.7578,182.6602,514.7539,0
3116.992,426,59.63542,4352,10,4.957031,204.7578,181.5664,515.8477,0
3116.992,426,59.02062,4352,11,4.957031,204.7578,183.125,514.2891,0
3116.992,426,62.65985,4352,6,4.957031,204.7578,180.5,516.9141,0
3116.992,426,59.48052,4352,9,4.957031,204.7578,179.8438,517.5703,0
3116.992,426,58.41837,4352,6,4.957031,204.7578,178.75,518.6641,0
3116.992,426,66.41026,4352,10,4.957031,204.7578,177.5742,519.8398,0
3116.992,426,61.43959,4352,6,4.957031,204.7578,186.0391,511.375,0
3116.992,426,64.61538,4352,7,4.957031,204.7578,184.4297,512.9844,0
3116.992,426,60.85859,4352,10,4.957031,204.7578,183.9531,513.4609,0
3117.996,426,58.61183,4352,10,4.957031,204.7578,182.832,514.582,0
3117.996,426,58.86889,4352,8,4.957031,204.7578,181.1914,516.2227,0
3116.992,426,60.05155,4352,9,4.957031,204.7578,180.3203,517.0938,0
3116.992,426,61.26582,4352,9,4.957031,204.7578,184.1719,513.2422,0
3116.992,426,59.79644,4352,5,4.957031,204.7578,187.875,509.5391,0
3116.992,426,61.02564,4320,9,4.957031,204.7578,185.0625,512.3516,0
3116.992,426,56.31313,4320,8,4.957031,204.7578,183.2148,514.1992,0
3116.992,426,61.47959,4320,12,4.957031,204.7578,179.6641,517.75,0
3116.992,426,59.0,4320,6,4.957031,204.7578,182.6641,514.75,0
3116.992,426,62.34414,4320,11,4.957031,204.7578,181.9922,515.4219,0
3116.992,426,63.13131,4320,7,4.957031,204.7578,181.3086,516.1055,0
3116.992,426,60.95718,4320,8,4.957031,204.7578,183.8125,513.6016,0
3116.992,426,61.59601,4320,7,4.957031,204.7578,182.7031,514.7109,0
3116.992,426,57.25,4320,16,4.957031,204.7578,181.8008,515.6133,0
3116.992,426,55.30864,4320,11,4.964844,204.75,187.2461,510.168,0
3116.992,426,52.15311,4288,12,4.964844,204.7578,185.0977,512.3086,0
3116.992,426,48.9899,4288,7,4.964844,204.7578,183.7031,513.7031,0
3116.992,426,56.77083,4288,6,4.964844,204.7578,181.8711,515.5352,0
3116.992,426,60.57441,4288,11,4.964844,204.7578,181.7617,515.6445,0
3116.992,426,58.33333,4288,7,4.964844,204.7578,180.6406,516.7656,0
3116.992,426,62.5,4288,7,4.964844,204.7578,184.5273,512.8789,0
3116.992,426,60.31332,4288,3,4.964844,204.7578,188.2773,509.1289,0
3116.992,426,62.17617,4288,3,4.964844,204.7578,187.1289,510.2773,0
3116.992,426,58.03109,4288,8,4.964844,204.7578,184.2422,513.1641,0
3116.992,426,60.5598,4288,9,4.964844,204.7578,183.3438,514.0625,0
3117.684,426,61.2987,4288,3,4.964844,204.7578,186.3281,511.0781,0
3116.992,429,61.7801,4288,12,4.964844,204.7578,183.9492,513.457,0
3116.992,426,60.46512,4288,9,4.964844,204.7617,182.5586,514.8438,0
3116.992,426,63.07692,4288,6,4.964844,204.7617,181.9258,515.4766,0
3116.992,426,62.2449,4320,6,4.964844,204.7617,185.207,512.1953,0
3116.992,426,63.4715,4320,5,4.964844,204.7617,184.2266,513.1758,0
3116.992,426,62.7551,4320,5,4.964844,204.7617,182.8359,514.5664,0
3116.992,426,61.18252,4320,5,4.964844,204.7617,180.9492,516.4531,0
3116.992,426,60.40609,4320,8,4.964844,204.7617,179.5312,517.8711,0
3116.992,426,59.34343,4320,5,4.964844,204.7617,183.0469,514.3555,0
3116.992,426,59.39086,4320,8,4.964844,204.7617,182.8594,514.543,0
3116.992,426,58.67347,4320,5,4.964844,204.7617,185.8281,511.5742,0
3116.992,426,60.0,4320,3,4.964844,204.7617,183.957,513.4453,0
3116.992,426,59.64467,4320,7,4.964844,204.7617,183.3008,514.1016,0
3116.992,426,64.07035,4320,8,4.964844,204.7617,181.2773,516.125,0
3116.992,426,61.20907,4320,13,4.964844,204.7617,180.1562,517.2461,0
3116.992,426,61.55779,4320,4,4.964844,204.7617,186.832,510.5703,0
3116.992,426,61.15288,4320,11,4.964844,204.7617,185.9297,511.4727,0
3116.992,426,57.85536,4320,6,4.964844,204.7617,184.1094,513.293,0
3116.992,426,53.23383,4320,7,4.964844,204.7617,183.4805,513.9219,0
3116.992,426,52.94118,4320,8,4.964844,204.7617,182.1172,515.2852,0
3116.992,426,52.22772,4320,6,4.972656,204.7617,180.9688,516.4258,0
3116.992,426,57.72152,4320,3,4.972656,204.7617,180.0703,517.3242,0
3116.992,426,65.30612,4320,5,4.972656,204.7617,183.4648,513.9297,0
3116.992,426,60.62176,4320,4,4.972656,204.7617,180.8672,516.5273,0
3116.992,426,63.56589,4320,4,4.972656,204.7617,183.6289,513.7656,0
3116.992,426,58.90052,4320,5,4.972656,204.7617,183.4609,513.9336,0
3116.992,426,59.79112,4320,5,4.972656,204.7617,180.9258,516.4688,0
3116.992,426,60.72351,4320,6,4.972656,204.7617,178.9883,518.4062,0
3116.992,426,58.7013,4320,7,4.972656,204.7617,183.793,513.6016,0
3116.992,426,64.94845,4320,4,4.972656,204.7617,182.3867,515.0078,0
3116.992,426,59.74684,4320,5,4.972656,204.7617,181.2383,516.1562,0
3116.992,426,61.34021,4320,6,4.988281,204.7461,184.8086,512.5859,0
3116.992,426,61.63683,4320,5,4.988281,204.7617,183.4805,513.8984,0
3116.992,426,63.82429,4320,11,4.988281,204.7617,182.5625,514.8164,0
3116.992,426,60.05089,4320,9,4.988281,204.7617,181.957,515.4219,0
3116.992,426,61.67513,4320,4,4.988281,204.7617,181.3047,516.0742,0
3116.992,426,63.84615,4320,4,4.988281,204.7617,180.8398,516.5391,0
3116.992,426,64.97462,4320,4,4.988281,204.7617,179.4453,517.9336,0
3116.992,426,63.14433,4320,5,5.003906,204.75,177.8008,519.5742,0
3116.992,426,60.25641,4320,4,5.003906,204.7617,177.3359,520.0273,0
3116.992,426,62.43655,4320,9,5.003906,204.7617,185.0781,512.2852,0
3116.992,426,61.92893,4320,11,5.003906,204.7617,183.4648,513.8984,0
3116.992,426,63.75,4352,6,5.003906,204.7617,182.3164,515.0469,0
3116.992,426,62.81407,4352,9,5.003906,204.7617,181.1953,516.168,0
3116.992,426,60.401,4352,3,5.003906,204.7617,180.0742,517.2891,0
3116.992,426,61.90476,4352,4,5.003906,204.7617,178.7148,518.6484,0
3116.992,426,64.8855,4352,4,5.003906,204.7617,183.2539,514.1094,0
3116.992,426,60.90226,4352,8,5.003906,204.7617,180.6562,516.707,0
3116.992,426,54.6798,4352,12,5.003906,204.7617,183.9648,513.3984,0
3116.992,425,54.14634,4352,8,5.003906,204.7617,183.5273,513.8359,0
3116.992,425,52.32274,4352,5,5.003906,204.7617,182.625,514.7383,0
3116.992,425,55.58376,4352,9,5.003906,204.7617,181.9453,515.418,0
3116.992,425,62.5,4352,5,5.003906,204.7617,185.1289,512.2344,0
3116.992,425,59.11458,4320,6,5.003906,204.7617,184.4961,512.8672,0
3117.008,425,59.32642,4320,6,5.003906,204.7617,183.6094,513.7539,0
3116.992,425,62.65985,4320,9,5.003906,204.7617,182.4805,514.8828,0
3116.992,425,61.64021,4320,7,5.003906,204.7617,181.8516,515.5117,0
3116.992,425,62.07792,4320,4,5.003906,204.7617,180.4297,516.9336,0
3116.992,425,60.98191,4320,11,5.011719,204.7539,183.8711,513.4922,0
3116.992,425,62.33766,4320,6,5.011719,204.7617,182.2852,515.0703,0
3116.992,425,60.88083,4320,5,5.011719,204.7617,182.0391,515.3164,0
3116.992,425,59.38303,4320,4,5.011719,204.7617,180.9453,516.4102,0
3116.992,425,61.38107,4320,7,5.011719,204.7617,183.457,513.8984,0
3116.992,425,61.16751,4320,7,5.011719,204.7617,186.9102,510.4453,0
3116.992,425,58.67347,4320,4,5.011719,204.7617,185.0898,512.2656,0
3116.992,425,59.28753,4320,4,5.011719,204.7617,183.4258,513.9297,0
3116.992,425,60.86957,4320,11,5.011719,204.7617,183.2891,514.0664,0
3116.992,425,58.69018,4320,6,5.011719,204.7617,181.8945,515.4609,0
3116.992,425,58.43829,4320,10,5.011719,204.7617,180.0625,517.293,0
3116.992,425,59.79899,4320,8,5.011719,204.7617,183.3047,514.0508,0
3116.992,425,59.12596,4320,9,5.011719,204.7617,181.9141,515.4414,0
3116.992,425,62.46851,4320,14,5.011719,204.7617,181.6953,515.6602,0
3116.992,425,59.64912,4320,13,5.011719,204.7617,184.0234,513.332,0
3116.992,425,60.35806,4320,5,5.011719,204.7617,182.4414,514.9141,0
3116.992,425,62.56281,4320,5,5.011719,204.7617,181.293,516.0625,0
3116.992,425,63.45178,4320,14,5.011719,204.7617,180.668,516.6875,0
3116.992,425,61.80905,4320,5,5.011719,204.7617,178.5078,518.8477,0
3116.992,425,56.67506,4320,9,5.011719,204.7617,178.5664,518.7891,0
3116.992,425,57.21393,4320,9,5.011719,204.7617,179.6055,517.75,0
3116.992,425,54.45545,4320,7,5.011719,204.7617,179.4453,517.9102,0
3116.992,425,50.12165,4320,8,5.011719,204.7617,183.3125,514.043,0
3116.992,425,56.42317,4320,8,5.011719,204.7617,182.0,515.3555,0
3116.992,425,61.42132,4320,10,5.011719,204.7617,179.6758,517.6797,0
3116.992,425,59.63061,4320,7,5.011719,204.7617,181.5508,515.8047,0
3116.992,425,63.73057,4320,8,5.011719,204.7617,184.9844,512.3711,0
3116.992,425,61.55844,4320,11,5.011719,204.7617,182.2227,515.1328,0
3116.992,425,63.44648,4320,10,5.011719,204.7617,181.3203,516.0352,0
3116.992,425,58.18182,4320,13,5.019531,204.7617,181.1016,516.2461,0
3116.992,425,60.88083,4320,9,5.019531,204.7617,184.3125,513.0352,0
3116.992,425,59.74359,4320,13,5.019531,204.7617,182.2617,515.0859,0
3116.992,425,63.0491,4320,7,5.019531,204.7617,180.9219,516.4258,0
3116.992,425,64.2487,4320,11,5.019531,204.7617,179.8125,517.5352,0
3116.992,425,60.82474,4320,10,5.019531,204.7617,179.7891,517.5586,0
3116.992,425,60.71429,4320,7,5.019531,204.7617,177.9805,519.3672,0
3116.992,425,62.81407,4320,13,5.019531,204.7617,182.9297,514.418,0
3116.992,425,59.24051,4320,8,5.019531,204.7617,181.3438,516.0039,0
3116.992,425,58.39793,4320,7,5.019531,204.7617,180.1953,517.1523,0
3116.992,425,61.22449,4320,10,5.019531,204.7617,179.9531,517.3945,0
3116.992,424,58.46154,4320,12,5.019531,204.7617,179.0469,518.3008,0
3116.992,424,60.25316,4320,6,5.019531,204.7617,178.6094,518.7383,0
3116.992,424,59.43878,4320,11,5.019531,204.7617,179.125,518.2227,0
3116.992,424,59.04523,4320,9,5.019531,204.7617,178.0898,519.2578,0
3116.992,424,62.15539,4320,10,5.019531,204.7617,181.6406,515.707,0
3116.992,424,62.62626,4320,7,5.019531,204.7617,181.2188,516.1289,0
3116.992,424,59.79899,4320,8,5.019531,204.7617,180.5391,516.8086,0
3116.992,424,62.15539,4320,12,5.019531,204.7617,178.9492,518.3984,0
3116.992,424,62.7204,4320,8,5.019531,204.7617,178.0234,519.3242,0
3116.992,424,60.35354,4320,8,5.027344,204.7617,185.9336,511.4062,0
3116.992,424,58.54271,4320,11,5.027344,204.7617,183.3633,513.9766,0
3116.992,424,54.90196,4320,6,5.027344,204.7617,182.4727,514.8672,0
3116.992,424,49.37965,4320,10,5.027344,204.7617,180.8633,516.4766,0
3116.992,424,51.24378,4320,11,5.027344,204.7617,184.1133,513.2266,0
3116.992,424,57.17949,4320,9,5.027344,204.7617,182.7188,514.6211,0
3116.992,424,60.76923,4320,8,5.027344,204.7617,181.1328,516.207,0
3116.992,423,60.10363,4320,7,5.027344,204.7617,181.1836,516.1562,0
3116.992,423,64.79592,4320,9,5.027344,204.7617,180.5312,516.8086,0
3116.992,423,60.62176,4320,8,5.027344,204.7617,179.4375,517.9023,0
3116.992,423,60.25641,4320,8,5.027344,204.7617,184.1016,513.2383,0
3116.992,423,62.05128,4320,15,5.027344,204.7617,181.8164,515.5234,0
3116.992,423,63.58974,4320,3,5.027344,204.7617,185.1016,512.2383,0
3116.992,423,63.37662,4320,8,5.027344,204.7617,183.1602,514.1797,0
3116.992,423,62.98201,4320,16,5.027344,204.7617,182.5039,514.8359,0
3116.992,423,63.75321,4320,3,5.027344,204.7617,181.8047,515.5352,0
3116.992,423,61.32316,4320,8,5.027344,204.7617,185.0859,512.2539,0
3116.992,423,58.13953,4352,3,5.027344,204.7617,184.4688,512.8711,0
3116.992,423,60.82474,4352,3,5.042969,204.7617,182.5547,514.7695,0
3116.992,423,57.80051,4352,3,5.042969,204.7617,181.8984,515.4258,0
3116.992,423,59.13706,4352,3,5.042969,204.7617,180.9961,516.3281,0
3116.992,423,60.50633,4352,8,5.042969,204.7617,184.2891,513.0352,0
3116.992,423,60.0,4352,3,5.042969,204.7617,183.1953,514.1289,0
3116.992,423,62.9156,4352,3,5.042969,204.7617,182.0742,515.25,0
3116.992,423,60.81425,4352,4,5.042969,204.7617,181.6406,515.6836,0
3116.992,423,60.0,4352,10,5.042969,204.7617,183.6094,513.7148,0
3116.992,423,62.12121,4352,4,5.042969,204.7617,181.7227,515.6016,0
3116.992,423,59.49367,4352,7,5.042969,204.7617,185.1836,512.1406,0
3116.992,423,58.62944,4352,5,5.042969,204.7617,184.7461,512.5781,0
3116.992,423,64.32161,4352,4,5.042969,204.7617,183.8438,513.4805,0
3116.992,423,59.14787,4352,5,5.042969,204.7617,182.6953,514.6289,0
3116.992,423,58.20896,4352,3,5.042969,204.7617,186.4219,510.9023,0
3116.992,423,56.18812,4352,12,5.042969,204.7617,185.5234,511.8008,0
3116.992,423,55.77396,4352,7,5.042969,204.7617,186.4297,510.8945,0
3116.992,423,55.91133,4352,9,5.042969,204.7617,185.0625,512.2617,0
3116.992,423,54.19847,4352,3,5.042969,204.7617,184.1719,513.1523,0
3116.992,423,64.13613,4352,6,5.042969,204.7617,183.0781,514.2461,0
3116.992,423,62.5974,4352,3,5.042969,204.7617,182.1523,515.1719,0
3116.992,423,62.62887,4352,9,5.042969,204.7617,184.8398,512.4844,0
3116.992,423,60.56701,4352,3,5.042969,204.7617,183.7305,513.5938,0
3116.992,423,60.25974,4352,5,5.042969,204.7617,184.0586,513.2656,0
3116.992,423,58.80829,4352,3,5.042969,204.7617,186.7695,510.5547,0
3116.992,423,61.38107,4352,5,5.042969,204.7617,184.8828,512.4414,0
3116.992,423,62.07792,4352,3,5.042969,204.7617,183.957,513.3672,0
3116.992,423,60.66838,4352,3,5.042969,204.7617,182.8125,514.5117,0
3116.992,423,61.49871,4352,9,5.042969,204.7617,180.4609,516.8633,0
3116.992,423,63.0491,4352,5,5.042969,204.7617,183.7344,513.5898,0
3116.992,423,59.58549,4352,8,5.042969,204.7617,182.5859,514.7383,0
3116.992,423,61.9898,4352,4,5.042969,204.7617,180.9727,516.3516,0
3116.992,423,61.95373,4352,3,5.042969,204.7617,180.0977,517.2266,0
3116.992,423,61.47959,4352,5,5.042969,204.7617,179.207,518.1172,0
3116.992,423,60.15228,4352,13,5.042969,204.7617,182.2773,515.0469,0
3116.992,423,62.27848,4352,17,5.042969,204.7617,182.2539,515.0703,0
3116.992,423,59.24051,4352,4,5.042969,204.7617,185.3906,511.9336,0
3116.992,423,56.12245,4352,4,5.042969,204.7617,183.2695,514.0547,0
3116.992,423,62.08651,4352,7,5.042969,204.7617,182.1211,515.2031,0
3116.992,422,64.32161,4352,12,5.042969,204.7617,181.4102,515.9141,0
3116.992,422,60.40609,4352,15,5.042969,204.7617,185.1367,512.1875,0
3116.992,422,61.40351,4352,6,5.050781,204.7539,184.2344,513.0898,0
3116.992,422,63.22418,4352,11,5.050781,204.7617,182.8945,514.4219,0
3116.992,422,63.88206,4352,7,5.050781,204.7617,182.0039,515.3125,0
3116.992,422,57.53769,4352,4,5.050781,204.7617,185.0039,512.3125,0
3116.992,422,56.26536,4352,10,5.050781,204.7617,187.5625,509.7539,0
3116.992,422,53.80835,4352,11,5.050781,204.7617,186.2227,511.0938,0
3116.992,422,52.59259,4352,8,5.050781,204.7617,184.1172,513.1992,0
3116.992,422,51.0101,4352,7,5.050781,204.7617,182.0391,515.2773,0
3116.992,422,57.70235,4352,4,5.050781,204.7617,184.0312,513.2852,0
3116.992,422,58.29016,4352,6,5.050781,204.7617,181.1445,516.1719,0
3116.992,422,61.1399,4352,5,5.050781,204.7617,184.2578,513.0586,0
3116.992,422,64.15584,4352,12,5.050781,204.7617,183.3398,513.9766,0
3116.992,422,64.08269,4352,7,5.050781,204.7617,182.0,515.3164,0
3116.992,422,60.83551,4352,12,5.050781,204.7617,181.3281,515.9883,0
3116.992,422,62.72494,4352,12,5.050781,204.7617,189.2422,508.0742,0
3116.992,421,62.72966,4352,12,5.058594,204.7578,185.2812,512.0312,0
3116.992,421,61.55844,4352,10,5.058594,204.7617,184.1602,513.1484,0
3116.992,421,58.76289,4352,11,5.058594,204.7617,183.5039,513.8047,0
3116.992,422,59.12596,4352,6,5.058594,204.7617,183.0664,514.2422,0
3116.992,422,59.18367,4352,4,5.058594,204.7617,186.7305,510.5781,0
3116.992,422,64.28571,4352,7,5.058594,204.7617,185.8281,511.4805,0
3116.992,422,62.27848,4352,5,5.058594,204.7617,183.9805,513.3281,0
3116.992,422,59.89717,4352,5,5.058594,204.7617,182.8867,514.4219,0
3116.992,422,63.19797,4352,10,5.058594,204.7617,181.0039,516.3047,0
3116.992,422,61.67513,4352,5,5.058594,204.7617,179.8828,517.4258,0
3116.992,422,61.92893,4352,6,5.058594,204.7617,179.1992,518.1094,0
3116.992,422,60.30534,4352,4,5.058594,204.7617,177.5352,519.7734,0
3116.992,422,61.53846,4352,4,5.058594,204.7617,177.1484,520.1602,0
3116.992,422,63.5,4352,10,5.058594,204.7617,180.4258,516.8828,0
3116.992,422,60.5598,4352,6,5.058594,204.7617,180.0352,517.2734,0
3116.992,422,62.21662,4352,4,5.058594,204.7617,179.3516,517.957,0
3116.992,422,63.65915,4352,4,5.058594,204.7617,179.4062,517.9023,0
3116.992,422,60.09975,4352,5,5.058594,204.7617,183.0742,514.2344,0
3116.992,422,58.60349,4352,9,5.066406,204.7617,181.9414,515.3594,0
3116.992,422,60.49383,4352,4,5.066406,204.7617,180.1094,517.1914,0
3116.992,422,55.96107,4352,13,5.066406,204.7617,178.9609,518.3398,0
3116.992,422,47.75,4352,8,5.066406,204.7617,177.1055,520.1953,0
3116.992,422,48.9899,4352,7,5.066406,204.7617,175.9844,521.3164,0
3116.992,422,60.62176,4352,5,5.066406,204.7617,179.668,517.6328,0
3116.992,422,63.37662,4352,8,5.066406,204.7617,179.4062,517.8945,0
3116.992,422,61.97917,4352,16,5.066406,204.7617,178.2891,519.0117,0
3116.992,422,58.16327,4352,11,5.066406,204.7617,178.1211,519.1797,0
3116.992,422,61.39896,4352,9,5.066406,204.7617,184.1875,513.1133,0
3116.992,422,65.10417,4384,11,5.066406,204.7617,183.5664,513.7344,0
3116.992,422,62.46719,4384,8,5.066406,204.7617,187.4922,509.8086,0
3116.992,422,59.23077,4384,10,5.066406,204.7617,184.6602,512.6406,0
3116.992,422,64.35897,4384,6,5.066406,204.7617,184.2227,513.0781,0
3116.992,421,64.85788,4384,11,5.066406,204.7617,183.1289,514.1719,0
3116.992,422,58.97436,4384,12,5.066406,204.7617,181.543,515.7578,0
3116.992,422,56.34518,4352,11,5.066406,204.7617,180.6406,516.6602,0
3116.992,422,61.0687,4352,8,5.066406,204.7617,179.0312,518.2695,0
3116.992,422,60.71429,4352,7,5.066406,204.7617,181.8906,515.4102,0
3116.992,422,61.28205,4352,4,5.066406,204.7617,184.8516,512.4492,0
3116.992,422,60.61381,4352,8,5.066406,204.7617,184.7148,512.5859,0
3116.992,422,60.81425,4352,12,5.074219,204.7617,183.3203,513.9727,0
3116.992,422,61.01266,4352,8,5.074219,204.7617,181.707,515.5859,0
3116.992,422,58.77863,4352,8,5.074219,204.7617,181.2695,516.0234,0
3116.992,423,62.7551,4352,12,5.074219,204.7617,180.8086,516.4844,0
3116.992,423,60.35354,4352,18,5.074219,204.7617,184.3867,512.9062,0
3116.992,423,59.54774,4352,14,5.074219,204.7617,182.543,514.75,0
3116.992,423,63.52357,4352,11,5.074219,204.7617,180.9844,516.3086,0
3116.992,423,62.90727,4352,9,5.074219,204.7617,179.6172,517.6758,0
3116.992,423,59.55335,4352,16,5.074219,204.7617,179.4453,517.8477,0
3116.992,423,62.65664,4352,9,5.074219,204.7617,181.5859,515.707,0
3116.992,423,59.01235,4352,12,5.074219,204.7617,187.5586,509.7344,0
3116.992,423,56.15764,4352,15,5.074219,204.7617,185.9727,511.3203,0
3116.992,423,51.56627,4352,10,5.074219,204.7617,184.7969,512.4961,0
3116.992,423,46.5,4352,9,5.074219,204.7617,184.1406,513.1523,0
3116.992,423,57.39796,4352,8,5.074219,204.7617,183.1836,514.1094,0
3116.992,423,63.02083,4352,10,5.074219,204.7617,181.3008,515.9922,0
3116.992,423,60.20672,4352,7,5.074219,204.7617,185.7734,511.5195,0
3116.992,423,64.75196,4352,10,5.074219,204.7617,182.8867,514.4062,0
3116.992,423,59.43152,4352,9,5.074219,204.7617,181.7656,515.5273,0
3116.992,423,61.3577,4352,8,5.074219,204.7617,180.1836,517.1094,0
3116.992,423,62.66319,4352,11,5.074219,204.7617,183.168,514.125,0
3116.992,423,60.5598,4352,9,5.074219,204.7617,186.3594,510.9336,0
3116.992,423,61.9171,4352,14,5.074219,204.7617,189.3164,507.9766,0
3116.992,423,63.77551,4352,12,5.074219,204.7617,187.1953,510.0977,0
3116.992,423,60.46512,4352,8,5.074219,204.7617,185.5664,511.7266,0
3116.992,423,60.86957,4352,9,5.074219,204.7617,184.2539,513.0391,0
3116.992,423,62.18274,4352,8,5.074219,204.7617,183.543,513.75,0
3116.992,423,61.24031,4352,11,5.074219,204.7617,181.9297,515.3633,0
3116.992,423,62.40409,4352,7,5.074219,204.7617,179.3633,517.9297,0
3116.992,423,62.02532,4352,7,5.074219,204.7617,177.9688,519.3242,0
3116.992,423,58.92857,4352,9,5.074219,204.7617,177.9961,519.2969,0
3116.992,423,58.79397,4352,8,5.074219,204.7617,181.2656,516.0273,0
3116.992,423,62.8866,4352,8,5.082031,204.7539,185.4492,511.8438,0
3116.992,423,60.20151,4352,11,5.097656,204.7461,184.2852,513.0,0
3116.992,423,65.99496,4320,10,5.097656,204.7617,186.3242,510.9453,0
3116.992,423,61.86869,4320,8,5.097656,204.7617,184.2891,512.9805,0
3116.992,423,61.96474,4320,13,5.097656,204.7617,182.7031,514.5664,0
3116.992,423,63.15789,4320,10,5.097656,204.7617,181.582,515.6875,0
3116.992,423,60.50633,4320,7,5.097656,204.7617,181.6562,515.6133,0
3116.992,423,60.0,4320,6,5.097656,204.7617,186.0625,511.207,0
3116.992,423,57.46835,4320,3,5.097656,204.7617,182.8555,514.4141,0
3116.992,423,58.91089,4320,3,5.097656,204.7617,182.1719,515.0977,0
3116.992,423,55.22388,4320,5,5.097656,204.7617,184.9883,512.2812,0
3116.992,423,49.38272,4320,3,5.097656,204.7617,184.1133,513.1562,0
3116.992,423,55.52699,4320,4,5.097656,204.7617,181.3516,515.918,0
3116.992,423,61.95373,4320,8,5.097656,204.7617,180.2031,517.0664,0
3116.992,423,61.25654,4320,10,5.097656,204.7617,184.2812,512.9883,0
3116.992,423,61.03896,4320,8,5.097656,204.7617,183.1719,514.0977,0
3116.992,423,59.12596,4320,6,5.097656,204.7617,187.8242,509.4453,0
3116.992,423,60.05222,4320,5,5.105469,204.7617,186.5195,510.7422,0
3116.992,423,63.14433,4320,3,5.105469,204.7617,185.1523,512.1094,0
3116.992,423,59.94764,4320,5,5.105469,204.7617,182.6094,514.6523,0
3116.992,423,59.48718,4320,5,5.105469,204.7617,181.9258,515.3359,0
3116.992,423,66.06218,4320,12,5.105469,204.7617,180.5859,516.6758,0
3116.992,423,57.98969,4320,3,5.105469,204.7617,184.5195,512.7422,0
3116.992,423,59.94832,4320,6,5.113281,204.7617,183.3438,513.9102,0
3116.992,423,62.94416,4320,9,5.113281,204.7617,182.6719,514.582,0
3116.992,423,60.25641,4320,3,5.113281,204.7617,180.8672,516.3867,0
3116.992,423,58.62944,4320,3,5.113281,204.7617,180.8672,516.3867,0
3116.992,422,61.30653,4320,3,5.113281,204.7617,179.0078,518.2461,0
3116.992,422,61.77215,4320,4,5.113281,204.7617,182.3086,514.9453,0
3116.992,422,62.82051,4320,7,5.113281,204.7617,181.6523,515.6016,0
3116.992,422,62.59542,4320,4,5.113281,204.7617,181.1875,516.0664,0
3117.027,422,61.01266,4320,4,5.113281,204.7617,180.3125,516.9414,0
3116.992,423,60.5,4320,6,5.113281,204.7617,178.6992,518.5547,0
3116.992,422,61.22449,4320,3,5.113281,204.7617,181.0312,516.2227,0
3116.992,422,63.47607,4320,7,5.113281,204.7617,184.4336,512.8203,0
3116.992,422,66.75063,4320,4,5.113281,204.7617,182.5859,514.668,0
3116.992,422,59.25,4320,5,5.113281,204.7617,181.9023,515.3516,0
3116.992,422,62.90727,4320,7,5.113281,204.7617,183.6523,513.6016,0
3116.992,422,59.04523,4320,8,5.128906,204.7578,181.082,516.1602,0
3116.992,422,57.98526,4320,9,5.128906,204.7617,184.3398,512.8984,0
3116.992,422,56.54321,4320,11,5.128906,204.7617,183.6836,513.5547,0
3116.992,422,48.78641,4320,14,5.128906,204.7617,183.4648,513.7734,0
3116.992,422,52.17391,4352,9,5.128906,204.7617,186.1641,511.0742,0
3116.992,422,62.26913,4352,6,5.128906,204.7617,184.0312,513.207,0
3116.992,422,62.0155,4352,4,5.128906,204.7617,182.1719,515.0664,0
3116.992,422,61.18252,4352,6,5.128906,204.7617,185.6797,511.5586,0
3116.992,422,58.74674,4352,5,5.136719,204.7578,184.0391,513.1953,0
3116.992,422,59.94898,4352,4,5.136719,204.7617,187.4414,509.7891,0
3116.992,422,61.71875,4352,5,5.136719,204.7617,184.1445,513.0859,0
3116.992,422,63.03797,4352,5,5.136719,204.7617,183.0508,514.1797,0
3116.992,422,61.57895,4352,5,5.136719,204.7617,180.918,516.3125,0
3116.992,422,59.74026,4352,5,5.136719,204.7617,180.0156,517.2148,0
3116.992,422,60.72351,4352,3,5.136719,204.7617,184.6875,512.543,0
3116.992,422,59.13706,4352,10,5.136719,204.7617,183.3203,513.9102,0
3116.992,422,61.32316,4352,4,5.136719,204.7617,181.8438,515.3867,0
3116.992,422,57.289,4352,4,5.136719,204.7617,180.9414,516.2891,0
3116.992,422,62.2739,4352,5,5.136719,204.7617,185.168,512.0625,0
3116.992,422,58.92857,4352,5,5.136719,204.7617,183.8008,513.4297,0
3116.992,422,58.92857,4320,5,5.136719,204.7617,181.9414,515.2891,0
3116.992,422,58.98734,4320,11,5.136719,204.7617,181.2852,515.9453,0
3116.992,422,60.60606,4320,11,5.136719,204.7617,180.8203,516.4102,0
3116.992,422,59.69773,4320,8,5.136719,204.7617,179.4805,517.75,0
3116.992,422,61.11111,4320,8,5.136719,204.7617,179.0742,518.1562,0
3116.992,422,63.77551,4320,3,5.136719,204.7617,183.5078,513.7227,0
3116.992,422,60.10101,4320,5,5.136719,204.7617,183.0703,514.1602,0
3116.992,422,64.98741,4320,5,5.136719,204.7617,185.9219,511.3086,0
3116.992,422,61.04218,4320,6,5.136719,204.7617,184.0625,513.168,0
3116.992,422,61.0,4320,4,5.136719,204.7617,183.6016,513.6289,0
3116.992,422,59.05707,4320,7,5.136719,204.7617,182.918,514.3125,0
3116.992,422,57.77778,4320,4,5.136719,204.7617,182.0156,515.2148,0
3116.992,422,52.21675,4320,9,5.136719,204.7617,179.8828,517.3477,0
3116.992,422,49.63145,4320,13,5.136719,204.7617,181.1289,516.1016,0
3116.992,422,54.63659,4320,4,5.136719,204.7617,180.0469,517.1836,0
3116.992,422,58.44156,4320,7,5.136719,204.7617,183.1914,514.0391,0
3116.992,422,64.45013,4320,4,5.136719,204.7617,180.375,516.8555,0
3116.992,422,64.85788,4320,6,5.136719,204.7617,184.1758,513.0547,0
3116.992,422,61.09661,4320,3,5.136719,204.7617,187.7266,509.5039,0
3116.992,422,61.45833,4320,6,5.136719,204.7617,186.8086,510.4219,0
3116.992,422,59.63542,4320,9,5.136719,204.7617,185.1953,512.0352,0
3116.992,422,66.83805,4320,14,5.136719,204.7617,183.6367,513.5938,0
3116.992,422,58.48564,4320,9,5.136719,204.7617,182.7109,514.5195,0
3116.992,422,59.17313,4320,4,5.136719,204.7617,181.5625,515.668,0
3116.992,422,62.0155,4320,11,5.136719,204.7617,179.7305,517.5,0
3116.992,422,62.08651,4320,7,5.136719,204.7617,177.8711,519.3594,0
3116.992,422,61.0687,4320,15,5.136719,204.7617,181.4922,515.7383,0
3116.992,422,59.74684,4320,13,5.136719,204.7617,180.3906,516.8398,0
3116.992,422,60.81425,4320,7,5.136719,204.7617,181.3672,515.8633,0
3116.992,422,57.54476,4320,7,5.144531,204.7617,183.4336,513.7891,0
3116.992,422,60.5598,4320,7,5.144531,204.7617,186.0195,511.2031,0
3116.992,422,61.86869,4320,6,5.144531,204.7617,183.1758,514.0469,0
3116.992,422,60.92545,4320,10,5.144531,204.7617,182.25,514.9727,0
3116.992,422,63.26531,4320,12,5.144531,204.7617,179.9492,517.2734,0
3116.992,422,62.46851,4320,9,5.144531,204.7617,183.8867,513.3359,0
3116.992,422,62.78481,4320,9,5.144531,204.7617,182.2969,514.9258,0
3116.992,422,61.55779,4320,9,5.144531,204.7617,181.6406,515.582,0
3116.992,422,60.65163,4320,6,5.144531,204.7617,181.2031,516.0195,0
3116.992,422,60.75,4320,13,5.152344,204.7539,179.7812,517.4414,0
3116.992,422,60.14851,4320,14,5.152344,204.7617,178.6055,518.6094,0
3116.992,422,57.5,4320,14,5.152344,204.7617,177.2656,519.9492,0
3116.992,422,58.23096,4320,9,5.152344,204.7617,176.8125,520.4023,0
3116.992,422,56.32754,4320,9,5.152344,204.7617,180.4336,516.7812,0
3116.992,422,51.3382,4320,6,5.152344,204.7617,182.5,514.7148,0
3116.992,422,50.37594,4320,14,5.152344,204.7617,180.4219,516.793,0
3116.992,422,58.65633,4320,14,5.152344,204.7617,180.2031,517.0117,0
3116.992,422,57.66234,4320,10,5.152344,204.7617,179.082,518.1328,0
3116.992,422,61.49871,4320,9,5.152344,204.7617,182.3516,514.8633,0
3116.992,422,59.94832,4320,9,5.152344,204.7617,181.4492,515.7656,0
3116.992,422,61.6188,4320,7,5.152344,204.7617,185.2148,512.0,0
3116.992,422,59.53608,4320,9,5.152344,204.7617,182.9102,514.3047,0
3116.992,422,60.51282,4320,10,5.152344,204.7617,182.0078,515.207,0
3116.992,422,56.36364,4352,9,5.152344,204.7617,180.8594,516.3555,0
3116.992,422,59.02062,4352,8,5.152344,204.7617,180.0156,517.1992,0
3116.992,422,59.94832,4352,14,5.152344,204.7617,178.8945,518.3203,0
3116.992,422,56.743,4352,8,5.152344,204.7617,182.3086,514.9062,0
3116.992,422,62.85714,4352,8,5.152344,204.7617,181.1328,516.082,0
3116.992,422,60.40609,4352,9,5.152344,204.7617,180.2578,516.957,0
3116.992,422,61.51899,4352,7,5.152344,204.7617,178.1836,519.0312,0
3116.992,422,61.0687,4352,12,5.152344,204.7617,182.5508,514.6641,0
3116.992,422,64.19437,4352,7,5.152344,204.7617,181.207,516.0078,0
3116.992,422,60.0,4352,5,5.152344,204.7617,180.7422,516.4727,0
3116.992,422,58.62944,4352,8,5.152344,204.7617,178.9141,518.3008,0
3116.992,422,61.90476,4352,12,5.152344,204.7617,183.3359,513.8789,0
3116.992,422,62.94416,4352,11,5.152344,204.7617,184.8945,512.3203,0
3116.992,422,62.37374,4352,9,5.152344,204.7617,185.4062,511.8086,0
3116.992,422,60.25,4352,7,5.152344,204.7617,182.8477,514.3672,0
3116.992,422,61.40351,4352,10,5.152344,204.7617,188.0938,509.1211,0
3116.992,422,61.01266,4352,13,5.152344,204.7617,185.4805,511.7344,0
3116.992,422,62.02532,4352,11,5.152344,204.7617,184.3828,512.832,0
3116.992,422,62.02532,4352,10,5.152344,204.7617,186.2617,510.9531,0
3116.992,422,57.63547,4352,7,5.152344,204.7617,184.1992,513.0156,0
3116.992,422,55.03686,4352,8,5.152344,204.7617,182.0938,515.1211,0
3116.992,423,52.26131,4320,8,5.152344,204.7617,182.375,514.8398,0
3116.992,423,50.12531,4320,14,5.152344,204.7617,185.0781,512.1367,0
3116.992,423,58.37563,4320,8,5.152344,204.7617,183.9688,513.2461,0
3116.992,423,60.30928,4320,5,5.152344,204.7617,187.7656,509.4492,0
3116.992,423,60.72351,4320,10,5.152344,204.7617,185.918,511.2969,0
3116.992,423,61.03896,4320,8,5.152344,204.7617,184.4961,512.7188,0
3116.992,423,60.51948,4320,8,5.152344,204.7617,183.4062,513.8086,0
3116.992,423,56.28272,4320,7,5.152344,204.7617,187.5078,509.707,0
3116.992,423,61.2987,4320,11,5.152344,204.7617,186.6367,510.5781,0
3116.992,423,61.63683,4320,7,5.152344,204.7617,184.5312,512.6836,0
3116.992,423,63.40206,4320,11,5.152344,204.7617,183.6016,513.6133,0
3116.992,423,62.2449,4320,9,5.152344,204.7617,181.5,515.7148,0
3116.992,423,61.03896,4320,9,5.152344,204.7617,185.1875,512.0273,0
3116.992,423,61.55844,4320,12,5.152344,204.7617,184.0391,513.1758,0
3116.992,423,61.83206,4320,10,5.152344,204.7617,182.1797,515.0352,0
3116.992,423,57.17949,4320,5,5.152344,204.7617,181.2773,515.9375,0
3116.992,423,59.89848,4320,3,5.152344,204.7617,179.8594,517.3555,0
3116.992,423,59.59079,4320,5,5.152344,204.7617,183.4531,513.7617,0
3116.992,423,62.18274,4320,7,5.152344,204.7617,187.1406,510.0742,0
3116.992,423,60.5598,4320,5,5.152344,204.7617,190.1836,507.0312,0
3116.992,423,64.01028,4320,6,5.152344,204.7617,188.543,508.6719,0
3116.992,423,61.38107,4320,3,5.152344,204.7617,186.9414,510.2734,0
3116.992,423,59.29648,4320,4,5.152344,204.7617,186.2695,510.9453,0
3116.992,423,59.94898,4320,5,5.152344,204.7617,184.1094,513.1055,0
3116.992,423,61.77215,4320,8,5.152344,204.7617,182.7422,514.4727,0
3116.992,423,63.06533,4320,9,5.152344,204.7617,186.9414,510.2734,0
3116.992,423,66.0,4320,4,5.160156,204.7539,185.1133,512.1016,0
3116.992,423,64.66165,4320,4,5.160156,204.7617,184.2109,512.9961,0
3116.992,423,63.56784,4320,8,5.160156,204.7617,183.5547,513.6523,0
3116.992,423,58.43521,4320,5,5.160156,204.7617,182.1719,515.0352,0
3116.992,423,55.72139,4320,5,5.160156,204.7617,182.2812,514.9258,0
3116.992,423,48.75622,4320,10,5.160156,204.7617,180.668,516.5391,0
3116.992,423,51.13924,4320,9,5.160156,204.7617,182.1211,515.0859,0
3116.992,423,59.89583,4320,8,5.160156,204.7617,180.793,516.4141,0
3116.992,423,60.62992,4288,7,5.160156,204.7617,179.6758,517.5312,0
3116.992,423,62.46719,4288,4,5.160156,204.7617,182.6523,514.5547,0
3116.992,423,64.15584,4288,4,5.160156,204.7617,181.9688,515.2383,0
3116.992,423,62.43523,4320,8,5.160156,204.7617,181.0664,516.1406,0
3116.992,423,59.43152,4320,4,5.167969,204.7617,180.1914,517.0078,0
3116.992,423,59.79644,4320,8,5.167969,204.7617,183.5703,513.6289,0
3116.992,423,60.86957,4320,4,5.167969,204.7617,187.1914,510.0078,0
3116.992,423,62.62887,4320,5,5.167969,204.7617,185.0977,512.1016,0
3116.992,423,60.25974,4320,13,5.167969,204.7617,183.2383,513.9609,0
3116.992,423,61.49871,4320,7,5.167969,204.7617,182.582,514.6172,0
3116.992,424,62.8866,4320,8,5.167969,204.7617,181.9258,515.2734,0
3116.992,424,60.35806,4320,5,5.167969,204.7617,186.0,511.1992,0
3116.992,424,61.38107,4320,5,5.167969,204.7617,183.7031,513.4961,0
3116.992,424,57.03325,4320,8,5.167969,204.7617,182.582,514.6172,0
3116.992,424,60.91371,4320,7,5.167969,204.7617,181.8984,515.3008,0
3116.992,424,61.92893,4320,3,5.167969,204.7617,180.7773,516.4219,0
3116.992,424,59.59596,4320,6,5.167969,204.7617,182.957,514.2422,0
3116.992,424,58.08081,4320,4,5.167969,204.7617,182.793,514.4062,0
3116.992,424,63.75321,4320,3,5.167969,204.7617,181.207,515.9922,0
3116.992,424,57.82828,4320,9,5.167969,204.7617,179.5664,517.6328,0
3116.992,424,60.20151,4320,4,5.167969,204.7617,183.2695,513.9297,0
3116.992,424,62.62626,4320,4,5.167969,204.7617,182.0938,515.1055,0
3117.496,424,63.13131,4320,6,5.167969,204.7617,180.2617,516.9375,0
3117.496,424,62.0,4320,17,5.167969,204.7617,180.1367,517.0625,0
3117.496,424,57.71144,4320,4,5.167969,204.7617,182.7773,514.4219,0
3116.992,424,59.1133,4320,7,5.167969,204.7617,182.1211,515.0781,0
3116.992,424,55.28256,4320,7,5.167969,204.7617,180.5352,516.6641,0
3116.992,424,48.5,4320,5,5.167969,204.7617,178.6758,518.5234,0
3116.992,424,42.85714,4320,6,5.167969,204.7617,182.3789,514.8203,0
3116.992,424,62.46787,4320,9,5.167969,204.7617,180.9609,516.2383,0
3116.992,424,59.74026,4320,4,5.167969,204.7617,179.6719,517.5273,0
3116.992,424,63.21244,4320,8,5.167969,204.7617,183.3125,513.8867,0
3116.992,424,60.15831,4320,9,5.167969,204.7617,183.6172,513.582,0
3116.992,424,59.79381,4320,5,5.167969,204.7617,181.0469,516.1523,0
3116.992,424,61.34021,4320,5,5.167969,204.7617,180.3906,516.8086,0
3116.992,424,60.62992,4320,10,5.167969,204.7617,181.1562,516.043,0
3116.992,424,59.84655,4352,5,5.167969,204.7617,180.5312,516.668,0
3116.992,424,60.05155,4352,12,5.167969,204.7617,179.3828,517.8164,0
3116.992,424,58.67347,4352,9,5.167969,204.7617,178.6992,518.5,0
3116.992,424,58.7013,4352,13,5.175781,204.7617,178.3203,518.8711,0
3116.992,424,62.46787,4352,8,5.175781,204.7617,177.6953,519.4961,0
3116.992,424,60.30534,4352,4,5.175781,204.7617,177.0938,520.0977,0
3116.992,424,59.89583,4352,9,5.175781,204.7617,180.7461,516.4453,0
3116.992,424,60.15228,4320,9,5.175781,204.7617,178.4727,518.7188,0
3116.992,424,57.03325,4320,10,5.175781,204.7617,178.2812,518.9102,0
3116.992,424,60.98191,4320,7,5.175781,204.7617,183.707,513.4844,0
3116.992,424,61.80905,4320,8,5.175781,204.7617,186.0234,511.168,0
3116.992,424,63.86768,4320,6,5.175781,204.7617,185.3672,511.8242,0
3116.992,424,60.10101,4320,10,5.175781,204.7617,184.2734,512.918,0
3116.992,425,61.67513,4352,5,5.175781,204.7617,182.6094,514.582,0
3116.992,425,60.15038,4352,7,5.175781,204.7617,186.2852,510.9062,0
3116.992,425,61.96474,4352,4,5.175781,204.7617,183.6562,513.5352,0
3116.992,425,63.5,4352,10,5.175781,204.7617,180.5664,516.625,0
3116.992,425,61.80905,4352,8,5.175781,204.7617,180.1055,517.0859,0
3116.992,425,60.04963,4352,5,5.175781,204.7617,184.0117,513.1797,0
3116.992,425,57.5,4352,4,5.175781,204.7617,182.8906,514.3008,0
3116.992,425,55.96107,4352,14,5.175781,204.7617,186.9336,510.2578,0
3116.992,425,50.12165,4352,7,5.175781,204.7617,184.8438,512.3477,0
3116.992,425,53.69458,4352,5,5.175781,204.7617,183.6797,513.5117,0
3116.992,425,58.29016,4352,6,5.175781,204.7617,187.6367,509.5547,0
3116.992,425,61.8799,4352,9,5.175781,204.7617,186.4883,510.7031,0
3116.992,425,58.39793,4352,18,5.175781,204.7617,184.6289,512.5625,0
3116.992,425,60.46512,4352,6,5.3125,204.7656,182.7812,514.2695,0
3116.992,425,61.34021,4352,11,5.3125,204.7656,182.0977,514.9531,0
3116.992,425,60.0,4352,12,5.3125,204.7656,180.7578,516.293,0
3116.992,424,58.54922,4352,6,5.3125,204.7656,179.8828,517.168,0
3116.992,424,62.1134,4352,8,5.3125,204.7656,179.4453,517.6055,0
3116.992,424,58.88325,4352,6,5.3125,204.7656,182.6836,514.3672,0
3116.992,424,61.85567,4352,8,5.3125,204.7656,180.6445,516.4062,0
3116.992,423,62.69036,4352,9,5.3125,204.7656,179.2227,517.8281,0
3116.992,423,63.44648,4352,8,5.3125,204.7656,177.8828,519.168,0
3116.992,423,60.61381,4352,4,5.3125,204.7656,176.7891,520.2617,0
3116.992,423,61.32316,4352,5,5.3125,204.7656,180.9531,516.0977,0
3116.992,423,58.46154,4352,14,5.3125,204.7656,180.0547,516.9961,0
3116.992,423,59.79899,4352,7,5.3125,204.7656,179.6172,517.4336,0
3116.992,423,59.94898,4352,10,5.3125,204.7656,178.5234,518.5273,0
3116.992,423,65.90331,4352,12,5.3125,204.7656,182.1914,514.8594,0
3116.992,423,60.25316,4352,10,5.3125,204.7656,183.1445,513.9062,0
3116.992,423,61.96474,4352,13,5.3125,204.7656,181.6445,515.4062,0
3116.992,423,60.55276,4352,8,5.3125,204.7656,180.7148,516.3359,0
3116.992,423,63.06533,4352,6,5.3125,204.7656,180.9883,516.0625,0
3116.992,423,59.24051,4352,8,5.3125,204.7656,179.8672,517.1836,0
3116.992,423,63.13131,4352,10,5.3125,204.7656,178.2539,518.7969,0
3116.992,423,63.5,4352,9,5.3125,204.7656,182.2109,514.8398,0
3116.992,423,61.55779,4352,14,5.3125,204.7656,180.4258,516.625,0
3116.992,423,59.45274,4352,10,5.3125,204.7656,188.9375,508.1133,0
3116.992,423,58.35411,4352,7,5.3125,204.7656,185.6133,511.4375,0
3116.992,423,53.33333,4352,14,5.3125,204.7656,184.4648,512.5859,0
3116.992,423,48.87218,4352,13,5.3125,204.7656,183.0977,513.9531,0
3116.992,423,55.61224,4352,9,5.3125,204.7656,182.0039,515.0469,0
3116.992,423,60.73298,4352,10,5.3125,204.7656,181.1289,515.9219,0
3116.992,423,61.9171,4352,8,5.3125,204.7656,180.0078,517.043,0
3116.992,423,61.85567,4352,8,5.332031,204.75,179.1172,517.9297,0
3116.992,423,64.56693,4352,11,5.332031,204.7734,177.2852,519.7383,0
3116.992,423,60.52632,4320,16,5.332031,204.7734,176.6289,520.3945,0
3116.992,423,59.89583,4320,10,5.332031,204.7734,180.5117,516.5117,0
3116.992,423,58.76289,4352,8,5.332031,204.7734,179.3945,517.6289,0
3116.992,423,61.25654,4352,6,5.332031,204.7734,181.9062,515.1172,0
3116.992,423,63.23907,4352,11,5.339844,204.7734,180.2773,516.7383,0
3116.992,423,59.43152,4352,10,5.339844,204.7734,184.5117,512.5039,0
3116.992,423,63.17136,4352,9,5.339844,204.7734,183.3633,513.6523,0
3116.992,423,61.38107,4352,7,5.339844,204.7734,182.4648,514.5508,0
3116.992,423,61.79487,4352,7,5.339844,204.7734,181.5664,515.4492,0
3116.992,423,60.76923,4352,8,5.339844,204.7734,181.1875,515.8281,0
3116.992,423,59.94898,4352,4,5.339844,204.7734,180.293,516.7227,0
3116.992,423,59.12596,4352,15,5.339844,204.7734,183.2461,513.7695,0
3116.992,423,64.05063,4352,6,5.339844,204.7734,181.6328,515.3828,0
3116.992,423,59.69388,4352,3,5.339844,204.7734,180.5117,516.5039,0
3116.992,422,56.70886,4352,3,5.339844,204.7734,180.7852,516.2305,0
3116.992,422,60.85859,4352,6,5.339844,204.7734,183.8086,513.207,0
3116.992,422,61.83206,4352,5,5.339844,204.7734,181.9219,515.0938,0
3116.992,422,62.84987,4320,4,5.339844,204.7734,181.2109,515.8047,0
3116.992,422,59.14787,4320,4,5.339844,204.7734,180.0352,516.9805,0
3116.992,422,60.85859,4320,7,5.339844,204.7734,178.9141,518.1016,0
3116.992,422,55.80247,4320,4,5.339844,204.7734,183.1367,513.8789,0
3116.992,422,55.88972,4320,3,5.339844,204.7734,181.9922,515.0234,0
3116.992,422,55.47264,4320,7,5.339844,204.7734,180.4062,516.6094,0
3116.992,422,56.01966,4320,3,5.339844,204.7734,179.2305,517.7852,0
3116.992,422,52.10918,4320,4,5.339844,204.7734,183.2969,513.7188,0
3116.992,422,52.40506,4320,7,5.339844,204.7734,181.5039,515.5117,0
3116.992,422,64.13613,4352,6,5.339844,204.7734,179.8359,517.1797,0
3116.992,422,60.46512,4352,15,5.339844,204.7734,179.1797,517.8359,0
3116.992,422,62.1134,4320,10,5.347656,204.7656,178.4961,518.5195,0
3116.992,422,61.18252,4320,6,5.347656,204.7734,177.8672,519.1406,0
3116.992,422,60.36269,4320,7,5.347656,204.7734,182.3477,514.6602,0
3116.992,422,61.39896,4320,11,5.347656,204.7734,180.2422,516.7656,0
3116.992,422,61.2987,4320,8,5.347656,204.7734,178.6836,518.3242,0
3116.992,422,59.74359,4320,3,5.347656,204.7734,182.6719,514.3359,0
3116.992,422,59.84655,4320,3,5.347656,204.7734,181.5781,515.4297,0
3116.992,422,59.27835,4320,6,5.347656,204.7734,180.6523,516.3555,0
3116.992,422,61.28205,4352,3,5.347656,204.7734,181.543,515.4648,0
3116.992,422,57.03325,4352,6,5.347656,204.7734,179.8984,517.1094,0
3116.992,422,60.0,4352,3,5.355469,204.7656,182.0859,514.9219,0
3116.992,422,60.51282,4352,6,5.355469,204.7734,180.4844,516.5156,0
3116.992,422,60.5598,4352,7,5.355469,204.7734,188.6289,508.3711,0
3116.992,422,59.54198,4352,9,5.355469,204.7734,186.3047,510.6953,0
3116.992,422,62.40409,4352,4,5.355469,204.7734,184.2383,512.7617,0
3116.992,422,62.12121,4352,3,5.355469,204.7734,183.3633,513.6367,0
3116.992,422,60.25316,4352,5,5.355469,204.7734,182.6797,514.3203,0
3116.992,422,62.5,4352,7,5.355469,204.7734,181.75,515.25,0
3116.992,422,64.05063,4352,10,5.355469,204.7734,180.8477,516.1523,0
3116.992,422,63.5,4352,5,5.355469,204.7734,180.9297,516.0703,0
3116.992,422,61.15288,4320,10,5.355469,204.7734,180.7617,516.2383,0
3116.992,422,65.23929,4320,12,5.355469,204.7734,179.5938,517.4062,0
3116.992,423,64.57286,4320,10,5.355469,204.7734,179.3672,517.6328,0
3116.992,423,61.84539,4320,6,5.355469,204.7734,177.7656,519.2344,0
3116.992,423,61.61369,4320,4,5.355469,204.7734,176.8711,520.1289,0
3116.992,423,60.09852,4320,12,5.355469,204.7734,180.9922,516.0078,0
3116.992,423,51.34474,4320,14,5.355469,204.7734,180.6133,516.3867,0
3116.992,423,51.25,4320,7,5.355469,204.7734,184.9453,512.0547,0
3116.992,423,58.86889,4320,13,5.355469,204.7734,184.2461,512.7539,0
3116.992,423,62.2739,4320,13,5.355469,204.7734,182.1406,514.8594,0
3116.992,423,60.25641,4320,8,5.355469,204.7734,180.2266,516.7734,0
3116.992,423,61.49871,4320,8,5.355469,204.7734,179.5703,517.4297,0
3116.992,423,60.77922,4320,6,5.355469,204.7734,177.4648,519.5352,0
3116.992,423,60.73298,4320,7,5.355469,204.7734,177.7109,519.2891,0
3116.992,423,61.03896,4320,5,5.355469,204.7734,181.4102,515.5898,0
3116.992,423,61.12532,4320,12,5.355469,204.7734,180.2891,516.7109,0
3116.992,423,62.17617,4320,9,5.355469,204.7734,179.7969,517.2031,0
3116.992,423,60.25641,4320,4,5.355469,204.7734,183.0312,513.9688,0
3116.992,423,59.23077,4320,4,5.355469,204.7734,181.8828,515.1172,0
3116.992,423,59.53608,4320,8,5.355469,204.7734,180.7344,516.2656,0
3116.992,423,60.62176,4320,12,5.363281,204.7656,178.875,518.125,0
3116.992,423,57.50636,4320,7,5.363281,204.7734,177.9766,519.0156,0
3116.992,423,60.45918,4320,10,5.363281,204.7734,177.0625,519.9297,0
3116.992,423,60.72351,4320,13,5.363281,204.7734,180.7773,516.2148,0
3116.992,423,60.30534,4320,5,5.363281,204.7734,178.6797,518.3125,0
3116.992,423,61.79487,4320,3,5.363281,204.7734,179.0078,517.9844,0
3116.992,423,61.63683,4320,4,5.363281,204.7734,182.0273,514.9648,0
3116.992,424,60.25316,4320,8,5.363281,204.7734,187.1992,509.793,0
3117.996,424,62.62626,4320,4,5.363281,204.7734,184.1211,512.8711,0
3117.996,424,61.26582,4320,6,5.363281,204.7734,181.7695,515.2227,0
3116.992,424,60.5,4320,6,5.363281,204.7734,179.8867,517.1055,0
3116.992,424,58.35411,4320,5,5.363281,204.7734,179.4766,517.5156,0
3116.992,424,61.15288,4320,5,5.363281,204.7734,182.5195,514.4727,0
3116.992,424,58.54271,4352,10,5.363281,204.7734,185.4805,511.5117,0
3116.992,424,57.38916,4352,4,5.363281,204.7734,183.8789,513.1133,0
3116.992,424,55.6391,4352,12,5.363281,204.7734,181.4492,515.543,0
3116.992,424,49.87952,4352,12,5.363281,204.7734,180.8438,516.1484,0
3116.992,424,52.10918,4352,8,5.363281,204.7734,179.918,517.0742,0
3116.992,424,58.91473,4352,9,5.363281,204.7734,179.293,517.6992,0
3116.992,424,58.29016,4320,5,5.363281,204.7734,183.3828,513.6094,0
3116.992,424,60.92545,4320,5,5.363281,204.7734,181.0039,515.9883,0
3116.992,424,63.11688,4320,6,5.363281,204.7734,180.3477,516.6445,0
3116.992,424,59.22078,4320,7,5.363281,204.7734,178.4883,518.5039,0
3116.992,424,61.1399,4320,9,5.363281,204.7734,177.6133,519.3789,0
3116.992,424,61.53846,4320,5,5.363281,204.7734,176.957,520.0352,0
3116.992,424,62.6943,4320,6,5.363281,204.7734,180.8906,516.1016,0
3116.992,424,58.86889,4320,7,5.363281,204.7734,178.043,518.9492,0
3116.992,424,61.43959,4320,4,5.363281,204.7734,176.9023,520.0898,0
3116.992,424,59.58549,4352,4,5.363281,204.7734,181.1094,515.8828,0
3116.992,424,59.68992,4352,12,5.363281,204.7734,184.8828,512.1094,0
3116.992,424,63.42711,4352,14,5.363281,204.7734,183.5078,513.4844,0
3116.992,424,59.18367,4352,5,5.363281,204.7734,182.7656,514.2266,0
3116.992,424,57.90816,4352,5,5.363281,204.7734,186.293,510.6992,0
3116.992,424,57.1066,4352,5,5.363281,204.7734,185.1758,511.8164,0
3116.992,424,62.2449,4352,3,5.363281,204.7734,183.3281,513.6641,0
3116.992,424,63.70558,4352,4,5.363281,204.7734,186.5,510.4922,0
3116.992,425,61.53846,4352,5,5.363281,204.7734,184.1758,512.8164,0
3116.992,425,58.77863,4352,9,5.363281,204.7734,182.0547,514.9375,0
3116.992,425,60.20151,4352,10,5.363281,204.7734,181.1797,515.8125,0
3116.992,425,61.30653,4352,5,5.363281,204.7734,179.2656,517.7266,0
3116.992,425,59.19395,4352,9,5.371094,204.7656,178.1172,518.875,0
3116.992,425,62.0603,4352,6,5.371094,204.7734,181.8125,515.1719,0
3116.992,425,61.19403,4352,10,5.371094,204.7734,180.1914,516.793,0
3116.992,425,64.41103,4352,8,5.371094,204.7734,178.7734,518.2109,0
3116.992,425,57.89474,4352,13,5.371094,204.7734,178.8555,518.1289,0
3116.992,425,56.01966,4352,10,5.371094,204.7734,178.1992,518.7852,0
3116.992,425,52.33415,4352,11,5.371094,204.7734,182.7656,514.2188,0
3116.992,425,49.00498,4352,10,5.371094,204.7734,181.1797,515.8047,0
3116.992,425,55.35714,4352,8,5.371094,204.7734,180.4961,516.4883,0
3116.992,425,63.70757,4352,8,5.371094,204.7734,179.6211,517.3633,0
3116.992,425,61.03896,4352,5,5.371094,204.7734,178.0078,518.9766,0
3116.992,425,58.31202,4352,8,5.371094,204.7734,177.1328,519.8516,0
3116.992,425,62.0155,4352,12,5.371094,204.7734,176.2578,520.7266,0
3116.992,425,61.65803,4352,10,5.371094,204.7734,176.2773,520.707,0
3116.992,425,59.53003,4352,6,5.371094,204.7734,179.0781,517.9062,0
3116.992,425,62.05128,4352,6,5.371094,204.7734,181.3281,515.6562,0
3116.992,425,58.59375,4352,7,5.378906,204.7656,179.7188,517.2656,0
3116.992,425,61.34021,4352,8,5.378906,204.7734,185.4883,511.4883,0
3116.992,425,54.45026,4352,15,5.378906,204.7734,183.6328,513.3438,0
3116.992,425,60.71429,4352,11,5.378906,204.7734,182.1836,514.793,0
3116.992,425,60.4712,4352,6,5.378906,204.7734,185.3516,511.625,0
3116.992,425,59.39086,4352,12,5.378906,204.7734,184.0078,512.9688,0
3116.992,425,60.6599,4352,14,5.378906,204.7734,182.8594,514.1172,0
3116.992,425,60.20408,4352,12,5.378906,204.7734,181.5195,515.457,0
3116.992,425,59.74359,4352,10,5.378906,204.7734,184.9102,512.0664,0
3116.992,425,61.30653,4352,7,5.378906,204.7734,184.0078,512.9688,0
3116.992,425,60.81425,4352,8,5.378906,204.7734,183.3242,513.6523,0
3116.992,425,60.60606,4352,8,5.378906,204.7734,181.6836,515.293,0
3116.992,425,62.21662,4320,7,5.378906,204.7734,180.3164,516.6602,0
3116.992,425,60.25316,4320,5,5.378906,204.7734,179.6328,517.3438,0
3116.992,425,60.80402,4320,9,5.378906,204.7734,178.7578,518.2188,0
3116.992,425,60.5985,4320,8,5.378906,204.7734,179.0039,517.9727,0
3116.992,425,60.95718,4320,12,5.378906,204.7734,178.6484,518.3281,0
3116.992,425,60.60606,4320,9,5.386719,204.7734,177.9648,519.0039,0
3116.992,425,59.55335,4320,7,5.386719,204.7734,179.4023,517.5664,0
3116.992,425,51.75,4320,8,5.386719,204.7734,183.1758,513.793,0
3116.992,425,52.83951,4320,9,5.386719,204.7734,184.75,512.2188,0
3116.992,425,48.3871,4320,8,5.386719,204.7734,183.6406,513.3281,0
3116.992,425,54.92228,4320,11,5.386719,204.7734,182.9844,513.9844,0
3116.992,425,58.74674,4320,7,5.386719,204.7734,181.8633,515.1055,0
3116.992,425,57.58355,4320,9,5.386719,204.7734,180.9883,515.9805,0
3116.992,425,60.77922,4320,3,5.386719,204.7734,184.168,512.8008,0
3116.992,425,58.91473,4320,3,5.394531,204.7734,182.2812,514.6797,0
3116.992,425,59.59079,4320,7,5.394531,204.7734,179.9297,517.0312,0
3116.992,425,60.57441,4320,7,5.394531,204.7734,182.9219,514.0391,0
3116.992,425,58.80829,4320,5,5.394531,204.7734,186.1758,510.7852,0
3116.992,425,60.30928,4320,3,5.394531,204.7734,185.0273,511.9336,0
3116.992,425,59.59079,4320,6,5.394531,204.7734,184.3555,512.6055,0
3116.992,425,60.61381,4320,11,5.394531,204.7734,183.0,513.9609,0
3116.992,425,58.54922,4352,6,5.394531,204.7734,182.3438,514.6172,0
3116.992,425,60.0,4352,4,5.394531,204.7734,185.3164,511.6445,0
3116.992,425,62.69036,4352,9,5.394531,204.7734,183.2383,513.7227,0
3116.992,425,59.09091,4352,7,5.394531,204.7734,181.1328,515.8281,0
3116.992,425,58.41837,4352,4,5.394531,204.7734,180.207,516.7539,0
3116.992,425,58.52417,4352,8,5.394531,204.7734,179.1133,517.8477,0
3116.992,425,61.42132,4352,10,5.394531,204.7734,179.4336,517.5273,0
3116.992,425,60.86957,4352,8,5.394531,204.7734,182.8516,514.1094,0
3116.992,425,56.03015,4352,9,5.394531,204.7734,181.5625,515.3984,0
3116.992,425,62.84987,4352,3,5.410156,204.7578,180.3086,516.6523,0
3116.992,425,62.05128,4352,5,5.410156,204.7734,179.4414,517.5039,0
3116.992,425,59.94962,4352,4,5.410156,204.7734,178.0742,518.8711,0
3116.992,425,65.73604,4352,6,5.410156,204.7734,178.1016,518.8438,0
3116.992,425,60.05025,4352,3,5.410156,204.7734,183.5781,513.3672,0
3116.992,425,60.90226,4352,5,5.410156,204.7734,181.5273,515.418,0
3116.992,425,59.19395,4352,3,5.410156,204.7734,181.0898,515.8555,0
3116.992,425,58.12808,4352,11,5.410156,204.7734,181.6602,515.2852,0
3116.992,425,54.34243,4352,3,5.410156,204.7734,183.6836,513.2617,0
3116.992,425,51.23153,4352,10,5.410156,204.7734,182.3438,514.6016,0
3116.992,425,56.03015,4352,6,5.410156,204.7734,181.6875,515.2578,0
3116.992,425,58.39793,4352,3,5.417969,204.7734,180.8125,516.125,0
3116.992,424,62.08651,4352,5,5.417969,204.7734,184.2539,512.6836,0
3116.992,424,60.9375,4352,4,5.417969,204.7734,183.3789,513.5586,0
3116.992,424,61.75711,4352,8,5.417969,204.7734,186.082,510.8555,0
3116.992,424,60.15424,4352,6,5.417969,204.7734,184.4961,512.4414,0
3116.992,424,57.92208,4352,7,5.417969,204.7734,182.8828,514.0547,0
3116.992,424,58.31202,4352,8,5.425781,204.7734,180.5742,516.3555,0
3116.992,424,63.91753,4352,6,5.425781,204.7734,179.4297,517.5,0
3116.992,424,61.34021,4352,6,5.425781,204.7734,182.4336,514.4961,0
3116.992,424,61.97917,4352,8,5.425781,204.7734,181.0977,515.832,0
3116.992,424,61.02564,4352,7,5.425781,204.7734,185.4805,511.4492,0
3116.992,424,62.69036,4352,4,5.425781,204.7734,182.4023,514.5273,0
3116.992,424,62.8866,4352,5,5.425781,204.7734,180.8438,516.0859,0
3116.992,424,60.92545,4352,3,5.425781,204.7734,179.668,517.2617,0
3116.992,424,60.5598,4352,11,5.425781,204.7734,182.2734,514.6562,0
3116.992,424,59.23077,4352,4,5.425781,204.7734,186.3125,510.6172,0
3116.992,424,62.94416,4352,10,5.425781,204.7734,184.6992,512.2305,0
3116.992,424,60.25316,4352,4,5.425781,204.7734,182.8711,514.0586,0
3116.992,424,57.69231,4352,5,5.425781,204.7734,181.5039,515.4258,0
3116.992,424,58.33333,4352,4,5.425781,204.7734,180.8203,516.1094,0
3116.992,424,57.82828,4352,11,5.425781,204.7734,180.1641,516.7656,0
3116.992,424,60.65163,4352,6,5.425781,204.7734,179.7617,517.168,0
3116.992,424,63.35878,4352,9,5.425781,204.7734,181.9961,514.9336,0
3116.992,425,61.0,4352,10,5.425781,204.7734,182.0547,514.875,0
3116.992,425,59.55335,4352,5,5.425781,204.7734,185.5586,511.3711,0
3116.992,425,59.64912,4320,9,5.425781,204.7734,181.4961,515.4336,0
3116.992,425,61.7284,4320,7,5.425781,204.7734,184.0234,512.9062,0
3116.992,425,58.14536,4320,14,5.425781,204.7734,182.9023,514.0273,0
3116.992,425,47.16049,4320,12,5.425781,204.7734,186.0,510.9297,0
3116.992,425,48.25,4320,16,5.425781,204.7734,184.1562,512.7734,0
3116.992,425,55.29716,4320,12,5.425781,204.7734,182.3242,514.6055,0
3116.992,425,58.46154,4320,5,5.425781,204.7734,181.4492,515.4805,0
3116.992,425,63.58974,4320,10,5.425781,204.7734,180.082,516.8477,0
3116.992,425,62.23958,4320,3,5.425781,204.7734,183.3398,513.5898,0
3116.992,425,59.94832,4320,5,5.425781,204.7734,182.043,514.8867,0
3116.992,425,60.10499,4320,8,5.425781,204.7734,181.1211,515.8086,0
3116.992,425,61.2987,4320,5,5.425781,204.7734,180.4648,516.4648,0
3116.992,425,60.9375,4320,6,5.425781,204.7734,179.2891,517.6406,0
3116.992,425,61.63683,4320,5,5.425781,204.7734,179.5859,517.3438,0
3116.992,425,62.43655,4320,6,5.425781,204.7734,181.6055,515.3242,0
3116.992,425,59.74026,4320,8,5.425781,204.7734,180.9492,515.9805,0
3116.992,425,56.55527,4320,15,5.425781,204.7734,178.5664,518.3633,0
3116.992,425,62.72494,4320,10,5.425781,204.7734,177.7539,519.1758,0
3116.992,425,61.92893,4320,14,5.425781,204.7734,177.6484,519.2812,0
3116.992,425,59.84655,4320,7,5.425781,204.7734,177.9805,518.9492,0
3116.992,425,59.28753,4320,7,5.425781,204.7734,181.6758,515.2539,0
3116.992,425,62.02532,4320,11,5.425781,204.7734,179.625,517.3047,0
3116.992,425,60.20672,4320,5,5.425781,204.7734,178.707,518.2227,0
3116.992,425,62.37374,4320,7,5.425781,204.7734,178.0547,518.875,0
3116.992,425,60.96939,4320,11,5.425781,204.7734,177.3438,519.5859,0
3116.992,424,61.61616,4320,7,5.425781,204.7734,181.8125,515.1172,0
3116.992,424,59.79644,4320,7,5.425781,204.7734,180.0078,516.9219,0
3116.992,424,59.59596,4320,9,5.425781,204.7734,178.832,518.0977,0
3116.992,424,61.25,4320,12,5.425781,204.7734,182.0742,514.8555,0
3116.992,424,57.35661,4320,5,5.425781,204.7734,180.9258,516.0039,0
3116.992,424,60.75949,4320,7,5.425781,204.7734,184.4141,512.5156,0
3116.992,424,59.90099,4320,6,5.425781,204.7734,182.8047,514.125,0
3116.992,424,56.54321,4320,12,5.425781,204.7734,180.9727,515.957,0
3116.992,424,54.27873,4320,12,5.425781,204.7734,184.2188,512.7109,0
3116.992,424,47.43276,4320,9,5.425781,204.7734,182.8359,514.0938,0
3116.992,424,56.85279,4320,6,5.425781,204.7734,181.4414,515.4883,0
3116.992,424,60.31746,4320,6,5.425781,204.7734,179.8555,517.0742,0
3116.992,424,60.05222,4320,10,5.425781,204.7734,184.0469,512.8828,0
3116.992,424,60.46512,4320,6,5.425781,204.7734,182.6289,514.3008,0
3116.992,424,62.23958,4320,9,5.425781,204.7734,184.2773,512.6523,0
3116.992,424,61.71875,4320,11,5.425781,204.7734,182.9141,514.0156,0
3116.992,424,62.2108,4320,7,5.433594,204.7734,182.2656,514.6562,0
3116.992,424,59.06736,4320,10,5.433594,204.7734,180.6875,516.2344,0
3116.992,424,58.76289,4320,8,5.433594,204.7734,179.3203,517.6016,0
3116.992,424,59.79381,4320,10,5.433594,204.7734,177.4609,519.4609,0
3116.992,424,60.05222,4320,11,5.433594,204.7734,176.5586,520.3633,0
3116.992,424,59.84848,4320,14,5.433594,204.7734,183.043,513.8789,0
3116.992,424,61.16751,4320,9,5.433594,204.7734,180.9922,515.9297,0
3116.992,424,63.42711,4320,14,5.433594,204.7734,180.3125,516.6094,0
3116.992,424,61.63683,4320,11,5.433594,204.7734,179.4336,517.4883,0
3116.992,424,63.97985,4320,9,5.433594,204.7734,178.0703,518.8516,0
3116.992,424,60.0,4320,10,5.433594,204.7734,176.7422,520.1797,0
3116.992,424,59.44584,4320,10,5.433594,204.7734,174.8828,522.0391,0
3116.992,424,62.18274,4320,14,5.433594,204.7734,178.4219,518.5,0
3116.992,424,57.54476,4320,7,5.433594,204.7734,181.0391,515.8828,0
3116.992,424,59.54774,4320,10,5.433594,204.7734,180.1641,516.7578,0
3116.992,424,62.21662,4320,10,5.433594,204.7734,179.5391,517.3828,0
3116.992,424,62.14834,4320,4,5.433594,204.7734,178.6602,518.2617,0
3116.992,424,64.07035,4320,13,5.433594,204.7734,176.8398,520.082,0
3116.992,424,60.44776,4320,8,5.433594,204.7734,181.0117,515.9102,0
3116.992,424,60.84788,4320,10,5.433594,204.7734,181.1367,515.7852,0
3116.992,424,58.79397,4320,12,5.433594,204.7734,180.0156,516.9062,0
3116.992,424,55.33499,4320,9,5.433594,204.7734,180.7422,516.1797,0
3116.992,424,51.37157,4320,8,5.433594,204.7734,179.6328,517.2891,0
3116.992,424,50.0,4352,8,5.433594,204.7734,178.4883,518.4336,0
3116.992,424,56.4557,4352,11,5.433594,204.7734,178.2695,518.6523,0
3116.992,424,59.53608,4320,8,5.433594,204.7734,177.0938,519.8281,0
3116.992,424,58.90052,4320,8,5.433594,204.7734,181.0312,515.8906,0
3116.992,424,60.56701,4352,11,5.441406,204.7734,184.1406,512.7734,0
3116.992,424,60.89239,4352,9,5.441406,204.7734,182.3125,514.6016,0
3116.992,424,59.27835,4352,9,5.441406,204.7734,184.9922,511.9219,0
3116.992,424,60.0,4352,8,5.441406,204.7734,184.0938,512.8203,0
3116.992,424,58.18182,4352,7,5.441406,204.7734,183.1914,513.7227,0
3116.992,424,62.12121,4352,8,5.441406,204.7734,181.6055,515.3086,0
3116.992,424,62.46787,4352,7,5.441406,204.7734,180.457,516.457,0
3116.992,424,59.6401,4352,5,5.441406,204.7734,179.5273,517.3867,0
3116.992,424,57.44125,4352,4,5.441406,204.7734,178.1602,518.7539,0
3116.992,424,62.18274,4352,4,5.441406,204.7734,186.2539,510.6602,0
3116.992,424,60.36269,4352,3,5.441406,204.7734,183.875,513.0391,0
3116.992,424,62.40409,4352,12,5.441406,204.7734,182.9844,513.9297,0
3116.992,424,58.67347,4352,8,5.441406,204.7734,181.8633,515.0508,0
3116.992,424,60.6599,4352,5,5.441406,204.7734,180.6875,516.2266,0
3116.992,424,60.15424,4352,3,5.441406,204.7734,180.0508,516.8633,0
3116.992,424,58.41837,4352,8,5.441406,204.7734,183.8555,513.0586,0
3116.992,424,58.05627,4352,7,5.457031,204.7734,182.6328,514.2656,0
3116.992,424,62.0603,4352,3,5.457031,204.7734,181.25,515.6484,0
3116.992,424,59.84848,4352,4,5.457031,204.7734,180.1562,516.7422,0
3116.992,424,61.67513,4352,9,5.457031,204.7734,180.7344,516.1641,0
3116.992,424,60.75,4352,4,5.457031,204.7734,178.6289,518.2695,0
3116.992,424,64.1604,4352,3,5.457031,204.7734,178.0,518.8984,0
3116.992,424,59.59596,4352,3,5.457031,204.7734,177.5938,519.3047,0
3116.992,424,60.34913,4352,3,5.457031,204.7734,182.5859,514.3125,0
3116.992,424,56.82382,4352,3,5.457031,204.7734,181.0078,515.8906,0
3116.992,424,54.65686,4352,5,5.457031,204.7734,179.9102,516.9883,0
3116.992,424,49.87531,4352,3,5.457031,204.7734,178.5898,518.3086,0
3116.992,424,53.67089,4352,8,5.457031,204.7734,178.1523,518.7461,0
3116.992,424,58.86889,4352,10,5.457031,204.7734,185.7852,511.1133,0
3116.992,424,61.1399,4352,4,5.457031,204.7734,184.1992,512.6992,0
3116.992,424,59.17313,4352,9,5.457031,204.7734,182.832,514.0664,0
3116.992,424,62.14099,4352,6,5.457031,204.7734,181.6836,515.2148,0
3116.992,424,61.25654,4320,7,5.457031,204.7734,180.5352,516.3633,0
3116.992,424,59.58549,4320,8,5.464844,204.7734,179.4258,517.4648,0
3116.992,424,62.14099,4320,4,5.464844,204.7734,178.5234,518.3672,0
3116.992,424,60.71429,4320,5,5.464844,204.7734,182.5547,514.3359,0
3116.992,424,62.0155,4320,6,5.464844,204.7734,181.5742,515.3164,0
3116.992,424,60.57441,4320,3,5.464844,204.7734,180.0391,516.8516,0
3116.992,424,59.23077,4320,5,5.464844,204.7734,179.1367,517.7539,0
3116.992,424,59.48718,4320,8,5.464844,204.7734,181.3867,515.5039,0
3116.992,424,61.61616,4320,10,5.464844,204.7734,182.3906,514.5,0
3116.992,424,64.03061,4320,3,5.464844,204.7734,180.4023,516.4883,0
3116.992,424,62.05128,4320,3,5.464844,204.7734,184.1094,512.7812,0
3116.992,424,58.62944,4320,5,5.464844,204.7734,184.1602,512.7305,0
3116.992,424,59.49367,4320,7,5.464844,204.7734,186.5156,510.375,0
3116.992,424,61.22449,4320,5,5.464844,204.7734,184.6875,512.2031,0
3116.992,424,61.61616,4320,3,5.464844,204.7734,183.8125,513.0781,0
3116.992,424,59.94898,4320,5,5.464844,204.7734,183.1289,513.7617,0
3116.992,424,58.54271,4320,7,5.472656,204.7734,182.4453,514.4375,0
3116.992,424,62.12121,4320,6,5.472656,204.7734,181.3242,515.5586,0
3116.992,424,60.90226,4320,6,5.472656,204.7734,179.7383,517.1445,0
3116.992,424,58.48101,4320,3,5.472656,204.7734,178.3438,518.5391,0
3116.992,424,61.09726,4320,9,5.472656,204.7734,178.3672,518.5156,0
3116.992,425,61.88119,4320,14,5.472656,204.7734,176.7852,520.0977,0
3116.992,425,57.10723,4320,8,5.472656,204.7734,176.2734,520.6094,0
3116.992,425,58.12808,4320,6,5.472656,204.7734,175.4258,521.457,0
3116.992,425,53.29949,4320,5,5.472656,204.7734,179.207,517.6758,0
3116.992,425,45.9596,4320,10,5.472656,204.7734,183.1211,513.7617,0
3116.992,425,54.26357,4320,7,5.472656,204.7734,182.6641,514.2188,0
3116.992,425,63.44648,4320,4,5.480469,204.7656,185.5664,511.3164,0
3116.992,425,65.89147,4320,6,5.480469,204.7734,183.9531,512.9219,0
3116.992,425,61.09661,4320,11,5.480469,204.7734,183.0508,513.8242,0
3116.992,425,60.98191,4320,6,5.480469,204.7734,182.1211,514.7539,0
3116.992,425,60.56701,4320,7,5.480469,204.7734,181.4492,515.4258,0
3116.992,425,59.17313,4320,10,5.480469,204.7734,180.3281,516.5469,0
3116.992,425,61.65803,4320,5,5.480469,204.7734,178.9375,517.9375,0
3116.992,425,60.20672,4320,4,5.480469,204.7734,182.2344,514.6406,0
3116.992,425,59.58549,4320,8,5.480469,204.7734,180.8672,516.0078,0
3116.992,425,60.35806,4320,11,5.480469,204.7734,179.9102,516.9648,0
3116.992,425,59.59079,4320,11,5.480469,204.7734,178.8164,518.0586,0
3116.992,425,58.20513,4320,7,5.480469,204.7734,178.3789,518.4961,0
3116.992,425,61.43959,4320,7,5.480469,204.7734,177.7227,519.1523,0
3116.992,425,57.14286,4320,13,5.480469,204.7734,182.6133,514.2617,0
3117.008,425,63.14433,4320,7,5.480469,204.7734,181.3125,515.5625,0
3116.992,425,58.16327,4320,5,5.480469,204.7734,178.7305,518.1445,0
3116.992,425,61.32316,4320,7,5.480469,204.7734,181.8711,515.0039,0
3116.992,425,58.52417,4320,15,5.480469,204.7734,180.7344,516.1406,0
3116.992,425,60.0,4320,5,5.480469,204.7734,187.6172,509.2578,0
3116.992,425,60.20151,4352,9,5.480469,204.7734,185.7578,511.1172,0
3116.992,425,62.21662,4352,4,5.480469,204.7734,184.8555,512.0195,0
3116.992,425,59.59596,4352,7,5.480469,204.7734,183.6641,513.2109,0
3116.992,425,59.09091,4352,10,5.480469,204.7734,182.2969,514.5781,0
3116.992,425,62.87879,4352,6,5.480469,204.7734,181.3164,515.5586,0
3116.992,425,62.0,4352,14,5.480469,204.7734,180.8789,515.9961,0
3116.992,425,59.60591,4352,10,5.480469,204.7734,185.2969,511.5781,0
3116.992,425,56.2963,4352,4,5.480469,204.7734,182.5117,514.3633,0
3116.992,425,51.12219,4352,7,5.480469,204.7734,181.1719,515.7031,0
3116.992,425,51.35802,4352,9,5.480469,204.7734,179.9961,516.8789,0
3116.992,424,53.45269,4352,9,5.480469,204.7734,176.9062,519.9688,0
3116.992,424,60.10363,4352,8,5.480469,204.7734,183.9688,512.9062,0
3116.992,424,58.7013,4352,12,5.480469,204.7734,181.918,514.957,0
3116.992,424,59.79381,4352,4,5.480469,204.7734,182.7656,514.1094,0
3116.992,424,58.31202,4352,8,5.480469,204.7734,180.1445,516.7305,0
3116.992,424,55.95855,4352,6,5.480469,204.7734,184.0352,512.8398,0
3116.992,424,60.15424,4352,5,5.480469,204.7734,182.6523,514.2227,0
3116.992,424,61.49871,4352,8,5.480469,204.7734,181.3125,515.5625,0
3116.992,424,58.76289,4320,9,5.488281,204.7734,179.9453,516.9219,0
3116.992,424,61.12532,4320,10,5.488281,204.7734,182.8477,514.0195,0
3116.992,424,61.1399,4320,11,5.488281,204.7734,181.4258,515.4414,0
3116.992,424,65.05102,4320,8,5.488281,204.7734,180.0312,516.8359,0
3116.992,424,62.46787,4320,6,5.488281,204.7734,178.3672,518.5,0
3116.992,424,58.01527,4320,8,5.488281,204.7734,177.2578,519.6094,0
3116.992,424,62.02532,4320,7,5.488281,204.7734,176.3828,520.4844,0
3116.992,424,58.39793,4320,7,5.488281,204.7734,175.5078,521.3594,0
3116.992,424,60.45918,4320,12,5.488281,204.7734,182.3672,514.5,0
3116.992,424,62.46787,4320,8,5.488281,204.7734,180.9766,515.8906,0
3116.992,423,60.10101,4320,6,5.488281,204.7734,180.2656,516.6016,0
3116.992,423,63.35878,4320,9,5.488281,204.7734,179.3906,517.4766,0
3116.992,423,60.50633,4352,11,5.488281,204.7734,179.1719,517.6953,0
3116.992,423,61.63683,4352,9,5.488281,204.7734,178.9531,517.9141,0
3116.992,423,64.32161,4352,7,5.488281,204.7734,178.5156,518.3516,0
3116.992,423,62.18274,4352,7,5.488281,204.7734,177.3711,519.4961,0
3116.992,423,60.90226,4352,11,5.488281,204.7734,176.7148,520.1523,0
3116.992,423,58.83838,4352,10,5.488281,204.7734,174.8828,521.9844,0
3116.992,423,58.5,4352,11,5.488281,204.8438,174.7188,522.0781,0
3116.992,423,60.29412,4352,13,5.488281,204.918,178.7344,517.9883,0
3116.992,423,51.73267,4352,7,5.488281,204.918,182.3984,514.3242,0
3116.992,423,50.61125,4352,13,5.488281,204.918,186.332,510.3906,0
3116.992,423,50.12788,4352,17,5.496094,204.9141,184.9648,511.7539,0
3116.992,423,60.46512,4352,7,5.496094,204.918,183.1172,513.5977,0
3116.992,423,60.05222,4352,8,5.496094,204.918,182.6523,514.0625,0
3116.992,423,64.50777,4352,11,5.496094,204.918,181.5312,515.1836,0
3116.992,423,62.07792,4352,13,5.496094,204.918,180.6016,516.1133,0
3116.992,423,63.21244,4352,8,5.496094,204.918,179.2344,517.4805,0
3116.992,423,62.5,4352,8,5.496094,204.918,179.2109,517.5039,0
3116.992,423,59.18367,4352,9,5.496094,204.918,177.8672,518.8477,0
3116.992,423,56.4433,4352,7,5.496094,204.918,176.75,519.9648,0
3116.992,423,62.07792,4352,11,5.496094,204.918,180.7422,515.9727,0
3116.992,423,61.28205,4352,10,5.496094,204.918,178.6367,518.0781,0
3116.992,423,61.08247,4352,7,5.496094,204.918,182.5898,514.125,0
3116.992,423,59.54198,4352,11,5.496094,204.918,181.7227,514.9922,0
3116.992,423,57.53769,4352,6,5.496094,204.918,180.7695,515.9453,0
3116.992,423,60.75949,4352,8,5.496094,204.918,183.8281,512.8867,0
3116.992,423,61.51899,4352,7,5.496094,204.918,182.9297,513.7852,0
3116.992,423,57.289,4352,8,5.496094,204.918,181.3438,515.3711,0
3116.992,423,59.13706,4352,8,5.496094,204.918,179.4844,517.2305,0
3116.992,423,60.30534,4352,11,5.496094,204.918,177.7695,518.9453,0
3116.992,422,62.2449,4352,12,5.496094,204.918,180.9922,515.7227,0
3116.992,422,58.98734,4352,6,5.496094,204.918,183.5625,513.1523,0
3116.992,422,58.29146,4352,9,5.503906,204.9102,182.1953,514.5195,0
3116.992,422,61.30653,4352,8,5.503906,204.918,180.0898,516.6172,0
3117.008,422,61.57761,4352,4,5.503906,204.918,179.6523,517.0547,0
3116.992,422,62.87879,4352,9,5.503906,204.918,180.168,516.5391,0
3116.992,422,64.66165,4352,4,5.503906,204.918,184.1562,512.5508,0
3116.992,422,58.52417,4352,3,5.503906,204.918,182.2617,514.4453,0
3116.992,422,60.4534,4352,3,5.503906,204.918,180.1641,516.543,0
3116.992,422,59.29648,4352,3,5.503906,204.918,178.0898,518.6172,0
3116.992,422,60.40609,4352,4,5.503906,204.918,177.2188,519.4883,0
3116.992,422,57.78894,4320,10,5.503906,204.918,179.6875,517.0195,0
3116.992,422,62.93532,4320,3,5.503906,204.918,177.1445,519.5625,0
3116.992,422,61.01266,4352,4,5.503906,204.918,180.9883,515.7188,0
3116.992,423,61.59601,4352,4,5.503906,204.918,179.8711,516.8359,0
3116.992,423,57.38916,4352,7,5.503906,204.918,178.75,517.957,0
3116.992,423,55.08685,4352,6,5.503906,204.918,176.3984,520.3086,0
3116.992,423,44.97487,4352,5,5.503906,204.918,178.3906,518.3164,0
3116.992,423,51.1509,4352,8,5.503906,204.918,177.2812,519.4258,0
3116.992,423,61.55844,4352,7,5.503906,204.918,181.6641,515.043,0
3116.992,424,60.99476,4352,4,5.503906,204.918,180.582,516.125,0
3116.992,424,56.39687,4352,3,5.503906,204.918,182.9766,513.7305,0
3116.992,424,59.11458,4352,7,5.503906,204.918,182.5391,514.168,0
3116.992,424,59.89717,4352,7,5.503906,204.918,181.3633,515.3438,0
3116.992,424,65.02591,4352,5,5.503906,204.918,179.7734,516.9336,0
3116.992,424,61.49871,4352,4,5.503906,204.918,183.0195,513.6875,0
3116.992,424,60.46512,4352,12,5.503906,204.918,181.8984,514.8086,0
3116.992,424,60.82474,4352,7,5.503906,204.918,180.8047,515.9023,0
3116.992,424,62.85714,4352,16,5.503906,204.918,179.6602,517.0469,0
3116.992,424,60.45918,4320,4,5.503906,204.918,179.0352,517.6719,0
3116.992,424,60.25316,4320,3,5.503906,204.918,176.9297,519.7773,0
3116.992,424,60.72351,4320,9,5.503906,204.918,182.3789,514.3281,0
3116.992,424,60.1023,4320,10,5.503906,204.918,177.4375,519.2695,0
3116.992,424,58.12183,4320,7,5.503906,204.918,182.1211,514.5859,0
3116.992,424,58.22785,4320,4,5.503906,204.918,185.8633,510.8438,0
3116.992,425,61.02564,4320,4,5.503906,204.918,184.5078,512.1992,0
3116.992,425,57.14286,4320,8,5.503906,204.918,181.6367,515.0703,0
3116.992,425,58.94207,4320,4,5.503906,204.918,183.9883,512.7188,0
3116.992,425,63.03797,4320,5,5.503906,204.918,181.6758,515.0312,0
3116.992,425,61.83206,4320,4,5.503906,204.918,180.2812,516.4258,0
3116.992,425,61.92893,4320,4,5.503906,204.918,179.8164,516.8906,0
3116.992,425,61.34663,4320,6,5.503906,204.918,178.4492,518.2578,0
3116.992,425,58.5,4320,8,5.503906,204.918,177.7656,518.9414,0
3116.992,425,62.25,4320,4,5.503906,204.918,181.6719,515.0352,0
3116.992,425,60.75,4320,4,5.503906,204.918,180.3164,516.3906,0
3116.992,425,61.04218,4320,4,5.503906,204.918,178.7344,517.9727,0
3116.992,425,55.60976,4320,8,5.503906,204.918,181.9102,514.7969,0
3116.992,425,49.00498,4320,4,5.503906,204.918,180.8242,515.8828,0
3116.992,425,52.77778,4320,3,5.503906,204.918,179.8945,516.8125,0
3116.992,424,56.21762,4320,4,5.511719,204.9141,183.1289,513.5742,0
3116.992,424,63.28125,4320,10,5.511719,204.918,181.0625,515.6367,0
3116.992,424,59.63542,4320,9,5.511719,204.918,179.6406,517.0586,0
3116.992,424,59.48052,4352,7,5.511719,204.918,178.5469,518.1523,0
3116.992,424,63.44648,4352,4,5.511719,204.918,178.1641,518.5352,0
3116.992,424,58.33333,4352,6,5.511719,204.918,177.2344,519.4648,0
3116.992,424,61.75711,4352,6,5.511719,204.918,177.6211,519.0781,0
3116.992,424,59.68586,4352,6,5.511719,204.918,181.293,515.4062,0
3116.992,424,59.48718,4352,5,5.511719,204.918,180.1484,516.5508,0
3116.992,424,61.65803,4352,9,5.511719,204.918,179.793,516.9062,0
3116.992,424,62.5,4352,7,5.511719,204.918,179.8867,516.8125,0
3116.992,424,61.0687,4352,4,5.511719,204.918,179.7227,516.9766,0
3116.992,424,58.52417,4352,8,5.511719,204.918,178.3555,518.3438,0
3116.992,424,62.94416,4352,7,5.511719,204.918,176.9922,519.707,0
3116.992,424,62.30769,4352,8,5.511719,204.918,174.8359,521.8633,0
3116.992,424,57.98969,4352,9,5.511719,204.918,180.2461,516.4531,0
3116.992,424,58.29146,4352,5,5.511719,204.918,178.8945,517.8047,0
3116.992,424,59.48718,4320,8,5.511719,204.918,181.4102,515.2891,0
3116.992,425,65.40404,4320,11,5.511719,204.918,179.7422,516.957,0
3116.992,425,61.77215,4320,9,5.511719,204.918,178.5977,518.1016,0
3116.992,425,61.16751,4320,4,5.511719,204.918,177.6953,519.0039,0
3116.992,425,60.84788,4320,11,5.511719,204.918,176.8203,519.8789,0
3116.992,425,61.22449,4320,5,5.511719,204.918,181.4492,515.25,0
3116.992,425,60.05025,4320,4,5.511719,204.918,180.5586,516.1406,0
3116.992,425,59.3985,4320,5,5.511719,204.918,179.6836,517.0156,0
3116.992,425,62.40786,4320,7,5.511719,204.918,178.5352,518.1641,0
3116.992,425,57.49386,4320,5,5.511719,204.918,178.125,518.5742,0
3116.992,425,55.88235,4320,10,5.511719,204.918,177.4414,519.2578,0
3116.992,425,56.21891,4320,7,5.519531,204.918,178.1953,518.4961,0
3116.992,425,51.48515,4320,5,5.519531,204.918,181.1992,515.4922,0
3116.992,425,60.9375,4320,4,5.519531,204.918,180.2266,516.4648,0
3116.992,425,60.05222,4320,8,5.519531,204.918,183.7461,512.9453,0
3116.992,425,60.77922,4320,9,5.519531,204.918,181.6445,515.0469,0
3116.992,425,60.73298,4320,5,5.519531,204.918,180.2773,516.4141,0
3116.992,425,62.43523,4320,6,5.519531,204.918,182.7031,513.9883,0
3116.992,425,59.06736,4320,7,5.519531,204.918,186.3594,510.332,0
3116.992,425,64.87179,4320,11,5.519531,204.918,183.8008,512.8906,0
3116.992,425,60.62176,4320,7,5.519531,204.918,182.625,514.0664,0
3116.992,425,58.71795,4320,9,5.519531,204.918,181.9688,514.7227,0
3116.992,425,57.84062,4320,9,5.519531,204.918,181.0938,515.5977,0
3116.992,426,59.94962,4320,9,5.519531,204.918,179.2344,517.457,0
3116.992,426,61.59794,4320,5,5.519531,204.918,178.3594,518.332,0
3116.992,426,58.83838,4352,7,5.519531,204.918,177.7617,518.9297,0
3116.992,426,59.38303,4352,5,5.519531,204.918,176.6133,520.0781,0
3116.992,426,61.1399,4352,6,5.519531,204.918,181.2695,515.4219,0
3116.992,426,56.37755,4352,8,5.519531,204.918,179.4258,517.2656,0
3116.992,426,61.61616,4320,8,5.519531,204.918,184.9492,511.7422,0
3116.992,426,61.57761,4320,5,5.519531,204.918,181.4883,515.2031,0
3116.992,426,56.59898,4320,9,5.519531,204.918,178.4023,518.2891,0
3116.992,425,60.15228,4320,9,5.519531,204.918,176.5156,520.1758,0
3116.992,425,61.16751,4320,11,5.519531,204.918,184.4688,512.2227,0
3116.992,425,58.39599,4320,13,5.519531,204.918,182.8594,513.832,0
3116.992,425,63.77551,4320,8,5.519531,204.918,181.7266,514.9648,0
3116.992,425,63.40852,4320,7,5.519531,204.918,180.793,515.8984,0
3116.992,425,60.40609,4320,7,5.527344,204.9102,183.6289,513.0625,0
3116.992,425,60.94527,4320,10,5.527344,204.918,182.7266,513.957,0
3116.992,425,57.64411,4320,12,5.527344,204.918,181.1133,515.5703,0
3116.992,425,57.80488,4320,11,5.527344,204.918,180.6758,516.0078,0
3116.992,425,52.69608,4320,10,5.527344,204.918,179.9922,516.6914,0
3116.992,425,50.0,4320,10,5.527344,204.918,179.5312,517.1523,0
3116.992,426,60.40609,4320,12,5.527344,204.918,178.4336,518.25,0
3116.992,426,62.34097,4320,12,5.527344,204.918,178.4609,518.2227,0
3116.992,426,63.73057,4320,11,5.527344,204.918,182.7305,513.9531,0
3116.992,426,61.19792,4320,17,5.527344,204.918,185.5859,511.0977,0
3116.992,426,59.84456,4320,9,5.527344,204.918,183.9766,512.707,0
3116.992,426,59.11458,4320,9,5.527344,204.918,182.3906,514.293,0
3116.992,426,59.79381,4320,11,5.527344,204.918,180.0391,516.6445,0
3116.992,426,60.46512,4320,10,5.527344,204.918,184.2266,512.457,0
3116.992,426,64.69072,4320,12,5.535156,204.918,182.6523,514.0234,0
3116.992,426,60.86957,4320,15,5.535156,204.918,180.793,515.8828,0
3116.992,426,63.0491,4320,7,5.535156,204.918,178.9609,517.7148,0
3116.992,426,63.07692,4320,8,5.535156,204.918,178.2773,518.3984,0
3116.992,426,58.26972,4320,8,5.535156,204.918,177.4023,519.2734,0
3116.992,426,61.22449,4352,8,5.535156,204.918,181.6992,514.9766,0
3116.992,426,58.01527,4352,8,5.535156,204.918,183.0312,513.6445,0
3116.992,426,60.20408,4352,7,5.535156,204.918,181.418,515.2578,0
3116.992,426,59.39086,4352,10,5.535156,204.918,179.5078,517.168,0
3116.992,426,62.84987,4352,8,5.535156,204.918,178.582,518.0938,0
3116.992,426,62.08651,4352,8,5.535156,204.918,177.6523,519.0234,0
3116.992,426,59.49367,4352,8,5.535156,204.918,176.7773,519.8984,0
3116.992,426,55.86035,4352,7,5.535156,204.918,177.3359,519.3398,0
3116.992,426,60.35354,4352,17,5.535156,204.918,176.5039,520.1719,0
3116.992,426,63.06533,4352,11,5.535156,204.918,179.7461,516.9297,0
3116.992,426,61.16751,4352,8,5.535156,204.918,178.5703,518.1055,0
3116.992,426,61.40351,4352,9,5.535156,204.918,181.5156,515.1602,0
3116.992,426,58.31266,4352,13,5.535156,204.918,180.3398,516.3359,0
3116.992,426,59.14787,4352,10,5.535156,204.918,179.4492,517.2266,0
3116.992,426,56.32754,4352,8,5.535156,204.918,180.875,515.8008,0
3116.992,426,48.89435,4352,7,5.535156,204.918,179.7539,516.9219,0
3116.992,426,46.34761,4352,7,5.535156,204.918,178.3906,518.2852,0
3116.992,426,52.30769,4352,8,5.535156,204.918,177.0234,519.6523,0
3116.992,426,60.4712,4352,9,5.535156,204.918,180.7188,515.957,0
3116.992,426,61.49871,4352,8,5.535156,204.918,186.2344,510.4414,0
3116.992,426,58.74674,4352,7,5.535156,204.918,184.6484,512.0273,0
3116.992,426,64.35897,4352,10,5.535156,204.918,182.5,514.1758,0
3116.992,426,58.39793,4352,6,5.535156,204.918,181.5977,515.0781,0
3116.992,426,61.47959,4352,3,5.535156,204.918,180.0117,516.6641,0
3116.992,426,64.21053,4352,8,5.535156,204.918,178.8906,517.7852,0
3116.992,426,60.35806,4352,3,5.535156,204.918,178.207,518.4688,0
3116.992,427,60.77922,4352,4,5.535156,204.918,176.1328,520.543,0
3116.992,427,59.6401,4352,4,5.535156,204.918,181.168,515.5078,0
3116.992,427,59.59079,4352,4,5.535156,204.918,178.5703,518.1055,0
3116.992,427,60.61381,4352,3,5.535156,204.918,176.9414,519.7344,0
3116.992,427,60.91371,4320,6,5.535156,204.918,176.4844,520.1914,0
3116.992,427,57.32648,4320,4,5.535156,204.918,175.8516,520.8242,0
3116.992,427,61.69666,4320,6,5.535156,204.918,179.4688,517.207,0
3116.992,427,60.5598,4320,6,5.535156,204.918,183.1719,513.5039,0
3116.992,427,59.07928,4320,8,5.535156,204.918,185.4062,511.2695,0
3116.992,427,57.80051,4320,11,5.535156,204.918,183.7656,512.9102,0
3116.992,427,58.79397,4320,4,5.535156,204.918,180.2188,516.457,0
3116.992,427,60.25316,4320,5,5.535156,204.918,179.3164,517.3594,0
3116.992,427,64.2132,4320,3,5.535156,204.918,178.4141,518.2617,0
3116.992,427,60.30534,4320,5,5.535156,204.918,178.4141,518.2617,0
3116.992,427,60.69652,4320,3,5.535156,204.918,177.5117,519.1641,0
3116.992,427,61.80905,4320,3,5.535156,204.918,179.8359,516.8398,0
3116.992,426,59.74684,4320,6,5.535156,204.918,178.2227,518.4531,0
3116.992,426,60.69652,4320,6,5.535156,204.918,176.8555,519.8203,0
3116.992,426,58.35411,4320,9,5.535156,204.918,175.7344,520.9414,0
3116.992,426,55.06173,4320,5,5.535156,204.918,175.5742,521.1016,0
3117.008,426,48.15725,4320,10,5.535156,204.918,180.0547,516.6211,0
3116.992,426,50.0,4320,5,5.535156,204.918,178.168,518.5078,0
3116.992,426,57.96345,4320,4,5.535156,204.918,178.0039,518.6719,0
3116.992,426,61.16751,4320,5,5.535156,204.918,181.8047,514.8711,0
3116.992,426,63.02083,4320,10,5.535156,204.918,180.6836,515.9922,0
3116.992,426,61.03896,4320,7,5.535156,204.918,179.2891,517.3867,0
3116.992,426,58.74674,4320,8,5.535156,204.918,178.6055,518.0703,0
3116.992,426,58.46154,4320,10,5.535156,204.918,181.8477,514.8281,0
3116.992,426,62.07792,4320,8,5.535156,204.918,184.2891,512.3867,0
3116.992,426,61.45833,4320,8,5.535156,204.918,181.4609,515.2148,0
3116.992,426,62.78481,4320,4,5.535156,204.918,179.1367,517.5391,0
3116.992,426,60.66838,4320,8,5.535156,204.918,177.9609,518.7148,0
3116.992,426,59.48052,4352,5,5.535156,204.918,176.543,520.1328,0
3116.992,426,61.79487,4352,3,5.535156,204.918,179.8125,516.8633,0
3116.992,427,61.18252,4352,5,5.535156,204.918,178.2109,518.4648,0
3116.992,427,58.41837,4352,11,5.535156,204.918,176.3555,520.3203,0
3116.992,427,60.6599,4352,8,5.535156,204.918,179.3555,517.3203,0
3116.992,427,59.89717,4320,14,5.535156,204.918,177.4961,519.1797,0
3116.992,427,61.18252,4320,3,5.535156,204.918,176.4023,520.2734,0
3116.992,427,62.37374,4320,8,5.535156,204.918,176.0195,520.6562,0
3116.992,427,64.39394,4352,3,5.535156,204.918,174.6523,522.0234,0
3116.992,427,63.19797,4352,5,5.542969,204.918,178.0039,518.6641,0
3116.992,427,62.87879,4352,4,5.542969,204.918,175.6406,521.0273,0
3116.992,427,59.34343,4352,12,5.542969,204.918,174.5703,522.0977,0
3116.992,427,59.74684,4352,11,5.542969,204.7227,183.2969,513.5664,0
3116.992,427,62.65664,4352,8,5.542969,204.668,181.2422,515.6758,0
3116.992,427,63.65915,4352,4,5.542969,204.668,184.9922,511.9258,0
3116.992,427,59.09091,4352,5,5.542969,204.668,182.4727,514.4453,0
3116.992,427,60.49383,4352,14,5.542969,204.668,180.832,516.0859,0
3116.992,427,52.1197,4352,5,5.550781,204.668,183.1445,513.7656,0
3116.992,427,51.08959,4352,7,5.550781,204.668,181.9727,514.9375,0
3116.992,427,52.39295,4352,5,5.550781,204.668,180.0859,516.8242,0
3116.992,427,55.81395,4352,5,5.550781,204.668,178.9766,517.9336,0
3116.992,427,61.9171,4352,8,5.550781,204.668,178.5117,518.3984,0
3116.992,427,63.61257,4352,12,5.550781,204.668,182.5977,514.3125,0
3116.992,427,61.9898,4352,7,5.558594,204.668,179.8086,517.0938,0
3116.992,427,59.375,4352,8,5.558594,204.668,179.5781,517.3242,0
3116.992,427,62.33766,4352,6,5.558594,204.668,179.9453,516.957,0
3116.992,427,60.15424,4352,6,5.558594,204.668,181.9883,514.9141,0
3116.992,427,61.1399,4320,10,5.558594,204.668,184.8086,512.0938,0
3116.992,427,61.83206,4320,7,5.558594,204.668,183.6328,513.2695,0
3116.992,427,63.58974,4352,8,5.558594,204.668,182.0742,514.8281,0
3116.992,427,63.30749,4352,5,5.558594,204.668,180.6836,516.2188,0
3116.992,427,63.23907,4352,5,5.558594,204.668,178.4062,518.4961,0
3116.992,427,58.62944,4352,5,5.558594,204.668,177.2422,519.6602,0
3116.992,427,64.03061,4352,7,5.558594,204.668,181.9375,514.9648,0
3116.992,427,62.34097,4352,7,5.558594,204.668,180.3516,516.5508,0
3116.992,427,61.86869,4352,11,5.558594,204.668,179.6992,517.2031,0
3116.992,427,60.45918,4352,6,5.558594,204.668,179.043,517.8594,0
3116.992,427,61.16751,4352,9,5.558594,204.668,177.6211,519.2812,0
3116.992,427,62.15539,4352,5,5.558594,204.668,181.1016,515.8008,0
3116.992,428,59.49367,4352,12,5.558594,204.668,180.2734,516.6289,0
3116.992,428,59.89975,4352,4,5.558594,204.668,179.3828,517.5195,0
3116.992,428,62.69036,4352,9,5.558594,204.668,183.0938,513.8086,0
3116.992,428,61.71285,4352,13,5.558594,204.668,181.5195,515.3828,0
3116.992,428,61.05528,4352,11,5.566406,204.668,178.7031,518.1914,0
3116.992,428,61.16751,4352,12,5.566406,204.668,182.4844,514.4102,0
3116.992,428,59.84848,4352,3,5.566406,204.668,180.4062,516.4883,0
3116.992,428,58.66337,4352,9,5.566406,204.668,179.7227,517.1719,0
3116.992,428,58.85287,4352,10,5.566406,204.668,178.793,518.1016,0
3116.992,428,52.61845,4352,8,5.566406,204.668,177.8906,519.0039,0
3116.992,426,53.08642,4352,9,5.566406,204.668,180.2461,516.6484,0
3116.992,427,53.13283,4352,5,5.566406,204.668,178.8516,518.043,0
3116.992,427,53.57143,4352,9,5.566406,204.668,178.1406,518.7539,0
3116.992,427,60.31332,4352,4,5.566406,204.668,181.168,515.7266,0
3116.992,427,56.99482,4352,7,5.566406,204.668,180.2461,516.6484,0
3116.992,427,60.76923,4352,7,5.566406,204.668,182.3438,514.5508,0
3116.992,427,61.2987,4320,14,5.566406,204.668,180.9766,515.918,0
3116.992,427,60.46512,4288,8,5.566406,204.668,178.6836,518.2109,0
3116.992,427,59.73684,4288,6,5.566406,204.668,177.082,519.8125,0
3116.992,427,60.96939,4288,14,5.566406,204.668,180.1875,516.707,0
3116.992,427,61.9171,4320,6,5.566406,204.668,179.293,517.6016,0
3116.992,427,65.72165,4320,17,5.566406,204.668,178.1758,518.7188,0
3117.008,427,61.08247,4320,8,5.566406,204.668,181.8945,515.0,0
3116.992,427,60.98191,4320,12,5.566406,204.668,179.7891,517.1055,0
3116.992,427,58.97436,4320,10,5.566406,204.668,178.1914,518.7031,0
3116.992,427,61.86869,4320,9,5.566406,204.668,177.5938,519.3008,0
3116.992,427,62.5323,4320,12,5.566406,204.668,181.5625,515.332,0
3116.992,427,60.6599,4320,7,5.566406,204.668,183.6016,513.293,0
3116.992,427,57.65306,4320,13,5.566406,204.668,181.7969,515.0977,0
3116.992,427,60.95718,4320,11,5.566406,204.668,180.6484,516.2461,0
3116.992,427,58.48101,4320,11,5.566406,204.668,179.7734,517.1211,0
3116.992,427,56.4557,4320,11,5.566406,204.668,178.8984,517.9961,0
3116.992,427,59.04523,4320,5,5.566406,204.668,176.8047,520.0898,0
3116.992,427,62.31156,4320,8,5.566406,204.668,184.3398,512.5547,0
3116.992,427,58.43829,4320,9,5.566406,204.668,182.4844,514.4102,0
3116.992,427,61.09726,4320,13,5.566406,204.668,180.4727,516.4219,0
3116.992,427,59.3985,4320,7,5.566406,204.668,179.3828,517.5117,0
3116.992,427,60.30151,4320,16,5.566406,204.668,183.1445,513.75,0
3116.992,427,59.15842,4320,10,5.566406,204.668,181.0547,515.8398,0
3116.992,427,55.06173,4320,8,5.574219,204.6602,180.3711,516.5234,0
3116.992,427,51.97044,4320,11,5.574219,204.668,179.7148,517.1719,0
3116.992,427,48.76238,4320,12,5.574219,204.668,179.0312,517.8555,0
3116.992,427,50.12723,4320,12,5.574219,204.668,177.7188,519.168,0
3116.992,427,59.74026,4320,11,5.574219,204.668,181.9453,514.9414,0
3116.992,427,65.54404,4320,10,5.574219,204.668,181.0703,515.8164,0
3116.992,427,64.58333,4320,6,5.574219,204.668,179.0156,517.8711,0
3116.992,427,59.17313,4320,4,5.574219,204.668,183.7656,513.1211,0
3116.992,427,60.20672,4352,6,5.574219,204.668,182.4102,514.4766,0
3116.992,427,58.71795,4352,4,5.574219,204.668,180.5508,516.3359,0
3116.992,427,60.20672,4352,12,5.574219,204.668,179.1562,517.7305,0
3116.992,427,59.89583,4352,4,5.574219,204.668,179.7031,517.1836,0
3116.992,427,61.18252,4352,7,5.574219,204.668,181.6875,515.1992,0
3116.992,427,60.82474,4352,4,5.574219,204.668,179.5938,517.293,0
3116.992,427,61.28205,4352,3,5.574219,204.668,178.7188,518.168,0
3116.992,427,60.96939,4352,5,5.574219,204.668,177.8164,519.0703,0
3116.992,427,60.20408,4352,4,5.574219,204.668,176.6992,520.1875,0
3116.992,427,58.48101,4352,7,5.574219,204.668,175.3594,521.5273,0
3116.992,427,58.48101,4352,5,5.574219,204.668,179.8164,517.0703,0
3116.992,427,63.68286,4320,3,5.574219,204.668,178.6211,518.2656,0
3116.992,427,64.55696,4320,7,5.574219,204.668,176.8398,520.0469,0
3117.996,427,61.86869,4320,9,5.574219,204.668,177.4219,519.4648,0
3117.996,427,58.69018,4320,13,5.574219,204.668,180.3984,516.4883,0
3116.992,427,59.12596,4320,9,5.574219,204.668,183.5508,513.3359,0
3124.57,427,62.84289,4320,5,5.574219,204.668,181.0117,515.875,0
3124.57,429,60.20672,4320,12,5.222656,190.9922,181.4297,529.4844,0
3121.203,429,63.90977,4320,6,5.222656,190.8828,163.96875,547.0547,0
3114.727,429,57.14286,4320,4,5.21875,189.2305,155.25,557.4297,0
3121.371,429,63.79747,4320,4,5.21875,190.1641,155.58203,556.1641,0
3121.371,429,60.55276,4320,5,5.21875,190.9492,146.26172,564.6992,0
3121.371,429,55.44554,4320,8,5.21875,190.8086,143.47266,567.6289,0
3118.059,429,50.37406,4320,6,4.5625,163.96094,181.6484,556.957,0
3118.059,429,49.15254,4320,4,4.5625,163.99219,179.3633,559.2109,0
3118.059,429,55.9194,4320,6,4.5625,163.99219,183.0547,555.5195,0
3118.059,429,59.43152,4320,9,4.5625,163.99219,180.707,557.8672,0
3118.059,429,57.4359,4320,3,4.5625,163.99219,178.8867,559.6875,0
3118.059,429,63.21244,4320,6,4.5625,163.99219,177.5312,561.043,0
3118.059,429,59.58549,4352,3,4.5625,163.99219,180.7539,557.8203,0
3118.059,429,61.85567,4352,8,4.5625,163.99219,179.6367,558.9375,0
3118.059,429,58.46154,4352,10,4.5625,163.99219,180.125,558.4492,0
3118.059,429,61.09661,4352,6,4.5625,163.99219,178.6016,559.9727,0
3118.059,429,61.92893,4352,7,4.5625,163.99219,176.9766,561.5977,0
3118.059,429,63.33333,4352,4,4.5625,164.00781,180.9766,557.582,0
3118.059,429,61.24031,4352,10,4.5625,164.00781,179.8555,558.7031,0
