face_detection_rpi_mem.committed_Committed_AS,face_detection_rpi_system.active_processes_active,face_detection_rpi_system.cpu_user,face_detection_rpi_system.file_nr_used_used,face_detection_rpi_system.processes_running,face_detection_rpi_system.ram_buffers,face_detection_rpi_system.ram_cached,face_detection_rpi_system.ram_free,face_detection_rpi_system.ram_used,Target
3082.781,423,68.10127,4384,10,1.890625,318.8672,88.92969,497.4414,6
3082.781,423,66.66667,4384,16,1.890625,318.8672,89.74219,496.6289,6
3082.797,423,68.38046,4384,9,1.890625,318.8672,85.23047,501.1406,6
3082.781,423,68.86076,4384,14,1.890625,318.8789,86.70703,499.6523,6
3082.781,422,69.64286,4384,13,1.890625,318.8789,89.05859,497.3008,6
3082.781,423,69.68912,4384,11,1.890625,318.8789,87.96875,498.3906,6
3083.66,423,66.41414,4384,11,1.890625,318.8789,91.58203,494.7773,6
3082.781,423,69.82097,4384,10,1.890625,318.8789,87.71484,498.6445,6
3083.66,423,68.11224,4384,12,1.890625,318.8789,88.58594,497.7734,6
3082.797,423,68.03069,4384,9,1.890625,318.8789,91.60547,494.7539,6
3082.781,423,67.26343,4352,17,1.890625,318.8789,94.48047,491.8789,6
3082.781,423,68.51385,4352,10,1.890625,318.8789,90.71875,495.6406,6
3082.781,423,67.00508,4352,10,1.890625,318.8789,91.14062,495.2188,6
3082.781,423,68.73385,4352,10,1.890625,318.8789,87.58594,498.7734,6
3082.781,423,66.66667,4352,15,1.890625,318.8789,85.10938,501.25,6
3082.781,423,65.73604,4352,14,1.890625,318.8789,91.41406,494.9453,6
3082.781,423,66.58228,4352,13,1.890625,318.8789,90.49609,495.8633,6
3082.781,423,64.66165,4352,9,1.898438,318.8789,93.25781,493.0938,6
3082.781,423,65.32663,4352,7,1.898438,318.8789,90.35156,496.0,6
3083.66,423,61.5,4352,11,1.898438,318.8789,91.50391,494.8477,6
3082.781,423,59.14787,4352,9,1.898438,318.8789,89.75781,496.5938,6
3081.902,423,55.58313,4352,11,1.898438,318.8789,92.52734,493.8242,6
3082.781,423,65.72165,4352,11,1.898438,318.9961,89.17969,497.0547,6
3081.902,423,69.17098,4352,7,1.898438,319.1211,89.53125,496.5781,6
3082.781,423,66.07143,4352,10,1.898438,319.1211,87.60938,498.5,6
3082.797,423,67.52577,4352,11,1.898438,319.1211,90.75391,495.3555,6
3081.902,423,69.28934,4352,9,1.898438,319.2461,95.18359,490.8008,6
3081.902,423,69.79167,4352,12,1.898438,319.2461,89.98047,496.0039,6
3082.797,423,64.79592,4352,11,1.898438,319.2461,94.79688,491.1875,6
3082.781,423,66.15776,4352,12,1.898438,319.2461,89.66406,496.3203,6
3082.781,423,67.8481,4352,8,1.898438,319.2461,89.14844,496.8359,6
3083.66,423,68.03069,4352,7,1.898438,319.2461,89.79297,496.1914,6
3081.902,423,67.78351,4352,11,1.898438,319.2461,90.47266,495.5117,6
3081.902,423,66.58031,4352,14,1.898438,319.2461,93.22266,492.7617,6
3082.781,423,66.58228,4352,12,1.902344,319.2656,89.49219,496.4688,6
3082.781,423,71.4653,4352,7,1.902344,319.2656,87.54688,498.4141,6
3082.781,423,70.02584,4352,11,1.902344,319.2656,87.59766,498.3633,6
3081.023,423,69.01763,4320,12,1.902344,319.2656,88.21484,497.7461,6
3082.781,423,69.7733,4320,8,1.902344,319.2656,86.39844,499.5625,6
3081.902,423,67.87565,4320,12,1.902344,319.2656,87.94922,498.0117,6
3082.797,423,68.95674,4320,9,1.902344,319.2656,88.18359,497.7773,6
3082.781,423,70.17995,4320,12,1.902344,319.2656,87.5625,498.3984,6
3082.797,423,68.71795,4320,9,1.902344,319.2656,86.37891,499.582,6
3082.781,423,68.87755,4320,7,1.902344,319.2656,91.00391,494.957,6
3083.66,423,67.8481,4320,14,1.902344,319.2656,90.07812,495.8828,6
3082.797,423,70.22901,4352,11,1.902344,319.2656,89.15234,496.8086,6
3082.781,423,66.49616,4352,10,1.902344,319.2656,92.0625,493.8984,6
3082.73,423,67.42424,4320,8,1.902344,319.2656,93.64062,492.3203,6
3083.902,423,66.07595,4320,12,1.902344,319.457,93.85156,491.918,6
3082.16,423,64.10256,4320,9,1.902344,319.7383,92.18359,493.3047,6
3083.789,423,57.5,4320,9,1.902344,319.7773,87.80078,497.6484,6
3083.789,423,55.94937,4320,8,1.902344,319.7773,88.625,496.8242,6
3083.789,423,60.05025,4320,10,1.902344,319.7773,89.84375,495.6055,6
3082.031,423,67.35219,4320,11,1.902344,319.7773,91.83984,493.6094,6
3083.848,423,69.43005,4320,13,1.902344,319.7773,88.88672,496.5625,6
3083.848,423,67.52577,4320,8,1.902344,319.7773,92.35156,493.0977,6
3082.969,423,65.56962,4320,9,1.902344,319.7773,87.45703,497.9922,6
3083.848,423,66.83673,4320,8,1.910156,319.7969,91.25391,494.168,6
3083.848,423,68.8946,4320,7,1.910156,319.8047,90.28906,495.125,6
3082.969,423,68.19338,4320,14,1.910156,319.8047,85.23047,500.1836,6
3083.848,423,66.58163,4320,8,1.910156,319.8047,89.29297,496.1211,6
3083.848,423,69.05371,4320,12,1.910156,319.8047,85.84766,499.5664,6
3084.727,423,67.7665,4352,14,1.910156,319.8047,93.65625,491.7578,6
3083.848,423,65.7289,4352,10,1.910156,319.8047,90.43359,494.9805,6
3082.969,423,68.27411,4352,11,2.1875,319.8359,83.81641,501.2891,6
3083.848,423,68.73385,4352,11,2.1875,319.8125,84.21094,500.918,6
3083.848,423,68.03069,4352,9,2.1875,319.8125,91.23438,493.8945,6
3084.727,423,68.27411,4352,9,2.1875,319.8125,90.20312,494.9258,6
3083.848,423,67.75819,4384,9,2.1875,319.8125,85.20703,499.9219,6
3083.848,423,69.87342,4384,9,2.1875,319.8125,92.15625,492.9727,6
3083.848,423,68.39378,4384,13,2.1875,319.8125,85.65234,499.4766,6
3083.848,423,65.48223,4384,8,2.1875,319.8125,91.87109,493.2578,6
3082.969,423,65.81633,4384,8,2.1875,319.8125,91.84766,493.2812,6
3083.863,423,68.8946,4384,13,2.1875,319.8125,92.81641,492.3125,6
3083.848,423,68.28645,4384,10,2.1875,319.8125,86.93359,498.1953,6
3084.727,423,66.41414,4384,8,2.1875,319.957,85.52734,499.457,6
3083.848,423,66.66667,4384,13,2.1875,319.957,89.70312,495.2812,6
3082.969,423,65.31646,4384,11,2.1875,319.957,89.66406,495.3203,6
3083.848,423,65.25,4384,9,2.1875,319.9766,89.33594,495.6289,6
3083.848,423,48.53659,4384,5,2.1875,319.9766,86.84766,498.1172,6
3084.727,423,58.76543,4384,14,2.1875,319.9766,87.16016,497.8047,6
3084.727,423,57.14286,4384,10,2.1875,319.9766,88.0,496.9648,6
3082.969,423,56.42317,4384,14,2.1875,319.9766,87.14453,497.8203,6
3083.848,423,65.64103,4384,13,2.1875,319.9766,89.53516,495.4297,6
3083.848,423,66.49746,4384,14,2.1875,319.9766,85.8125,499.1523,6
3082.09,423,66.83938,4384,16,2.1875,319.9766,88.37109,496.5938,6
3083.848,423,68.87755,4384,12,2.1875,319.9766,87.82812,497.1367,6
3083.848,423,68.04124,4384,12,2.1875,319.9766,86.91406,498.0508,6
3083.848,423,67.51269,4384,13,2.1875,319.9766,84.26172,500.7031,6
3084.727,423,69.54315,4384,13,2.1875,319.9766,87.98438,496.9805,6
3084.727,423,69.87342,4384,11,2.1875,319.9766,89.17188,495.793,6
3083.848,423,66.49351,4384,12,2.1875,319.9766,88.72266,496.2422,6
3083.848,423,64.70588,4384,10,2.1875,320.0742,83.42578,501.4414,6
3083.848,423,69.23077,4352,13,2.1875,320.0781,91.61328,493.25,6
3083.848,423,67.09512,4352,15,2.1875,320.0781,85.76172,499.1016,6
3083.848,423,67.75819,4352,8,2.1875,320.0781,86.66797,498.1953,6
3083.848,423,66.24041,4352,16,2.1875,320.0781,90.96484,493.8984,6
3083.848,423,68.0203,4352,10,2.1875,320.0781,84.69531,500.168,6
3083.848,423,66.40827,4352,8,2.1875,320.0781,90.09766,494.7656,6
3081.922,423,66.32653,4352,16,2.195312,320.0703,87.78906,497.0742,6
3085.77,423,67.7665,4352,11,2.195312,320.0781,85.60156,499.2539,6
3084.891,423,63.35878,4352,11,2.195312,320.0781,85.07812,499.7773,6
3085.77,423,64.28571,4352,9,2.195312,320.0781,86.45312,498.4023,6
3085.77,423,66.91919,4352,10,2.195312,320.0781,87.94922,496.9062,6
3084.891,423,66.66667,4352,9,2.195312,320.0781,84.36719,500.4883,6
3085.77,423,66.24041,4352,12,2.195312,320.0781,90.00391,494.8516,6
3084.727,423,65.99496,4320,11,2.195312,320.0781,84.71094,500.1445,6
3083.789,423,64.63104,4320,9,2.195312,320.0781,89.96094,494.8945,6
3083.789,423,62.75,4320,13,2.195312,320.0781,85.36719,499.4883,6
3083.789,423,61.96474,4320,12,2.195312,320.0781,86.45703,498.3984,6
3083.789,423,60.79404,4320,9,2.195312,320.0781,90.02734,494.8281,6
3084.668,423,57.46835,4320,16,2.195312,320.0781,87.49219,497.3633,6
3083.848,423,54.13534,4320,12,2.195312,320.0781,86.81641,498.0391,6
3083.848,423,63.10433,4320,10,2.195312,320.0781,83.83594,501.0195,6
3083.789,423,65.80977,4320,10,2.195312,320.0781,84.3125,500.543,6
3084.727,423,67.00508,4320,10,2.195312,320.0781,89.50391,495.3516,6
3083.848,423,65.90331,4320,10,2.195312,320.0781,91.85938,492.9961,6
3083.848,423,67.09512,4320,13,2.195312,320.0781,86.18359,498.6719,6
3083.848,423,66.15385,4320,16,2.195312,320.0781,87.48047,497.375,6
3083.848,423,66.32911,4320,17,2.210938,320.0625,88.75781,496.0977,6
3083.848,423,67.27273,4320,10,2.210938,320.0781,85.42188,499.418,6
3084.727,423,66.06684,4320,8,2.210938,320.0781,89.80469,495.0352,6
3083.848,423,67.01031,4320,13,2.210938,320.0781,83.84375,500.9961,6
3082.09,423,66.40827,4320,9,2.210938,320.0781,86.23047,498.6094,6
3084.727,423,64.3038,4320,11,2.210938,320.0781,85.82422,499.0156,6
3083.848,423,65.19481,4320,10,2.210938,320.0781,87.77734,497.0625,6
3084.727,423,66.07143,4320,15,2.210938,320.0781,85.76172,499.0781,6
3083.789,423,66.40625,4320,13,2.21875,320.0781,89.07422,495.7578,6
3083.789,423,66.83544,4320,12,2.21875,320.0781,85.19141,499.6406,6
3083.805,423,68.36735,4320,12,2.21875,320.0781,85.69922,499.1328,6
3083.789,423,65.7289,4320,7,2.21875,320.0781,84.8125,500.0195,6
3083.789,423,66.83673,4320,16,2.21875,320.0781,92.50781,492.3242,6
3083.789,423,66.58098,4320,10,2.21875,320.0781,88.13672,496.6953,6
3083.789,423,66.75127,4320,11,2.21875,320.0781,84.20312,500.6289,6
3084.668,423,64.03061,4320,10,2.21875,320.0781,85.44141,499.3906,6
3084.793,423,67.67677,4320,14,2.21875,320.0781,85.17969,499.6523,6
3084.809,423,64.96164,4320,12,2.21875,320.0781,87.15625,497.6758,6
3083.789,423,64.79592,4320,12,2.21875,320.0781,83.02734,501.8047,6
3083.789,423,63.03797,4320,7,2.21875,320.0781,86.04297,498.7891,6
3084.668,423,64.57286,4320,11,2.21875,320.0781,88.03125,496.8008,6
3083.789,423,62.87879,4320,7,2.21875,320.0781,86.04297,498.7891,6
3084.668,423,57.21519,4320,13,2.21875,320.0781,89.125,495.707,6
3083.789,423,53.61596,4320,10,2.21875,320.0781,83.71484,501.1172,6
3083.789,423,56.77749,4320,14,2.21875,320.0781,90.27734,494.5547,6
3083.789,423,65.38462,4320,14,2.21875,320.0781,89.89844,494.9336,6
3083.789,423,64.50777,4320,11,2.21875,320.0781,87.89453,496.9375,6
3082.91,423,67.34694,4320,8,2.226562,320.0703,87.37891,497.4531,6
3083.789,423,66.58098,4320,13,2.226562,320.0781,87.91016,496.9141,6
3083.789,423,67.09184,4320,13,2.226562,320.0781,88.60156,496.2227,6
3084.668,423,68.8946,4320,11,2.226562,320.0781,85.42969,499.3945,6
3084.668,423,64.26735,4320,11,2.226562,320.0781,86.86719,497.957,6
3083.789,423,67.17949,4320,6,2.226562,320.0781,84.69922,500.125,6
3083.789,423,64.52442,4320,6,2.226562,320.0781,87.53906,497.2852,6
3082.91,423,67.77494,4352,15,2.226562,320.0781,87.11719,497.707,6
3082.031,423,67.26343,4352,10,2.226562,320.0781,86.67969,498.1445,6
3084.727,423,67.4359,4352,18,2.226562,320.0781,86.57812,498.2461,6
3083.848,423,65.64885,4352,9,2.226562,320.0781,86.83203,497.9922,6
3084.727,423,65.97938,4352,10,2.226562,320.0781,87.79297,497.0312,6
3082.09,423,67.25888,4352,13,2.226562,320.0781,84.44141,500.3828,6
3083.848,423,66.07595,4352,13,2.226562,320.0781,87.06641,497.7578,6
3082.969,423,69.58763,4352,12,2.226562,320.0781,85.10938,499.7148,6
3083.789,423,65.98465,4352,14,2.226562,320.0781,87.36328,497.4609,6
3083.789,423,66.49746,4352,8,2.230469,320.0742,86.87109,497.9531,6
3083.848,423,66.58228,4352,12,2.230469,320.0781,84.18359,500.6367,6
3082.969,424,65.90909,4352,13,2.230469,320.0781,88.39844,496.4219,6
3082.91,424,69.03553,4352,4,2.230469,320.0781,83.54688,501.2734,6
3084.684,424,66.08479,4352,10,2.230469,320.0781,86.58984,498.2305,6
3083.789,424,67.67677,4352,13,2.230469,320.0781,87.01562,497.8047,6
3082.969,424,65.91479,4320,10,2.230469,320.0781,83.64453,501.1758,6
3083.848,424,64.37659,4320,11,2.230469,320.0781,83.15234,501.668,6
3083.848,424,63.13131,4320,9,2.230469,320.0781,86.09766,498.7227,6
3083.789,424,60.5985,4320,9,2.230469,320.0781,87.07031,497.75,6
3083.789,424,54.0,4320,7,2.230469,320.0781,90.28125,494.5391,6
3083.789,424,53.86534,4320,16,2.230469,320.0781,84.59375,500.2266,6
3083.848,424,60.86957,4320,8,2.230469,320.0781,84.81641,500.0039,6
3083.848,424,67.35219,4320,10,2.230469,320.0781,83.76172,501.0586,6
3082.969,424,66.83938,4320,8,2.230469,320.0781,87.47656,497.3438,6
3083.848,424,67.89474,4320,15,2.230469,320.0781,88.43359,496.3867,6
3084.727,424,67.69231,4320,8,2.230469,320.0781,87.46484,497.3555,6
3084.727,424,68.71795,4320,11,2.230469,320.0781,84.48438,500.3359,6
3084.742,423,68.29897,4320,12,2.230469,320.0781,86.07422,498.7461,6
3083.848,423,67.94872,4320,13,2.230469,320.0781,87.61719,497.2031,6
3082.969,423,68.34171,4320,8,2.230469,320.0781,88.94922,495.8711,6
3084.727,423,69.84536,4320,11,2.230469,320.0781,85.06641,499.7539,6
3083.848,422,68.5567,4320,6,2.230469,320.0781,84.92969,499.8906,6
3083.848,422,67.4359,4320,15,2.230469,320.0781,88.48047,496.3398,6
3083.848,422,66.49485,4320,14,2.230469,320.0781,88.23438,496.5859,6
3082.969,422,68.38046,4320,8,2.230469,320.0781,85.75781,499.0625,6
3083.848,422,66.15385,4320,11,2.230469,320.0781,81.42969,503.3906,6
3082.969,422,67.59494,4320,10,2.238281,320.0781,84.89844,499.9141,6
3083.848,422,66.32911,4320,13,2.238281,320.0781,82.39844,502.4141,6
3084.727,422,67.09512,4320,10,2.238281,320.0781,83.88281,500.9297,6
3084.727,422,69.79695,4320,13,2.238281,320.0781,84.67188,500.1406,6
3083.848,422,66.75258,4320,15,2.238281,320.0781,83.98438,500.8281,6
3084.371,422,65.80977,4320,10,2.238281,320.0781,81.21484,503.5977,6
3084.727,422,65.30612,4320,9,2.238281,320.0781,86.63672,498.1758,6
3082.09,423,65.90909,4320,16,2.238281,320.0781,87.13672,497.6758,6
3083.848,422,64.89899,4320,11,2.246094,320.0781,85.98047,498.8242,6
3083.848,422,68.35443,4320,9,2.246094,320.0781,89.05859,495.7461,6
3082.969,422,65.57789,4320,16,2.246094,320.0781,87.89453,496.9102,6
3083.848,422,66.07595,4320,6,2.246094,320.0781,85.65234,499.1523,6
3083.789,422,62.87879,4320,14,2.246094,320.0781,81.50781,503.2969,6
3083.789,422,58.0402,4320,14,2.246094,320.1992,83.58203,501.1016,6
3083.789,422,55.08685,4320,13,2.246094,320.1992,86.3125,498.3711,6
3083.848,422,61.0687,4320,11,2.246094,320.1992,87.69531,496.9883,6
3083.848,422,68.71795,4352,9,2.246094,320.1992,85.59766,499.0859,6
3083.863,422,65.73604,4352,8,2.246094,320.1992,83.38281,501.3008,6
3082.09,422,65.72165,4352,9,2.246094,320.1992,91.66406,493.0195,6
3083.848,422,65.72165,4352,7,2.246094,320.1992,84.63672,500.0469,6
3083.789,422,67.93893,4352,13,2.246094,320.1992,84.54688,500.1367,6
3083.789,422,67.88512,4352,8,2.246094,320.1992,84.54688,500.1367,6
3082.969,422,66.75192,4352,20,2.246094,320.1992,85.64453,499.0391,6
3082.969,422,68.13472,4384,11,2.246094,320.1992,86.33594,498.3477,6
3083.848,422,66.32653,4384,6,2.246094,320.1992,85.34766,499.3359,6
3083.848,422,66.75258,4384,8,2.246094,320.1992,90.67578,494.0078,6
3083.848,422,65.56122,4384,11,2.246094,320.1992,84.05859,500.625,6
3082.91,422,65.21739,4384,13,2.246094,320.1992,85.85156,498.832,6
3084.668,421,67.34694,4384,7,2.246094,320.1836,81.54688,503.1523,6
3083.863,421,67.70026,4384,15,2.246094,320.1836,85.26172,499.4375,6
3083.848,421,64.01028,4384,13,2.246094,320.1836,85.73438,498.9648,6
3083.848,421,68.29897,4384,19,2.246094,320.1836,89.58203,495.1172,6
3083.848,421,68.11224,4384,11,2.246094,320.1836,86.35547,498.3438,6
3082.969,421,65.98985,4384,7,2.246094,320.1836,89.06641,495.6328,6
3084.727,421,67.51918,4384,13,2.246094,320.1836,84.22656,500.4727,6
3083.848,421,66.49746,4384,10,2.246094,320.1836,86.15234,498.5469,6
3082.969,421,64.07035,4384,10,2.246094,320.1836,83.46094,501.2383,6
3083.848,421,66.92112,4384,11,2.246094,320.1836,80.60938,504.0898,6
3083.848,421,67.93893,4384,10,2.246094,320.1836,87.89844,496.8008,6
3083.805,421,67.26343,4384,9,2.246094,320.1836,89.28906,495.4102,6
3083.848,421,64.79592,4352,12,2.246094,320.1836,84.27344,500.4258,6
3083.848,421,63.17136,4352,11,2.246094,320.1836,86.47266,498.2266,6
3084.727,421,63.15789,4352,11,2.246094,320.1836,90.76172,493.9375,6
3083.789,421,60.25,4352,13,2.246094,320.1836,87.19141,497.5078,6
3084.668,421,55.03686,4352,12,2.246094,320.1836,81.57422,503.125,6
3083.789,421,58.39599,4352,15,2.246094,320.1836,88.06641,496.6328,6
3083.848,421,64.85788,4352,13,2.246094,320.1836,81.89844,502.8008,6
3083.848,421,68.87755,4352,14,2.246094,320.1836,88.90234,495.7969,6
3084.727,421,67.95866,4352,11,2.246094,320.1836,83.51562,501.1836,6
3083.863,421,63.33333,4352,9,2.246094,320.1836,85.47656,499.2227,6
3083.848,421,67.85714,4352,16,2.246094,320.1836,89.07812,495.6211,6
3082.969,421,65.13995,4352,18,2.246094,320.1836,89.84766,494.8516,6
3083.848,421,68.95674,4352,12,2.246094,320.1836,84.67969,500.0195,6
3083.863,421,68.95674,4352,11,2.246094,320.1836,90.16016,494.5391,6
3084.727,421,67.67677,4352,15,2.246094,320.1836,84.04297,500.6562,6
3084.727,421,70.58824,4352,12,2.246094,320.1836,86.99219,497.707,6
3084.727,421,67.34694,4352,10,2.253906,320.1758,86.92188,497.7773,6
3084.727,421,68.60759,4352,8,2.253906,320.1836,84.48047,500.2109,6
3084.727,422,71.24352,4352,14,2.253906,320.1836,82.68359,502.0078,6
3083.848,422,63.95939,4352,9,2.253906,320.1836,87.30469,497.3867,6
3083.848,422,68.19338,4352,9,2.253906,320.1836,89.41797,495.2734,6
3082.09,418,67.4359,4352,11,2.253906,320.1836,83.04688,501.6445,6
3082.969,418,67.00767,4352,13,2.253906,320.1836,86.22656,498.4648,6
3084.742,418,67.68448,4352,11,2.253906,320.1836,84.8125,499.8789,6
3082.969,418,69.74359,4384,11,2.253906,320.1836,88.26562,496.4258,6
3083.848,417,65.40404,4384,16,2.253906,320.1836,88.26172,496.4297,6
3084.727,417,64.23174,4384,12,2.269531,321.6992,81.21875,501.9414,6
3084.727,417,65.98985,4384,10,2.269531,321.6992,85.39844,497.7617,6
3084.727,417,68.43434,4384,9,2.269531,321.6992,81.18359,501.9766,6
3083.848,417,66.92308,4384,12,2.269531,321.6992,82.75,500.4102,6
3083.848,417,64.72081,4384,19,2.269531,321.6992,85.08594,498.0742,6
3083.848,417,66.75127,4384,13,2.277344,321.6992,83.65234,499.5,6
3083.848,417,60.75949,4384,12,2.277344,321.6992,80.22656,502.9258,6
3082.09,417,61.05528,4384,13,2.277344,321.6992,82.48438,500.668,6
3083.848,417,59.04523,4384,9,2.277344,321.6992,79.67188,503.4805,6
3084.727,417,55.33499,4384,10,2.277344,321.6992,82.08203,501.0703,6
3083.848,417,61.42132,4384,14,2.277344,321.6992,82.57031,500.582,6
3083.848,416,68.87755,4384,9,2.277344,321.6992,85.82031,497.332,6
3084.727,417,68.70229,4384,9,2.285156,321.6992,80.32812,502.8164,6
3083.848,417,67.96875,4384,10,2.285156,321.6992,78.83203,504.3125,6
3082.969,417,67.61658,4384,12,2.285156,321.6992,84.25781,498.8867,6
3082.969,417,69.23077,4384,10,2.285156,321.6992,83.58594,499.5586,6
3083.848,417,68.03069,4352,10,2.285156,321.6992,79.72656,503.418,6
3082.09,417,67.69231,4352,11,2.285156,321.6992,82.45703,500.6875,6
3083.848,417,68.19338,4352,9,2.292969,321.6992,85.18359,497.9531,6
3083.848,417,69.46565,4352,11,2.292969,321.6992,81.74609,501.3906,6
3083.848,417,69.7201,4384,10,2.292969,321.6992,87.58203,495.5547,6
3083.848,417,68.11224,4352,8,2.292969,321.6992,84.28906,498.8477,6
3083.848,417,67.34177,4352,12,2.292969,321.6992,83.51172,499.625,6
3083.848,417,68.03069,4352,10,2.292969,321.6992,82.12891,501.0078,6
3083.848,417,67.77494,4352,11,2.292969,321.6992,84.79297,498.3438,6
3082.969,417,66.41221,4352,8,2.292969,321.6992,81.13281,502.0039,6
3084.727,417,68.03069,4352,11,2.292969,321.6992,81.66797,501.4688,6
3082.969,417,65.38462,4352,9,2.292969,321.6992,83.21875,499.918,6
3083.848,417,66.07595,4352,12,2.292969,321.6992,81.19922,501.9375,6
3083.848,417,69.82097,4352,7,2.292969,321.6992,81.66406,501.4727,6
3083.848,417,67.09184,4352,10,2.300781,321.6992,83.71094,499.418,6
3083.848,417,67.4359,4352,14,2.300781,321.7422,82.36719,500.7188,6
3083.848,417,67.51269,4352,11,2.300781,321.7422,79.33203,503.7539,6
3084.727,417,67.17172,4352,11,2.300781,321.7422,80.33984,502.7461,6
3083.848,417,67.08861,4352,5,2.300781,321.7422,84.11719,498.9688,6
3084.727,417,64.55696,4352,14,2.300781,321.7422,83.01562,500.0703,6
3083.848,417,63.63636,4352,13,2.300781,321.7422,83.99219,499.0938,6
3083.848,417,60.6599,4352,12,2.308594,321.7422,84.60938,498.4688,6
3083.789,417,59.10224,4352,10,2.308594,321.7422,87.18359,495.8945,6
3083.789,417,55.47264,4352,9,2.308594,321.7422,80.42188,502.6562,6
3083.789,417,56.63265,4352,7,2.308594,321.7422,81.76953,501.3086,6
3083.805,417,65.46392,4352,8,2.308594,321.7422,83.04297,500.0352,6
3083.789,417,66.75258,4352,15,2.308594,321.7422,84.53906,498.5391,6
3084.668,417,68.63753,4352,8,2.308594,321.7422,79.87109,503.207,6
3082.969,417,68.5422,4352,12,2.308594,321.7422,84.53125,498.5469,6
3084.727,417,65.29563,4352,9,2.308594,321.7422,82.01562,501.0625,6
3082.91,417,67.70026,4352,8,2.308594,321.7422,80.54297,502.5352,6
3084.668,417,67.78351,4352,9,2.308594,321.7422,80.83594,502.2422,6
3083.789,417,67.18346,4352,10,2.308594,321.7422,85.00391,498.0742,6
3083.789,417,69.13265,4352,14,2.308594,321.7422,80.77344,502.3047,6
3084.684,417,67.00508,4352,18,2.308594,321.7422,80.23047,502.8477,6
3084.668,417,67.26804,4352,6,2.308594,321.7422,84.08203,498.9961,6
3083.789,417,62.43523,4352,13,2.308594,321.7422,81.89844,501.1797,6
3083.789,417,66.92112,4352,11,2.308594,321.7422,77.88281,505.1953,6
3082.031,417,68.43434,4352,6,2.308594,321.7422,88.69531,494.3828,6
3083.789,417,66.49351,4352,11,2.308594,321.7422,85.49609,497.582,6
3083.805,417,67.09184,4352,8,2.308594,321.7422,80.71094,502.3672,6
3082.969,417,67.4359,4320,13,2.316406,321.7422,81.53906,501.5312,6
3083.848,417,68.03069,4352,14,2.316406,321.7422,81.00391,502.0664,6
3082.969,418,67.51918,4352,13,2.316406,321.7422,82.01953,501.0508,6
3083.848,418,68.43434,4352,9,2.316406,321.7422,86.44531,496.625,6
3084.668,418,67.26804,4352,11,2.316406,321.7422,82.25391,500.8164,6
3083.789,418,67.5,4352,9,2.316406,321.7422,83.65234,499.418,6
3083.789,419,65.82278,4352,13,2.316406,321.7422,83.76562,499.3047,6
3083.848,419,65.64885,4352,11,2.316406,321.7422,87.33594,495.7344,6
3083.848,419,65.5,4352,12,2.316406,321.7422,84.92188,498.1484,6
3082.969,419,64.19437,4352,8,2.316406,321.7422,84.12109,498.9492,6
3083.848,419,61.36364,4352,6,2.316406,321.7422,82.08594,500.9844,6
3083.848,419,61.96474,4352,14,2.316406,321.7422,83.92969,499.1406,6
3083.848,419,56.56566,4352,11,2.316406,321.7422,80.73047,502.3398,6
3083.848,419,55.77889,4352,12,2.316406,321.7422,80.97656,502.0938,6
3083.848,419,63.0491,4352,11,2.316406,321.7422,85.07812,497.9922,6
3083.848,419,67.09512,4352,11,2.316406,321.7422,79.59375,503.4766,6
3084.668,419,66.83938,4352,11,2.316406,321.7422,81.74219,501.3281,6
3083.789,419,67.01299,4352,7,2.316406,321.7422,80.74609,502.3242,6
3084.668,419,66.49485,4352,9,2.316406,321.7422,81.75,501.3203,6
3084.668,419,69.3299,4352,13,2.316406,321.7422,91.43359,491.6367,6
3083.789,419,66.32391,4384,7,2.316406,321.7422,83.44922,499.6211,6
3084.668,419,67.17949,4384,12,2.316406,321.7422,83.55859,499.5117,6
3082.031,419,68.03069,4384,12,2.316406,321.7422,82.16797,500.9023,6
3083.789,419,68.10127,4384,11,2.316406,321.7422,83.32031,499.75,6
3083.789,419,68.04124,4384,11,2.316406,321.7422,81.22266,501.8477,6
3083.789,419,63.58974,4384,12,2.324219,321.7422,77.91016,505.1523,6
3083.789,419,67.34694,4384,12,2.324219,321.7422,85.71094,497.3516,6
3083.805,419,66.92112,4384,16,2.324219,321.7422,82.19922,500.8633,6
3084.668,419,65.81633,4384,9,2.324219,321.7422,84.20703,498.8555,6
3083.863,419,67.43003,4384,11,2.324219,321.7422,83.29688,499.7656,6
3083.848,419,64.55696,4384,12,2.324219,321.7656,83.19922,499.8398,6
3083.789,419,67.51918,4384,9,2.324219,321.7656,84.32031,498.7188,6
3083.789,419,67.7665,4384,9,2.324219,321.7656,87.20312,495.8359,6
3083.789,419,69.54315,4384,13,2.324219,321.7656,82.74609,500.293,6
3083.789,419,64.98741,4384,11,2.324219,321.7656,87.01953,496.0195,6
3083.848,419,68.26196,4352,8,2.324219,321.7656,85.76953,497.2695,6
3083.848,419,65.98465,4352,9,2.324219,321.7656,80.68359,502.3555,6
3084.727,419,66.33166,4352,14,2.324219,321.7656,80.92188,502.1172,6
3083.789,419,67.26343,4352,7,2.324219,321.7656,86.59375,496.4453,6
3083.848,419,65.22843,4352,15,2.324219,321.7656,84.41797,498.6211,6
3083.848,419,61.92893,4352,14,2.324219,321.7656,85.78906,497.25,6
3083.848,419,62.22222,4352,13,2.324219,322.0039,80.24219,502.5586,6
3084.727,419,61.05528,4352,10,2.324219,322.0039,84.57031,498.2305,6
3083.848,419,54.13534,4352,7,2.324219,322.0039,83.88672,498.9141,6
3084.727,419,58.31202,4352,13,2.324219,322.0039,83.26172,499.5391,6
3083.848,419,68.86076,4352,17,2.324219,322.0039,84.70312,498.0977,6
3083.848,419,67.51269,4352,13,2.324219,322.0039,83.90625,498.8945,6
3083.848,419,66.24365,4352,12,2.324219,322.0039,85.79297,497.0078,6
3084.727,419,67.51918,4352,12,2.324219,322.0039,85.22266,497.5781,6
3083.848,419,68.28645,4352,12,2.324219,322.0039,82.65625,500.1445,6
3083.848,419,69.23077,4352,20,2.324219,322.0039,79.85156,502.9492,6
3084.727,419,65.45455,4352,14,2.332031,321.9961,80.93359,501.8672,6
3083.848,419,68.11224,4352,9,2.332031,322.0039,84.71875,498.0742,6
3084.727,419,65.56122,4352,12,2.332031,322.0039,83.71094,499.082,6
3083.848,419,67.09512,4352,14,2.332031,322.0039,81.24219,501.5508,6
3083.848,419,66.66667,4352,11,2.332031,322.0039,82.51172,500.2812,6
3084.727,419,68.03069,4352,12,2.332031,322.0039,87.19922,495.5938,6
3083.789,419,66.06684,4352,10,2.332031,322.0039,85.59766,497.1953,6
3083.805,419,65.31646,4352,12,2.332031,322.0039,80.98828,501.8047,6
3083.789,419,70.28424,4352,11,2.332031,322.0039,84.96094,497.832,6
3084.684,419,65.7289,4352,8,2.332031,322.0039,79.64453,503.1484,6
3084.668,419,67.85714,4352,11,2.332031,322.0039,84.75,498.043,6
3083.789,419,65.64885,4352,9,2.332031,322.0039,84.77344,498.0195,6
3083.848,419,64.14141,4352,11,2.332031,322.0039,81.32812,501.4648,6
3083.848,419,65.80977,4352,12,2.332031,322.0039,79.05469,503.7383,6
3084.727,419,64.98741,4352,10,2.332031,322.0039,88.29688,494.4961,6
3084.742,419,70.20202,4352,13,2.332031,322.0039,82.23828,500.5547,6
3083.848,419,63.70558,4352,12,2.332031,322.0039,81.81641,500.9766,6
3083.848,419,66.32911,4352,12,2.332031,322.0039,78.91797,503.875,6
3084.727,419,64.72081,4352,8,2.332031,322.0039,79.125,503.668,6
3083.848,419,65.49118,4352,12,2.332031,322.0039,81.94531,500.8477,6
3083.848,419,62.93532,4352,10,2.332031,322.0039,78.19922,504.5938,6
3083.848,419,57.43073,4352,11,2.332031,322.0039,83.72266,499.0703,6
3084.668,419,54.77387,4352,10,2.332031,322.0039,83.75,499.043,6
3083.789,419,56.89223,4352,12,2.332031,322.0039,83.19922,499.5938,6
3084.668,419,66.83673,4352,12,2.332031,322.0039,85.26562,497.5273,6
3084.668,419,65.80311,4352,11,2.332031,322.0039,82.57422,500.2188,6
3084.668,419,68.04124,4352,8,2.332031,322.0039,82.10938,500.6836,6
3083.805,419,68.11224,4352,18,2.339844,321.9961,78.94141,503.8516,6
3084.668,419,66.58098,4352,10,2.339844,322.0039,81.27344,501.5117,6
3083.789,419,66.83805,4352,16,2.339844,322.0039,86.41406,496.3711,6
3083.789,419,68.87755,4352,11,2.339844,322.0039,85.99609,496.7891,6
3083.789,419,64.96164,4384,13,2.339844,322.0039,86.48828,496.2969,6
3083.789,419,62.81407,4384,8,2.339844,322.0039,84.55078,498.2344,6
3083.789,419,66.75258,4384,10,2.339844,322.0039,84.15625,498.6289,6
3083.789,419,65.90331,4384,12,2.339844,322.0039,87.98828,494.7969,6
3083.789,419,67.34177,4384,11,2.339844,322.0039,83.25,499.5352,6
3084.668,419,67.60925,4384,12,2.339844,322.0039,87.01562,495.7695,6
3083.789,419,66.41026,4384,12,2.339844,322.0039,83.625,499.1602,6
3084.668,419,67.86632,4384,20,2.339844,322.0039,84.61719,498.168,6
3083.789,419,66.75192,4384,10,2.339844,322.0039,81.73828,501.0469,6
3084.668,419,64.94845,4384,11,2.339844,322.0039,83.46094,499.3242,6
3083.789,419,67.68448,4384,12,2.339844,322.0039,86.19922,496.5859,6
3083.863,419,65.74307,4384,12,2.339844,322.0039,86.61328,496.1719,6
3082.969,419,65.47315,4384,13,2.339844,322.0039,82.40234,500.3828,6
3082.09,419,67.00252,4384,9,2.347656,321.9961,82.32422,500.4609,6
3083.848,419,65.97403,4384,11,2.347656,322.0039,85.75391,497.0234,6
3082.969,419,67.34694,4384,7,2.347656,322.0039,88.38281,494.3945,6
3083.848,419,64.3038,4384,9,2.347656,322.0039,82.05469,500.7227,6
3083.848,419,65.12821,4384,11,2.347656,322.0039,81.12109,501.6562,6
3083.848,419,65.66416,4384,13,2.347656,322.0039,80.17578,502.6016,6
3083.848,419,60.25316,4384,12,2.347656,322.0039,85.63281,497.1445,6
3082.969,419,61.34663,4384,11,2.347656,322.0039,82.27344,500.5039,6
3082.969,419,57.68262,4384,11,2.347656,322.0039,81.0625,501.7148,6
3083.848,419,56.10973,4384,12,2.347656,322.0039,82.00391,500.7734,6
3084.727,419,58.91473,4384,8,2.347656,322.0039,80.96484,501.8125,6
3084.727,419,70.80103,4352,13,2.347656,322.0039,81.90234,500.875,6
3084.727,419,68.0203,4352,12,2.347656,322.0039,81.63281,501.1445,6
3083.848,419,69.97455,4352,14,2.347656,322.1016,77.83594,504.8438,6
3082.09,420,69.58763,4384,8,2.347656,322.1289,80.63281,502.0195,6
3083.848,420,70.15306,4384,8,2.347656,322.1289,80.03516,502.6172,6
3082.969,420,64.54082,4384,16,2.347656,322.1289,80.77344,501.8789,6
3083.848,420,69.23077,4384,11,2.347656,322.1289,78.10938,504.543,6
3083.863,420,66.07595,4384,13,2.347656,322.1289,83.41016,499.2422,6
3084.727,420,69.03553,4384,7,2.347656,322.1289,77.83203,504.8203,6
3082.91,420,68.60759,4384,13,2.347656,322.1289,79.49219,503.1602,6
3083.848,420,65.15152,4352,13,2.347656,322.1289,83.99219,498.6602,6
3083.848,420,67.60925,4352,8,2.347656,322.1289,81.64453,501.0078,6
3083.863,420,68.21705,4352,6,2.347656,322.1289,80.09766,502.5547,6
3083.848,420,67.00252,4352,9,2.347656,322.1289,84.41797,498.2344,6
3083.848,420,67.52577,4352,9,2.347656,322.1289,84.92188,497.7305,6
3083.848,420,67.94872,4352,11,2.347656,322.1289,79.32812,503.3242,6
3084.727,420,66.24365,4352,15,2.347656,322.1289,84.55078,498.1016,6
3084.727,420,65.30612,4352,14,2.347656,322.1289,80.67578,501.9766,6
3084.727,420,69.56522,4352,8,2.347656,322.1289,82.91797,499.7344,6
3084.727,420,65.98985,4352,9,2.347656,322.1289,81.71484,500.9375,6
3083.848,420,67.68448,4320,8,2.347656,322.1289,83.11328,499.5391,6
3082.09,420,66.41414,4320,14,2.347656,322.1289,78.27734,504.375,6
3083.848,420,68.09045,4320,6,2.347656,322.1289,83.00391,499.6484,6
3083.848,420,63.13131,4320,6,2.347656,322.1289,85.15625,497.4961,6
3082.969,420,59.79899,4352,13,2.347656,322.1289,84.04297,498.6094,6
3084.727,420,60.6599,4352,11,2.347656,322.1289,83.625,499.0273,6
3083.848,420,51.35135,4352,7,2.347656,322.1289,81.21875,501.4336,6
3083.848,420,55.6391,4352,10,2.347656,322.1289,80.92188,501.7305,6
3083.848,420,57.93451,4352,9,2.347656,322.1289,85.05078,497.6016,6
3082.984,420,61.32316,4352,14,2.347656,322.1289,82.51953,500.1328,6
3083.848,420,60.9375,4352,10,2.347656,322.1289,82.125,500.5273,6
3083.848,420,58.42105,4352,8,2.347656,322.1289,85.71094,496.9414,6
3084.727,420,63.4715,4352,9,2.347656,322.1289,80.30078,502.3516,6
3083.848,420,60.41667,4352,8,2.347656,322.1289,82.85156,499.8008,6
3083.848,420,70.05076,4352,8,2.347656,322.1289,86.01562,496.6367,6
3082.969,420,70.30457,4352,13,2.347656,322.1289,81.72266,500.9297,6
3083.848,420,68.82793,4352,10,2.347656,322.1289,80.25781,502.3945,6
3082.969,420,66.49215,4352,5,2.347656,322.1289,79.98438,502.668,6
3084.727,420,65.89147,4352,4,2.347656,322.1289,80.99609,501.6562,6
3083.848,420,66.41026,4352,10,2.347656,322.1289,83.13281,499.5195,6
3082.969,420,65.90331,4352,6,2.347656,322.1289,79.51172,503.1406,6
3082.992,420,58.71795,4352,13,2.347656,322.1289,79.04688,503.6055,6
3084.855,420,62.23958,4352,11,2.347656,322.1289,82.51172,500.1406,6
3083.945,420,58.37563,4352,19,2.347656,322.3242,79.72266,502.7344,6
3083.945,420,68.95674,4352,12,2.355469,322.3867,82.03125,500.3555,6
3083.066,420,68.79795,4352,11,2.355469,322.3945,82.64453,499.7344,6
3083.945,420,67.34177,4352,12,2.355469,322.3945,77.99219,504.3867,6
3083.945,420,61.18252,4352,5,2.355469,322.3945,82.47266,499.9062,6
3083.945,420,67.59494,4352,6,2.355469,322.3945,80.97266,501.4062,6
3084.824,420,70.07673,4384,8,2.355469,322.3945,84.75781,497.6211,6
3083.066,420,68.71795,4384,12,2.355469,322.3945,84.85156,497.5273,6
3084.824,420,66.75127,4384,12,2.355469,322.3945,78.62109,503.7578,6
3083.066,420,60.0,4384,4,2.355469,322.3945,77.69922,504.6797,6
3084.824,420,58.73418,4384,6,2.355469,322.3945,78.125,504.2539,6
3083.066,420,67.85714,4384,12,2.355469,322.3945,82.81641,499.5625,6
3083.945,420,63.0102,4384,11,2.355469,322.3945,77.86719,504.5117,6
3084.824,420,58.66337,4384,6,2.355469,322.3945,82.98828,499.3906,6
3084.824,420,51.75,4384,10,2.355469,322.3945,77.58203,504.7969,6
3083.945,420,57.07196,4384,15,2.355469,322.3945,78.10938,504.2695,6
3083.066,420,58.39599,4384,11,2.363281,322.3945,77.80859,504.5625,6
3083.945,420,65.90331,4384,9,2.363281,322.3945,78.86328,503.5078,6
3083.945,420,58.37696,4352,5,2.363281,322.3945,77.98438,504.3867,6
3084.824,420,65.20619,4352,7,2.363281,322.3945,78.01562,504.3555,6
3083.945,420,67.66917,4352,10,2.363281,322.3945,82.69141,499.6797,6
3084.824,420,67.94872,4352,14,2.363281,322.3945,79.05859,503.3125,6
3083.945,420,69.23077,4352,8,2.363281,322.3945,82.32812,500.043,6
3083.945,420,66.83673,4352,13,2.363281,322.3945,77.03516,505.3359,6
3083.945,420,70.81218,4352,11,2.363281,322.3945,74.93359,507.4375,6
3083.945,420,69.64286,4352,14,2.363281,322.3945,84.17969,498.1914,6
3082.188,420,65.22843,4352,11,2.363281,322.3945,79.69531,502.6758,6
3084.824,420,70.36082,4352,16,2.363281,322.3945,80.99609,501.375,6
3084.824,420,68.79795,4352,9,2.363281,322.3945,79.73047,502.6406,6
3083.945,420,69.35065,4352,7,2.363281,322.3945,76.66797,505.7031,6
3083.945,420,70.91837,4352,16,2.363281,322.3945,76.88281,505.4883,6
3084.824,420,68.11224,4352,12,2.363281,322.3945,84.32812,498.043,6
3083.945,420,68.59296,4352,8,2.363281,322.3945,84.57031,497.8008,6
3083.961,420,71.39175,4352,10,2.371094,322.3867,78.11328,504.2578,6
3083.945,420,66.49616,4352,11,2.371094,322.3945,82.51172,499.8516,6
3084.824,420,67.59494,4352,11,2.371094,322.3945,80.32422,502.0391,6
3083.066,420,69.13265,4352,13,2.371094,322.3945,80.72266,501.6406,6
3084.824,420,68.11224,4352,9,2.371094,322.3945,76.17188,506.1914,6
3083.066,420,67.5063,4352,12,2.371094,322.3945,81.46094,500.9023,6
3083.945,420,66.41414,4352,12,2.371094,322.3945,78.73047,503.6328,6
3083.945,420,68.60759,4352,16,2.371094,322.3945,82.92188,499.4414,6
3084.824,420,65.81633,4352,13,2.371094,322.3945,79.24219,503.1211,6
3083.945,420,62.53165,4352,15,2.371094,322.3945,87.35547,495.0078,6
3083.945,420,66.33166,4352,17,2.371094,322.3945,79.10938,503.2539,6
3083.066,420,62.53165,4352,12,2.371094,322.3945,80.70703,501.6562,6
3084.824,420,56.03015,4352,10,2.371094,322.3945,79.98047,502.3828,6
3083.945,420,57.93451,4352,10,2.371094,322.3945,79.23828,503.125,6
3084.824,420,62.59542,4352,14,2.371094,322.3945,76.09766,506.2656,6
3083.066,420,65.7289,4352,12,2.371094,322.3945,80.98047,501.3828,6
3084.824,420,68.79795,4352,15,2.371094,322.3945,77.16406,505.1992,6
3083.945,420,66.75192,4352,9,2.371094,322.3945,82.06641,500.2969,6
3083.945,420,67.4359,4352,9,2.371094,322.3945,81.28906,501.0742,6
3083.066,420,67.34694,4352,11,2.371094,322.3945,82.05469,500.3086,6
3083.066,420,67.51269,4352,11,2.378906,322.3867,84.12109,498.2422,6
3083.945,420,67.7665,4352,14,2.378906,322.3945,80.53516,501.8203,6
3084.824,420,67.34694,4352,11,2.378906,322.3945,81.6875,500.668,6
3083.945,420,67.60204,4384,10,2.378906,322.3945,83.10547,499.25,6
3083.945,420,65.5527,4384,11,2.378906,322.3945,79.23047,503.125,6
3084.824,420,68.17043,4384,8,2.378906,322.3945,79.13672,503.2188,6
3083.945,420,67.26343,4384,9,2.378906,322.3945,81.25781,501.0977,6
3084.824,420,67.59494,4384,11,2.378906,322.3945,80.98828,501.3672,6
3084.824,420,65.82915,4384,8,2.378906,322.3945,81.66406,500.6914,6
3083.066,420,70.36082,4384,13,2.378906,322.3945,78.33984,504.0156,6
3083.945,420,70.63291,4384,11,2.378906,322.3945,79.80859,502.5469,6
3083.945,420,68.10127,4384,14,2.378906,322.3945,78.85547,503.5,6
3084.824,420,65.13995,4384,9,2.378906,322.3945,80.78906,501.5664,6
3084.824,420,67.17172,4384,9,2.378906,322.3945,79.83594,502.5195,6
3083.945,420,67.7665,4384,8,2.378906,322.3945,76.28906,506.0664,6
3084.824,420,67.35219,4384,10,2.378906,322.3945,81.66406,500.6914,6
3083.066,420,68.27411,4352,13,2.378906,322.3945,81.17578,501.1797,6
3083.945,420,66.83544,4352,10,2.378906,322.3945,80.22266,502.1328,6
3083.945,420,56.99746,4352,10,2.378906,322.3945,81.94531,500.4102,6
3084.824,420,65.15152,4352,12,2.378906,322.3945,77.375,504.9805,6
3083.945,420,65.31646,4352,9,2.378906,322.3945,80.29688,502.0586,6
3083.945,420,64.14141,4352,10,2.378906,322.3945,78.15234,504.2031,6
3084.836,420,56.2341,4352,5,2.378906,322.3945,75.50391,506.8516,6
3083.941,420,50.36855,4352,7,2.386719,322.3867,77.46094,504.8945,6
3083.941,420,58.98734,4352,9,2.386719,322.3945,80.98438,501.3633,6
3083.941,420,69.15167,4352,13,2.386719,322.3945,79.07031,503.2773,6
3084.82,420,65.82278,4352,13,2.386719,322.3945,79.30469,503.043,6
3083.062,420,69.30946,4352,11,2.386719,322.3945,82.57812,499.7695,6
3083.062,420,68.8946,4352,10,2.386719,322.3945,78.41797,503.9297,6
3084.82,420,67.25888,4352,10,2.386719,322.3945,78.49609,503.8516,6
3084.82,420,69.87342,4352,11,2.386719,322.3945,84.83984,497.5078,6
3084.836,420,68.06283,4352,9,2.386719,322.3945,79.70312,502.6445,6
3084.82,420,67.85714,4352,13,2.386719,322.3945,80.87891,501.4688,6
3084.82,420,66.24365,4352,11,2.394531,322.3867,77.76953,504.5781,6
3083.062,420,67.01031,4384,13,2.394531,322.3945,78.08594,504.2539,6
3082.184,420,65.65657,4384,8,2.394531,322.3945,81.58203,500.7578,6
3082.184,420,67.77494,4384,10,2.394531,322.3945,77.24219,505.0977,6
3084.422,420,66.32391,4384,11,2.394531,322.3945,82.11719,500.2227,6
3085.316,420,67.43003,4320,6,2.394531,322.3945,81.375,500.9648,6
3085.301,421,65.47315,4320,11,2.394531,322.3945,77.10938,505.2305,6
3084.422,422,65.90331,4320,7,2.394531,322.3945,80.06641,502.2734,6
3082.664,422,67.52577,4320,11,2.402344,322.3945,74.32422,508.0078,6
3084.422,422,69.64286,4320,12,2.402344,322.3945,78.30469,504.0273,6
3085.301,422,66.15385,4320,13,2.402344,322.3945,83.36719,498.9648,6
3085.316,422,67.59494,4320,9,2.402344,322.3945,78.60156,503.7305,6
3084.422,422,65.13995,4320,10,2.402344,322.3945,83.23828,499.0938,6
3084.422,422,66.66667,4320,13,2.402344,322.3945,80.91797,501.4141,6
3084.422,421,70.20202,4320,9,2.402344,322.3945,80.22266,502.1094,6
3083.543,421,65.98985,4320,13,2.402344,322.3945,80.44531,501.8867,6
3085.301,421,66.15776,4320,9,2.402344,322.3945,76.07031,506.2617,6
3085.301,421,63.47607,4320,10,2.402344,322.3945,84.51953,497.8125,6
3084.422,421,62.0603,4320,14,2.402344,322.3945,80.90234,501.4297,6
3085.301,421,63.18408,4320,17,2.402344,322.3945,80.15625,502.1758,6
3085.301,421,56.03015,4320,9,2.402344,322.3945,78.17969,504.1523,6
3082.664,422,53.13283,4320,13,2.542969,322.3945,77.49219,504.6992,6
3084.438,422,61.80905,4320,13,2.542969,322.3945,78.73828,503.4531,6
3085.242,422,68.47545,4320,9,2.542969,322.3945,76.85156,505.3398,6
3083.484,422,66.92112,4320,10,2.542969,322.3945,71.15625,511.0352,6
3085.242,422,66.41221,4320,11,2.542969,322.3945,73.28516,508.9062,6
3084.363,422,67.01299,4320,8,2.542969,322.3945,75.67578,506.5156,6
3085.242,422,66.58098,4320,8,2.550781,322.3945,76.48828,505.6953,6
3083.484,422,68.47545,4320,14,2.550781,322.3945,78.52344,503.6602,6
3084.363,422,69.07216,4320,9,2.550781,322.3945,78.25781,503.9258,6
3085.242,422,65.12821,4320,14,2.550781,322.3945,82.86328,499.3203,6
3085.242,421,69.48718,4320,8,2.550781,322.3945,78.81641,503.3672,6
3085.242,421,67.68448,4320,8,2.550781,322.3945,73.58594,508.5977,6
3084.363,421,64.58333,4320,11,2.550781,322.3945,79.125,503.0586,6
3085.301,421,65.20619,4320,11,2.550781,322.3945,75.91406,506.2695,6
3084.422,421,65.7289,4320,5,2.550781,322.3945,76.62109,505.5625,6
3084.422,421,69.89796,4320,11,2.550781,322.3945,77.51953,504.6641,6
3084.438,421,68.52792,4320,14,2.550781,322.3945,74.61719,507.5664,6
3084.422,422,68.0203,4320,11,2.550781,322.3945,73.35938,508.8242,6
3084.422,422,67.5063,4352,15,2.558594,322.3945,76.26953,505.9062,6
3084.438,422,66.91919,4352,12,2.558594,322.3945,77.76172,504.4141,6
3085.301,422,67.8392,4352,11,2.558594,322.3945,73.48828,508.6875,6
3084.422,422,71.20823,4352,12,2.558594,322.3945,74.01172,508.1641,6
3085.301,422,69.28934,4352,7,2.558594,322.3945,73.88281,508.293,6
3084.438,422,66.83805,4320,10,2.558594,322.3945,75.4375,506.7383,6
3085.301,422,67.77494,4320,9,2.558594,322.3945,77.10938,505.0664,6
3084.422,422,66.41221,4320,13,2.558594,322.3945,69.91797,512.2578,6
3083.543,422,66.92308,4320,12,2.558594,322.3945,71.92969,510.2461,6
3085.301,422,62.62626,4320,12,2.558594,322.3945,77.53906,504.6367,6
3085.301,422,61.0,4352,9,2.558594,322.3945,75.13672,507.0391,6
3085.301,422,60.90226,4352,15,2.558594,322.3945,74.01953,508.1562,6
3085.301,422,55.80808,4352,10,2.558594,322.3945,72.90234,509.2734,6
3084.422,422,61.77215,4352,13,2.558594,322.3945,79.03906,503.1367,6
3084.422,422,65.22843,4352,14,2.558594,322.3945,78.55469,503.6211,6
3085.301,422,68.78173,4352,10,2.558594,322.3945,79.48828,502.6875,6
3085.301,422,66.0804,4352,9,2.558594,322.3945,77.09375,505.082,6
3084.422,422,66.75258,4352,9,2.558594,322.3945,72.82812,509.3477,6
3084.422,422,68.29897,4352,7,2.558594,322.3945,73.80469,508.3711,6
3084.422,422,67.5063,4352,12,2.558594,322.3945,79.55859,502.6172,6
3085.301,422,67.92929,4352,7,2.558594,322.3945,79.27734,502.8984,6
3085.301,422,65.47315,4352,10,2.558594,322.3945,71.32031,510.8555,6
3085.301,422,67.00508,4352,9,2.558594,322.3945,73.48438,508.6914,6
3084.422,422,68.63753,4352,11,2.558594,322.3945,73.16406,509.0117,6
3084.422,422,68.01008,4352,11,2.558594,322.3945,75.72266,506.4531,6
3084.422,422,66.41221,4352,9,2.558594,322.3945,79.67578,502.5,6
3085.301,422,70.88608,4352,14,2.558594,322.3945,75.80078,506.375,6
3084.422,422,68.03069,4352,12,2.558594,322.3945,77.0,505.1758,6
3084.422,422,66.41221,4352,8,2.558594,322.3945,75.00391,507.1719,6
3085.316,422,67.18346,4352,8,2.558594,322.3945,74.8125,507.3633,6
3084.422,422,70.35176,4352,10,2.558594,322.3945,78.44141,503.7344,6
3085.301,422,66.75192,4352,12,2.566406,322.3945,73.1875,508.9805,6
3083.543,422,70.95116,4352,13,2.566406,322.3945,76.91016,505.2578,6
3085.301,421,67.92929,4352,10,2.566406,322.3945,78.0625,504.1055,6
3083.484,421,66.07143,4352,7,2.566406,322.3945,76.85547,505.3125,6
3085.242,421,65.82278,4352,8,2.566406,322.3945,73.67188,508.4961,6
3084.363,421,65.82915,4352,8,2.566406,322.3945,71.48438,510.6836,6
3085.242,421,64.97462,4352,11,2.574219,322.3945,78.82812,503.332,6
3084.363,421,64.46701,4352,12,2.574219,322.3945,81.73438,500.4258,6
3085.301,421,65.65657,4352,19,2.574219,322.3945,77.8125,504.3477,6
3082.664,422,61.11111,4352,11,2.574219,322.3945,73.87891,508.2812,6
3084.422,421,58.08081,4352,19,2.574219,322.3945,77.72656,504.4336,6
3084.422,421,55.77889,4320,12,2.574219,322.3945,77.07812,505.082,6
3084.422,421,55.47074,4320,11,2.574219,322.3945,78.1875,503.9727,6
3085.301,421,67.8392,4320,10,2.574219,322.3945,80.60156,501.5586,6
3085.301,421,67.86632,4320,11,2.574219,322.3945,75.35156,506.8086,6
3085.301,422,71.79487,4320,16,2.574219,322.3945,79.89062,502.2695,6
3085.301,422,68.87755,4320,11,2.574219,322.3945,78.51172,503.6484,6
3085.301,422,65.89147,4320,10,2.574219,322.3945,77.48828,504.6719,6
3084.422,422,67.00508,4320,17,2.574219,322.3945,77.71875,504.4414,6
3085.301,422,68.5422,4320,12,2.574219,322.3945,74.41406,507.7461,6
3084.422,422,68.20513,4320,15,2.574219,322.3945,73.5,508.6602,6
3085.301,422,68.87755,4320,14,2.574219,322.3945,74.29688,507.8633,6
3083.543,422,67.4359,4320,12,2.574219,322.3945,79.32812,502.832,6
3084.422,422,68.11224,4352,10,2.574219,322.3945,72.55469,509.6055,6
3085.301,422,70.0,4352,6,2.574219,322.3945,77.61328,504.5469,6
3083.543,422,66.92112,4352,9,2.574219,322.3945,76.82422,505.3359,6
3085.301,422,68.79795,4352,20,2.574219,322.3945,76.02734,506.1328,6
3085.301,422,68.86076,4352,12,2.574219,322.3945,74.01172,508.1484,6
3084.422,422,65.90909,4352,11,2.574219,322.3945,76.47656,505.6836,6
3084.422,422,69.23077,4352,14,2.574219,322.3945,72.625,509.5352,6
3085.242,422,68.5422,4352,12,2.574219,322.3945,76.23438,505.9258,6
3084.363,422,67.43003,4352,10,2.574219,322.3945,75.54688,506.6133,6
3083.543,422,65.56962,4352,11,2.574219,322.3945,72.59766,509.5625,6
3084.422,422,67.59494,4352,17,2.574219,322.3945,79.94141,502.2188,6
3084.422,422,67.68448,4352,16,2.574219,322.3945,78.48047,503.6797,6
3084.422,422,69.36709,4352,8,2.574219,322.3945,72.35938,509.8008,6
3082.664,422,68.27411,4352,7,2.574219,322.3945,74.40625,507.7539,6
3085.301,422,65.3944,4352,10,2.574219,322.3945,71.8125,510.3477,6
3084.422,422,66.91729,4352,14,2.574219,322.3945,73.64844,508.5117,6
3085.301,422,65.3944,4352,11,2.574219,322.3945,75.25391,506.9062,6
3084.422,422,61.55779,4352,7,2.574219,322.3945,73.74609,508.4141,6
3084.422,422,59.5,4352,13,2.574219,322.3945,78.84766,503.3125,6
3085.316,422,55.88972,4384,12,2.574219,322.3945,78.99219,503.168,6
3085.258,422,61.69666,4384,9,2.574219,322.3945,75.00781,507.1523,6
3084.363,422,68.5422,4384,14,2.574219,322.3945,80.30859,501.8516,6
3084.363,422,67.4359,4384,15,2.574219,322.3945,74.0625,508.0977,6
3084.363,422,68.38046,4384,14,2.574219,322.3945,71.87891,510.2812,6
3085.242,422,64.72081,4384,11,2.574219,322.3945,74.67969,507.4805,6
3085.242,422,67.00767,4384,7,2.574219,322.3945,75.42969,506.7305,6
3085.242,422,66.92308,4384,13,2.574219,322.3945,77.34375,504.8164,6
3085.242,422,65.97938,4384,12,2.574219,322.3945,74.73438,507.4258,6
3082.605,422,65.03856,4384,11,2.574219,322.3945,79.22266,502.9375,6
3084.363,422,67.09845,4384,11,2.574219,322.3945,75.14062,507.0195,6
3085.242,422,66.24041,4384,11,2.574219,322.3945,77.66797,504.4922,6
3085.242,422,70.25641,4384,15,2.574219,322.3945,75.88672,506.2734,6
3085.242,422,69.36709,4384,16,2.574219,322.3945,79.43359,502.7266,6
3085.242,422,70.66327,4384,13,2.574219,322.3945,76.01953,506.1406,6
3084.363,422,68.87755,4384,18,2.574219,322.3945,73.28125,508.8789,6
3084.363,422,70.58824,4384,14,2.574219,322.3945,72.85547,509.3047,6
3085.242,422,65.06329,4384,13,2.574219,322.3945,76.72656,505.4336,6
3084.363,422,68.70229,4384,11,2.574219,322.3945,78.48438,503.6758,6
3085.242,423,65.97938,4384,10,2.574219,322.3945,80.51953,501.6406,6
3084.363,423,67.00767,4384,8,2.574219,322.3945,77.80469,504.3555,6
3085.242,423,66.91919,4384,9,2.574219,322.3945,73.88281,508.2773,6
3084.363,423,66.49746,4384,8,2.574219,322.3945,78.48047,503.6797,6
3082.605,423,64.10256,4384,12,2.574219,322.3945,78.84766,503.3125,6
3083.484,423,65.30612,4384,8,2.574219,322.3945,77.38672,504.7734,6
3085.242,423,64.54082,4384,7,2.574219,322.3945,75.625,506.5352,6
3084.363,423,65.74307,4384,10,2.574219,322.3945,74.26562,507.8945,6
3084.363,423,66.0,4384,12,2.574219,322.3945,75.92188,506.2383,6
3082.605,423,60.90226,4384,11,2.582031,322.3945,77.55469,504.5977,6
3084.363,423,55.75,4384,11,2.582031,322.3945,70.96094,511.1914,6
3084.363,423,54.22886,4384,9,2.582031,322.3945,76.48438,505.668,6
3084.363,423,57.07071,4384,15,2.582031,322.3945,70.74609,511.4062,6
3084.363,423,65.5527,4384,9,2.582031,322.3945,75.72656,506.4258,6
3083.484,423,64.97462,4384,7,2.582031,322.3945,77.625,504.5273,6
3085.242,423,67.35219,4384,13,2.582031,322.3945,75.19141,506.9609,6
3084.363,423,67.93893,4384,12,2.589844,322.3945,75.40625,506.7383,6
3084.363,423,69.74359,4384,15,2.589844,322.3945,79.36328,502.7812,6
3084.363,423,69.11392,4384,9,2.589844,322.3945,79.80078,502.3438,6
3084.363,423,68.93939,4384,11,2.589844,322.3945,75.19531,506.9492,6
3083.484,423,68.21705,4384,9,2.589844,322.3945,76.12891,506.0156,6
3085.242,423,67.93893,4384,10,2.589844,322.3945,76.07031,506.0742,6
3084.363,423,66.49616,4384,14,2.589844,322.3945,73.41797,508.7266,6
3084.363,423,67.08861,4384,9,2.589844,322.3945,78.5,503.6445,6
3085.242,423,68.12339,4384,9,2.589844,322.3945,73.39844,508.7461,6
3084.363,423,67.17557,4384,6,2.589844,322.3945,78.74609,503.3984,6
3084.363,423,69.84536,4384,9,2.589844,322.3945,73.77344,508.3711,6
3084.363,423,65.72165,4384,7,2.589844,322.3945,75.11719,507.0273,6
3084.363,423,69.25065,4384,11,2.589844,322.3945,85.11328,497.0312,6
3085.242,423,66.07143,4384,8,2.589844,322.3945,72.0625,510.082,6
3085.242,423,67.59494,4384,10,2.589844,322.3945,76.25781,505.8867,6
3085.242,423,66.32391,4384,11,2.589844,322.3945,76.91797,505.2266,6
3084.363,423,66.75127,4384,13,2.589844,322.3945,72.58984,509.5547,6
3084.363,423,65.21739,4384,12,2.589844,322.3945,73.18359,508.9609,6
3084.363,423,67.26804,4384,9,2.589844,322.3945,75.28906,506.8555,6
3084.363,423,66.75192,4384,8,2.589844,322.3945,79.62109,502.5234,6
3085.242,423,65.3944,4384,8,2.589844,322.3945,75.32422,506.8203,6
3084.363,423,63.88889,4384,16,2.589844,322.3945,74.32812,507.8164,6
3085.242,423,63.79747,4384,9,2.589844,322.3945,74.875,507.2695,6
3084.363,423,63.15789,4384,10,2.589844,322.3945,76.35938,505.7852,6
3083.484,423,59.0,4384,12,2.589844,322.3945,75.02734,507.1172,6
3084.379,423,56.85786,4384,13,2.589844,322.3945,75.10938,507.0352,6
3084.363,423,55.3616,4384,10,2.589844,322.3945,74.09766,508.0469,6
3085.258,423,63.07692,4384,9,2.589844,322.3945,71.75,510.3945,6
3082.605,423,67.69231,4384,6,2.589844,322.4609,76.625,505.4531,6
3084.363,423,63.56589,4384,17,2.589844,322.4609,79.30859,502.7695,6
3085.242,423,67.26804,4384,7,2.589844,322.4609,79.11719,502.9609,6
3084.363,422,67.17557,4384,16,2.589844,322.4609,77.69922,504.3789,6
3085.242,422,68.57143,4384,13,2.589844,322.4609,75.07422,507.0039,6
3084.363,422,66.75127,4384,10,2.589844,322.4609,76.57812,505.5,6
3082.438,422,66.49616,4384,12,2.589844,322.4609,74.8125,507.2656,6
3083.316,422,68.87755,4384,13,2.597656,322.4609,78.76562,503.3047,6
3083.316,422,67.09184,4384,10,2.597656,322.4609,75.29297,506.7773,6
3082.438,422,68.27411,4384,6,2.597656,322.4609,77.91406,504.1562,6
3082.438,422,67.25888,4384,15,2.597656,322.4609,80.45703,501.6133,6
3082.438,422,65.81633,4384,11,2.597656,322.4609,78.48828,503.582,6
3083.332,422,67.17557,4384,13,2.597656,322.4609,76.69141,505.3789,6
3082.438,422,65.30612,4384,8,2.597656,322.4609,72.71484,509.3555,6
3083.316,422,67.09184,4384,13,2.597656,322.4609,74.56641,507.5039,6
3082.438,422,66.83673,4384,9,2.597656,322.4609,75.08594,506.9844,6
3082.438,422,67.86632,4384,15,2.597656,322.4609,77.73828,504.332,6
3083.316,422,64.14141,4384,14,2.597656,322.4609,73.9375,508.1328,6
3082.438,422,65.47315,4384,8,2.597656,322.4609,74.65625,507.4141,6
3082.438,422,67.51269,4384,10,2.597656,322.4609,79.08594,502.9844,6
3082.438,422,67.25888,4384,17,2.597656,322.4609,77.64453,504.4258,6
3082.438,422,65.32663,4384,12,2.597656,322.4609,78.64062,503.4297,6
3083.316,422,67.77494,4384,9,2.597656,322.4609,78.61328,503.457,6
3081.559,422,66.58163,4384,10,2.597656,322.4609,79.23828,502.832,6
3082.438,422,63.56784,4384,12,2.597656,322.4609,80.36328,501.707,6
3082.438,422,63.15789,4384,12,2.597656,322.4609,79.68359,502.3867,6
3081.559,422,59.34343,4384,10,2.597656,322.4609,75.22656,506.8438,6
3082.438,422,59.601,4384,15,2.597656,322.4609,78.64062,503.4297,6
3082.438,422,51.25,4384,19,2.597656,322.4609,73.11719,508.9531,6
3081.559,422,59.84848,4384,10,2.597656,322.4609,76.47656,505.5938,6
3083.316,422,67.18346,4384,12,2.597656,322.4609,77.61719,504.4531,6
3081.559,422,67.77494,4384,16,2.597656,322.4609,78.17969,503.8906,6
3082.438,422,67.60204,4384,12,2.597656,322.4609,73.98828,508.082,6
3082.438,422,69.97455,4384,8,2.597656,322.4609,81.90625,500.1641,6
3080.68,422,70.02584,4384,12,2.597656,322.4609,79.1875,502.8828,6
3083.316,422,66.83673,4384,16,2.605469,322.4609,79.875,502.1875,6
3088.648,422,66.66667,4384,12,2.605469,322.4609,77.51953,504.543,6
3088.648,422,64.94845,4384,14,2.605469,322.4609,78.41797,503.6445,6
3087.645,423,65.79634,4384,16,2.863281,323.4805,69.60156,511.1836,6
3087.66,423,66.49616,4384,13,2.863281,323.4805,74.33984,506.4453,6
3085.887,423,68.62245,4384,11,2.863281,323.4805,69.98828,510.7969,6
3087.645,423,67.4359,4384,14,2.863281,323.4805,77.83594,502.9492,6
3087.645,424,65.5527,4384,9,2.863281,323.4805,74.02344,506.7617,6
3087.645,424,68.03069,4384,14,2.863281,323.4805,74.19922,506.5859,6
3087.645,424,68.47545,4384,10,2.871094,323.4805,75.59766,505.1797,6
3086.766,424,65.98985,4384,6,2.871094,323.4805,71.93359,508.8438,6
3086.766,424,66.24041,4352,9,2.871094,323.4805,70.45312,510.3242,6
3087.645,424,64.39394,4352,16,2.871094,323.4805,76.95703,503.8203,6
3087.645,424,64.54082,4352,7,2.871094,323.4805,75.51172,505.2656,6
3086.766,424,65.80977,4352,13,2.871094,323.4805,74.04688,506.7305,6
3087.645,424,65.3944,4352,10,2.871094,323.4805,75.42969,505.3477,6
3086.766,424,65.47315,4352,11,2.871094,323.4805,78.04688,502.7305,6
3086.766,424,67.16792,4352,13,2.871094,323.4805,72.23047,508.5469,6
3087.645,424,64.63104,4352,11,2.871094,323.4805,74.08984,506.6875,6
3087.645,424,67.67677,4352,13,2.871094,323.4805,77.18359,503.5938,6
3085.008,424,63.15789,4352,13,2.871094,323.4805,75.375,505.4023,6
3087.645,424,59.25,4352,12,2.871094,323.4805,76.56641,504.2109,6
3086.766,424,59.85037,4352,9,2.871094,323.4805,72.67969,508.0977,6
3086.766,423,53.34988,4352,10,2.871094,323.4805,73.49609,507.2812,6
3087.645,423,55.6391,4352,14,2.871094,323.4805,76.19141,504.5859,6
3086.766,423,66.49616,4352,11,2.871094,323.4805,76.47266,504.3047,6
3086.766,423,70.33248,4352,13,2.871094,323.4805,74.18359,506.5938,6
3087.645,423,65.5527,4352,12,2.878906,323.4805,74.79297,505.9766,6
3087.645,423,66.32653,4352,11,2.878906,323.4805,74.56641,506.2031,6
3086.766,423,65.72165,4352,16,2.878906,323.4805,70.72656,510.043,6
3086.766,423,69.7201,4352,12,2.878906,323.4805,73.21484,507.5547,6
3086.766,423,65.89147,4352,11,2.878906,323.4805,74.17188,506.5977,6
3087.645,423,68.46154,4320,15,2.878906,323.4805,73.96484,506.8047,6
3086.766,423,66.66667,4320,14,2.878906,323.4805,70.79297,509.9766,6
3086.781,423,64.54082,4320,14,2.878906,323.4961,73.33984,507.4141,6
3086.781,423,67.94872,4320,7,2.878906,323.4961,76.12891,504.625,6
3088.395,423,68.47545,4320,12,2.878906,323.4961,73.33984,507.4141,6
3087.645,423,67.43003,4320,10,2.878906,323.4961,77.21875,503.5352,6
3087.645,424,67.35219,4320,16,2.878906,323.4961,77.40234,503.3516,6
3086.766,423,66.58163,4320,6,2.878906,323.4961,71.86328,508.8906,6
3087.645,423,65.5527,4320,20,2.878906,323.4961,70.55078,510.2031,6
3087.645,423,68.20513,4320,10,2.878906,323.4961,69.66406,511.0898,6
3087.645,423,67.34694,4320,17,2.878906,323.4961,67.44922,513.3047,6
3087.645,423,67.18346,4320,12,2.878906,323.4961,74.26953,506.4844,6
3086.781,423,67.08861,4320,14,2.878906,323.4961,80.85938,499.8945,6
3086.766,423,64.2132,4320,14,2.878906,323.4961,72.83984,507.9141,6
3085.887,423,64.12214,4320,15,2.878906,323.4961,72.14062,508.6133,6
3086.766,423,66.24685,4320,8,2.878906,323.4961,73.01172,507.7422,6
3086.766,423,67.17557,4320,10,2.878906,323.4961,78.25,502.5039,6
3087.645,423,68.67168,4320,10,2.878906,323.4961,75.94531,504.8086,6
3087.645,423,62.08651,4320,13,2.886719,323.4883,77.91797,502.8359,6
3087.645,423,65.0,4320,10,2.886719,323.4961,74.35938,506.3867,6
3086.766,423,55.6391,4320,10,2.886719,323.4961,71.74219,509.0039,6
3087.645,423,57.35661,4352,16,2.886719,323.4961,74.14453,506.6016,6
3086.766,423,58.0402,4352,13,2.886719,323.4961,71.82031,508.9258,6
3087.645,423,64.2132,4352,13,2.886719,323.4961,77.62109,503.125,6
3086.766,423,67.51918,4352,12,2.886719,323.4961,72.63281,508.1133,6
3087.645,423,67.18346,4352,13,2.886719,323.4961,70.29297,510.4531,6
3086.766,423,66.06684,4352,11,2.886719,323.4961,76.08984,504.6562,6
3085.902,423,65.7289,4352,14,2.886719,323.4961,68.63281,512.1133,6
3086.766,423,67.00508,4352,12,2.886719,323.4961,76.51953,504.2266,6
3087.645,423,70.69409,4352,9,2.886719,323.4961,72.71094,508.0352,6
3086.766,423,65.73604,4352,9,2.886719,323.4961,77.32812,503.418,6
3087.645,423,70.81218,4352,11,2.886719,323.4961,70.78125,509.9648,6
3087.645,423,67.09512,4352,10,2.886719,323.4961,75.30859,505.4375,6
3085.008,423,65.81633,4352,8,2.886719,323.4961,76.30078,504.4453,6
3086.766,423,67.51918,4352,8,2.886719,323.4961,69.28906,511.457,6
3086.766,423,66.83805,4352,10,2.886719,323.4961,71.96484,508.7812,6
3087.645,423,69.3299,4352,5,2.886719,323.4961,80.33203,500.4141,6
3087.645,423,66.15776,4352,10,2.886719,323.4961,74.53906,506.207,6
3087.645,423,67.94872,4352,12,2.894531,323.4961,79.87109,500.8672,6
3086.766,423,63.17136,4352,9,2.894531,323.4961,72.39453,508.3438,6
3087.645,423,64.97462,4352,12,2.894531,323.4961,73.62891,507.1094,6
3087.645,423,67.78351,4352,9,2.894531,323.4961,77.22266,503.5156,6
3087.645,423,66.49874,4352,17,2.894531,323.4961,74.51953,506.2188,6
3086.766,423,67.17557,4352,12,2.894531,323.4961,75.57812,505.1602,6
3087.645,423,67.4359,4352,11,2.894531,323.4961,73.11719,507.6211,6
3086.766,423,68.11224,4352,8,2.894531,323.4961,73.42188,507.3164,6
3086.766,423,66.83544,4352,12,2.894531,323.4961,74.46094,506.2773,6
3086.766,423,64.48363,4352,7,2.894531,323.4961,70.80078,509.9375,6
3087.645,423,65.83541,4352,9,2.894531,323.4961,76.32812,504.4102,6
3085.887,423,63.56784,4352,11,2.894531,323.4961,73.67188,507.0664,6
3087.645,423,56.75,4352,9,2.894531,323.4961,73.10938,507.6289,6
3086.766,423,55.41562,4352,11,2.894531,323.4961,70.73047,510.0078,6
3087.645,423,53.01508,4352,8,2.894531,323.4961,73.85938,506.8789,6
3086.766,423,63.10433,4352,10,2.894531,323.4961,69.98828,510.75,6
3087.645,423,67.34694,4352,5,2.902344,323.4883,72.80469,507.9336,6
3087.645,423,67.68448,4352,14,2.902344,323.4961,73.74609,506.9844,6
3085.887,423,63.88889,4352,10,2.902344,323.4961,71.75391,508.9766,6
3086.766,423,66.58031,4352,12,2.902344,323.4961,76.75781,503.9727,6
3086.766,423,66.41026,4352,15,2.902344,323.4961,72.38672,508.3438,6
3087.645,423,68.28645,4352,15,2.902344,323.4961,77.08594,503.6445,6
3087.645,423,64.79592,4352,10,2.902344,323.4961,72.05469,508.6758,6
3087.645,423,69.58763,4352,8,2.902344,323.4961,68.95703,511.7734,6
3086.781,423,64.87179,4352,16,2.902344,323.4961,73.78516,506.9453,6
3087.66,423,65.37468,4352,13,2.902344,323.4961,71.32422,509.4062,6
3086.766,423,69.54315,4352,14,2.902344,323.4961,70.59375,510.1367,6
3087.645,423,62.65985,4352,15,2.902344,323.4961,74.73438,505.9961,6
3086.766,423,66.58098,4352,8,2.902344,323.4961,78.60938,502.1211,6
3086.781,421,70.15306,4384,8,2.902344,323.4961,77.22656,503.5039,6
3087.645,421,66.06684,4384,9,2.902344,323.4961,74.21875,506.5117,6
3087.66,421,66.15776,4384,10,2.902344,323.4961,81.32812,499.4023,6
3085.008,421,67.35219,4384,13,2.902344,323.4961,75.16016,505.5703,6
3087.645,421,68.95674,4384,15,2.902344,323.4961,76.46484,504.2656,6
3086.766,421,65.07538,4384,9,2.902344,323.4961,74.26562,506.4648,6
3087.645,421,65.45455,4384,15,2.902344,323.4961,72.35938,508.3711,6
3086.766,421,68.11224,4384,13,2.902344,323.4961,73.38672,507.3438,6
3087.645,421,66.58098,4384,9,2.902344,323.4961,72.26562,508.4648,6
3086.766,421,67.60204,4384,9,2.902344,323.4961,74.25781,506.4727,6
3087.645,421,67.00252,4384,13,2.902344,323.4961,74.39453,506.3359,6
3086.766,421,65.56122,4384,10,2.902344,323.4961,75.68359,505.0469,6
3087.645,421,65.15152,4384,11,2.902344,323.4961,72.62109,508.1094,6
3087.645,421,63.35878,4384,13,2.902344,323.4961,70.91016,509.8203,6
3087.645,421,58.35411,4384,15,2.902344,323.4961,73.67578,507.0547,6
3086.766,421,53.26633,4384,9,2.902344,323.4961,74.04688,506.6836,6
3085.945,421,53.76884,4384,13,2.902344,323.4961,73.89453,506.8359,6
3086.824,420,66.32124,4384,12,2.902344,323.4961,70.53516,510.1953,6
3087.719,420,67.67677,4384,14,2.910156,323.4961,75.93359,504.7891,6
3086.824,420,70.20202,4384,10,2.910156,323.4961,73.57031,507.1523,6
3086.824,420,66.66667,4384,14,2.910156,323.4961,73.82812,506.8945,6
3087.703,420,67.61658,4384,11,2.910156,323.4961,69.98828,510.7344,6
3087.703,420,70.51282,4384,10,2.910156,323.4961,75.08594,505.6367,6
3086.824,420,67.85714,4384,13,2.910156,323.4961,73.1875,507.5352,6
3087.703,420,69.2112,4384,11,2.910156,323.4961,70.51172,510.2109,6
3087.703,420,67.17557,4384,15,2.910156,323.4961,75.01562,505.707,6
3086.824,420,67.34177,4384,15,2.910156,323.4961,74.03125,506.6914,6
3086.824,420,70.40816,4384,14,2.910156,323.4961,75.20312,505.5195,6
3087.703,420,69.52141,4384,15,2.910156,323.4961,74.10938,506.6133,6
3086.824,420,69.48718,4384,12,2.910156,323.4961,72.10156,508.6211,6
3086.824,420,69.03553,4384,9,2.910156,323.4961,73.28516,507.4375,6
3086.824,420,68.5567,4384,19,2.910156,323.4961,74.83203,505.8906,6
3087.703,420,67.7665,4384,10,2.910156,323.4961,73.20703,507.5156,6
3086.84,420,67.09512,4384,11,2.910156,323.4961,70.52734,510.1953,6
3086.84,420,69.28934,4384,15,2.910156,323.4961,72.00781,508.7148,6
3086.824,420,68.46154,4384,14,2.910156,323.4961,71.95703,508.7656,6
3087.703,420,65.29563,4352,12,2.910156,323.4961,73.69922,507.0234,6
3087.703,420,70.15306,4352,12,2.910156,323.4961,72.64844,508.0742,6
3085.066,420,71.24682,4352,13,2.910156,323.4961,77.5625,503.1602,6
3086.824,420,67.09184,4352,8,2.910156,323.4961,70.52344,510.1992,6
3087.703,420,69.66581,4352,11,2.910156,323.4961,73.64453,507.0781,6
3086.824,420,66.83417,4352,13,2.917969,323.4961,78.60938,502.1055,6
3086.824,420,67.68448,4352,16,2.917969,323.4961,72.90234,507.8125,6
3086.824,420,63.72796,4352,12,2.917969,323.4961,77.86719,502.8477,6
3086.824,420,62.5,4352,14,2.917969,323.4961,69.89844,510.8164,6
3086.824,420,54.06091,4352,16,2.917969,323.4961,69.64453,511.0703,6
3086.824,420,56.92695,4352,15,2.917969,323.4961,66.47266,514.2422,6
3086.824,420,63.33333,4352,8,2.917969,323.4961,73.23828,507.4766,6
3085.945,420,68.44784,4352,16,2.917969,323.4961,74.23047,506.4844,6
3087.703,420,68.5567,4320,11,2.917969,323.4961,74.60156,506.1133,6
3087.703,420,68.28645,4320,16,2.917969,323.4961,78.46094,502.2539,6
3086.824,420,67.60204,4320,14,2.917969,323.4961,73.97656,506.7383,6
3087.703,420,68.71795,4320,12,2.917969,323.4961,79.75391,500.9609,6
3087.703,420,69.13265,4320,10,2.917969,323.4961,74.39453,506.3203,6
3086.824,420,67.09184,4320,13,2.917969,323.4961,73.61328,507.1016,6
3087.703,420,68.36735,4320,9,2.917969,323.4961,70.25,510.4648,6
3087.703,420,70.05076,4320,14,2.917969,323.4961,71.01172,509.7031,6
3086.824,420,64.85788,4320,14,2.925781,323.4961,69.07031,511.6367,6
3086.824,420,66.92112,4320,11,2.925781,323.4961,68.03125,512.6758,6
3086.824,420,66.58031,4320,13,2.925781,323.4961,78.04297,502.6641,6
3085.945,420,67.94872,4320,12,2.925781,323.4961,73.93359,506.7734,6
3086.824,420,69.2112,4320,10,2.925781,323.4961,74.17969,506.5273,6
3086.84,420,68.27411,4320,9,2.925781,323.4961,73.35547,507.3516,6
3085.961,420,67.42424,4320,13,2.925781,323.4961,73.80859,506.8984,6
3086.84,420,67.17949,4320,10,2.925781,323.4961,70.14453,510.5625,6
3087.703,420,67.43003,4320,8,2.925781,323.4961,74.9375,505.7695,6
3086.824,420,64.78149,4320,19,2.925781,323.4961,75.59375,505.1133,6
3087.703,420,67.51269,4320,12,2.925781,323.4961,75.30469,505.4023,6
3085.945,420,65.38462,4320,15,2.925781,323.4961,71.59766,509.1094,6
3085.945,420,66.66667,4352,15,2.925781,323.4961,69.82031,510.8867,6
3085.887,420,65.23929,4352,8,2.925781,323.4961,73.54297,507.1641,6
3085.887,420,45.27363,4352,8,2.925781,323.4961,73.125,507.582,6
3086.766,420,47.40741,4352,9,2.925781,323.4961,74.60156,506.1055,6
3086.824,420,48.00995,4352,8,2.925781,323.4961,73.92188,506.7852,6
3085.945,420,59.601,4352,8,2.925781,323.4961,74.95703,505.75,6
3086.824,420,62.12871,4352,14,2.925781,323.4961,74.57812,506.1289,6
3085.887,420,46.26866,4352,6,2.925781,323.4961,77.37109,503.3359,6
3086.766,420,55.32995,4352,12,2.925781,323.4961,74.47266,506.2344,6
3085.887,420,65.46392,4352,12,2.925781,323.4961,72.29688,508.4102,6
3086.766,420,69.54315,4352,12,2.925781,323.4961,70.3125,510.3945,6
3086.766,420,68.20513,4352,18,2.925781,323.4961,71.55859,509.1484,6
3086.766,420,70.25641,4352,8,2.925781,323.4961,69.65234,511.0547,6
3087.645,417,71.13402,4352,11,2.925781,323.4961,71.05859,509.6484,6
3086.043,418,68.03069,4352,9,2.925781,323.4961,72.69922,508.0078,6
3088.125,418,67.69231,4352,12,2.925781,323.4961,74.03125,506.6758,6
3087.66,417,67.35219,4352,11,2.925781,323.4961,73.29688,507.4102,6
3087.645,419,67.51918,4352,15,2.9375,323.4844,74.76953,505.9375,6
3087.645,418,65.30612,4352,12,2.9375,323.6523,74.43359,506.1055,6
3086.766,418,64.01028,4352,11,2.9375,323.6523,77.43359,503.1055,6
3086.766,418,67.78351,4352,14,2.9375,323.6523,72.86328,507.6758,6
3087.645,418,64.10256,4352,10,2.9375,323.6523,76.24609,504.293,6
3086.766,418,67.51918,4352,9,2.9375,323.6523,72.69531,507.8438,6
3086.766,418,65.74307,4352,14,2.945312,323.6523,70.8125,509.7188,6
3086.781,418,69.48718,4352,11,2.945312,323.6523,77.25781,503.2734,6
3086.766,418,66.66667,4352,13,2.945312,323.6523,75.01562,505.5156,6
3086.766,418,66.58228,4352,11,2.945312,323.6523,71.52344,509.0078,6
3085.887,418,66.75258,4352,15,2.945312,323.6523,72.23438,508.2969,6
3087.645,418,67.86632,4352,14,2.945312,323.6523,76.77344,503.7578,6
3085.887,418,67.8481,4352,12,2.945312,323.6523,73.08203,507.4492,6
3086.781,418,67.69231,4352,15,2.945312,323.6523,71.66406,508.8672,6
3086.781,418,66.07595,4352,16,2.945312,323.6523,69.75781,510.7734,6
3086.766,418,66.91919,4352,11,2.945312,323.6523,74.15234,506.3789,6
3086.766,418,64.2132,4352,11,2.945312,323.6523,70.84375,509.6875,6
3086.766,418,65.06329,4352,9,2.945312,323.6523,74.51172,506.0195,6
3086.766,418,61.16751,4352,18,2.945312,323.6523,80.5,500.0312,6
3086.766,418,59.89975,4352,13,2.953125,323.6523,74.96484,505.5586,6
3086.766,418,54.22886,4352,10,2.953125,323.75,74.62891,505.7969,6
3087.645,418,54.40806,4352,14,2.953125,323.7773,74.83203,505.5664,6
3087.645,418,65.98465,4352,8,2.953125,323.7773,75.03906,505.3594,6
3086.766,418,68.05195,4352,15,2.953125,323.7773,74.49219,505.9062,6
3087.645,418,66.32653,4352,11,2.953125,323.7773,70.33594,510.0625,6
3086.766,418,68.38046,4384,19,2.953125,323.7773,78.375,502.0234,6
3087.645,418,66.83673,4384,10,2.953125,323.7773,74.01562,506.3828,6
3086.766,418,68.21705,4384,13,2.953125,323.7773,71.30078,509.0977,6
3086.766,418,64.70588,4352,12,2.953125,323.7773,75.72656,504.6719,6
3086.766,418,67.60204,4352,18,2.953125,323.7773,76.66797,503.7305,6
3086.766,418,67.01031,4352,8,2.953125,323.7773,72.60156,507.7969,6
3086.766,418,66.75258,4352,15,2.953125,323.7773,71.5625,508.8359,6
3086.781,418,64.55696,4352,11,2.953125,323.7773,72.62109,507.7773,6
3086.766,418,64.19437,4352,7,2.953125,323.7773,73.78906,506.6094,6
3086.766,418,67.4359,4352,11,2.953125,323.7773,76.11719,504.2812,6
3087.645,418,66.58098,4352,10,2.953125,323.7773,75.53125,504.8672,6
3087.645,418,63.93862,4352,9,2.953125,323.7773,72.33203,508.0664,6
3086.766,417,68.46154,4352,10,2.953125,323.7773,72.34375,508.0547,6
3086.766,417,65.73604,4352,10,2.953125,323.7773,72.01953,508.3789,6
3085.008,417,67.34694,4352,16,2.953125,323.7773,74.74219,505.6562,6
3086.766,417,66.58163,4352,13,2.953125,323.7773,73.56641,506.832,6
3087.645,417,62.02532,4352,9,2.953125,323.7773,75.98438,504.4141,6
3086.766,417,65.98465,4320,5,2.953125,323.7773,74.34375,506.0547,6
3086.766,417,66.91919,4320,7,2.953125,323.7773,75.29688,505.1016,6
3086.766,417,67.8392,4320,9,2.953125,323.7773,76.94531,503.4531,6
3086.766,417,65.47315,4320,10,2.953125,323.7773,75.57812,504.8203,6
3086.766,417,66.23711,4320,10,2.953125,323.7773,75.21875,505.1797,6
3087.645,417,66.66667,4320,12,2.953125,323.7773,75.03516,505.3633,6
3087.645,417,61.15288,4320,10,2.953125,323.7773,74.62109,505.7773,6
3087.66,417,61.25,4352,9,2.953125,323.7773,74.20703,506.1914,6
3086.766,417,56.92695,4352,14,2.953125,323.7773,76.71484,503.6836,6
3086.781,417,54.40806,4320,11,2.953125,323.7773,74.74609,505.6523,6
3085.887,417,60.10101,4320,12,2.953125,323.7773,70.45312,509.9453,6
3086.766,417,67.61658,4320,16,2.953125,323.7773,75.20703,505.1914,6
3086.766,417,66.58291,4320,23,2.953125,323.7773,73.70703,506.6914,6
3087.66,417,68.38046,4320,11,2.953125,323.7773,70.40234,509.9961,6
3085.887,417,65.97403,4320,8,2.953125,323.7773,76.37109,504.0273,6
3087.645,417,68.5422,4320,12,2.953125,323.7773,75.14844,505.25,6
3087.645,417,67.34694,4320,17,2.953125,323.7773,71.07422,509.3242,6
3087.645,417,69.79695,4320,13,2.953125,323.7773,68.80859,511.5898,6
3087.645,417,66.41026,4320,12,2.953125,323.7773,70.89453,509.5039,6
3086.766,417,66.15385,4320,8,2.953125,323.7773,73.42578,506.9727,6
3085.887,417,63.68286,4320,16,2.953125,323.7773,77.96875,502.4297,6
3087.645,417,63.21244,4320,6,2.953125,323.7773,73.10547,507.293,6
3086.766,417,64.52442,4320,15,2.953125,323.7773,72.22266,508.1758,6
3086.781,417,68.79795,4320,12,2.953125,323.7773,76.87891,503.5195,6
3085.887,417,70.58824,4320,15,2.953125,323.7773,71.57422,508.8242,6
3087.645,417,68.19338,4320,11,2.953125,323.7773,74.38281,506.0156,6
3086.766,417,55.41237,4320,5,2.953125,323.7773,77.16016,503.2383,6
3085.887,417,64.12214,4320,13,2.953125,323.7773,74.37109,506.0273,6
3086.781,417,65.64103,4320,11,2.953125,323.7773,77.66016,502.7383,6
3085.887,417,51.9084,4320,7,2.953125,323.7773,76.87109,503.5273,6
3086.766,417,63.93862,4320,10,2.953125,323.7773,73.69922,506.6992,6
3085.008,417,66.91919,4320,11,2.953125,323.7773,70.96484,509.4336,6
3087.645,417,63.65915,4320,13,2.953125,323.7773,74.87891,505.5195,6
3086.766,417,67.60204,4320,9,2.953125,323.7773,73.71875,506.6797,6
3086.766,417,66.24041,4320,21,2.953125,323.7773,78.88281,501.5156,6
3086.766,417,64.07035,4320,10,2.953125,323.7773,74.01953,506.3789,6
3086.766,417,63.45178,4320,12,2.953125,323.7773,72.72266,507.6758,6
3087.66,417,61.36364,4320,11,2.953125,323.7773,73.47656,506.9219,6
3086.766,417,59.19395,4320,14,2.960938,323.7773,78.77734,501.6133,6
3087.645,417,55.52764,4320,17,2.960938,323.7773,72.26953,508.1211,6
3087.645,417,59.07928,4320,10,2.960938,323.7773,74.54688,505.8438,6
3086.766,417,68.5567,4320,12,2.960938,323.7773,72.23438,508.1562,6
3087.645,417,70.05076,4320,11,2.960938,323.7773,70.28516,510.1055,6
3087.645,417,68.63753,4320,9,2.960938,323.7773,77.55859,502.832,6
3087.645,417,66.14583,4320,12,2.960938,323.7773,71.84375,508.5469,6
3086.766,417,65.5527,4320,9,2.960938,323.7773,72.76953,507.6211,6
3087.66,417,63.40206,4320,13,2.960938,323.7773,71.85547,508.5352,6
3086.766,417,65.97403,4320,13,2.960938,323.7773,71.89453,508.4961,6
3085.887,417,64.93506000000001,4320,14,2.960938,323.7773,71.58203,508.8086,6
3087.645,417,66.66667,4320,14,2.960938,323.7773,74.125,506.2656,6
3085.887,417,64.64646,4320,12,2.960938,323.7773,75.43359,504.957,6
3087.645,417,67.86632,4320,11,2.960938,323.7773,70.70312,509.6875,6
3087.645,417,67.01031,4320,8,2.960938,323.7773,74.38281,506.0078,6
3086.766,417,69.38776,4320,9,2.96875,323.7773,74.25781,506.125,6
3087.645,417,65.3944,4320,12,2.96875,323.7773,73.74609,506.6367,6
3086.766,417,58.35476,4320,9,2.96875,323.7773,73.76562,506.6172,6
3086.766,419,68.52792,4320,16,2.96875,323.7773,74.36328,506.0195,6
3086.766,419,66.83673,4320,14,2.96875,323.7773,75.32812,505.0547,6
3086.766,419,67.85714,4320,12,2.96875,323.7773,75.625,504.7578,6
3086.766,419,65.31646,4320,8,2.96875,323.7773,73.65625,506.7266,6
3086.766,419,67.34694,4320,14,2.96875,323.7773,78.09766,502.2852,6
3086.766,419,65.98985,4320,9,2.96875,323.7773,77.69141,502.6914,6
3085.887,419,66.66667,4320,14,2.96875,323.7773,74.47266,505.9102,6
3086.766,419,66.32653,4320,11,2.96875,323.7773,73.54297,506.8398,6
3085.887,419,66.83544,4320,13,2.96875,323.7773,70.89062,509.4922,6
3087.645,419,65.48223,4320,12,2.96875,323.7773,69.02344,511.3594,6
3086.766,419,57.71144,4320,9,2.96875,323.7773,76.71875,503.6641,6
3087.645,419,62.25,4320,11,2.96875,323.7773,74.06641,506.3164,6
3086.766,419,60.20151,4320,15,2.96875,323.7773,74.01172,506.3711,6
3086.766,419,56.0794,4320,14,2.96875,323.7773,67.24219,513.1406,6
3088.148,419,53.90428,4320,7,2.976562,323.7773,70.25,510.125,6
3087.27,419,64.49086,4320,9,2.976562,323.7773,74.96875,505.4062,6
3086.766,419,65.21739,4320,12,2.976562,323.7773,76.875,503.5,6
3087.645,419,68.79795,4320,12,2.976562,323.8203,72.41016,507.9219,6
3087.645,419,66.75127,4320,13,2.976562,323.8203,70.83984,509.4922,6
3086.766,419,67.69231,4320,13,2.976562,323.8203,74.80859,505.5234,6
3085.922,419,65.7289,4320,12,2.976562,323.8203,74.48047,505.8516,6
3085.043,419,67.92929,4320,14,2.976562,323.8203,74.8125,505.5195,6
3086.738,419,67.34694,4320,9,2.984375,323.8125,77.86719,502.4648,6
3085.875,419,67.25888,4320,10,2.984375,323.8203,73.02734,507.2969,6
3087.633,419,67.17949,4352,15,2.984375,323.8203,77.92578,502.3984,6
3085.879,419,64.79592,4352,8,2.984375,323.8203,73.75,506.5742,6
3086.742,419,69.38776,4352,21,2.984375,323.8203,73.70312,506.6211,6
3087.621,419,68.27411,4352,11,2.984375,323.8203,71.38281,508.9414,6
3086.758,419,66.66667,4352,14,2.992188,323.8125,72.6875,507.6367,6
3085.805,418,67.00508,4352,12,2.992188,323.8203,74.04297,506.2734,6
3087.562,418,67.17172,4352,14,2.992188,323.8203,79.25781,501.0586,6
3086.742,418,57.94872,4352,4,2.992188,323.8203,76.07422,504.2422,6
3085.863,418,64.45013,4352,6,2.992188,323.8203,70.48438,509.832,6
3087.562,418,66.75127,4352,7,2.992188,323.8203,75.64062,504.6758,6
3085.805,418,65.03856,4352,11,2.992188,323.8203,70.91016,509.4062,6
3086.684,418,66.66667,4352,11,2.992188,323.8203,72.36719,507.9492,6
3086.684,418,67.92929,4320,11,2.992188,323.8203,69.26172,511.0547,6
3085.805,418,68.46154,4320,9,2.992188,323.8203,68.05859,512.2578,6
3086.684,418,68.68687,4320,8,2.992188,323.8203,68.96875,511.3477,6
3087.562,418,45.88529,4320,12,2.992188,323.8203,72.45312,507.8633,6
3085.805,418,63.15789,4320,13,2.992188,323.8203,74.53125,505.7852,6
3087.562,418,61.53846,4320,12,2.992188,323.8203,73.80859,506.5078,6
3086.684,418,60.199,4352,9,2.992188,323.8203,68.39844,511.918,6
3086.742,418,56.10973,4352,9,2.992188,323.8203,73.5,506.8164,6
3086.742,418,55.77889,4352,12,2.992188,323.8203,70.67578,509.6406,6
3086.758,418,64.37659,4352,7,2.992188,323.8203,72.20312,508.1133,6
3084.984,418,67.8392,4352,14,2.992188,323.8203,73.63672,506.6797,6
3087.621,418,66.58031,4352,13,2.992188,323.8203,71.57031,508.7461,6
3086.742,418,68.44784,4352,7,2.992188,323.8203,72.21484,508.1016,6
3086.742,418,69.58763,4352,9,2.992188,323.8203,67.89844,512.418,6
3087.621,418,67.26804,4352,15,2.992188,323.8203,73.02344,507.293,6
3086.742,418,66.41221,4352,12,2.992188,323.8203,73.37891,506.9375,6
3086.742,418,63.73057,4352,8,2.992188,323.8203,68.14453,512.1719,6
3086.742,418,69.89796,4352,11,2.992188,323.8203,73.27344,507.043,6
3086.742,418,66.83805,4384,8,2.992188,323.8203,72.94922,507.3672,6
3087.621,418,66.06684,4352,13,2.992188,323.8203,75.13281,505.1836,6
3086.742,418,66.15776,4352,14,2.992188,323.8203,77.28906,503.0273,6
3086.742,418,68.79795,4352,11,2.992188,323.8203,73.68359,506.6328,6
3087.621,418,68.70229,4352,8,2.992188,323.8203,73.53906,506.7773,6
3085.863,418,66.49485,4352,11,2.992188,323.8203,70.19922,510.1172,6
3086.742,418,66.66667,4352,11,2.992188,323.8203,74.05859,506.2578,6
3086.742,418,65.48223,4352,13,2.992188,323.8203,77.08594,503.2305,6
3086.742,418,56.2982,4352,4,2.992188,323.8203,78.27344,502.043,6
3087.621,418,63.45178,4352,11,2.992188,323.8203,75.39453,504.9219,6
3087.621,418,67.92929,4352,13,2.992188,323.8203,71.37109,508.9453,6
3086.742,418,66.83417,4352,11,2.992188,323.8203,72.91016,507.4062,6
3086.742,418,65.12821,4352,8,3.0,323.8203,71.15234,509.1562,6
3086.742,418,68.27411,4352,11,3.0,323.8203,70.30469,510.0039,6
3087.621,418,65.64885,4352,6,3.0,323.8203,69.79297,510.5156,6
3087.621,418,63.90977,4352,6,3.0,323.8203,70.16406,510.1445,6
3086.742,418,63.61323,4352,12,3.0,323.8203,70.39062,509.918,6
3086.742,418,63.19797,4352,10,3.0,323.8203,75.80859,504.5,6
3087.621,418,60.60606,4352,14,3.0,323.8203,72.35547,507.9531,6
3085.863,418,54.0,4352,14,3.0,323.8203,76.47266,503.8359,6
3086.742,418,57.97468,4352,10,3.0,323.8203,72.6875,507.6211,6
3087.621,418,64.61538,4352,10,3.0,323.8203,70.45703,509.8516,6
3087.621,418,68.36735,4352,15,3.0,323.8203,70.15625,510.1523,6
3086.742,418,67.4359,4352,9,3.0,323.8203,73.51562,506.793,6
3086.742,418,65.89147,4352,10,3.0,323.8203,71.02734,509.2812,6
3086.758,418,67.34694,4352,12,3.0,323.8203,71.28906,509.0195,6
3086.742,418,71.61125,4352,16,3.0,323.8203,73.61719,506.6914,6
3086.742,418,67.60925,4352,13,3.0,323.8203,68.30469,512.0039,6
3085.863,418,71.17347,4352,14,3.0,323.8203,74.37109,505.9375,6
3087.621,418,66.66667,4352,11,3.0,323.8203,71.22656,509.082,6
3086.742,418,68.87755,4352,8,3.0,323.8203,71.5625,508.7461,6
3086.742,418,67.85714,4352,14,3.0,323.8203,75.52344,504.7852,6
3087.621,418,65.23929,4352,11,3.0,323.8203,77.44531,502.8633,6
3086.742,418,67.08861,4352,8,3.007812,323.8203,74.08203,506.2188,6
3085.863,418,66.41221,4352,8,3.007812,323.8203,72.71094,507.5898,6
3086.742,418,67.60204,4352,10,3.007812,323.8203,73.35156,506.9492,6
3086.742,418,68.35443,4352,13,3.007812,323.8203,69.62891,510.6719,6
3086.742,418,68.97436,4352,11,3.007812,323.8203,70.04688,510.2539,6
3086.742,418,67.8481,4352,17,3.007812,323.8203,71.875,508.4258,6
3087.621,418,60.96939,4352,15,3.007812,323.8203,68.23438,512.0664,6
3087.621,418,68.18182,4352,13,3.007812,323.8203,70.08984,510.2109,6
3084.984,418,70.40816,4320,16,3.007812,323.8203,74.21875,506.082,6
3087.637,418,65.05102,4320,13,3.007812,323.8203,72.80859,507.4922,6
3087.637,420,61.9898,4320,6,3.007812,323.8203,75.51562,504.7852,6
3083.293,420,65.30612,4320,9,3.007812,323.8203,77.12891,503.1719,6
3082.414,420,65.48223,4320,11,3.007812,323.8203,69.83594,510.4648,6
3082.43,420,65.16291,4320,10,3.007812,323.8203,74.35547,505.9453,6
3083.309,420,63.29114,4352,10,3.015625,323.8203,74.29297,506.0,6
3083.309,420,57.72152,4352,13,3.015625,323.8203,72.39844,507.8945,6
3082.414,420,54.83871,4352,9,3.015625,323.8203,73.98438,506.3086,6
3082.414,420,58.52417,4352,8,3.015625,323.8203,74.76953,505.5234,6
3082.414,420,66.07143,4352,15,3.015625,323.8203,74.25391,506.0391,6
3080.656,420,65.49118,4352,8,3.015625,323.8203,74.38281,505.9102,6
3082.414,421,64.34109,4352,10,3.015625,323.8203,69.13281,511.1602,6
3082.414,421,66.23711,4352,13,3.015625,323.8203,70.59375,509.6992,6
3082.414,421,68.5422,4352,10,3.015625,323.8203,71.94922,508.3438,6
3080.656,421,68.35443,4352,8,3.015625,323.8203,75.94141,504.3516,6
3083.293,421,70.10309,4352,10,3.015625,323.8203,75.60938,504.6836,6
3082.414,421,68.91192,4352,10,3.015625,323.8203,79.50781,500.7852,6
3081.535,421,67.26343,4352,13,3.015625,323.8203,70.77344,509.5195,6
3082.414,421,66.15385,4352,11,3.015625,323.8203,71.93359,508.3594,6
3083.293,421,69.28934,4352,16,3.015625,323.8203,75.08594,505.207,6
3082.414,421,66.83673,4352,10,3.015625,323.8203,74.82031,505.4727,6
3082.414,421,68.01008,4352,9,3.015625,323.8203,73.93359,506.3594,6
3083.293,421,68.0203,4352,11,3.015625,323.8203,70.03906,510.2539,6
3082.414,421,65.73604,4352,14,3.015625,323.8203,75.43359,504.8594,6
3083.293,421,69.7201,4352,7,3.015625,323.8203,71.98828,508.3047,6
3082.414,421,66.41026,4352,18,3.015625,323.8203,80.04688,500.2461,6
3082.414,421,66.16162,4352,15,3.015625,323.8203,76.93359,503.3594,6
3083.293,421,64.97462,4352,11,3.015625,323.8203,73.21484,507.0781,6
3083.293,421,66.49616,4352,15,3.015625,323.8203,72.07031,508.2227,6
3083.293,421,67.43003,4352,15,3.015625,323.8203,71.4375,508.8555,6
3082.43,421,65.48223,4352,15,3.015625,323.8203,71.1875,509.1055,6
3080.656,421,67.68448,4352,8,3.015625,323.8203,72.58594,507.707,6
3081.535,421,65.56122,4320,19,3.015625,323.8203,78.02734,502.2656,6
3082.414,421,66.91729,4320,8,3.015625,323.8203,73.91406,506.3789,6
3083.293,421,63.5443,4320,12,3.015625,323.8203,73.70703,506.5859,6
3082.414,421,61.25,4352,15,3.015625,323.8203,69.14062,511.1523,6
3082.414,421,56.56566,4352,12,3.015625,323.8203,75.59375,504.6992,6
3082.414,421,54.88722,4352,8,3.015625,323.8203,73.15625,507.1367,6
3082.414,421,60.95718,4352,13,3.015625,323.8203,70.42188,509.8711,6
3082.414,421,68.21705,4352,8,3.015625,323.8203,73.63281,506.6602,6
3083.293,421,69.38776,4352,8,3.015625,323.8203,71.80469,508.4883,6
3081.535,421,69.54315,4352,10,3.015625,323.8203,71.14844,509.1445,6
3083.293,421,65.81633,4352,12,3.015625,323.8203,71.63672,508.6562,6
3083.293,421,66.15776,4352,13,3.015625,323.8203,71.25,509.043,6
3084.258,421,66.58098,4352,8,3.015625,323.8203,70.0,510.293,6
3083.379,421,64.63104,4352,12,3.015625,323.8203,73.57031,506.7227,6
3082.5,421,66.75127,4352,14,3.015625,323.8203,73.20312,507.0898,6
3083.379,421,64.85788,4352,16,3.015625,323.8203,71.64062,508.6523,6
3082.516,421,67.01299,4352,9,3.015625,323.8203,71.54297,508.75,6
3083.379,421,64.28571,4352,10,3.015625,323.8203,73.21094,507.082,6
3083.379,421,69.3299,4352,11,3.015625,323.8203,71.49219,508.8008,6
3083.379,421,65.64885,4352,14,3.015625,323.8203,72.57031,507.7227,6
3083.379,421,67.17557,4352,15,3.023438,323.8203,72.58984,507.6953,6
3084.258,421,68.20513,4352,13,3.023438,323.8203,72.375,507.9102,6
3082.5,421,66.66667,4352,16,3.023438,323.8203,69.69531,510.5898,6
3083.379,421,67.85714,4352,11,3.023438,323.8203,70.41016,509.875,6
3084.258,421,65.99496,4352,11,3.023438,323.8203,66.57422,513.7109,6
3083.379,421,67.43003,4352,14,3.023438,323.8203,73.50391,506.7812,6
3083.379,421,65.74307,4320,12,3.023438,323.8203,67.53125,512.7539,6
3083.379,421,68.04124,4320,13,3.023438,323.8203,72.99219,507.293,6
3084.258,421,69.82097,4320,16,3.023438,323.8203,67.73047,512.5547,6
3084.258,421,67.8481,4288,16,3.03125,323.8203,67.10156,513.1758,6
3083.379,421,64.70588,4288,16,3.03125,323.8203,75.36719,504.9102,6
3083.379,421,64.46701,4288,14,3.03125,323.8203,72.55078,507.7266,6
3083.379,421,63.35878,4288,10,3.03125,323.8203,75.20703,505.0703,6
3084.258,421,58.95522,4288,14,3.03125,323.8203,71.16406,509.1133,6
3083.379,421,56.0,4288,18,3.03125,323.8203,73.75,506.5273,6
3083.379,421,54.68354,4288,12,3.03125,323.8203,74.54297,505.7344,6
3084.258,421,59.74359,4320,15,3.03125,323.8203,72.09766,508.1797,6
3082.5,421,67.7665,4352,13,3.03125,323.8203,69.82422,510.4531,6
3084.258,421,69.89796,4352,14,3.03125,323.8203,74.32031,505.957,6
3082.5,421,68.62245,4352,11,3.03125,323.8203,73.28125,506.9961,6
3082.5,421,70.15306,4352,7,3.03125,323.8203,70.22656,510.0508,6
3083.379,421,68.5422,4352,11,3.03125,323.8203,72.08984,508.1875,6
3083.379,421,67.00767,4352,11,3.03125,323.8203,71.89844,508.3789,6
3083.379,421,68.97436,4352,19,3.03125,323.8203,69.46875,510.8086,6
3084.258,421,69.64286,4352,7,3.03125,323.8203,70.875,509.4023,6
3084.258,421,66.66667,4352,12,3.03125,323.8203,70.38672,509.8906,6
3084.258,421,68.36735,4352,12,3.03125,323.8203,69.34766,510.9297,6
3084.199,421,68.0203,4352,7,3.03125,323.8203,71.05078,509.2266,6
3083.379,421,66.75192,4352,6,3.03125,323.8203,70.50781,509.7695,6
3082.5,421,65.80977,4352,8,3.03125,323.8203,74.47656,505.8008,6
3083.379,421,64.85788,4352,11,3.03125,323.8203,71.01562,509.2617,6
3084.258,421,67.51918,4352,11,3.03125,323.8203,73.57422,506.7031,6
3084.258,421,65.06329,4352,10,3.03125,323.8203,75.20703,505.0703,6
3083.379,421,68.52792,4352,14,3.03125,323.8203,72.80469,507.4727,6
3083.379,421,67.8481,4352,7,3.03125,323.8203,76.22656,504.0508,6
3083.379,421,64.12214,4352,9,3.03125,323.8203,78.57812,501.6992,6
3081.621,421,67.69231,4352,10,3.03125,323.8203,74.55859,505.7188,6
3081.621,421,69.46565,4352,9,3.03125,323.8203,69.14453,511.1328,6
3083.379,421,65.32663,4352,9,3.03125,323.8203,72.73438,507.543,6
3082.5,421,67.68448,4352,8,3.039062,323.8203,73.59766,506.6719,6
3083.379,421,65.30612,4352,12,3.039062,323.8203,72.88672,507.3828,6
3084.258,421,66.0804,4352,13,3.039062,323.8203,73.93359,506.3359,6
3083.379,421,62.12121,4352,11,3.039062,323.8203,77.42969,502.8398,6
3083.379,421,59.94962,4352,9,3.039062,323.8203,69.67969,510.5898,6
3083.379,421,55.80808,4352,11,3.039062,323.8203,67.46484,512.8047,6
3084.258,421,54.15617,4352,8,3.046875,323.8125,69.07031,511.1992,6
3082.5,421,60.5598,4352,9,3.046875,323.8203,72.38672,507.875,6
3084.258,421,67.77494,4352,8,3.046875,323.8203,69.70703,510.5547,6
3083.379,421,56.65796,4352,14,3.046875,323.8203,69.95703,510.3047,6
3084.258,421,68.63753,4352,8,3.046875,323.8203,70.94531,509.3164,6
3084.258,421,68.28645,4320,11,3.046875,323.8203,69.46484,510.7969,6
3083.379,421,66.92112,4320,13,3.046875,323.8203,76.47656,503.7852,6
3083.379,421,68.14621,4320,12,3.046875,323.8203,76.31641,503.9453,6
3084.383,421,65.30612,4320,11,3.046875,323.8203,72.01953,508.2422,6
3082.625,421,66.15385,4320,13,3.046875,323.8203,71.51953,508.7422,6
3084.383,421,69.13265,4320,10,3.054688,323.8203,69.77344,510.4805,6
3084.273,421,66.49616,4320,11,3.054688,323.8203,68.29297,511.9609,6
3084.258,421,69.15167,4320,13,3.054688,323.8203,69.70312,510.5508,6
3083.379,421,65.73604,4320,9,3.054688,323.8203,68.07031,512.1836,6
3083.379,421,67.94872,4320,10,3.054688,323.8203,70.66797,509.5859,6
3083.379,421,67.09512,4320,11,3.054688,323.8203,72.10938,508.1445,6
3083.379,420,68.19338,4320,9,3.054688,323.8203,67.42188,512.832,6
3083.379,421,70.58824,4320,13,3.054688,323.8203,69.83594,510.418,6
3083.379,421,68.0203,4320,12,3.054688,323.8203,72.05859,508.1953,6
3083.379,421,66.07143,4352,12,3.054688,323.8203,73.08203,507.1719,6
3084.258,421,66.32911,4352,10,3.054688,323.8203,68.02344,512.2305,6
3083.379,421,68.79795,4352,14,3.054688,323.8203,67.98438,512.2695,6
3083.379,422,65.13995,4352,25,3.054688,323.8203,70.29297,509.9609,6
3083.379,422,65.98985,4352,13,3.054688,323.8203,71.0,509.2539,6
3083.379,422,66.41221,4352,10,3.054688,323.8203,70.61719,509.6367,6
3084.258,422,66.41414,4352,11,3.054688,323.8203,70.02734,510.2266,6
3084.258,422,65.49118,4352,11,3.054688,323.8203,68.21484,512.0391,6
3083.379,422,62.40409,4352,20,3.054688,323.8203,74.28125,505.9727,6
3083.379,422,59.10224,4352,12,3.054688,323.8203,73.14062,507.1133,6
3082.5,422,55.11222,4352,5,3.054688,323.8203,74.99219,505.2617,6
3082.5,422,42.6799,4352,5,3.054688,323.8203,73.16016,507.0938,6
3083.379,422,62.08651,4352,7,3.054688,323.8203,76.41406,503.8398,6
3083.379,422,69.23077,4352,8,3.054688,323.8203,70.86328,509.3906,6
3083.379,422,66.06684,4352,9,3.054688,323.8203,72.88281,507.3711,6
3082.5,422,66.32391,4352,11,3.0625,323.8203,72.21484,508.0312,6
3083.379,422,66.07143,4352,14,3.0625,323.8203,69.78125,510.4648,6
3084.258,422,67.78351,4352,10,3.0625,323.8203,73.83203,506.4141,6
3083.379,422,65.73604,4352,8,3.0625,323.8203,72.38672,507.8594,6
3084.258,422,66.49616,4352,8,3.0625,323.8203,73.68359,506.5625,6
3083.395,422,67.85714,4352,15,3.0625,323.8203,69.76562,510.4805,6
3081.637,422,67.77494,4352,8,3.0625,323.8203,67.79297,512.4531,6
3082.516,422,67.17949,4352,10,3.0625,323.8203,72.48047,507.7656,6
3083.379,422,68.27411,4352,10,3.0625,323.8203,70.51172,509.7344,6
3084.258,422,66.92112,4352,15,3.0625,323.8203,69.53125,510.7148,6
3084.258,422,67.26343,4352,6,3.0625,323.8203,70.50781,509.7383,6
3084.258,422,70.81218,4352,15,3.0625,323.8203,77.30469,502.9414,6
3083.379,422,68.99225,4352,14,3.0625,323.8203,73.12109,507.125,6
3083.379,422,66.41221,4352,8,3.0625,323.8203,70.65234,509.5938,6
3083.379,422,68.70229,4384,9,3.0625,323.8203,70.54688,509.6992,6
3083.379,422,68.78173,4384,9,3.0625,323.8203,70.45312,509.793,6
3083.379,422,64.97462,4384,12,3.0625,323.8203,72.36328,507.8828,6
3083.379,422,66.32653,4384,9,3.0625,323.8203,74.32812,505.918,6
3084.258,422,65.15152,4384,18,3.0625,323.8203,71.68359,508.5625,6
3082.5,422,66.24365,4384,14,3.0625,323.8203,68.04688,512.1992,6
3084.273,422,66.75192,4384,12,3.0625,323.8203,72.73828,507.5078,6
3083.395,422,63.47607,4384,8,3.0625,323.8203,72.36328,507.8828,6
3083.395,422,62.97229,4384,6,3.0625,323.8203,68.3125,511.9336,6
3083.406,422,53.82716,4384,12,3.0625,323.8203,73.00391,507.2422,6
3083.406,422,63.25,4384,10,3.0625,323.8203,72.75391,507.4922,6
3084.285,423,57.1066,4384,15,3.0625,323.8203,73.17578,507.0703,6
3084.258,423,55.30303,4384,12,3.0625,323.8203,69.89453,510.3516,6
3084.285,423,63.42711,4384,14,3.070312,323.8125,70.71875,509.5273,6
3082.527,423,66.41221,4384,14,3.070312,323.8203,72.58984,507.6484,6
3084.273,423,67.69231,4384,11,3.070312,323.8203,70.69922,509.5391,6
3083.395,423,68.78173,4384,12,3.070312,323.8203,67.48438,512.7539,6
3084.258,423,69.82097,4384,12,3.070312,323.8203,71.92188,508.3164,6
3084.258,423,67.68448,4384,18,3.070312,323.8203,71.38672,508.8516,6
3084.258,423,67.44186,4352,7,3.070312,323.8203,72.625,507.6133,6
3083.379,423,67.94872,4352,14,3.070312,323.8203,67.44531,512.793,6
3082.516,423,66.66667,4352,10,3.070312,323.8203,69.71875,510.5195,6
3083.395,423,68.79795,4352,12,3.070312,323.8203,73.13281,507.1055,6
3082.516,423,68.97436,4352,12,3.070312,323.8203,71.35156,508.8867,6
3083.395,423,69.76744,4352,12,3.070312,323.8203,68.24609,511.9922,6
3083.395,423,65.64885,4352,10,3.070312,323.8203,68.83984,511.3984,6
3084.273,423,69.30946,4352,14,3.070312,323.8203,67.79297,512.4453,6
3084.273,423,68.95674,4352,6,3.070312,323.8203,70.03125,510.207,6
3083.395,423,67.85714,4352,12,3.070312,323.8203,74.83594,505.4023,6
3083.395,423,69.46565,4352,18,3.070312,323.8203,67.37891,512.8594,6
3083.395,423,68.19338,4352,13,3.070312,323.8203,70.47266,509.7656,6
3083.395,423,68.62245,4352,15,3.070312,323.8203,66.38281,513.8555,6
3083.395,423,66.66667,4352,9,3.070312,323.8203,68.85156,511.3867,6
3083.395,423,68.0203,4352,13,3.070312,323.8203,69.625,510.6133,6
3084.273,423,65.90909,4352,9,3.070312,323.8203,71.19922,509.0391,6
3082.516,423,69.03553,4352,10,3.070312,323.8203,71.02344,509.2148,6
3083.395,423,68.27411,4352,13,3.070312,323.8203,67.63281,512.6055,6
3084.273,423,62.43655,4352,8,3.070312,323.8203,74.8125,505.4258,6
3084.273,423,66.41604,4352,11,3.070312,323.8203,74.60938,505.6289,6
3083.41,423,64.3038,4352,12,3.070312,323.8203,71.00391,509.2344,6
3083.41,423,62.31156,4352,7,3.070312,323.8203,73.89453,506.3438,6
3084.273,423,57.03704,4352,15,3.070312,323.8203,69.01562,511.2227,6
3084.273,423,51.0101,4352,21,3.070312,323.8203,65.99609,514.2422,6
3081.637,423,60.51282,4352,12,3.070312,323.8203,71.46875,508.7695,6
3082.516,423,68.20513,4352,13,3.070312,323.8203,70.09766,510.1406,6
3083.395,423,70.10309,4352,9,3.070312,323.8203,77.25391,502.9844,6
3084.273,423,69.23077,4384,12,3.070312,323.8203,72.57031,507.668,6
3083.395,423,64.70588,4384,8,3.070312,323.8203,66.99219,513.2461,6
3083.379,423,67.00767,4384,8,3.070312,323.8203,70.4375,509.8008,6
3083.379,423,68.12339,4384,13,3.070312,323.8203,73.90234,506.3359,6
3083.395,423,67.09184,4384,11,3.070312,323.8203,73.46875,506.7695,6
3084.258,423,68.21705,4384,12,3.070312,323.8203,73.55859,506.6797,6
3084.258,423,66.15385,4384,17,3.070312,323.8203,69.49219,510.7461,6
3083.379,423,67.00508,4384,9,3.070312,323.8203,68.16797,512.0703,6
3083.379,423,67.75819,4384,8,3.070312,323.8203,70.94141,509.2969,6
3082.516,423,67.75819,4384,8,3.070312,323.8203,67.87891,512.3594,6
3082.516,423,69.38776,4352,15,3.078125,323.8203,69.76172,510.4688,6
3083.395,423,67.26343,4352,14,3.078125,323.8203,70.92188,509.3086,6
3084.273,423,68.95674,4352,15,3.078125,323.8203,71.14062,509.0898,6
3083.379,423,70.25641,4352,14,3.078125,323.8203,73.4375,506.793,6
3083.379,423,67.34694,4352,7,3.078125,323.8203,73.82422,506.4062,6
3083.379,421,65.3944,4352,12,3.078125,323.8203,70.02734,510.2031,6
3083.379,421,68.09045,4352,6,3.078125,323.8203,75.30078,504.9297,6
3083.379,421,65.90331,4352,12,3.078125,323.8203,69.42188,510.8086,6
3083.379,421,70.58824,4352,8,3.078125,323.8203,65.36719,514.8633,6
3083.379,421,67.34177,4352,12,3.078125,323.8203,65.33203,514.8984,6
3083.379,421,67.4359,4352,6,3.078125,323.8203,67.83203,512.3984,6
3083.379,421,67.67677,4352,9,3.078125,323.8203,70.10547,510.125,6
3083.379,421,63.88889,4352,14,3.078125,323.8203,72.72266,507.5078,6
3083.379,421,61.55779,4352,5,3.078125,323.8203,72.49609,507.7344,6
3083.379,421,60.44776,4352,12,3.078125,323.8203,74.55078,505.6797,6
3083.379,421,57.75,4352,13,3.078125,323.8203,70.97266,509.2578,6
3083.379,421,53.76884,4352,13,3.078125,323.8203,68.25,511.9805,6
3083.379,421,61.32316,4352,12,3.078125,323.8203,68.60156,511.6289,6
3082.516,421,69.64286,4352,9,3.078125,323.8203,78.75391,501.4766,6
3083.379,421,66.24685,4352,10,3.078125,323.8203,71.625,508.6055,6
3084.258,421,66.75192,4352,10,3.078125,323.8203,68.27734,511.9531,6
3083.379,421,68.19338,4352,13,3.078125,323.8203,70.69922,509.5312,6
3084.258,421,68.46154,4352,11,3.078125,323.8203,71.91406,508.3164,6
3083.379,421,64.76684,4352,9,3.078125,323.8203,69.89453,510.3359,6
3083.379,421,68.79795,4352,11,3.078125,323.8203,68.87109,511.3594,6
3084.258,421,67.09184,4352,14,3.078125,323.8203,67.72656,512.5039,6
3083.379,421,68.18182,4352,6,3.078125,323.8203,75.80859,504.4219,6
3083.379,422,67.93893,4352,15,3.078125,323.8203,67.39062,512.8398,6
3083.379,422,66.24041,4352,7,3.078125,323.8203,65.23047,515.0,6
3083.379,422,67.69231,4352,10,3.078125,323.8203,69.0,511.2305,6
3084.258,422,66.83805,4352,10,3.078125,323.8203,69.95312,510.2773,6
3083.379,422,66.16162,4352,8,3.078125,323.8203,73.58984,506.6406,6
3083.379,422,66.83673,4352,11,3.078125,323.8203,69.27734,510.9531,6
3082.5,422,67.25888,4352,14,3.078125,323.8203,72.3125,507.918,6
3083.379,422,67.09184,4352,7,3.078125,323.8203,72.5,507.7305,6
3084.258,422,61.22449,4352,13,3.078125,323.8203,71.64453,508.5859,6
3083.379,422,66.66667,4352,12,3.085938,323.8203,72.92188,507.3008,6
3083.395,422,69.30946,4352,12,3.085938,323.8203,74.9375,505.2852,6
3083.379,422,66.41221,4352,12,3.085938,323.8203,71.07812,509.1445,6
3084.258,422,67.93893,4352,8,3.085938,323.8203,71.3125,508.9102,6
3082.5,422,63.26531,4352,13,3.085938,323.8203,72.92188,507.3008,6
3083.379,422,65.75,4352,10,3.085938,323.8203,74.42578,505.7969,6
3082.5,422,61.84539,4352,4,3.085938,323.8203,69.96875,510.2539,6
3084.258,421,62.12121,4352,10,3.085938,323.8203,69.26953,510.9531,6
3083.379,421,62.37624,4320,14,3.085938,323.8203,69.91797,510.3047,6
3082.5,421,60.05025,4352,7,3.085938,323.8203,67.96875,512.2539,6
3082.5,421,54.29293,4352,12,3.085938,323.8203,67.25,512.9727,6
3084.258,421,60.91371,4352,15,3.085938,323.8203,75.14844,505.0742,6
3083.379,421,67.35219,4352,7,3.085938,323.8203,68.21484,512.0078,6
3082.5,421,67.01031,4352,15,3.085938,323.8203,67.71484,512.5078,6
3083.395,421,67.86632,4352,11,3.09375,323.8125,70.02344,510.1992,6
3084.273,421,69.38776,4352,13,3.09375,323.8203,68.27344,511.9414,6
3083.395,421,69.07216,4352,13,3.09375,323.8203,69.64844,510.5664,6
3081.621,421,70.46632,4320,15,3.09375,323.8203,69.53906,510.6758,6
3083.379,421,67.51918,4320,13,3.09375,323.8203,72.08203,508.1328,6
3084.258,421,68.68687,4320,9,3.09375,323.8203,67.67578,512.5391,6
3084.258,421,65.98985,4320,11,3.09375,323.8203,64.59375,515.6211,6
3082.5,421,69.05371,4320,7,3.09375,323.8203,66.625,513.5898,6
3081.621,421,67.25888,4320,6,3.09375,323.8203,73.01953,507.1953,6
3084.258,421,66.83673,4320,12,3.09375,323.8203,69.32812,510.8867,6
3083.379,421,67.59494,4320,12,3.09375,323.8203,68.13281,512.082,6
3083.395,421,69.79695,4320,11,3.09375,323.8203,71.07031,509.1445,6
3083.379,421,68.19338,4320,14,3.09375,323.8203,71.07031,509.1445,6
3084.258,421,67.25888,4320,9,3.09375,323.8203,68.39844,511.8164,6
3082.5,421,67.08861,4320,12,3.09375,323.8203,72.52734,507.6875,6
3083.395,421,70.33248,4320,12,3.09375,323.8203,69.26953,510.9453,6
3082.5,421,67.7665,4320,12,3.09375,323.8203,71.94531,508.2695,6
3084.258,421,65.05102,4320,12,3.09375,323.8203,66.97266,513.2422,6
3082.5,421,66.24685,4320,7,3.09375,323.8203,72.47656,507.7383,6
3083.379,421,64.3038,4320,10,3.09375,323.8203,65.11328,515.1016,6
3084.258,423,63.17136,4320,9,3.101562,323.8203,68.07422,512.1328,6
3083.379,423,63.72796,4320,15,3.101562,323.8203,71.36328,508.8438,6
3084.258,423,64.05063,4320,13,3.101562,323.8203,71.77734,508.4297,6
3083.379,423,64.1604,4320,10,3.101562,323.8203,73.5,506.707,6
3083.379,423,63.47607,4320,15,3.101562,323.8203,69.10156,511.1055,6
3083.379,423,58.5,4320,11,3.101562,323.8203,69.46875,510.7383,6
3083.379,423,59.0,4320,12,3.101562,323.8203,65.86328,514.3438,6
3084.258,423,64.14141,4320,9,3.101562,323.8203,72.36328,507.8438,6
3083.379,423,67.51269,4352,9,3.101562,323.8203,68.26172,511.9453,6
3083.379,423,68.63753,4352,13,3.101562,323.8203,69.01172,511.1953,6
3084.258,423,68.79795,4352,14,3.101562,323.8203,68.17969,512.0273,6
3083.379,423,65.80977,4352,9,3.101562,323.8203,71.80078,508.4062,6
3083.379,423,65.81633,4352,8,3.101562,323.8203,71.9375,508.2695,6
3084.258,423,70.91837,4320,12,3.101562,323.8203,71.99219,508.2148,6
3084.258,423,67.68448,4352,17,3.101562,323.8203,67.38672,512.8203,6
3084.273,423,66.24041,4352,16,3.101562,323.8203,70.81641,509.3906,6
3084.258,423,67.25888,4352,13,3.101562,323.8203,74.52734,505.6797,6
3083.379,423,66.66667,4352,10,3.101562,323.8203,68.87891,511.3281,6
3083.379,423,70.76923,4320,11,3.101562,323.8203,70.22656,509.9805,6
3083.379,423,67.18346,4320,10,3.101562,323.8203,69.03125,511.1758,6
3083.379,423,66.15385,4320,19,3.101562,323.8203,72.89453,507.3125,6
3083.379,423,68.20513,4320,13,3.101562,323.8203,69.78516,510.4219,6
3083.379,423,69.30946,4320,10,3.101562,323.8203,73.64062,506.5664,6
3084.258,423,66.49746,4320,14,3.101562,323.8203,69.44531,510.7617,6
3083.379,423,67.77494,4320,15,3.101562,323.8203,68.28125,511.9258,6
3084.258,423,65.98985,4320,13,3.101562,323.8203,66.75,513.457,6
3084.258,423,66.66667,4320,10,3.101562,323.8203,70.34766,509.8594,6
3083.379,423,65.7289,4320,9,3.101562,323.8203,72.44922,507.7578,6
3084.258,423,69.44444,4320,15,3.101562,323.8203,67.22656,512.9805,6
3083.379,423,68.10127,4320,10,3.101562,323.8203,72.80469,507.4023,6
3084.273,423,65.3944,4320,12,3.101562,323.8203,70.38281,509.8242,6
3083.379,423,67.67677,4320,7,3.101562,323.8203,73.27734,506.9297,6
3084.258,423,65.57789,4320,15,3.101562,323.8203,71.11328,509.0938,6
3083.379,423,64.39394,4352,8,3.101562,323.8203,68.94141,511.2656,6
3083.379,423,58.25,4352,12,3.101562,323.8203,63.06641,517.1406,6
3084.258,423,55.83127,4352,10,3.101562,323.8203,70.23438,509.9727,6
3083.379,423,57.21393,4352,9,3.109375,323.8203,70.81641,509.3828,6
3083.379,423,60.20408,4352,14,3.109375,323.8203,71.5625,508.6367,6
3083.379,423,70.25641,4352,10,3.109375,323.8203,67.48047,512.7188,6
3083.379,421,72.42268,4352,9,3.109375,323.8203,69.41016,510.7891,6
3083.379,421,66.58163,4352,11,3.109375,323.8203,66.52344,513.6758,6
3083.379,421,68.52792,4352,14,3.109375,323.8203,63.46094,516.7383,6
3081.621,421,68.12339,4352,9,3.109375,323.8203,73.52344,506.6758,6
3083.379,421,68.62245,4352,10,3.109375,323.8203,69.20312,510.9961,6
3083.379,421,65.7289,4352,12,3.109375,323.8203,68.71094,511.4883,6
3083.379,421,69.52141,4352,11,3.109375,323.8203,71.59375,508.6055,6
3081.621,421,68.29897,4352,12,3.109375,323.8203,70.66797,509.5312,6
3083.379,421,68.70229,4352,9,3.109375,323.8203,72.66406,507.5352,6
3084.258,421,67.68448,4352,16,3.117188,323.9102,68.65625,511.4453,6
3081.621,421,68.60759,4352,11,3.117188,323.9961,68.30078,511.7148,6
3083.379,421,66.16162,4352,11,3.117188,323.9961,72.26172,507.7539,6
3083.379,421,69.74359,4352,13,3.117188,323.9961,69.57812,510.4375,6
3083.32,421,65.73604,4352,10,3.117188,323.9961,67.33594,512.6797,6
3081.562,421,65.38462,4352,12,3.117188,323.9961,71.84766,508.168,6
3083.32,421,66.83544,4352,13,3.125,323.9883,68.48438,511.5312,6
3084.199,420,65.05102,4352,10,3.125,323.9961,68.38672,511.6211,6
3084.199,420,65.48223,4352,11,3.132812,324.0039,65.46094,514.5312,6
3081.562,420,68.67168,4352,5,3.132812,324.0039,61.77344,518.2188,6
3084.199,420,66.83673,4352,10,3.132812,324.0039,67.48828,512.5039,6
3083.32,420,62.02532,4352,11,3.132812,324.0039,69.90625,510.0859,6
3083.32,420,67.17557,4352,14,3.132812,324.0039,64.86328,515.1289,6
3084.199,420,65.06329,4352,13,3.132812,324.0039,65.77344,514.2188,6
3082.441,420,65.74307,4352,10,3.132812,324.0039,74.39844,505.5938,6
3083.336,420,63.90977,4352,10,3.132812,324.0039,73.96094,506.0312,6
3084.215,420,56.14035,4352,7,3.132812,324.0039,70.89844,509.0938,6
3084.199,420,50.12407,4352,13,3.132812,324.0039,70.59375,509.3984,6
3084.199,420,55.77889,4352,11,3.132812,324.0039,73.51172,506.4805,6
3084.199,420,58.43829,4352,12,3.140625,324.0039,71.17969,508.8047,6
3083.32,420,67.77494,4352,12,3.140625,324.0039,66.85156,513.1328,6
3083.32,420,65.89744,4352,8,3.140625,324.0039,75.88672,504.0977,6
3084.258,420,65.63307,4352,9,3.140625,324.0039,71.21484,508.7695,6
3084.258,420,68.91192,4352,14,3.140625,324.0039,66.34766,513.6367,6
3083.379,420,70.33248,4352,13,3.140625,324.0039,71.91797,508.0664,6
3084.258,420,70.0,4352,14,3.140625,324.0039,69.375,510.6094,6
3083.379,420,67.69231,4352,15,3.140625,324.0039,70.15234,509.832,6
3083.379,420,68.81443,4352,13,3.140625,324.0039,70.92188,509.0625,6
3084.258,420,67.60204,4352,10,3.140625,324.0039,71.78125,508.2031,6
3084.258,420,70.43702,4352,10,3.140625,324.0039,67.80078,512.1836,6
3082.5,420,70.58824,4352,8,3.140625,324.0039,69.73438,510.25,6
3084.258,420,68.86076,4352,13,3.140625,324.0039,64.89453,515.0898,6
3082.5,420,68.5567,4352,12,3.140625,324.0039,71.31641,508.668,6
3083.379,420,67.17557,4352,15,3.140625,324.0039,67.67578,512.3086,6
3083.379,420,67.7665,4352,9,3.140625,324.0039,70.0625,509.9219,6
3084.258,420,67.7665,4352,8,3.140625,324.0039,68.53125,511.4531,6
3084.258,420,65.7289,4352,7,3.140625,324.0039,73.65234,506.332,6
3084.199,420,69.74359,4352,13,3.140625,324.0039,73.74219,506.2422,6
3084.199,420,67.8481,4352,17,3.140625,324.0039,67.5,512.4844,6
3084.199,420,66.15776,4352,11,3.140625,324.0039,72.55859,507.4258,6
3083.32,420,69.79695,4352,12,3.140625,324.0039,66.03906,513.9453,6
3081.562,420,65.99496,4352,10,3.140625,324.0039,67.77734,512.207,6
3084.199,420,63.63636,4352,10,3.140625,324.0039,68.55078,511.4336,6
3083.32,420,67.68448,4352,8,3.140625,324.0039,73.92578,506.0586,6
3083.32,420,64.61538,4352,8,3.140625,324.0039,71.12891,508.8555,6
3083.32,420,65.23929,4352,17,3.140625,324.0039,67.91797,512.0664,6
3082.441,420,59.40594,4352,10,3.140625,324.0039,72.00781,507.9766,6
3084.199,420,58.20896,4352,12,3.140625,324.0039,73.01172,506.9727,6
3084.199,421,50.37783,4352,10,3.140625,324.0039,73.33984,506.6445,6
3084.199,421,59.59079,4352,11,3.140625,324.0039,73.35938,506.625,6
3083.32,421,66.07143,4352,8,3.140625,324.0039,70.01562,509.9688,6
3083.32,421,68.04124,4352,8,3.148438,323.9961,67.06641,512.918,6
3084.199,421,64.35897,4352,11,3.148438,324.0039,71.05859,508.918,6
3083.32,421,66.32653,4352,12,3.148438,324.0039,69.58203,510.3945,6
3084.199,421,67.00508,4352,10,3.148438,324.0039,63.15625,516.8203,6
3083.379,421,68.73385,4352,12,3.148438,324.0039,67.16016,512.8164,6
3083.379,421,66.66667,4352,13,3.148438,324.0039,66.55078,513.4258,6
3083.379,421,66.41221,4320,8,3.148438,324.0039,70.07422,509.9023,6
3084.258,421,68.44784,4320,11,3.148438,324.0039,70.07422,509.9023,6
3084.258,421,70.20202,4320,10,3.148438,324.0039,67.51172,512.4648,6
3083.379,421,69.89796,4320,11,3.148438,324.0039,73.13281,506.8438,6
3083.395,421,69.46565,4320,10,3.148438,324.0039,72.04297,507.9336,6
3083.395,421,69.62025,4320,9,3.148438,324.0039,70.61328,509.3633,6
3083.395,421,68.12339,4320,10,3.148438,324.0039,71.64844,508.3281,6
3083.395,421,67.7665,4320,20,3.148438,324.0039,67.76172,512.2148,6
3083.395,421,67.85714,4352,15,3.148438,324.0039,70.39453,509.582,6
3081.621,421,68.52792,4384,8,3.148438,324.0039,68.53516,511.4414,6
3082.5,421,66.66667,4384,16,3.148438,324.0039,72.94531,507.0312,6
3083.379,421,69.54315,4384,10,3.148438,324.0039,72.15625,507.8203,6
3083.379,421,68.44784,4384,9,3.148438,324.0039,72.60938,507.3672,6
3083.395,421,66.32653,4384,19,3.148438,324.0039,72.60156,507.375,6
3081.637,421,67.77494,4384,9,3.148438,324.0039,73.50781,506.4688,6
3083.395,421,66.83805,4384,12,3.148438,324.0039,71.03125,508.9453,6
3083.41,421,64.97462,4352,8,3.148438,324.0039,72.75391,507.2227,6
3084.258,421,64.66165,4384,9,3.148438,324.0039,69.85156,510.125,6
3083.379,421,64.96164,4384,9,3.148438,324.0039,70.92969,509.0469,6
3084.258,421,62.31156,4384,11,3.15625,324.0039,73.25781,506.7109,6
3084.258,421,57.71144,4384,13,3.15625,324.0039,67.63672,512.332,6
3084.258,421,54.77387,4384,10,3.15625,324.0039,69.98438,509.9844,6
3083.379,421,58.58586,4384,10,3.15625,324.0039,64.6875,515.2812,6
3083.379,421,67.01031,4352,15,3.15625,324.0039,68.35547,511.6133,6
3083.379,421,66.32653,4320,12,3.15625,324.0039,72.86719,507.1016,6
3083.379,422,64.45013,4320,10,3.15625,324.0039,67.78516,512.1836,6
3084.258,422,67.17557,4320,12,3.15625,324.0039,71.19141,508.7773,6
3084.258,422,64.48363,4320,9,3.15625,324.0039,68.85547,511.1133,6
3083.379,422,60.80402,4320,8,3.15625,324.0039,70.87109,509.0977,6
3082.5,422,61.90476,4320,16,3.15625,324.0039,66.30469,513.6641,6
3084.258,422,54.96183,4320,10,3.15625,324.0039,64.3125,515.6562,6
3082.5,422,51.88917,4320,11,3.15625,324.0039,69.14844,510.8203,6
3083.379,422,64.37659,4320,15,3.15625,324.0039,71.15234,508.8164,6
3083.379,422,71.97943,4320,7,3.15625,324.0039,71.81641,508.1523,6
3084.258,422,69.05371,4320,17,3.15625,324.0039,68.65625,511.3125,6
3083.379,422,68.95674,4320,14,3.164062,324.0039,71.62891,508.332,6
3083.379,422,67.26804,4320,15,3.164062,324.0039,72.30469,507.6562,6
3083.379,422,70.76923,4320,12,3.164062,324.0039,70.23828,509.7227,6
3083.379,422,67.17172,4320,12,3.164062,324.0039,70.875,509.0859,6
3084.258,422,70.28424,4320,16,3.164062,324.0039,66.25781,513.7031,6
3084.258,422,68.20513,4320,15,3.164062,324.0039,64.09766,515.8633,6
3082.5,422,69.11392,4320,7,3.164062,324.0039,73.97656,505.9844,6
3083.379,422,67.60204,4352,11,3.164062,324.0039,68.37109,511.5898,6
3084.258,422,68.93939,4352,10,3.164062,324.0039,68.81641,511.1445,6
3084.258,422,70.07673,4352,15,3.164062,324.0039,69.50781,510.4531,6
3084.258,422,67.77494,4352,9,3.164062,324.0039,68.89062,511.0703,6
3083.379,422,65.29563,4352,8,3.164062,324.0039,72.01562,507.9453,6
3083.379,422,68.27411,4352,13,3.164062,324.0039,67.61719,512.3438,6
3083.379,422,66.75192,4352,12,3.164062,324.0039,70.04688,509.9141,6
3084.258,421,67.43003,4352,13,3.164062,324.0039,71.00781,508.9531,6
3083.379,421,65.89744,4352,14,3.164062,324.0039,70.26953,509.6914,6
3084.258,421,68.46154,4352,12,3.164062,324.0039,75.32031,504.6406,6
3082.5,421,65.5,4352,12,3.167969,324.0,69.71484,510.2461,6
3083.379,421,66.32653,4352,12,3.167969,324.0195,68.8125,511.1289,6
3083.379,421,67.93893,4352,10,3.167969,324.0195,67.78516,512.1562,6
3083.379,421,67.17557,4352,4,3.167969,324.0195,70.61328,509.3281,6
3084.258,421,68.34171,4352,15,3.167969,324.0195,74.84766,505.0938,6
3083.379,421,65.49118,4352,15,3.167969,324.0195,71.60156,508.3398,6
3083.395,421,64.32161,4384,11,3.175781,324.0117,72.03906,507.9023,6
3084.273,421,60.70529,4384,10,3.175781,324.0195,70.55078,509.3828,6
3083.406,421,58.31266,4384,12,3.175781,324.0195,69.59375,510.3398,6
3084.285,421,54.88722,4384,18,3.175781,324.0195,69.51562,510.418,6
3084.285,421,63.38384,4384,16,3.175781,324.0195,66.94141,512.9922,6
3084.258,421,66.14987,4384,9,3.175781,324.0195,68.79688,511.1367,6
3083.379,421,70.91837,4384,13,3.175781,324.0195,68.29688,511.6367,6
3082.5,421,70.91837,4384,11,3.175781,324.0195,65.09375,514.8398,6
3083.379,421,69.58763,4384,13,3.175781,324.0195,67.30469,512.6289,6
3083.379,421,68.18182,4384,8,3.175781,324.0195,67.70703,512.2266,6
3084.258,421,67.92929,4384,11,3.175781,324.0195,70.29688,509.6367,6
3083.379,421,68.03069,4384,19,3.175781,324.0195,69.3125,510.6211,6
3083.379,421,70.84399,4384,11,3.175781,324.0195,65.36719,514.5664,6
3083.395,421,69.03553,4384,10,3.175781,324.0195,72.61328,507.3203,6
3083.379,421,70.66327,4384,20,3.175781,324.0195,70.66797,509.2656,6
3083.41,421,69.59799,4384,15,3.175781,324.0195,66.95703,512.9766,6
3084.273,421,70.76923,4384,16,3.175781,324.0195,63.18359,516.75,6
3083.395,421,68.68687,4384,12,3.175781,324.0195,74.41406,505.5195,6
3084.273,423,66.58228,4384,13,4.027344,326.7305,66.32031,510.0508,6
3084.273,422,66.15776,4384,10,4.027344,326.6992,64.88281,511.5195,6
3084.258,422,65.56122,4384,10,4.027344,326.6992,66.79688,509.6055,6
3083.379,422,71.09974,4384,10,4.027344,326.6992,67.30859,509.0938,6
3083.379,422,67.60204,4384,11,4.027344,326.6992,63.61719,512.7852,6
3083.379,422,69.50904,4384,11,4.027344,326.6992,65.50391,510.8984,6
3083.379,421,67.16792,4384,9,4.035156,326.6992,66.03516,510.3594,6
3084.383,421,66.92308,4384,12,4.035156,326.6992,63.32031,513.0742,6
3085.262,421,68.44784,4384,14,4.035156,326.6992,66.07031,510.3242,6
3084.258,421,66.24041,4384,7,4.035156,326.6992,65.77344,510.6211,6
3083.379,421,68.28645,4384,10,4.035156,326.6992,70.16406,506.2305,6
3082.5,421,64.23174,4384,12,4.035156,326.6992,65.65625,510.7383,6
3084.258,421,64.07035,4384,6,4.035156,326.6992,64.54688,511.8477,6
3084.258,421,57.32323,4384,11,4.035156,326.6992,63.07812,513.3164,6
3081.621,421,57.14286,4384,12,4.035156,326.6992,67.58203,508.8125,6
3083.379,421,55.19802,4352,10,4.035156,326.6992,62.08984,514.3047,6
3083.379,421,64.55696,4352,10,4.035156,326.6992,69.98047,506.4141,6
3083.379,421,68.17043,4352,13,4.035156,326.6992,67.33594,509.0586,6
3082.5,421,66.75192,4352,10,4.035156,326.6992,60.98047,515.4141,6
3082.5,421,66.58163,4352,17,4.035156,326.6992,66.13672,510.2578,6
3083.379,421,69.26952,4352,10,4.035156,326.6992,66.85156,509.543,6
3083.379,421,71.5736,4352,14,4.035156,326.6992,66.68359,509.7109,6
3083.379,421,70.37975,4352,8,4.035156,326.6992,66.10156,510.293,6
3083.379,421,67.69231,4352,9,4.035156,326.6992,67.0625,509.332,6
3084.258,421,69.38776,4352,7,4.035156,326.6992,67.26172,509.1328,6
3084.258,421,69.36709,4352,18,4.035156,326.6992,66.28125,510.1133,6
3084.258,421,68.79795,4352,12,4.035156,326.6992,61.66016,514.7344,6
3083.32,421,64.64646,4352,11,4.035156,326.6992,66.42969,509.9648,6
3084.199,421,65.89744,4352,13,4.035156,326.6992,66.53516,509.8594,6
3083.32,421,68.03069,4352,6,4.042969,326.6992,67.42969,508.957,6
3084.258,421,66.75127,4352,13,4.042969,326.7461,66.81641,509.5234,6
3082.5,421,68.11224,4352,9,4.042969,326.7461,66.00781,510.332,6
3083.379,421,65.5527,4352,13,4.042969,326.7461,69.14453,507.1953,6
3083.379,421,67.4359,4352,7,4.042969,326.7461,68.79297,507.5469,6
3083.379,421,65.98465,4352,9,4.042969,326.7461,63.53125,512.8086,6
3084.82,422,69.94949,4352,11,4.042969,326.7461,67.85938,508.4805,6
3084.82,422,67.92929,4352,11,4.042969,326.7461,63.89844,512.4414,6
3084.82,422,68.52792,4352,13,4.042969,326.7461,67.73828,508.6016,6
3084.82,422,68.44784,4352,9,4.042969,326.7461,63.30859,513.0312,6
3084.82,422,65.5527,4352,10,4.042969,326.7461,61.64062,514.6992,6
3084.82,422,68.36735,4352,12,4.050781,326.7461,62.85938,513.4727,6
3083.941,422,65.32663,4352,8,4.050781,326.7461,64.60547,511.7266,6
3085.699,422,63.10433,4352,7,4.050781,326.7461,70.21875,506.1133,6
3084.82,422,62.97229,4352,18,4.050781,326.7461,69.97656,506.3555,6
3083.062,423,59.64912,4352,14,4.050781,326.7461,63.90234,512.4297,6
3084.82,423,56.4557,4352,8,4.050781,326.7461,67.03516,509.2969,6
3084.82,423,62.46787,4352,9,4.050781,326.7461,67.39062,508.9414,6
3085.699,423,65.90909,4352,13,4.050781,326.7461,64.06641,512.2656,6
3084.82,423,71.83463,4352,13,4.050781,326.7461,63.78906,512.543,6
3084.82,423,69.15167,4352,7,4.050781,326.7461,59.6875,516.6445,6
3084.82,423,69.52141,4352,10,4.050781,326.7461,65.21094,511.1211,6
3083.941,423,70.55838,4352,13,4.050781,326.7461,63.07031,513.2617,6
3085.699,423,69.11392,4352,11,4.050781,326.7461,67.0625,509.2695,6
3085.699,423,66.92308,4352,12,4.050781,326.7461,63.74219,512.5898,6
3084.82,423,67.85714,4352,11,4.050781,326.7461,62.8125,513.5195,6
3084.762,423,68.36735,4352,7,4.050781,326.7461,68.27734,508.0547,6
3083.883,423,66.66667,4352,6,4.050781,326.7461,65.88672,510.4453,6
3085.641,423,69.56522,4352,11,4.050781,326.7461,61.35547,514.9766,6
3084.762,423,64.94845,4352,13,4.050781,326.7461,66.10156,510.2305,6
3083.883,423,66.07143,4352,14,4.050781,326.7461,62.80469,513.5273,6
3084.762,423,68.28645,4352,10,4.050781,326.7461,64.37109,511.9609,6
3083.004,423,66.24041,4352,13,4.050781,326.7461,63.21484,513.1172,6
3083.883,423,61.42132,4352,9,4.050781,326.7461,67.80859,508.5234,6
3085.641,423,66.58163,4352,12,4.050781,326.7461,65.69141,510.6406,6
3085.641,423,65.98465,4352,8,4.050781,326.7461,67.19531,509.1367,6
3084.762,423,67.5063,4352,9,4.050781,326.7461,65.77344,510.5586,6
3085.641,423,66.49616,4352,12,4.050781,326.7461,64.48438,511.8477,6
3084.762,423,64.97462,4352,14,4.050781,326.7461,60.76172,515.5703,6
3084.762,423,66.49874,4352,12,4.050781,326.7461,62.77734,513.5547,6
3084.762,423,63.29114,4352,10,4.050781,326.7461,73.60938,502.7227,6
3084.762,423,64.45013,4352,15,4.050781,326.7461,62.46875,513.8633,6
3085.641,423,66.58354,4352,14,4.050781,326.7461,67.59375,508.7383,6
3084.777,423,62.31156,4352,9,4.050781,326.7461,65.125,511.207,6
3084.762,423,60.6599,4352,11,4.050781,326.7461,59.79297,516.5391,6
3084.762,423,55.18987,4352,12,4.050781,326.7461,66.39844,509.9336,6
3084.762,423,56.48855,4352,11,4.050781,326.7461,63.02344,513.3086,6
3084.762,423,57.07071,4352,12,4.050781,326.7461,63.08203,513.25,6
3084.762,423,67.44186,4352,14,4.050781,326.7461,65.84766,510.4844,6
3084.762,423,64.79592,4352,11,4.050781,326.7461,65.58984,510.7422,6
3085.699,423,67.93893,4352,11,4.050781,326.7461,62.62109,513.7109,6
3084.82,423,64.70588,4352,11,4.050781,326.7461,69.76172,506.5703,6
3085.699,423,66.06684,4352,15,4.050781,326.7461,66.90234,509.4297,6
3084.82,423,66.58163,4352,8,4.050781,326.7461,61.98828,514.3438,6
3084.82,423,65.81633,4352,15,4.050781,326.7461,61.71484,514.6172,6
3084.82,423,67.4359,4352,19,4.050781,326.7461,58.35938,517.9727,6
3084.82,423,69.66581,4352,9,4.058594,326.7461,71.08203,505.2422,6
3085.641,423,68.05195,4352,16,4.058594,326.7461,63.50781,512.8164,6
3084.762,423,65.21739,4352,13,4.058594,326.7461,64.17578,512.1484,6
3084.762,423,63.26531,4352,8,4.058594,326.7461,65.68359,510.6406,6
3084.762,423,66.32124,4352,11,4.058594,326.7461,63.39844,512.9258,6
3085.641,423,64.59948,4352,12,4.058594,326.7461,70.40625,505.918,6
3084.762,423,66.49746,4320,13,4.058594,326.7461,62.62891,513.6953,6
3085.641,423,67.34177,4320,11,4.058594,326.7461,63.88281,512.4414,6
3084.762,423,64.14141,4320,17,4.058594,326.7461,65.80859,510.5156,6
3083.004,423,67.34177,4320,18,4.058594,326.7461,65.16016,511.1641,6
3085.641,423,69.2112,4320,15,4.058594,326.7461,65.39453,510.9297,6
3084.762,423,67.25441000000001,4320,9,4.058594,326.7461,63.35156,512.9727,6
3084.762,423,68.79795,4320,9,4.058594,326.7461,62.55078,513.7734,6
3084.762,423,67.17557,4320,9,4.058594,326.7461,68.13281,508.1914,6
3084.762,423,65.38462,4320,16,4.066406,326.7461,67.69922,508.6172,6
3084.762,423,64.46701,4320,12,4.066406,326.7461,63.72266,512.5938,6
3085.641,423,66.07595,4320,9,4.066406,326.7461,67.71484,508.6016,6
3084.762,423,62.65664,4320,9,4.066406,326.7461,66.32422,509.9922,6
3084.762,423,59.64912,4320,10,4.066406,326.7461,67.82422,508.4922,6
3085.641,423,57.35661,4320,16,4.066406,326.7461,62.31641,514.0,6
3085.641,423,54.09429,4320,13,4.066406,326.7461,66.9375,509.3789,6
3084.762,423,57.78894,4352,11,4.066406,326.7461,62.25,514.0664,6
3085.641,423,66.41221,4352,13,4.066406,326.7461,68.38672,507.9297,6
3084.762,423,70.70707,4352,11,4.066406,326.7461,64.80469,511.5117,6
3085.641,423,66.75192,4352,9,4.066406,326.7461,66.21484,510.1016,6
3084.762,423,64.94845,4352,9,4.066406,326.7461,65.09375,511.2227,6
3085.641,423,66.15776,4352,13,4.066406,326.7461,59.97266,516.3438,6
3084.762,423,66.41026,4320,13,4.066406,326.7461,67.69922,508.6172,6
3083.883,423,66.24041,4320,15,4.066406,326.7461,60.91016,515.4062,6
3084.762,423,65.80311,4320,15,4.066406,326.7461,69.96094,506.3555,6
3085.641,423,67.09184,4320,13,4.066406,326.7461,64.14062,512.1758,6
3085.641,423,67.87565,4320,11,4.066406,326.7461,64.11328,512.2031,6
3085.641,423,68.44784,4320,13,4.066406,326.7461,69.76562,506.5508,6
3084.762,423,65.12821,4352,14,4.066406,326.7461,62.60547,513.7109,6
3084.762,423,67.70026,4352,8,4.066406,326.7461,64.96875,511.3477,6
3083.883,421,65.82278,4352,10,4.066406,326.7461,65.14062,511.1758,6
3084.762,421,68.03069,4352,13,4.066406,326.7461,65.51953,510.7969,6
3085.641,421,65.48223,4352,9,4.066406,326.7461,65.80078,510.5156,6
3083.004,421,67.00508,4352,10,4.066406,326.7461,62.62891,513.6875,6
3084.762,421,65.72165,4352,11,4.066406,326.7461,64.40234,511.9141,6
3084.762,421,63.70558,4352,10,4.066406,326.7461,68.43359,507.8828,6
3084.762,421,67.00508,4352,11,4.066406,326.7461,66.06641,510.25,6
3083.883,421,67.68448,4352,14,4.066406,326.7461,66.55078,509.7656,6
3084.762,421,65.81633,4352,12,4.066406,326.7461,62.42188,513.8945,6
3084.762,421,64.79592,4352,11,4.066406,326.7461,65.8125,510.5039,6
3084.762,421,64.72081,4352,10,4.066406,326.7461,63.57422,512.7422,6
3084.762,421,63.65915,4352,10,4.066406,326.7461,62.13281,514.1836,6
3085.641,421,62.34097,4352,10,4.066406,326.7461,66.40625,509.9102,6
3084.762,421,60.65163,4352,12,4.066406,326.7461,69.90234,506.4141,6
3085.641,421,58.62944,4352,12,4.074219,326.7461,66.98828,509.3203,6
3085.641,421,55.38847,4352,14,4.074219,326.7461,69.30078,507.0078,6
3084.82,421,56.66667,4352,14,4.074219,326.7461,64.90625,511.4023,6
3085.699,421,64.89899,4352,10,4.074219,326.7461,60.26172,516.0469,6
3084.848,421,66.75192,4352,10,4.074219,326.7461,69.10547,507.2031,6
3084.848,421,66.23037,4352,16,4.074219,326.7461,65.14453,511.1641,6
3084.848,421,68.26196,4352,10,4.074219,326.7461,62.44922,513.8594,6
3083.941,421,66.58098,4352,9,4.074219,326.7461,62.45703,513.8516,6
3084.848,421,71.97943,4352,11,4.074219,326.7461,62.49609,513.8125,6
3083.09,421,69.92288,4352,22,4.074219,326.7461,64.01562,512.293,6
3085.727,421,68.70229,4352,13,4.074219,326.7461,62.1875,514.1211,6
3084.836,421,67.92929,4352,16,4.074219,326.7461,65.87891,510.4297,6
3084.836,421,67.94872,4352,10,4.074219,326.7461,70.79297,505.5156,6
3084.82,421,66.16162,4352,11,4.074219,326.7461,63.13281,513.1758,6
3084.82,421,69.01763,4352,8,4.074219,326.7461,61.39844,514.9102,6
3083.941,421,66.92308,4352,10,4.074219,326.7461,63.19141,513.1172,6
3084.836,421,69.82097,4352,7,4.074219,326.7461,59.66797,516.6406,6
3085.699,421,69.46565,4352,10,4.074219,326.7461,65.0625,511.2461,6
3084.762,421,67.25441000000001,4352,8,4.074219,326.7461,62.25,514.0586,6
3085.641,421,68.62245,4352,8,4.074219,326.7461,65.10938,511.1992,6
3085.641,421,67.00508,4352,14,4.074219,326.7461,64.08203,512.2266,6
3085.641,421,66.58163,4352,13,4.074219,326.7461,64.88281,511.4258,6
3084.762,421,66.06684,4352,15,4.074219,326.7461,68.02344,508.2852,6
3084.762,421,67.59494,4352,11,4.074219,326.7461,62.60938,513.6992,6
3084.82,421,66.24685,4352,14,4.074219,326.7461,66.77344,509.5352,6
3083.941,421,64.23174,4352,9,4.074219,326.7461,67.13281,509.1758,6
3084.82,421,65.31646,4352,11,4.074219,326.7461,63.68359,512.625,6
3084.762,421,65.64885,4352,15,4.074219,326.7461,64.45312,511.8555,6
3084.762,421,62.94416,4352,12,4.074219,326.7461,63.17188,513.1367,6
3083.883,421,63.40852,4384,4,4.074219,326.7461,61.99219,514.3164,6
3084.762,421,59.95025,4384,15,4.074219,326.7461,63.35547,512.9531,6
3085.641,421,42.54279,4384,2,4.074219,326.7461,63.05078,513.2578,6
3084.762,421,53.58025,4384,12,4.074219,326.7461,64.40625,511.9023,6
3084.762,421,61.39896,4384,9,4.082031,326.7461,62.71094,513.5898,6
3085.641,421,70.36082,4384,8,4.082031,326.7461,66.49219,509.8086,6
3084.762,421,67.4359,4384,8,4.082031,326.7461,67.48438,508.8164,6
3084.762,421,64.81013,4384,14,4.082031,326.7461,65.49219,510.8086,6
3085.641,421,69.74359,4384,13,4.082031,326.7461,61.25391,515.0469,6
3085.641,421,66.06218,4384,13,4.082031,326.7461,63.97266,512.3281,6
3085.641,421,67.7665,4352,13,4.082031,326.7461,64.25391,512.0469,6
3085.641,421,67.4359,4352,11,4.082031,326.7461,63.74219,512.5586,6
3084.762,421,65.89744,4352,8,4.082031,326.7461,64.96875,511.332,6
3084.762,421,64.03061,4352,13,4.082031,326.7461,65.13672,511.1641,6
3085.641,421,64.61538,4352,8,4.082031,326.7461,64.37109,511.9297,6
3084.762,422,68.44784,4352,16,4.082031,326.7461,62.76953,513.5312,6
3085.641,423,64.19437,4352,11,4.082031,326.7461,63.79297,512.5078,6
3085.641,423,68.79795,4352,13,4.082031,326.7461,60.94922,515.3516,6
3085.656,423,67.09512,4352,16,4.089844,326.7461,62.19922,514.0938,6
3084.762,423,65.40404,4352,6,4.089844,326.7461,59.01172,517.2812,6
3084.762,423,66.49746,4352,10,4.089844,326.7461,59.52344,516.7695,6
3084.762,423,64.72081,4320,11,4.089844,326.7461,66.01172,510.2812,6
3084.762,423,68.36735,4320,13,4.089844,326.7461,62.57812,513.7148,6
3085.641,423,69.52141,4320,9,4.089844,326.7461,67.50781,508.7852,6
3084.762,423,68.21705,4320,7,4.089844,326.7461,63.1875,513.1055,6
3085.641,423,64.3038,4320,14,4.089844,326.7461,62.75,513.543,6
3085.641,423,66.75127,4320,14,4.089844,326.7461,61.75391,514.5391,6
3083.883,423,67.51269,4320,16,4.089844,326.7461,62.73438,513.5586,6
3083.004,423,64.66165,4320,11,4.089844,326.7461,62.78516,513.5078,6
3085.641,423,62.65985,4320,7,4.089844,326.7461,65.23047,511.0625,6
3084.762,423,63.27543,4320,12,4.089844,326.7461,64.77734,511.5156,6
3084.762,423,59.64912,4320,8,4.089844,326.7461,66.10547,510.1875,6
3084.762,423,56.53266,4320,13,4.089844,326.7461,60.91016,515.3828,6
3084.762,423,53.76884,4320,14,4.089844,326.7461,66.72266,509.5703,6
3083.004,423,63.19797,4320,10,4.089844,326.7461,65.11328,511.1797,6
3085.641,423,65.12821,4320,6,4.089844,326.7461,68.69922,507.5938,6
3085.641,423,67.18346,4320,13,4.089844,326.7461,63.35547,512.9375,6
3084.762,423,69.11392,4320,11,4.089844,326.7461,60.15625,516.1367,6
3084.762,423,67.94872,4320,12,4.089844,326.7461,65.73047,510.5625,6
3085.641,423,66.75192,4352,12,4.089844,326.7461,64.14844,512.1445,6
3084.82,423,67.43003,4352,15,4.089844,326.7461,65.61328,510.6797,6
3084.82,423,65.98985,4352,12,4.089844,326.7461,65.07031,511.2227,6
3084.82,423,67.68448,4352,14,4.089844,326.7461,68.13672,508.1562,6
3084.836,423,67.8481,4352,10,4.089844,326.7461,67.89844,508.3945,6
3084.82,423,70.55838,4352,11,4.089844,326.7461,68.37891,507.9141,6
3085.699,423,66.07143,4352,15,4.089844,326.7461,64.64453,511.6484,6
3083.941,423,65.47315,4352,9,4.089844,326.7461,63.61328,512.6797,6
3085.699,423,70.12658,4352,11,4.089844,326.7461,67.01562,509.2773,6
3085.699,423,68.19338,4352,15,4.089844,326.7461,69.19922,507.0938,6
3084.82,423,70.76923,4352,16,4.089844,326.7461,63.56641,512.7266,6
3085.699,423,66.83673,4352,10,4.089844,326.7461,64.87109,511.4219,6
3084.82,423,67.60204,4320,11,4.089844,326.7461,63.64453,512.6484,6
3085.699,423,68.29897,4320,15,4.089844,326.7461,63.37891,512.9141,6
3084.82,423,68.34171,4320,13,4.089844,326.7461,62.28125,514.0117,6
3083.062,423,66.49616,4320,14,4.089844,326.7461,63.88281,512.4102,6
3083.941,423,63.10433,4320,16,4.089844,326.7461,63.72656,512.5664,6
3083.062,422,66.16162,4320,10,4.089844,326.7461,61.10938,515.1836,6
3084.82,422,67.42424,4320,10,4.089844,326.7461,62.44531,513.8477,6
3084.836,422,64.73552,4320,13,4.089844,326.7461,66.42969,509.8633,6
3084.82,422,62.7204,4320,13,4.089844,326.7461,64.98438,511.3086,6
3085.699,422,63.03797,4320,15,4.089844,326.7461,62.53906,513.7539,6
3084.82,422,62.22222,4320,14,4.097656,326.7461,65.95312,510.332,6
3084.82,422,59.44584,4320,10,4.097656,326.7461,60.78516,515.5,6
3084.82,422,57.43073,4320,9,4.097656,326.7461,62.70703,513.5781,6
3084.836,422,60.5598,4320,8,4.097656,326.7461,68.9375,507.3477,6
3085.699,422,66.92308,4320,15,4.097656,326.7461,66.48438,509.8008,6
3084.82,422,65.90331,4320,10,4.097656,326.7461,63.27734,513.0078,6
3083.941,422,67.68448,4320,13,4.097656,326.7461,60.59766,515.6875,6
3083.941,422,67.85714,4320,13,4.097656,326.7461,69.71094,506.5742,6
3084.82,422,67.00252,4320,14,4.097656,326.7461,67.08203,509.2031,6
3082.016,423,71.64948,4320,15,4.097656,326.7461,61.59375,514.6914,6
3083.773,423,66.32911,4320,12,4.097656,326.7461,59.55469,516.7305,6
3082.91,423,67.66169,4320,9,4.097656,326.7461,59.42969,516.8555,6
3082.895,423,68.42105,4320,10,4.097656,326.7461,63.92969,512.3555,6
3082.895,423,66.15776,4320,12,4.097656,326.7461,66.01172,510.2734,6
3082.016,423,69.2112,4320,8,4.097656,326.7461,68.57422,507.7109,6
3084.145,423,68.8946,4320,14,4.105469,326.7383,67.91406,508.3711,6
3083.266,423,70.0,4320,9,4.105469,326.7461,62.78906,513.4883,6
3084.145,423,67.92929,4320,10,4.105469,326.7461,65.26562,511.0117,6
3082.387,423,67.00767,4320,6,4.105469,326.7461,61.76562,514.5117,6
3083.266,423,68.12339,4320,7,4.105469,326.7461,65.22266,511.0547,6
3083.266,423,68.97436,4320,11,4.105469,326.7461,62.21875,514.0586,6
3082.387,423,67.92929,4320,9,4.105469,326.7461,66.10547,510.1719,6
3082.387,423,69.64286,4320,11,4.113281,326.7383,60.29688,515.9805,6
3083.266,423,67.17949,4320,8,4.113281,326.7461,64.28906,511.9805,6
3084.145,423,68.60759,4352,8,4.113281,326.7461,61.86328,514.4062,6
3083.266,422,65.89744,4352,10,4.113281,326.7461,65.03125,511.2383,6
3083.266,422,66.23711,4352,12,4.113281,326.7461,64.27734,511.9922,6
3083.266,422,64.81013,4352,12,4.113281,326.7461,63.03516,513.2344,6
3083.266,422,64.98741,4320,14,4.121094,326.7461,62.70703,513.5547,6
3084.145,422,60.6599,4320,11,4.121094,326.7461,67.82031,508.4414,6
3084.16,422,62.84289,4320,10,4.121094,326.7461,63.81641,512.4453,6
3083.266,422,59.29648,4320,12,4.121094,326.7461,64.63672,511.625,6
3084.16,422,60.29777,4320,11,4.121094,326.7461,64.23438,512.0273,6
3082.387,422,60.40609,4320,10,4.121094,326.7461,60.67188,515.5898,6
3083.266,422,66.06684,4320,11,4.121094,326.7461,57.73438,518.5273,6
3083.266,422,68.04124,4288,14,4.121094,326.7461,64.27734,511.9844,6
3084.145,422,68.71795,4288,9,4.121094,326.7461,62.01172,514.25,6
3082.387,422,70.10309,4320,16,4.121094,326.7461,61.10156,515.1602,6
3083.266,422,70.22901,4352,13,4.121094,326.7461,64.80078,511.4609,6
3083.281,422,63.56589,4352,7,4.121094,326.7461,64.32812,511.9336,6
3081.508,422,64.2487,4352,8,4.121094,326.7461,63.08203,513.1797,6
3083.281,422,67.60204,4352,12,4.121094,326.7461,62.31641,513.9453,6
3083.266,422,67.85714,4352,11,4.121094,326.7461,61.25,515.0117,6
3083.266,422,66.33166,4352,11,4.121094,326.7461,64.05859,512.2031,6
3083.266,422,65.72165,4352,8,4.121094,326.7461,65.44922,510.8125,6
3083.266,422,67.93893,4352,11,4.121094,326.7461,66.90234,509.3594,6
3083.266,422,70.22901,4352,14,4.121094,326.7461,63.70312,512.5586,6
3083.266,422,69.05371,4352,11,4.121094,326.7461,62.64062,513.6211,6
3081.508,422,69.82097,4352,10,4.121094,326.7461,65.70703,510.5547,6
3084.145,422,67.34694,4352,11,4.121094,326.7461,62.00781,514.2539,6
3083.266,422,68.43434,4352,8,4.121094,326.7461,60.07422,516.1875,6
3083.266,422,68.79795,4352,14,4.121094,326.7461,66.38281,509.8789,6
3083.266,422,66.41221,4352,13,4.121094,326.7461,67.50391,508.7578,6
3084.145,422,67.25888,4352,13,4.121094,326.7461,63.51172,512.75,6
3084.145,422,68.78173,4352,12,4.121094,326.7461,64.91016,511.3516,6
3084.145,422,67.59494,4352,10,4.121094,326.7461,57.70703,518.5547,6
3084.145,422,68.93939,4352,11,4.121094,326.7461,59.71484,516.5469,6
3083.281,422,69.54315,4352,7,4.121094,326.7461,59.89062,516.3711,6
3084.145,422,65.56122,4352,9,4.121094,326.7461,64.27734,511.9844,6
3083.266,422,64.05063,4352,10,4.121094,326.7461,70.42188,505.8398,6
3084.145,421,63.06533,4352,15,4.121094,326.7461,64.28125,511.9805,6
3084.145,422,59.0,4352,9,4.121094,326.7461,63.72656,512.5352,6
3084.145,422,52.16285,4352,15,4.121094,326.7461,65.91016,510.3516,6
3083.266,422,56.67506,4352,12,4.121094,326.7461,63.375,512.8867,6
3083.266,422,66.24365,4352,9,4.121094,326.7461,66.58203,509.6797,6
3083.266,422,66.75127,4352,10,4.121094,326.7461,66.60547,509.6562,6
3084.145,422,68.44784,4352,8,4.121094,326.7461,63.80859,512.4531,6
3083.266,422,67.01031,4352,11,4.121094,326.7461,64.76172,511.5,6
3084.145,422,69.01763,4352,19,4.121094,326.7461,65.92578,510.3359,6
3084.145,422,70.07874,4352,8,4.121094,326.7461,65.02344,511.2383,6
3084.145,422,67.60204,4352,6,4.121094,326.7461,65.66016,510.6016,6
3083.266,422,71.17347,4352,11,4.121094,326.7461,62.67969,513.582,6
3083.266,422,68.51385,4352,18,4.121094,326.7461,63.39844,512.8633,6
3083.266,422,68.20513,4352,11,4.121094,326.7461,63.50781,512.7539,6
3081.508,422,67.85714,4352,15,4.121094,326.7461,66.79688,509.4648,6
3083.281,422,68.71795,4384,14,4.121094,326.7461,66.30859,509.9531,6
3083.281,421,66.66667,4384,12,4.128906,326.7383,61.35156,514.9102,6
3084.16,421,68.52792,4384,15,4.128906,326.7461,66.29688,509.957,6
3084.145,421,68.01008,4384,9,4.128906,326.7461,69.11328,507.1406,6
3083.266,421,67.67677,4384,15,4.128906,326.7461,63.77734,512.4766,6
3083.266,421,64.08269,4384,14,4.128906,326.7461,58.94141,517.3125,6
3083.266,421,69.05371,4384,11,4.128906,326.7461,64.69141,511.5625,6
3084.145,421,67.68448,4384,10,4.128906,326.7461,63.23047,513.0234,6
3083.266,421,67.34177,4384,12,4.128906,326.7461,67.94531,508.3086,6
3084.145,421,67.52577,4384,16,4.128906,326.7461,64.80078,511.4531,6
3084.145,421,66.24365,4384,13,4.136719,326.7461,67.49219,508.7539,6
3083.266,421,64.72081,4384,12,4.136719,326.7461,62.77734,513.4688,6
3084.145,421,64.8855,4384,12,4.136719,326.7461,62.87891,513.3672,6
3084.145,421,64.98741,4352,14,4.136719,326.7461,63.5625,512.6836,6
3084.145,421,64.03061,4352,14,4.136719,326.7461,61.79688,514.4492,6
3084.145,421,64.48363,4352,15,4.136719,326.7461,64.32031,511.9258,6
3084.16,421,58.29146,4352,11,4.136719,326.7461,64.30078,511.9453,6
3083.281,421,55.22388,4320,6,4.136719,326.7461,63.33203,512.9141,6
3084.145,421,57.65306,4320,9,4.136719,326.7461,62.01172,514.2344,6
3082.387,421,66.06684,4320,10,4.136719,326.7461,65.85938,510.3867,6
3084.145,421,70.81218,4320,8,4.136719,326.7461,61.20312,515.043,6
3084.145,421,67.75819,4320,13,4.136719,326.7461,68.15625,508.0898,6
3082.387,421,68.20513,4320,9,4.136719,326.7461,61.55078,514.6953,6
3084.145,421,69.43005,4320,10,4.136719,326.7461,61.51172,514.7344,6
3084.145,421,69.28934,4320,10,4.136719,326.7461,58.80469,517.4414,6
3083.266,421,67.60204,4320,15,4.136719,326.7461,66.34375,509.9023,6
3083.266,421,67.4359,4320,10,4.136719,326.7461,63.86328,512.3828,6
3083.266,421,71.64557,4320,10,4.136719,326.7461,64.66797,511.5781,6
3083.266,421,65.7289,4320,15,4.136719,326.7461,66.16797,510.0781,6
3083.266,421,65.80977,4320,11,4.136719,326.7461,63.66016,512.5859,6
3082.387,421,67.18346,4320,11,4.136719,326.7461,58.14844,518.0977,6
3083.266,421,69.28934,4352,9,4.136719,326.7461,67.17969,509.0664,6
3082.387,421,67.93893,4352,11,4.136719,326.7461,67.75391,508.4922,6
3084.145,421,68.71795,4352,9,4.136719,326.7461,63.19141,513.0547,6
3083.266,421,68.8946,4352,10,4.136719,326.7461,61.36719,514.8789,6
3084.16,421,66.58163,4352,13,4.136719,326.7461,64.99609,511.25,6
3082.387,421,68.11224,4352,9,4.136719,326.7461,68.23438,508.0117,6
3082.387,421,67.42424,4352,10,4.136719,326.7461,62.47266,513.7734,6
3083.266,421,70.99237,4352,12,4.136719,326.7461,64.55859,511.6875,6
3083.266,421,66.58163,4352,8,4.136719,326.7461,62.75391,513.4922,6
3084.145,421,67.17949,4352,17,4.136719,326.7461,62.90625,513.3398,6
3084.145,421,67.67677,4352,12,4.136719,326.7461,69.35547,506.8906,6
3082.387,421,64.46701,4352,12,4.136719,326.7461,64.05469,512.1914,6
3083.266,421,66.07595,4352,15,4.136719,326.7461,61.49609,514.75,6
3084.145,421,63.8191,4352,13,4.136719,326.7461,62.32812,513.918,6
3083.266,421,62.53165,4352,10,4.136719,326.7461,60.47656,515.7695,6
3082.387,421,58.89724,4352,8,4.136719,326.7461,62.41406,513.832,6
3084.145,421,56.43564,4352,14,4.136719,326.7461,63.6875,512.5586,6
3083.266,421,56.0794,4352,11,4.136719,326.7461,67.39062,508.8555,6
3082.387,421,63.61323,4352,12,4.136719,326.7461,63.54688,512.6992,6
3082.387,421,66.83673,4352,9,4.136719,326.7461,66.17578,510.0703,6
3083.266,419,68.19338,4352,8,4.136719,326.7461,62.05859,514.1875,6
3083.266,419,68.46154,4352,9,4.136719,326.7461,62.66016,513.5859,6
3083.266,419,66.75192,4352,7,4.136719,326.7461,63.54688,512.6992,6
3083.281,419,69.38776,4352,14,4.136719,326.7461,69.33984,506.9062,6
3084.145,419,67.4359,4352,12,4.136719,326.7461,61.36719,514.8789,6
3083.266,419,65.98465,4352,11,4.136719,326.7461,62.26172,513.9844,6
3083.266,419,66.92308,4352,13,4.136719,326.7461,64.70312,511.543,6
3083.266,419,68.95674,4352,6,4.136719,326.7461,60.10547,516.1406,6
3084.145,419,69.56522,4352,10,4.136719,326.7461,61.52344,514.7227,6
3084.145,419,66.32653,4352,16,4.136719,326.7461,63.79297,512.4531,6
3082.387,419,68.95674,4352,14,4.136719,326.7461,64.59375,511.6523,6
3083.266,419,67.8392,4352,10,4.144531,326.7383,65.6875,510.5586,6
3083.266,420,69.48718,4352,11,4.144531,326.7461,61.60938,514.6289,6
3084.145,420,66.75192,4352,15,4.144531,326.7461,63.70312,512.5352,6
3084.145,420,66.41414,4352,13,4.144531,326.7461,63.13672,513.1016,6
3083.266,420,67.09184,4352,10,4.144531,326.7461,63.53906,512.6992,6
3083.391,420,67.25888,4352,14,4.144531,326.7461,63.3125,512.9258,6
3083.391,420,68.87755,4352,14,4.144531,326.7461,65.72266,510.5156,6
3085.148,420,71.92982,4352,15,4.144531,326.7461,60.03125,516.207,6
3084.145,420,67.00767,4352,10,4.144531,326.7461,58.20703,518.0312,6
3083.266,420,65.58603,4352,8,4.144531,326.7461,63.28516,512.9531,6
3083.266,420,66.24041,4352,16,4.144531,326.7461,62.10156,514.1367,6
3083.266,420,67.5,4352,9,4.144531,326.7461,61.60156,514.6367,6
3084.145,420,61.38107,4352,7,4.144531,326.7461,62.51953,513.7188,6
3084.145,420,55.27638,4352,12,4.144531,326.7461,65.65234,510.5859,6
3084.145,420,60.65163,4352,9,4.144531,326.7461,63.87109,512.3672,6
3082.387,421,56.6416,4352,11,4.144531,326.7461,62.14844,514.0898,6
3083.266,421,57.14286,4352,11,4.144531,326.7461,61.53906,514.6992,6
3082.387,422,60.96939,4352,10,4.144531,326.7461,68.26953,507.9688,6
3082.387,422,68.10127,4352,8,4.152344,326.7383,66.85156,509.3867,6
3083.297,422,68.68687,4352,13,4.152344,326.7461,63.76562,512.4648,6
3083.281,422,67.51918,4352,6,4.152344,326.7461,64.25,511.9805,6
3083.281,422,70.98446,4352,11,4.152344,326.7461,62.18359,514.0469,6
3084.16,422,67.94872,4352,10,4.152344,326.7461,66.23438,509.9961,6
3083.281,422,67.17172,4352,9,4.152344,326.7461,62.80078,513.4297,6
3083.281,422,67.35219,4352,11,4.152344,326.7461,61.64453,514.5859,6
3083.293,422,67.78351,4352,12,4.152344,326.7461,61.55078,514.6797,6
3084.172,422,64.96164,4352,11,4.152344,326.7461,64.38281,511.8477,6
3083.293,422,63.4715,4352,14,4.152344,326.7461,62.50781,513.7227,6
3083.281,422,68.87755,4352,10,4.152344,326.7461,60.44141,515.7891,6
3083.281,422,69.7201,4352,10,4.152344,326.7461,66.97656,509.2539,6
3083.281,422,67.59494,4352,9,4.152344,326.7461,66.72656,509.5039,6
3083.297,421,69.38776,4352,9,4.152344,326.7461,64.46484,511.7656,6
3083.281,421,68.70229,4352,15,4.152344,326.7461,67.80469,508.4258,6
3084.16,421,65.63307,4352,14,4.152344,326.7461,61.67969,514.5508,6
3082.402,421,68.93939,4352,12,4.152344,326.7461,62.92188,513.3086,6
3083.281,421,68.20513,4352,9,4.152344,326.7461,67.07812,509.1523,6
3083.281,421,67.86632,4352,13,4.152344,326.7461,62.23828,513.9922,6
3084.16,421,66.41026,4352,13,4.152344,326.7461,64.30859,511.9219,6
3084.16,421,64.19437,4352,12,4.152344,326.7461,60.76953,515.4609,6
3084.145,421,65.80977,4352,6,4.152344,326.7461,58.99609,517.2344,6
3083.281,421,65.40404,4352,7,4.152344,326.7461,64.48828,511.7422,6
3081.523,421,67.60204,4352,11,4.152344,326.7461,63.78125,512.4492,6
3083.281,421,66.32911,4352,11,4.152344,326.7461,62.89453,513.3359,6
3083.281,421,65.25,4352,12,4.152344,326.7461,63.34766,512.8828,6
3084.16,421,61.77215,4352,9,4.152344,326.7461,63.83984,512.3906,6
3082.402,421,58.76543,4352,16,4.152344,326.7461,59.57812,516.6523,6
3084.172,421,55.44304,4352,10,4.152344,326.7461,64.78125,511.4492,6
3084.172,421,56.66667,4352,8,4.152344,326.7461,64.23828,511.9922,6
3083.293,422,59.89717,4352,12,4.152344,326.7461,66.96875,509.2617,6
3083.207,422,68.8946,4352,8,4.152344,326.7461,59.60547,516.625,6
3084.086,422,67.95866,4352,14,4.152344,326.7461,62.01562,514.2148,6
3082.328,422,68.44784,4352,10,4.152344,326.7461,63.60156,512.6289,6
3084.086,422,65.90331,4352,7,4.152344,326.7461,59.90625,516.3242,6
3084.086,422,68.11224,4352,5,4.152344,326.7461,61.66406,514.5664,6
3081.449,422,69.48718,4352,11,4.152344,326.7461,65.94922,510.2812,6
3084.086,422,68.01008,4352,14,4.152344,326.7461,62.58984,513.6406,6
3083.207,422,67.17949,4352,9,4.152344,326.7461,66.12109,510.1094,6
3082.945,422,64.76684,4352,17,4.160156,326.7383,64.93359,511.2969,6
3084.703,422,67.85714,4352,9,4.160156,326.7461,62.22656,513.9961,6
3084.719,422,69.2112,4352,13,4.160156,326.7461,63.50391,512.7188,6
3084.703,422,67.34694,4352,9,4.160156,326.7461,62.30859,513.9141,6
3083.824,422,68.35443,4352,9,4.160156,326.7461,57.67578,518.5469,6
3084.703,422,67.51269,4352,14,4.160156,326.7461,60.64844,515.5742,6
3084.703,422,65.80977,4352,16,4.160156,326.7461,59.48828,516.7344,6
3082.066,422,67.09184,4352,14,4.160156,326.7461,64.23828,511.9844,6
3083.824,422,67.09184,4352,13,4.167969,326.7461,63.78125,512.4336,6
3084.703,422,67.25441000000001,4352,15,4.167969,326.7461,66.37109,509.8438,6
3084.703,422,66.66667,4352,14,4.167969,326.7461,65.66406,510.5508,6
3083.824,422,68.59296,4352,11,4.167969,326.7461,64.69141,511.5234,6
3084.703,422,66.66667,4352,13,4.167969,326.7461,61.25,514.9648,6
3084.719,422,67.17172,4352,13,4.167969,326.7461,59.28125,516.9336,6
3082.945,422,65.82278,4352,11,4.167969,326.7461,63.34375,512.8711,6
3083.824,422,66.15776,4352,16,4.167969,326.7461,65.85156,510.3633,6
3083.824,422,61.61616,4352,9,4.167969,326.7461,62.50391,513.7109,6
3084.703,422,61.67513,4320,13,4.167969,326.7461,66.91406,509.3008,6
3082.066,422,57.78894,4320,14,4.167969,326.7461,64.32422,511.8906,6
3082.945,422,53.51759,4352,12,4.167969,326.7461,58.30859,517.9062,6
3084.703,422,57.93451,4352,12,4.167969,326.7461,66.42188,509.793,6
3082.945,422,62.95337,4352,11,4.167969,326.7461,67.35156,508.8633,6
3083.824,422,67.69231,4352,7,4.167969,326.7461,67.23047,508.9844,6
3084.703,422,66.75063,4352,10,4.167969,326.7461,62.73828,513.4766,6
3082.066,422,68.62245,4352,10,4.167969,326.7461,63.41016,512.8047,6
3084.703,422,66.32391,4352,17,4.167969,326.7461,64.31641,511.8984,6
3083.824,422,71.3198,4352,15,4.167969,326.7461,59.66406,516.5508,6
3083.824,422,69.23077,4352,11,4.167969,326.7461,64.17188,512.043,6
3083.824,422,67.78351,4352,12,4.167969,326.7461,62.32812,513.8867,6
3082.945,422,64.8855,4352,8,4.167969,326.7461,63.73828,512.4766,6
3083.824,422,66.66667,4352,12,4.167969,326.7461,64.34766,511.8672,6
3084.703,422,67.69231,4352,7,4.175781,326.7461,68.78516,507.4219,6
3084.703,422,70.70707,4352,11,4.175781,326.7461,64.32422,511.8828,6
3083.824,422,65.98465,4352,11,4.175781,326.7461,64.70312,511.5039,6
3083.824,422,66.32391,4352,8,4.175781,326.7461,66.98047,509.2266,6
3083.824,422,65.56962,4320,12,4.175781,326.7461,61.18359,515.0234,6
3084.703,422,67.94872,4320,6,4.175781,326.7461,61.69922,514.5078,6
3082.945,422,66.15385,4320,12,4.175781,326.7461,60.31641,515.8906,6
3084.703,422,66.91729,4320,12,4.175781,326.7461,71.06641,505.1406,6
3083.824,422,67.00508,4320,10,4.175781,326.7461,65.17578,511.0312,6
3084.703,422,68.5422,4320,10,4.175781,326.7461,60.94141,515.2656,6
3083.824,422,67.00508,4320,8,4.175781,326.7461,62.88281,513.3242,6
3084.703,422,66.24365,4320,21,4.175781,326.7461,63.9375,512.2695,6
3083.824,422,68.67168,4320,12,4.175781,326.7461,62.15234,514.0547,6
3084.703,422,65.65657,4320,12,4.175781,326.7461,63.59375,512.6133,6
3083.824,422,60.60606,4320,12,4.175781,326.7461,61.75391,514.4531,6
3083.824,422,62.78481,4320,10,4.175781,326.7461,63.05078,513.1562,6
3083.824,422,60.50633,4320,9,4.175781,326.7461,63.91797,512.2891,6
3083.824,422,59.3985,4320,8,4.175781,326.7461,63.05859,513.1484,6
3083.824,422,55.75,4320,11,4.175781,326.7461,64.36328,511.8438,6
3084.703,422,53.51759,4320,12,4.175781,326.7461,60.75781,515.4492,6
3083.824,422,64.54082,4320,7,4.175781,326.7461,57.86328,518.3438,6
3084.703,422,69.30946,4320,14,4.175781,326.7461,62.46875,513.7383,6
3084.703,422,65.02591,4320,10,4.175781,326.7461,58.89062,517.3164,6
3083.824,422,66.83673,4352,9,4.175781,326.7461,65.14453,511.0625,6
3084.703,422,63.40206,4352,13,4.175781,326.7461,62.42969,513.7773,6
3084.703,422,66.32391,4352,13,4.175781,326.7461,59.78125,516.4258,6
3084.703,422,66.57963,4352,12,4.175781,326.7461,64.82812,511.3789,6
3083.824,422,65.29563,4352,11,4.175781,326.7461,61.61328,514.5938,6
3083.824,422,67.26804,4352,17,4.175781,326.7461,60.0625,516.1445,6
3084.703,422,66.06684,4352,12,4.175781,326.7461,63.30859,512.8984,6
3083.824,421,66.40827,4352,12,4.175781,326.7461,63.12109,513.0859,6
3084.703,421,66.91919,4352,14,4.175781,326.7461,61.80859,514.3984,6
3084.719,420,66.15385,4352,15,4.175781,326.7461,65.15625,511.0508,6
3083.824,420,65.29563,4352,8,4.175781,326.7461,64.23047,511.9766,6
3084.703,420,65.82278,4352,13,4.175781,326.7461,61.19531,515.0117,6
3084.703,420,68.60759,4352,14,4.175781,326.7461,62.57031,513.6367,6
3083.824,420,66.66667,4352,12,4.175781,326.7461,66.88672,509.3203,6
3084.703,420,66.58291,4352,11,4.175781,326.7461,62.77344,513.4336,6
3084.703,420,67.93893,4352,18,4.175781,326.7461,67.22656,508.9805,6
3082.945,420,63.91753,4352,11,4.175781,326.7461,63.65625,512.5508,6
3082.945,420,64.19437,4352,8,4.175781,326.7461,65.26953,510.9375,6
3084.703,420,66.07143,4352,13,4.175781,326.7461,66.39062,509.8164,6
3083.824,420,67.34177,4352,13,4.175781,326.7461,62.07031,514.1367,6
3084.719,420,67.08543,4352,15,4.175781,326.7461,64.99609,511.2109,6
3084.703,420,66.41414,4352,10,4.175781,326.7461,65.35938,510.8477,6
3084.762,420,65.82278,4352,10,4.175781,326.7461,65.26953,510.9375,6
3084.777,420,61.30653,4352,11,4.183594,326.7461,62.96094,513.2383,6
3083.883,420,62.0603,4352,13,4.183594,326.7461,63.375,512.8242,6
3082.125,420,52.63158,4352,7,4.183594,326.7461,65.72656,510.4727,6
3084.762,420,51.91816,4352,12,4.183594,326.7461,67.21875,508.9805,6
3084.777,420,61.05528,4352,15,4.183594,326.7461,65.69922,510.5,6
3084.762,420,67.35751,4352,12,4.183594,326.7461,61.20312,514.9961,6
3084.762,420,67.00767,4320,13,4.183594,326.7461,59.58984,516.6094,6
3084.762,420,66.49616,4320,14,4.183594,326.7461,67.21094,508.9883,6
3082.125,420,67.51269,4320,13,4.183594,326.7461,61.34766,514.8516,6
3084.762,420,67.85714,4320,11,4.183594,326.7461,67.35547,508.8438,6
3083.883,420,70.02519,4320,13,4.183594,326.7461,65.97266,510.2266,6
3084.762,420,69.61039,4320,11,4.183594,326.7461,61.64453,514.5547,6
3084.777,420,69.84925,4320,13,4.183594,326.7461,67.70312,508.4961,6
3083.883,420,67.93893,4320,11,4.183594,326.7461,62.34375,513.8555,6
3084.762,420,68.70229,4320,13,4.183594,326.7461,58.28516,517.9141,6
3084.762,420,67.18346,4320,11,4.183594,326.7461,65.52344,510.6758,6
3083.883,420,66.24041,4320,13,4.183594,326.7461,62.37109,513.8281,6
3083.883,420,71.17347,4320,13,4.183594,326.7461,63.0625,513.1367,6
3083.883,420,68.19338,4320,10,4.183594,326.7461,64.19141,512.0078,6
3084.762,420,68.5567,4320,11,4.183594,326.7461,62.20703,513.9922,6
3084.762,420,66.58163,4320,9,4.183594,326.7461,61.79688,514.4023,6
3084.777,420,68.52792,4320,11,4.183594,326.7461,60.77734,515.4219,6
3083.883,420,67.34694,4320,9,4.183594,326.7461,65.30078,510.8984,6
3084.762,420,68.44784,4320,13,4.183594,326.7461,63.21484,512.9844,6
3083.883,420,68.60759,4352,11,4.191406,326.7461,63.31641,512.875,6
3084.762,420,67.68448,4352,15,4.191406,326.7461,62.16406,514.0273,6
3083.883,420,67.68448,4352,14,4.191406,326.7461,66.64844,509.543,6
3083.004,420,66.66667,4352,11,4.191406,326.7461,61.34375,514.8477,6
3084.762,420,67.26343,4352,13,4.191406,326.7461,61.33594,514.8555,6
3084.762,420,67.34177,4352,10,4.191406,326.7461,68.76172,507.4297,6
3084.762,420,63.45178,4352,18,4.191406,326.7461,62.37109,513.8203,6
3083.883,420,60.35354,4352,11,4.191406,326.7461,58.54297,517.6484,6
3082.125,420,57.17884,4352,14,4.191406,326.7461,65.85938,510.332,6
3083.824,420,54.0,4352,13,4.191406,326.7461,65.64844,510.543,6
3084.703,420,59.54774,4352,13,4.191406,326.7461,66.36719,509.8242,6
3084.719,420,68.46154,4352,13,4.191406,326.7461,59.09766,517.0938,6
3083.824,420,67.51918,4384,9,4.191406,326.7461,60.76562,515.4258,6
3083.824,420,70.43702,4384,10,4.191406,326.7461,66.17578,510.0156,6
3083.824,420,63.61323,4384,19,4.191406,326.75,67.30469,508.8828,6
3084.719,420,63.84615,4384,13,4.191406,326.75,64.19922,511.9883,6
3084.762,420,67.01299,4384,9,4.191406,326.75,61.94922,514.2383,6
3083.883,420,67.26343,4384,11,4.191406,326.75,58.05469,518.1328,6
3083.004,420,68.46154,4352,14,4.191406,326.75,61.96094,514.2266,6
3084.762,420,67.00508,4352,14,4.191406,326.75,58.35938,517.8281,6
3084.762,421,67.60925,4352,17,4.199219,326.75,56.30859,519.8711,6
3083.883,421,66.07595,4352,12,4.199219,326.75,62.77344,513.4062,6
3084.762,421,67.85714,4352,17,4.199219,326.75,65.01953,511.1602,6
3084.703,422,66.83544,4352,11,4.199219,326.75,60.83984,515.3398,6
3083.824,422,69.38776,4352,14,4.199219,326.75,65.53125,510.6484,6
3084.762,422,63.68286,4352,10,4.199219,326.75,61.83984,514.3398,6
3083.883,422,64.54082,4352,8,4.199219,326.8711,63.01953,513.0391,6
3084.762,421,66.49746,4352,16,4.199219,326.8711,64.30859,511.75,6
3083.883,421,64.37659,4352,11,4.199219,326.8711,67.33594,508.7227,6
3084.762,421,71.50127,4352,9,4.199219,326.8711,61.24219,514.8164,6
3084.762,421,67.26343,4352,9,4.199219,326.8711,66.33594,509.7227,6
3083.883,421,69.11392,4352,11,4.199219,326.8711,66.66797,509.3906,6
3084.762,421,67.86632,4352,9,4.199219,326.8711,61.30469,514.7539,6
3084.762,421,65.56122,4352,9,4.199219,326.8711,63.94141,512.1172,6
3084.762,421,68.92231,4352,13,4.199219,326.8711,63.12109,512.9375,6
3083.883,421,64.97462,4352,12,4.199219,326.8711,67.53516,508.5234,6
3084.762,421,63.88889,4352,9,4.199219,326.8711,62.50391,513.5547,6
3083.883,421,59.59596,4352,15,4.199219,326.8711,59.91406,516.1445,6
3083.883,421,57.35661,4352,10,4.199219,326.8711,58.0,518.0586,6
3083.883,421,58.54271,4352,11,4.199219,326.8711,58.25781,517.8008,6
3083.883,421,57.03518,4320,6,4.199219,326.8711,60.99219,515.0664,6
3084.762,421,65.98465,4320,16,4.199219,326.8711,63.91016,512.1484,6
3083.883,421,67.43003,4320,12,4.199219,326.8711,58.35547,517.7031,6
3083.883,421,69.48718,4320,9,4.199219,326.8711,61.35156,514.707,6
3084.762,421,68.44784,4320,9,4.199219,326.8711,63.15234,512.9062,6
3083.004,421,66.32391,4352,12,4.199219,326.8711,64.63281,511.4258,6
3084.762,421,71.79487,4352,13,4.199219,326.8711,57.96484,518.0938,6
3083.883,421,66.83673,4352,10,4.199219,326.8711,64.15234,511.9062,6
3084.762,421,67.7665,4352,13,4.21875,326.8789,62.53906,513.4922,6
3084.777,421,71.39175,4352,8,4.21875,326.8789,61.71875,514.3125,6
3083.02,421,68.20513,4352,7,4.21875,326.8789,64.49609,511.5352,6
3084.762,421,70.48346,4352,10,4.21875,326.8789,61.10938,514.9219,6
3082.125,421,70.40816,4352,10,4.21875,326.8789,58.80078,517.2305,6
3084.762,421,66.92308,4352,18,4.21875,326.8789,65.61328,510.418,6
3083.883,421,69.05371,4352,12,4.21875,326.8789,61.65625,514.375,6
3082.125,421,67.95866,4352,11,4.21875,326.8789,60.67188,515.3594,6
3084.762,421,66.75127,4352,15,4.21875,326.8789,66.82031,509.2109,6
3084.762,421,66.66667,4352,9,4.21875,326.8789,63.82031,512.2109,6
3083.883,421,68.86076,4352,12,4.21875,326.8789,60.01172,516.0195,6
3083.883,421,67.09184,4352,12,4.21875,326.8789,62.72266,513.3086,6
3083.898,421,66.41414,4352,12,4.21875,326.8789,64.59766,511.4336,6
3084.762,421,68.36735,4320,11,4.21875,326.8789,65.38672,510.6445,6
3084.762,421,65.56962,4320,8,4.21875,326.8789,61.97266,514.0586,6
3083.883,421,67.00252,4320,11,4.21875,326.8789,59.72656,516.3047,6
3083.898,421,66.07595,4320,15,4.21875,326.8789,59.82031,516.2109,6
3083.883,421,65.56122,4320,8,4.21875,326.8789,62.18359,513.8477,6
3083.883,421,65.65657,4320,14,4.21875,326.8789,60.44922,515.582,6
3083.883,421,62.81407,4320,10,4.21875,326.8789,64.17969,511.8516,6
3083.883,421,58.69018,4320,14,4.21875,326.8789,64.04297,511.9883,6
3083.883,421,57.71144,4320,10,4.21875,326.8789,57.50781,518.5234,6
3083.883,421,56.78392,4320,13,4.226562,326.8789,61.39062,514.6328,6
3084.762,421,62.72494,4320,13,4.226562,326.8789,68.14844,507.875,6
3084.762,421,68.0203,4320,9,4.226562,326.8789,64.49609,511.5273,6
3083.004,421,69.01763,4320,9,4.226562,326.8789,65.24609,510.7773,6
3082.125,421,68.29897,4320,13,4.226562,326.8789,63.69141,512.332,6
3083.883,421,68.46154,4320,10,4.226562,326.8789,63.77344,512.25,6
3084.762,420,70.69409,4320,15,4.226562,326.8789,60.62891,515.3945,6
3083.883,421,66.83417,4320,13,4.226562,326.8789,60.51953,515.5039,6
3083.004,421,67.26343,4320,13,4.226562,326.8789,61.74609,514.2773,6
3084.762,421,66.66667,4320,11,4.226562,326.8789,61.58203,514.4414,6
3082.125,421,69.46565,4320,12,4.226562,326.8789,62.89062,513.1328,6
3084.762,421,68.8946,4320,12,4.226562,326.8789,61.47656,514.5469,6
3084.762,421,65.47315,4320,12,4.226562,326.8789,64.96484,511.0586,6
3083.883,421,65.3944,4320,11,4.226562,326.8789,60.76562,515.2578,6
3083.883,422,67.60925,4320,10,4.226562,326.8789,61.33984,514.6836,6
3083.883,422,66.07143,4320,12,4.226562,326.8789,60.41797,515.6055,6
3083.004,422,69.89796,4320,9,4.226562,326.8789,60.58984,515.4336,6
3084.762,422,68.81443,4320,11,4.226562,326.8789,59.10938,516.9141,6
3083.883,422,67.8481,4320,9,4.226562,326.8789,61.72656,514.2969,6
3083.004,422,66.06684,4320,12,4.226562,326.8789,66.48047,509.543,6
3084.762,422,57.93451,4352,13,4.226562,326.8789,61.85156,514.1719,6
3083.883,422,64.96164,4352,7,4.226562,326.8789,60.5,515.5234,6
3083.883,422,69.75,4352,12,4.226562,326.8789,61.22656,514.7969,6
3083.883,422,64.89899,4352,13,4.226562,326.8789,57.41406,518.6094,6
3083.883,422,63.63636,4352,10,4.226562,326.8789,57.64062,518.3828,6
3084.762,422,62.59542,4352,7,4.226562,326.8789,57.57422,518.4492,6
3083.883,422,58.48101,4352,12,4.226562,326.8789,60.88281,515.1406,6
3083.883,422,63.40852,4352,12,4.226562,326.8789,57.44922,518.5742,6
3084.762,422,53.56265,4352,10,4.234375,326.8789,63.77344,512.2422,6
3083.004,422,53.29949,4352,9,4.234375,326.8789,61.87891,514.1367,6
3083.883,422,55.33499,4352,16,4.234375,326.8789,61.90625,514.1094,6
3083.883,422,62.34097,4352,8,4.234375,326.8789,68.58203,507.4336,6
3083.883,422,66.66667,4352,12,4.234375,326.8789,62.16797,513.8477,6
3083.883,422,62.30769,4352,6,4.234375,326.8789,61.82812,514.1875,6
3082.125,422,54.47368,4352,9,4.234375,326.8789,61.71875,514.2969,6
3083.883,422,62.8866,4352,15,4.234375,326.8789,58.60156,517.4141,6
3083.883,422,63.77551,4352,9,4.234375,326.8789,56.44531,519.5703,6
3083.883,422,62.85714,4352,13,4.234375,327.0039,59.25391,516.6367,6
3083.883,422,65.47315,4352,13,4.234375,327.0039,62.11719,513.7734,6
3083.883,422,70.07673,4352,10,4.234375,327.0039,61.95312,513.9375,6
3084.762,422,64.46701,4352,6,4.234375,327.0039,61.75,514.1406,6
3083.883,422,69.97455,4384,8,4.234375,327.0039,58.52344,517.3672,6
3084.762,422,67.77494,4384,9,4.234375,327.0039,66.94531,508.9453,6
3084.762,422,66.32653,4384,13,4.234375,327.0039,63.00781,512.8828,6
3083.004,422,66.58228,4352,11,4.234375,327.0039,64.87891,511.0117,6
3084.777,422,68.12339,4352,11,4.234375,327.0039,58.78125,517.1094,6
3084.762,422,67.17949,4352,9,4.234375,327.0039,62.15625,513.7344,6
3083.883,422,70.63291,4352,10,4.234375,327.0039,62.64844,513.2422,6
3084.762,422,66.07143,4352,13,4.234375,327.0039,63.61719,512.2734,6
3082.141,422,69.69697,4352,6,4.234375,327.0039,58.77734,517.1133,6
3083.883,422,67.00508,4352,7,4.234375,327.0039,63.94531,511.9453,6
3083.883,422,70.22901,4352,14,4.234375,327.0039,58.85938,517.0312,6
3083.883,422,61.73469,4352,5,4.234375,327.0039,57.14062,518.75,6
3083.004,422,65.63307,4352,18,4.234375,327.0039,59.89062,516.0,6
3083.004,422,67.25441000000001,4352,9,4.234375,327.0039,62.32031,513.5703,6
3084.762,422,65.21739,4352,11,4.234375,327.0039,60.14844,515.7422,6
3083.004,422,65.65657,4352,10,4.234375,327.0039,60.10156,515.7891,6
3084.762,422,62.12121,4352,8,4.234375,327.0039,66.61719,509.2734,6
3084.762,422,61.71285,4352,16,4.234375,327.0039,59.62891,516.2617,6
3083.883,422,54.75,4352,10,4.234375,327.0039,53.48047,522.4102,6
3083.883,422,52.4173,4352,10,4.234375,327.0039,57.90234,517.9883,6
3084.777,422,61.02564,4352,10,4.234375,327.0039,65.03906,510.8516,6
3083.883,422,69.43005,4352,9,4.234375,327.0039,64.625,511.2656,6
3083.883,422,68.44784,4352,8,4.234375,327.0039,62.20703,513.6836,6
3084.777,422,70.05076,4352,8,4.234375,327.0039,59.01953,516.8711,6
3084.777,422,66.83417,4352,10,4.242188,327.0039,57.57031,518.3125,6
3083.898,422,67.34177,4352,16,4.242188,327.0039,62.87109,513.0117,6
3083.898,422,69.94949,4352,9,4.242188,327.0039,60.04688,515.8359,6
3083.883,422,70.45455,4352,12,4.242188,327.0039,61.30469,514.5781,6
3083.883,422,67.93893,4352,11,4.242188,327.0039,62.84766,513.0352,6
3084.762,422,67.25888,4352,12,4.242188,327.0039,62.56641,513.3164,6
3084.762,422,68.38046,4352,13,4.242188,327.0039,57.21875,518.6641,6
3083.883,422,68.60759,4352,10,4.242188,327.0039,58.37109,517.5117,6
3083.883,422,68.05195,4352,10,4.242188,327.0039,64.1875,511.6953,6
3083.883,422,65.64885,4352,22,4.242188,327.0039,66.75781,509.125,6
3083.004,422,66.66667,4352,7,4.242188,327.0039,64.58984,511.293,6
3083.004,422,67.51918,4352,13,4.242188,327.0039,60.34375,515.5391,6
3084.762,423,66.07143,4352,14,4.242188,327.0039,65.28125,510.6016,6
3083.883,423,65.81633,4352,11,4.242188,327.0039,64.28125,511.6016,6
3084.762,423,64.85788,4352,8,4.242188,327.0039,61.9375,513.9453,6
3083.883,423,67.69231,4352,20,4.242188,327.0039,58.97656,516.9062,6
3082.125,423,69.54315,4352,10,4.242188,327.0039,68.625,507.2578,6
3083.004,423,69.19192,4352,10,4.242188,327.0039,62.17578,513.707,6
3083.883,423,66.83673,4352,7,4.242188,327.0039,61.02734,514.8555,6
3083.883,423,64.64646,4352,15,4.242188,327.0039,63.61719,512.2656,6
3083.883,423,63.19797,4352,13,4.242188,327.0039,64.38672,511.4961,6
3084.762,423,65.75,4352,10,4.242188,327.0039,58.90234,516.9805,6
3083.883,423,64.81013,4352,9,4.242188,327.0039,63.52344,512.3594,6
3083.883,422,61.75,4352,15,4.242188,327.0039,59.10938,516.7734,6
3083.004,422,60.75,4352,10,4.242188,327.0039,60.30469,515.5781,6
3083.004,422,57.77778,4352,10,4.242188,327.0039,60.85938,515.0234,6
3084.762,422,60.80402,4352,16,4.242188,327.0039,61.56641,514.3164,6
3084.762,422,68.95674,4352,23,4.242188,327.0039,63.15234,512.7305,6
3084.762,422,68.47545,4352,11,4.242188,327.0039,63.86719,512.0156,6
3084.762,422,67.34694,4352,10,4.242188,327.0039,63.65625,512.2266,6
3083.883,422,67.17172,4352,14,4.242188,327.0039,61.90234,513.9805,6
3083.004,422,66.49616,4352,16,4.242188,327.0039,66.39453,509.4883,6
3083.883,422,68.19338,4352,17,4.242188,327.0039,62.99219,512.8906,6
3084.762,422,69.54315,4352,14,4.242188,327.0039,64.08203,511.8008,6
3083.004,422,67.85714,4352,11,4.242188,327.0039,60.10156,515.7812,6
3083.883,422,67.18346,4352,9,4.242188,327.0039,56.68359,519.1992,6
3083.883,422,67.70026,4352,7,4.242188,327.0039,61.65625,514.2266,6
3083.883,422,69.19192,4352,13,4.242188,327.0039,60.98047,514.9023,6
3083.883,422,67.34694,4352,13,4.242188,327.0039,62.37891,513.5039,6
3084.762,422,68.5567,4352,11,4.242188,327.0039,57.57031,518.3125,6
3083.883,421,67.00508,4352,9,4.242188,327.0039,59.57422,516.3086,6
3084.762,421,66.24365,4384,16,4.242188,327.0039,64.02344,511.8594,6
3083.883,421,64.79592,4384,13,4.242188,327.0039,65.19141,510.6914,6
3084.762,421,64.97462,4384,8,4.242188,327.0039,61.83594,514.0469,6
3082.125,421,66.92112,4384,7,4.242188,327.0039,58.94141,516.9414,6
3083.883,421,69.30946,4352,12,4.242188,327.0039,60.73438,515.1484,6
3083.883,421,67.60925,4352,15,4.242188,327.0039,64.58984,511.293,6
3083.004,421,67.42424,4352,12,4.242188,327.0039,60.78516,515.0977,6
3083.883,421,68.18182,4320,10,4.242188,327.0039,60.35547,515.5273,6
3083.883,421,64.39394,4320,9,4.242188,327.0039,63.03125,512.8516,6
3083.883,421,68.67168,4320,15,4.242188,327.0039,61.59375,514.2891,6
3083.883,421,66.07595,4320,10,4.242188,327.0039,65.17969,510.7031,6
3083.883,421,63.47607,4320,10,4.242188,327.0039,60.53125,515.3516,6
3083.883,421,63.19797,4320,8,4.242188,327.0039,58.32031,517.5625,6
3083.004,421,57.21393,4320,12,4.242188,327.0039,59.22266,516.6602,6
3083.883,421,54.97512,4320,12,4.242188,327.0039,63.76172,512.1211,6
3083.883,420,53.4005,4352,10,4.242188,327.0039,64.8125,511.0703,6
3083.004,420,67.26343,4352,10,4.242188,327.0039,64.60547,511.2773,6
3083.883,420,66.58228,4352,12,4.242188,327.0039,57.94922,517.9336,6
3083.883,420,65.98465,4352,13,4.242188,327.0039,58.67188,517.2109,6
3084.762,420,66.58098,4352,14,4.242188,327.0039,54.79688,521.0859,6
3083.883,420,67.25441000000001,4352,8,4.242188,327.0039,57.98438,517.8984,6
3084.762,420,66.66667,4384,11,4.242188,327.0039,66.17578,509.707,6
3084.777,420,67.77494,4384,12,4.242188,327.0039,65.61328,510.2695,6
3083.02,420,67.4359,4384,9,4.242188,327.0039,63.09375,512.7891,6
3085.797,420,68.35443,4384,10,4.242188,327.0039,62.84375,513.0391,6
3084.887,420,67.00508,4384,11,4.242188,327.0039,69.3125,506.5703,6
3083.883,420,67.85714,4384,12,4.242188,327.0039,61.23828,514.6445,6
3084.762,420,68.86076,4384,12,4.242188,327.0039,61.92578,513.957,6
3083.883,420,69.2112,4384,8,4.242188,327.0039,65.62109,510.2617,6
3084.762,420,68.35443,4352,11,4.242188,327.0039,58.91016,516.9727,6
3084.762,420,67.68448,4352,11,4.242188,327.0039,61.375,514.5078,6
3083.883,420,68.46154,4352,11,4.242188,327.0039,65.32031,510.5625,6
3084.762,420,67.51269,4352,15,4.25,326.9961,64.31641,511.5664,6
3084.762,420,68.62245,4352,14,4.25,327.0039,59.05078,516.8242,6
3083.883,420,67.17557,4352,11,4.25,327.0039,61.32031,514.5547,6
3082.125,420,66.41026,4352,9,4.25,327.0039,61.22656,514.6484,6
3083.883,420,68.10127,4352,13,4.25,327.0039,57.85547,518.0195,6
3084.762,420,67.17557,4352,12,4.25,327.0039,64.09766,511.7773,6
3084.887,420,66.92112,4352,13,4.25,327.0039,59.52734,516.3477,6
3085.766,420,66.66667,4352,11,4.25,327.0039,61.63281,514.2422,6
3084.887,420,67.60204,4352,7,4.25,327.0039,58.80859,517.0664,6
3084.777,420,63.22418,4352,13,4.25,327.0039,59.75781,516.1172,6
3082.125,420,61.80905,4352,12,4.25,327.0039,64.10156,511.7734,6
3083.883,420,60.4534,4352,13,4.25,327.0039,63.12109,512.7539,6
3083.883,420,56.25,4384,14,4.25,327.0039,64.18359,511.6914,6
3083.883,420,54.0201,4384,15,4.25,327.0039,60.86719,515.0078,6
3083.883,420,63.07692,4384,11,4.25,327.0039,62.90234,512.9727,6
3084.762,420,66.83805,4384,11,4.25,327.0039,58.17188,517.7031,6
3083.883,420,69.7201,4384,12,4.25,327.0039,66.39453,509.4805,6
3084.762,420,71.09974,4384,13,4.25,327.0039,62.24609,513.6289,6
3083.883,420,69.52141,4384,9,4.25,327.0039,62.125,513.75,6
3084.777,420,67.85714,4384,13,4.25,327.0039,58.10547,517.7695,6
3084.762,420,68.20513,4384,14,4.25,327.0039,60.28906,515.5859,6
3083.883,420,70.51282,4384,17,4.25,327.0039,60.23047,515.6445,6
3083.883,420,67.85714,4384,8,4.265625,326.9883,62.43359,513.4414,6
3083.883,420,70.30457,4384,13,4.265625,327.0039,57.83594,518.0234,6
3084.762,420,67.67677,4384,12,4.265625,327.0039,62.19531,513.6641,6
3083.004,420,67.34694,4384,11,4.265625,327.0039,62.32422,513.5352,6
3084.762,421,71.28463,4384,11,4.265625,327.0039,57.375,518.4844,6
3084.762,421,67.27273,4384,12,4.265625,327.0039,68.86328,506.9961,6
3083.02,421,68.36735,4384,12,4.265625,327.0039,60.08203,515.7773,6
3083.883,421,67.17172,4384,13,4.265625,327.0039,60.03906,515.8203,6
3083.883,421,66.32653,4384,13,4.265625,327.0039,63.35938,512.5,6
3084.762,421,69.79695,4384,12,4.265625,327.0039,58.08594,517.7734,6
3084.762,421,66.91919,4384,7,4.265625,327.0039,59.78516,516.0742,6
3083.004,421,66.58163,4384,9,4.265625,327.0039,63.98438,511.875,6
3084.762,421,69.69697,4384,11,4.265625,327.0039,58.58203,517.2773,6
3084.762,421,65.29563,4384,12,4.265625,327.0039,65.55469,510.3047,6
3083.883,421,66.75127,4384,16,4.265625,327.0039,60.58203,515.2773,6
3083.883,421,67.25441000000001,4384,15,4.265625,327.0039,59.19531,516.6641,6
3083.883,421,64.97462,4384,9,4.265625,327.0039,59.12891,516.7305,6
3084.777,421,61.65414,4384,9,4.265625,327.0039,60.70312,515.1562,6
3084.777,421,60.10101,4384,10,4.265625,327.0039,63.0625,512.7969,6
3083.02,421,61.86869,4384,9,4.265625,327.0039,59.4375,516.4219,6
3083.898,421,57.35661,4384,15,4.265625,327.0039,62.73047,513.1289,6
3083.02,421,54.0,4384,10,4.265625,327.0039,66.92969,508.9297,6
3084.777,421,62.18905,4384,8,4.265625,327.0039,64.78906,511.0703,6
3083.898,421,67.86632,4384,10,4.265625,327.0039,62.30078,513.5586,6
3084.777,421,67.69231,4384,11,4.265625,327.0039,65.55469,510.3047,6
3084.762,421,67.00767,4384,14,4.265625,327.0039,60.15234,515.707,6
3082.141,421,67.01031,4384,11,4.265625,327.0039,61.03125,514.8281,6
3084.777,421,65.3944,4384,5,4.265625,327.0039,61.17188,514.6875,6
3083.898,421,69.40874,4384,12,4.265625,327.0039,59.27734,516.582,6
3083.898,421,65.64885,4384,13,4.265625,327.0039,65.46875,510.3906,6
3083.898,421,67.4359,4384,14,4.265625,327.0039,61.83594,514.0234,6
3083.898,421,67.52577,4384,8,4.265625,327.0039,62.99609,512.8633,6
3083.898,421,64.93506000000001,4384,8,4.265625,327.0039,57.44531,518.4141,6
3083.02,421,66.24041,4384,9,4.265625,327.0039,59.60156,516.2578,6
3084.777,421,65.05102,4384,11,4.265625,327.0039,59.875,515.9844,6
3084.777,421,68.46154,4384,11,4.265625,327.0039,67.58203,508.2773,6
3083.898,421,66.41221,4384,12,4.265625,327.0039,61.26562,514.5938,6
3084.777,421,68.11224,4384,13,4.265625,327.0039,60.75391,515.1055,6
3083.898,421,66.24365,4384,12,4.273438,327.0039,61.13672,514.7148,6
3083.898,421,65.12821,4384,11,4.273438,327.0039,59.99609,515.8555,6
3083.898,421,67.34177,4384,10,4.273438,327.0039,56.33984,519.5117,6
3083.898,421,66.41221,4352,8,4.273438,327.0039,58.96875,516.8828,6
3083.898,421,66.41026,4352,8,4.273438,327.0039,61.74609,514.1055,6
3083.898,421,68.52792,4352,9,4.273438,327.0039,62.78516,513.0664,6
3082.141,421,69.03553,4352,14,4.273438,327.0039,64.73047,511.1211,6
3084.402,421,65.56962,4352,10,4.273438,327.0039,56.88281,518.9688,6
3085.281,421,66.58291,4352,9,4.273438,327.0039,61.1875,514.6641,6
3083.883,421,66.32911,4352,13,4.273438,327.0039,58.24609,517.6055,6
3083.898,421,62.27848,4352,12,4.273438,327.0039,55.08594,520.7656,6
3084.762,421,59.94962,4352,8,4.273438,327.0039,62.05078,513.8008,6
3084.762,422,57.93451,4352,10,4.28125,327.0039,58.95312,516.8906,6
3083.898,422,54.0,4352,20,4.28125,327.0039,62.43359,513.4102,6
3083.898,422,60.10101,4352,9,4.28125,327.0039,60.48438,515.3594,6
3083.922,422,66.16162,4352,10,4.28125,327.0039,58.59766,517.2461,6
3083.898,422,71.53846,4384,9,4.28125,327.0039,57.02344,518.8203,6
3083.898,425,66.92112,4384,15,4.28125,327.0039,60.8125,515.0312,6
3083.898,422,68.21705,4384,14,4.289062,327.0039,60.27344,515.5625,6
3083.898,422,69.05371,4384,10,4.289062,327.0039,62.80859,513.0273,6
3083.02,422,66.83805,4384,17,4.289062,327.0039,61.84766,513.9883,6
3083.898,422,70.12658,4384,8,4.289062,327.0039,58.32422,517.5117,6
3083.898,422,68.87755,4384,9,4.289062,327.0039,64.57031,511.2656,6
3084.777,422,67.18346,4384,16,4.289062,327.0039,59.76953,516.0664,6
3083.898,422,67.00767,4384,11,4.289062,327.0039,56.61328,519.2227,6
3084.762,422,66.49616,4384,10,4.289062,327.0039,65.75,510.0859,6
3083.883,422,68.12339,4384,10,4.289062,327.0039,66.36719,509.4688,6
3084.762,422,65.48223,4384,10,4.289062,327.0039,66.04297,509.793,6
3084.762,422,66.75258,4384,8,4.289062,327.0156,61.32812,514.4961,6
3082.125,422,69.36709,4384,6,4.289062,327.0156,58.02734,517.7969,6
3084.762,422,69.54315,4384,15,4.289062,327.0156,58.54297,517.2812,6
3083.883,422,66.24041,4384,10,4.289062,327.0156,59.15234,516.6719,6
3083.883,422,66.66667,4352,10,4.289062,327.0156,60.60547,515.2188,6
3082.125,422,67.7665,4352,6,4.289062,327.0156,59.92578,515.8984,6
3082.125,422,67.59494,4352,11,4.289062,327.0156,58.875,516.9492,6
3083.883,422,65.31646,4352,14,4.289062,327.0156,66.92188,508.9023,6
3083.898,422,68.10127,4352,9,4.296875,327.0156,59.8125,516.0039,6
3083.883,422,68.71795,4352,13,4.296875,327.0156,62.53125,513.2852,6
3083.883,422,67.00508,4352,11,4.296875,327.0156,57.84766,517.9688,6
3083.883,422,69.26952,4352,10,4.296875,327.0156,62.94141,512.875,6
3084.777,422,64.66165,4352,12,4.296875,327.0156,65.75,510.0664,6
3084.762,422,62.46851,4352,9,4.296875,327.0156,65.06641,510.75,6
3083.883,422,59.85037,4352,17,4.296875,327.0156,61.08203,514.7344,6
3083.883,422,54.5,4352,11,4.296875,327.0156,59.08984,516.7266,6
3083.883,422,55.18987,4352,8,4.296875,327.0156,60.96875,514.8477,6
3083.883,422,66.66667,4352,18,4.296875,327.0156,63.97656,511.8398,6
3083.004,422,69.38776,4352,7,4.296875,327.0156,60.61328,515.2031,6
3084.762,422,68.51385,4352,10,4.296875,327.0156,63.56641,512.25,6
3084.762,422,67.34177,4352,6,4.296875,327.0156,59.71875,516.0977,6
3083.883,422,66.75127,4352,10,4.296875,327.0156,59.62891,516.1875,6
3084.762,422,67.86632,4352,11,4.296875,327.0156,55.94141,519.875,6
3083.883,422,67.26804,4352,10,4.296875,327.0156,61.80469,514.0117,6
3083.883,422,66.24041,4352,12,4.296875,327.0156,55.67969,520.1367,6
3084.762,422,66.24041,4352,9,4.296875,327.0156,60.01172,515.8047,6
3084.762,421,67.43003,4352,11,4.296875,327.0156,63.5625,512.2539,6
3083.883,421,69.48718,4320,9,4.296875,327.0156,57.33594,518.4805,6
3083.883,421,68.70229,4320,15,4.296875,327.0156,61.45312,514.3633,6
3083.883,421,69.03553,4320,15,4.296875,327.0156,62.28906,513.5273,6
3084.762,421,65.98465,4320,13,4.296875,327.0156,58.70312,517.1133,6
3084.762,421,68.10127,4320,9,4.304688,327.0156,61.91797,513.8906,6
3083.883,421,66.66667,4320,14,4.304688,327.0156,60.94922,514.8594,6
3084.762,421,69.84536,4320,15,4.304688,327.0156,61.39062,514.418,6
3083.898,421,66.16162,4320,16,4.304688,327.0156,58.79688,517.0117,6
3083.883,421,66.07143,4320,14,4.304688,327.0156,57.03125,518.7773,6
3083.883,421,69.79695,4320,8,4.304688,327.0156,64.76953,511.0391,6
3084.762,421,65.30612,4320,11,4.304688,327.0156,63.90625,511.9023,6
3083.883,421,68.11224,4320,21,4.304688,327.0156,59.28516,516.5234,6
3083.883,421,65.65657,4320,11,4.304688,327.0156,57.24219,518.5664,6
3083.883,421,64.39394,4320,7,4.304688,327.0156,61.47656,514.332,6
3083.883,421,65.56122,4320,12,4.304688,327.0156,59.91797,515.8906,6
3083.004,420,65.3944,4320,9,4.304688,327.0156,63.77734,512.0312,6
3084.762,420,64.83791,4320,11,4.304688,327.0156,64.22266,511.5859,6
3084.762,420,59.64912,4320,17,4.304688,327.0156,61.64844,514.1602,6
3084.762,420,55.77889,4320,12,4.304688,327.0156,63.67969,512.1289,6
3083.883,420,58.83838,4320,18,4.304688,327.0156,58.83984,516.9688,6
3083.883,420,63.23907,4320,11,4.304688,327.0156,57.71484,518.0938,6
3083.883,420,69.05371,4352,9,4.304688,327.0156,58.75,517.0586,6
3083.883,420,67.09184,4352,13,4.304688,327.0156,63.16797,512.6406,6
3083.883,420,68.62245,4352,10,4.304688,327.0156,58.10938,517.6992,6
3083.883,420,69.13265,4352,9,4.304688,327.0156,58.06641,517.7422,6
3084.762,420,66.15776,4352,10,4.304688,327.0156,62.04297,513.7656,6
3083.883,420,69.13265,4384,8,4.304688,327.0156,57.64453,518.1641,6
3083.883,420,67.01031,4384,12,4.3125,327.0156,56.87109,518.9297,6
3083.883,420,69.89796,4384,16,4.3125,327.0156,61.80859,513.9922,6
3083.883,420,64.2132,4384,9,4.3125,327.0156,60.05859,515.7422,6
3084.762,420,65.64885,4384,8,4.3125,327.0156,63.62109,512.1797,6
3083.883,420,69.46565,4384,16,4.3125,327.0156,60.23438,515.5664,6
3083.004,420,71.20823,4384,9,4.3125,327.0156,61.43359,514.3672,6
3084.762,420,64.97462,4384,10,4.3125,327.0156,61.16406,514.6367,6
3083.004,420,68.5422,4384,9,4.3125,327.0156,60.52344,515.2773,6
3084.762,420,67.00767,4352,11,4.3125,327.0156,60.06641,515.7344,6
3083.883,420,68.93939,4352,17,4.3125,327.0156,63.96484,511.8359,6
3083.883,420,67.26343,4352,9,4.320312,327.0078,61.83594,513.9648,6
3084.762,420,70.12658,4352,9,4.320312,327.0156,61.55078,514.2422,6
3084.762,420,68.27411,4352,8,4.320312,327.0156,56.43359,519.3594,6
3083.883,420,64.12214,4352,15,4.320312,327.0156,57.28906,518.5039,6
3084.762,420,70.25641,4352,9,4.320312,327.0156,63.1875,512.6055,6
3084.762,420,67.68448,4352,10,4.320312,327.0156,57.59375,518.1992,6
3083.883,420,67.69231,4320,9,4.320312,327.0156,61.70703,514.0859,6
3083.883,420,66.83544,4320,6,4.320312,327.0156,66.00781,509.7852,6
3084.762,420,64.89899,4320,11,4.320312,327.0156,58.73828,517.0547,6
3083.883,420,64.3038,4320,15,4.320312,327.0156,64.48828,511.3047,6
3083.883,420,61.25,4320,6,4.320312,327.0156,62.875,512.918,6
3083.883,420,57.3201,4320,9,4.320312,327.0156,59.29688,516.4961,6
3084.762,420,57.60599,4320,11,4.320312,327.0156,61.23047,514.5625,6
3083.004,420,61.9898,4320,11,4.320312,327.0156,62.03906,513.7539,6
3083.004,420,67.61658,4320,7,4.320312,327.0156,63.53516,512.2578,6
3083.883,420,67.35219,4320,5,4.320312,327.0156,62.66797,513.125,6
3083.883,420,66.75325,4320,9,4.320312,327.0156,63.30078,512.4922,6
3084.762,420,60.56701,4320,12,4.320312,327.0156,60.18359,515.6094,6
3084.762,420,64.75196,4320,14,4.320312,327.0156,56.38281,519.4102,6
3084.762,420,67.77494,4320,12,4.320312,327.0156,61.52344,514.2695,6
3083.883,420,70.51282,4320,11,4.320312,327.0156,61.02734,514.7656,6
3083.004,420,71.13924,4320,9,4.320312,327.0156,58.69141,517.1016,6
3084.762,420,68.38046,4320,14,4.320312,327.0156,55.57422,520.2188,6
3083.004,420,68.79795,4320,10,4.320312,327.0156,61.48047,514.3125,6
3084.762,420,67.43003,4320,11,4.320312,327.0156,60.10156,515.6914,6
3084.777,420,68.35443,4320,17,4.320312,327.0156,60.40625,515.3867,6
3083.004,420,67.09845,4320,14,4.320312,327.0156,60.67578,515.1172,6
3084.762,420,66.49616,4320,11,4.320312,327.0156,62.04297,513.75,6
3084.762,420,67.77494,4320,11,4.320312,327.0156,63.05859,512.7344,6
3083.883,420,65.13995,4320,8,4.320312,327.0156,59.91016,515.8828,6
3084.762,420,65.05102,4320,11,4.320312,327.0156,58.33594,517.457,6
3084.762,420,67.34177,4320,8,4.320312,327.0156,58.125,517.668,6
3083.004,420,69.28934,4320,12,4.320312,327.0156,58.64453,517.1484,6
3083.883,420,65.05102,4320,11,4.320312,327.0156,58.70703,517.0859,6
3084.762,420,66.49746,4320,14,4.320312,327.0156,56.76562,519.0273,6
3083.883,420,66.58098,4320,6,4.320312,327.0156,59.16016,516.6328,6
3084.762,420,68.63753,4320,8,4.320312,327.0156,60.02734,515.7656,6
3083.883,420,64.63104,4320,11,4.320312,327.0156,59.29297,516.5,6
3083.883,420,65.81633,4320,9,4.320312,327.0156,59.14844,516.6445,6
3083.004,420,65.82915,4320,15,4.320312,327.0156,61.07812,514.7148,6
3083.004,420,60.44776,4320,13,4.320312,327.0156,65.67969,510.1133,6
3083.004,420,56.10973,4320,6,4.320312,327.0156,61.5,514.293,6
3083.898,420,51.38539,4320,12,4.320312,327.0156,58.4375,517.3555,6
3083.898,420,54.10256,4320,13,4.320312,327.0156,58.83594,516.957,6
3083.883,420,70.9596,4320,9,4.320312,327.0156,59.78516,516.0078,6
3083.004,420,67.17557,4320,13,4.320312,327.0156,56.5625,519.2305,6
3084.762,420,69.2112,4320,13,4.320312,327.0156,61.33203,514.4609,6
3084.762,420,67.59494,4320,12,4.320312,327.0156,59.64453,516.1484,6
3084.777,421,69.15167,4320,10,4.320312,327.0156,63.53516,512.2578,6
3083.898,421,69.56522,4320,13,4.320312,327.0156,60.33594,515.457,6
3084.777,421,69.2112,4320,9,4.320312,327.0156,63.02734,512.7656,6
3083.883,421,70.40816,4320,11,4.320312,327.0156,60.125,515.668,6
3083.883,421,65.98985,4320,10,4.320312,327.0156,58.15625,517.6367,6
3084.762,421,69.54315,4320,10,4.328125,327.0078,64.37891,511.4141,6
3083.004,421,69.79167,4320,15,4.328125,327.0156,64.21875,511.5664,6
3083.883,421,69.54315,4320,10,4.328125,327.0156,60.68359,515.1016,6
3083.883,421,68.28645,4320,10,4.328125,327.0156,59.70703,516.0781,6
3084.762,421,68.03069,4352,9,4.328125,327.0156,65.21094,510.5742,6
3083.883,421,66.66667,4352,11,4.328125,327.0156,63.22266,512.5625,6
3084.762,421,69.13265,4352,11,4.328125,327.0156,61.38281,514.4023,6
3084.777,421,67.85714,4352,11,4.335938,327.0156,60.71484,515.0625,6
3083.883,421,68.87755,4352,10,4.335938,327.0156,58.54688,517.2305,6
3083.91,421,66.83544,4352,13,4.335938,327.0156,57.45312,518.3242,6
3084.789,421,63.93862,4352,15,4.335938,327.0156,59.9375,515.8398,6
3083.91,421,66.24365,4352,18,4.335938,327.0156,62.19531,513.582,6
3084.762,421,67.59494,4352,9,4.335938,327.0156,65.07812,510.6992,6
3083.883,421,67.17557,4352,15,4.335938,327.0156,64.48438,511.293,6
3083.883,421,65.31646,4352,11,4.335938,327.0156,57.00781,518.7695,6
3083.883,421,62.34097,4352,6,4.335938,327.0156,61.87109,513.9062,6
3083.004,421,62.18274,4352,11,4.335938,327.0156,62.47656,513.3008,6
3084.762,421,63.8191,4352,9,4.335938,327.0156,60.94141,514.8359,6
3083.883,421,61.04218,4352,11,4.335938,327.0156,58.56641,517.2109,6
3083.004,421,59.39086,4352,10,4.335938,327.0156,61.19141,514.5859,6
3083.898,421,56.92695,4352,10,4.335938,327.0156,62.25,513.5273,6
3083.883,421,65.20619,4352,9,4.335938,327.0156,58.79297,516.9844,6
3083.883,421,65.81633,4352,11,4.335938,327.0156,60.23047,515.5469,6
3084.762,421,68.97436,4352,11,4.335938,327.0156,64.26172,511.5156,6
3084.762,421,66.32911,4352,12,4.335938,327.0156,59.39453,516.3828,6
3083.883,421,67.09184,4352,13,4.335938,327.0156,56.06641,519.7109,6
3083.883,421,67.25888,4352,9,4.335938,327.0156,59.82031,515.957,6
3083.883,421,69.13265,4320,10,4.335938,327.0156,62.64062,513.1367,6
3083.883,421,69.79695,4320,9,4.335938,327.0156,59.23828,516.5391,6
3084.762,421,66.24041,4352,11,4.335938,327.0156,56.03906,519.7383,6
3084.777,421,65.98465,4384,13,4.335938,327.0156,65.78516,509.9922,6
3083.02,421,69.89796,4384,11,4.34375,327.0156,58.48438,517.2852,6
3083.883,421,69.97455,4384,12,4.34375,327.0156,62.21094,513.5586,6
3083.883,421,69.30946,4352,11,4.34375,327.0156,59.48828,516.2812,6
3083.883,421,68.03069,4352,5,4.34375,327.0156,61.14062,514.6289,6
3083.004,421,67.7665,4352,8,4.34375,327.0156,60.11328,515.6562,6
3083.883,421,67.26804,4352,6,4.34375,327.0156,58.79297,516.9766,6
3084.777,421,64.43299,4352,12,4.34375,327.0156,59.90625,515.8633,6
3083.883,421,66.32653,4352,10,4.34375,327.0156,60.22656,515.543,6
3083.883,421,68.09045,4352,14,4.34375,327.0156,59.04297,516.7266,6
3083.883,420,66.49485,4352,12,4.34375,327.0156,59.62109,516.1484,6
3083.004,420,67.34694,4352,16,4.34375,327.0156,62.5,513.2695,6
3084.762,420,67.25441000000001,4352,16,4.34375,327.0156,59.79297,515.9766,6
3083.883,420,67.17557,4352,12,4.34375,327.0156,58.47266,517.2969,6
3083.883,421,66.66667,4352,10,4.34375,327.0156,62.99219,512.7773,6
3083.883,421,66.83544,4352,11,4.34375,327.0156,62.11328,513.6562,6
3083.883,421,67.67677,4352,16,4.34375,327.0156,57.95703,517.8125,6
3084.762,421,62.12121,4352,9,4.34375,327.0156,55.65625,520.1133,6
3083.898,421,57.39348,4352,14,4.34375,327.0156,61.16797,514.6016,6
3083.898,421,56.59898,4352,10,4.34375,327.0156,57.99609,517.7734,6
3083.898,421,56.67506,4352,12,4.34375,327.0156,60.51172,515.2578,6
3084.762,421,64.3038,4352,11,4.34375,327.0156,57.10938,518.6602,6
3084.762,421,67.85714,4352,12,4.34375,327.0781,63.03516,512.6719,6
3084.762,421,70.81218,4352,7,4.34375,327.0781,61.69141,514.0156,6
3083.883,421,69.28934,4352,10,4.34375,327.0781,58.44922,517.2578,6
3083.883,421,69.66581,4352,12,4.34375,327.0781,56.28125,519.4258,6
3083.91,421,66.15385,4352,14,4.34375,327.0781,56.75781,518.9492,6
3083.91,421,67.60925,4352,17,4.34375,327.0781,61.54297,514.1641,6
3083.91,421,66.49616,4352,12,4.34375,327.0781,61.92578,513.7812,6
3084.762,421,67.93893,4352,11,4.34375,327.0781,59.41797,516.2891,6
3084.762,420,67.69231,4352,13,4.34375,327.0781,57.94141,517.7656,6
3082.125,420,66.41026,4352,11,4.34375,327.0781,63.37891,512.3281,6
3083.883,420,66.66667,4352,14,4.34375,327.0781,61.69141,514.0156,6
3084.762,420,69.23077,4352,10,4.34375,327.0781,63.5,512.207,6
3083.883,420,68.03069,4352,11,4.34375,327.0781,59.21875,516.4883,6
3083.883,420,68.71795,4352,10,4.34375,327.0781,58.73047,516.9766,6
3084.762,420,67.77494,4352,13,4.34375,327.0781,55.33203,520.375,6
3082.125,420,66.75192,4352,11,4.34375,327.0781,61.09375,514.6133,6
3084.762,420,69.75,4352,13,4.34375,327.0781,61.19922,514.5078,6
3083.004,420,68.78173,4352,9,4.34375,327.0781,64.08203,511.625,6
3083.883,420,69.38776,4352,12,4.34375,327.0781,56.67188,519.0352,6
3084.762,420,67.34177,4352,11,4.34375,327.0781,62.48047,513.2266,6
3084.762,420,70.90909,4352,11,4.34375,327.0781,59.62109,516.0859,6
3083.883,420,66.41414,4320,8,4.34375,327.0781,56.40234,519.3047,6
3083.883,421,64.8855,4320,13,4.351562,327.0781,59.17969,516.5195,6
3083.883,421,67.25888,4320,12,4.351562,327.0781,59.08984,516.6094,6
3084.762,421,63.79747,4320,13,4.351562,327.0781,60.38281,515.3164,6
3084.762,421,61.89258,4320,10,4.351562,327.0781,56.92188,518.7773,6
3083.883,421,59.80149,4320,10,4.351562,327.0781,55.62891,520.0703,6
3083.883,421,55.6391,4320,11,4.351562,327.0781,57.00391,518.6953,6
3083.883,421,52.88221,4320,11,4.351562,327.0781,55.03516,520.6641,6
3083.883,421,62.65664,4320,14,4.351562,327.0781,57.60156,518.0977,6
3084.762,421,68.12339,4320,11,4.351562,327.0781,61.29688,514.4023,6
3084.762,421,65.03856,4320,5,4.351562,327.0781,57.62891,518.0703,6
3083.883,421,67.09512,4320,11,4.351562,327.0781,56.65234,519.0469,6
3083.883,421,68.20513,4352,8,4.351562,327.0781,59.61328,516.0859,6
3083.898,421,69.17098,4384,11,4.351562,327.0781,55.97656,519.7227,6
3083.883,421,67.51269,4384,7,4.351562,327.0781,66.16406,509.5352,6
3084.762,421,64.79592,4384,12,4.351562,327.0781,62.48828,513.2109,6
3083.883,421,69.89796,4384,10,4.351562,327.0781,60.30078,515.3984,6
3083.883,421,67.8481,4384,7,4.351562,327.0781,56.39062,519.3086,6
3083.004,421,67.35219,4384,10,4.351562,327.0781,62.84375,512.8555,6
3083.883,421,70.52897,4384,11,4.351562,327.0781,60.4375,515.2617,6
3084.762,421,68.86076,4384,15,4.351562,327.0781,58.01172,517.6875,6
3084.762,421,68.70229,4352,14,4.351562,327.0781,61.35938,514.3398,6
3084.762,421,67.78351,4352,13,4.351562,327.0781,59.125,516.5742,6
3083.883,421,66.75127,4352,11,4.351562,327.0781,64.75391,510.9453,6
3084.762,421,65.32663,4352,12,4.351562,327.0781,60.41406,515.2852,6
3084.777,421,67.01031,4352,14,4.351562,327.0781,57.03906,518.6602,6
3084.762,421,68.5422,4352,11,4.351562,327.0781,57.92188,517.7773,6
3084.762,421,65.63307,4352,11,4.351562,327.0781,56.48438,519.2148,6
3084.762,421,67.00508,4352,17,4.351562,327.0781,58.32812,517.3711,6
3083.898,421,67.68448,4320,19,4.351562,327.0781,58.16016,517.5391,6
3083.883,421,67.59494,4320,14,4.351562,327.0781,58.66016,517.0391,6
3083.004,421,66.33166,4320,14,4.351562,327.0781,60.40234,515.2969,6
3083.883,421,65.40404,4320,12,4.351562,327.0781,59.47656,516.2227,6
3084.762,421,65.81633,4352,7,4.351562,327.0781,64.99219,510.707,6
3083.883,421,61.65414,4352,11,4.351562,327.0781,63.09766,512.6016,6
3083.883,421,64.0,4352,12,4.351562,327.0781,61.60938,514.0898,6
3083.883,421,56.78392,4352,14,4.351562,327.0781,62.03516,513.6641,6
3083.883,421,56.42317,4352,12,4.351562,327.0781,64.49609,511.2031,6
3083.883,421,60.30151,4352,10,4.351562,327.0781,65.19922,510.5,6
3083.883,421,68.11224,4352,8,4.351562,327.0781,62.64453,513.0547,6
3083.004,421,67.77494,4352,16,4.351562,327.0781,59.01172,516.6875,6
3084.762,421,67.26804,4352,11,4.351562,327.0781,60.75391,514.9453,6
3084.762,421,65.02591,4352,7,4.351562,327.0781,62.58594,513.1133,6
3083.883,421,69.13265,4320,6,4.351562,327.0781,57.10938,518.5898,6
3083.883,421,68.60759,4320,11,4.351562,327.0781,61.375,514.3242,6
3083.883,421,66.83673,4320,10,4.351562,327.0781,60.9375,514.7617,6
3084.762,421,67.69231,4320,17,4.351562,327.0781,57.80469,517.8945,6
3083.883,421,69.2112,4320,11,4.351562,327.0781,57.90234,517.7969,6
3083.883,421,68.95674,4320,14,4.351562,327.0781,63.91406,511.7852,6
3083.883,420,67.18346,4320,8,4.351562,327.0781,59.96484,515.7344,6
3083.004,420,70.22901,4320,9,4.351562,327.0781,59.73828,515.9609,6
3083.883,420,66.83805,4320,11,4.351562,327.0781,60.27734,515.4219,6
3083.883,420,67.68448,4320,7,4.351562,327.0781,60.08594,515.6133,6
3083.883,420,66.66667,4320,11,4.351562,327.0781,62.46484,513.2344,6
3083.883,420,68.10127,4320,7,4.351562,327.0781,63.45703,512.2422,6
3082.125,420,67.35219,4320,13,4.351562,327.0781,61.0,514.6992,6
3084.762,420,65.13995,4320,10,4.351562,327.0781,61.45703,514.2422,6
3084.777,420,65.89744,4320,8,4.351562,327.0781,59.32031,516.3789,6
3083.883,420,65.64103,4320,8,4.351562,327.0781,61.33984,514.3594,6
3083.883,420,64.43299,4320,9,4.351562,327.0781,59.55469,516.1445,6
3083.883,420,64.19437,4320,9,4.359375,327.0781,61.41016,514.2812,6
3083.883,420,65.22843,4320,12,4.359375,327.0781,62.64062,513.0508,6
3083.004,420,67.00508,4320,10,4.359375,327.0781,61.10156,514.5898,6
3083.004,420,64.37659,4320,14,4.359375,327.0781,63.19141,512.5,6
3083.004,420,65.32663,4320,16,4.359375,327.0781,60.54688,515.1445,6
3084.887,421,62.27848,4320,10,4.359375,327.0781,62.80078,512.8906,6
3085.766,421,57.85536,4320,17,4.359375,327.0781,60.54297,515.1484,6
3084.887,421,57.64411,4320,8,4.359375,327.0781,63.64844,512.043,6
3083.883,421,58.29146,4320,9,4.359375,327.0781,59.79688,515.8945,6
3083.004,421,65.15152,4320,10,4.359375,327.0781,60.92969,514.7617,6
3083.883,421,66.40827,4320,13,4.359375,327.0781,58.22266,517.4688,6
3083.004,421,67.60204,4320,11,4.359375,327.0781,61.30859,514.3828,6
3083.898,421,67.4359,4320,13,4.359375,327.0781,62.23047,513.4609,6
3083.02,421,67.92929,4320,9,4.359375,327.0781,62.53516,513.1562,6
3083.898,421,68.20513,4320,8,4.367188,327.0781,58.06641,517.6172,6
3083.898,421,67.7665,4320,13,4.367188,327.0781,61.76953,513.9141,6
3084.777,421,69.11392,4320,11,4.367188,327.0781,64.29297,511.3906,6
3083.898,421,67.35219,4320,8,4.367188,327.0781,62.61328,513.0703,6
3083.898,421,69.23077,4320,11,4.367188,327.0781,58.8125,516.8711,6
3083.898,421,67.7665,4320,12,4.367188,327.0781,68.55469,507.1289,6
3083.898,421,65.98985,4352,11,4.367188,327.0781,61.48828,514.1953,6
3083.898,421,72.86822,4384,13,4.367188,327.0781,63.71875,511.9648,6
3083.02,421,67.4359,4384,15,4.367188,327.0781,65.03125,510.6523,6
3083.898,421,66.49616,4384,8,4.367188,327.0781,60.15625,515.5273,6
3082.141,421,68.5422,4384,8,4.367188,327.0781,56.98438,518.6992,6
3084.777,421,67.00508,4384,10,4.367188,327.0781,56.15234,519.5312,6
3082.141,421,69.38776,4384,9,4.367188,327.0781,59.91016,515.7734,6
3083.914,421,66.49616,4384,11,4.367188,327.0781,66.21484,509.4688,6
3083.898,421,68.27411,4384,6,4.367188,327.0781,65.01953,510.6641,6
3083.898,421,63.63636,4384,11,4.367188,327.0781,60.78516,514.8984,6
3084.777,421,65.13995,4352,9,4.367188,327.0781,61.95312,513.7305,6
3083.898,421,68.36735,4352,8,4.367188,327.0781,63.11328,512.5703,6
3083.898,421,65.48223,4352,11,4.367188,327.0781,61.72656,513.957,6
3083.898,421,66.49746,4352,9,4.367188,327.0781,68.75391,506.9297,6
3084.777,421,62.08651,4352,11,4.367188,327.0781,65.23438,510.4492,6
3082.141,421,63.56784,4352,9,4.367188,327.0781,58.18359,517.5,6
3083.898,421,62.0,4352,14,4.367188,327.0781,64.28516,511.3984,6
3082.141,421,60.10101,4352,13,4.367188,327.0781,62.38672,513.2969,6
3083.898,419,53.92405,4352,9,4.367188,327.0781,61.41016,514.2734,6
3084.777,420,63.0102,4352,9,4.367188,327.0781,65.11719,510.5664,6
3083.898,420,67.00767,4352,12,4.367188,327.0781,61.54297,514.1406,6
3084.777,420,64.70588,4352,7,4.367188,327.0781,56.74219,518.9414,6
3083.898,420,64.84375,4352,14,4.367188,327.0781,57.42578,518.2578,6
3083.898,420,66.23711,4352,8,4.367188,327.0781,62.10547,513.5781,6
3084.777,420,68.19338,4352,11,4.367188,327.0781,60.91406,514.7695,6
3083.02,420,67.67677,4352,16,4.367188,327.0781,60.23047,515.4531,6
3082.141,420,68.97436,4352,10,4.367188,327.0781,61.64844,514.0352,6
3083.02,420,65.7289,4352,11,4.367188,327.0781,64.10156,511.582,6
3083.898,420,65.56122,4352,11,4.367188,327.0781,60.28906,515.3945,6
3083.898,420,69.38776,4352,16,4.367188,327.0781,55.37109,520.3125,6
3083.898,420,67.85714,4352,13,4.367188,327.0781,62.59766,513.0859,6
3083.898,420,68.63753,4352,8,4.375,327.0781,59.82422,515.8516,6
3083.898,420,68.18182,4352,9,4.375,327.0781,61.69531,513.9805,6
3083.898,420,66.49616,4384,11,4.375,327.0781,58.8125,516.8633,6
3082.141,420,66.15385,4384,10,4.375,327.0781,58.125,517.5508,6
3083.898,420,69.46565,4384,15,4.375,327.0781,61.53125,514.1445,6
3083.898,420,65.56962,4384,10,4.375,327.0781,58.19141,517.4844,6
3083.898,420,70.15306,4384,12,4.375,327.0781,56.44531,519.2305,6
3082.141,420,65.97938,4384,15,4.375,327.0781,58.45703,517.2188,6
3083.02,420,67.09184,4384,9,4.375,327.0781,58.92969,516.7461,6
3084.777,420,69.62025,4384,10,4.375,327.0781,60.96094,514.7148,6
3083.898,420,64.54082,4384,10,4.375,327.0781,66.26953,509.4062,6
3083.883,420,66.83673,4384,13,4.375,327.0781,61.05469,514.6211,6
3084.762,420,67.34177,4384,13,4.375,327.0781,61.78906,513.8867,6
3083.883,420,66.32911,4384,11,4.375,327.0781,64.14453,511.5312,6
3083.898,420,65.66416,4384,16,4.375,327.0781,63.13281,512.543,6
3083.898,420,61.09726,4384,8,4.375,327.0781,61.84766,513.8281,6
3083.898,420,58.14536,4384,9,4.375,327.0781,65.01562,510.6602,6
3083.883,420,55.38847,4384,12,4.375,327.0781,58.86328,516.8125,6
3083.883,420,59.07928,4384,10,4.375,327.0781,59.33203,516.3438,6
3084.762,420,65.82915,4384,10,4.375,327.0781,59.91406,515.7617,6
3083.883,420,65.20619,4384,10,4.375,327.0781,61.54297,514.1328,6
3083.883,420,69.48718,4384,12,4.375,327.0781,58.57812,517.0977,6
3083.004,420,67.93893,4384,14,4.375,327.0781,61.81641,513.8594,6
3083.883,420,67.69231,4384,13,4.375,327.0781,62.42188,513.2539,6
3083.004,420,65.48223,4384,11,4.375,327.0781,61.64844,514.0273,6
3084.762,420,68.11224,4384,10,4.375,327.0781,57.0,518.6758,6
3083.004,420,70.88608,4384,14,4.375,327.0781,59.91016,515.7656,6
3083.898,420,65.5527,4384,15,4.375,327.0781,65.59766,510.0781,6
3082.828,420,69.58763,4384,6,4.375,327.0781,59.13672,516.5391,6
3081.055,420,68.03069,4384,11,4.375,327.0781,56.79297,518.8828,6
3081.055,421,64.01028,4384,19,4.382812,327.0781,59.54297,516.125,6
3081.934,421,67.4359,4384,8,4.382812,327.0781,65.98438,509.6836,6
3081.934,421,68.86076,4384,9,4.382812,327.0781,68.375,507.293,6
3081.934,421,68.87755,4384,17,4.382812,327.0781,63.17188,512.4961,6
3081.934,421,67.85714,4384,13,4.382812,327.0781,63.65234,512.0156,6
3082.812,421,66.24365,4384,19,4.382812,327.0781,61.98828,513.6797,6
3080.176,421,67.4359,4384,9,4.382812,327.0781,59.91406,515.7539,6
3080.176,421,66.15776,4384,11,4.382812,327.0781,59.15234,516.5156,6
3082.812,421,68.0203,4384,11,4.382812,327.0781,61.23828,514.4297,6
3081.934,421,68.11224,4384,13,4.382812,327.0781,72.26953,503.3984,6
3081.055,421,67.75819,4384,11,4.382812,327.0781,62.08594,513.582,6
3081.949,421,67.26343,4384,10,4.382812,327.0781,61.16016,514.5078,6
3081.055,421,68.25,4384,11,4.382812,327.0781,61.58594,514.082,6
3081.934,421,67.42424,4384,9,4.382812,327.0781,58.12109,517.5469,6
3081.949,421,61.97531,4384,7,4.382812,327.0781,63.88672,511.7812,6
3081.934,421,60.49383,4384,10,4.382812,327.0781,58.80078,516.8672,6
3083.617,421,57.07071,4352,6,4.382812,327.0781,62.89844,512.7695,6
3083.617,421,55.44304,4352,9,4.382812,327.0781,67.30078,508.3672,6
3082.738,421,61.61616,4384,12,4.382812,327.0781,62.07812,513.5898,6
3082.738,421,66.15776,4384,15,4.382812,327.0781,61.12109,514.5469,6
3082.738,421,70.58824,4384,11,4.382812,327.0781,60.41797,515.25,6
3083.617,421,70.22901,4384,12,4.382812,327.0781,64.69531,510.9727,6
3081.859,421,69.40874,4352,12,4.382812,327.0781,62.73438,512.9336,6
3082.738,421,68.87755,4352,15,4.390625,327.0703,62.64844,513.0195,6
3083.617,421,68.04124,4352,12,4.390625,327.0781,57.76953,517.8906,6
3081.859,421,67.78351,4352,9,4.390625,327.0781,55.77734,519.8828,6
3082.738,421,70.22901,4352,10,4.390625,327.0781,60.38281,515.2773,6
3082.738,421,66.32911,4352,13,4.390625,327.0781,62.85547,512.8047,6
3083.617,421,68.97436,4352,16,4.390625,327.0781,61.04297,514.6172,6
3083.617,421,67.7665,4352,8,4.390625,327.082,67.03906,508.6172,6
3082.738,421,69.74359,4352,10,4.390625,327.082,62.51562,513.1406,6
3083.633,421,67.34694,4352,9,4.390625,327.082,60.19922,515.457,6
3082.754,421,66.49746,4352,12,4.390625,327.082,60.54688,515.1094,6
3083.633,421,69.46565,4352,10,4.390625,327.082,55.97656,519.6797,6
3082.738,421,67.60204,4352,13,4.390625,327.082,64.03906,511.6172,6
3082.738,421,68.36735,4352,11,4.390625,327.082,62.34375,513.3125,6
3083.617,421,65.30612,4352,11,4.390625,327.082,62.76172,512.8945,6
3083.617,421,65.13995,4352,7,4.390625,327.082,63.48047,512.1758,6
3082.738,421,63.82429,4352,10,4.390625,327.082,62.13672,513.5195,6
3082.738,421,66.41221,4352,11,4.390625,327.082,61.5,514.1562,6
3081.859,421,67.17172,4352,9,4.390625,327.082,60.8125,514.8438,6
3081.859,421,66.75192,4352,14,4.390625,327.082,64.86328,510.793,6
3082.738,421,64.26735,4352,10,4.390625,327.082,60.69922,514.957,6
3082.738,421,64.82412,4352,13,4.390625,327.082,59.67188,515.9844,6
3082.738,421,68.0203,4352,10,4.390625,327.082,62.53125,513.125,6
3082.738,421,60.75949,4352,11,4.390625,327.082,58.17578,517.4805,6
3082.738,421,61.96474,4352,12,4.390625,327.082,58.35938,517.2969,6
3083.617,421,56.78392,4352,9,4.390625,327.082,55.16016,520.4961,6
3082.754,421,53.59801,4352,19,4.390625,327.082,60.55859,515.0977,6
3082.738,421,65.28497,4352,14,4.390625,327.082,60.34766,515.3086,6
3081.875,421,69.69697,4352,13,4.390625,327.082,59.87891,515.7773,6
3081.891,421,68.12339,4352,11,4.390625,327.082,59.03906,516.6172,6
3082.754,421,67.77494,4352,12,4.390625,327.082,61.99219,513.6641,6
3082.738,421,67.35751,4352,13,4.390625,327.082,57.21875,518.4375,6
3082.738,421,69.79695,4352,12,4.390625,327.082,58.66797,516.9883,6
3082.738,421,67.70026,4352,10,4.390625,327.082,59.75391,515.9023,6
3082.738,421,69.87342,4352,10,4.390625,327.082,66.12891,509.5273,6
3082.738,421,69.30946,4352,7,4.390625,327.082,62.28906,513.3672,6
3082.738,421,68.11224,4352,13,4.390625,327.082,58.07422,517.582,6
3083.617,421,69.36709,4352,7,4.390625,327.082,63.54297,512.1133,6
3083.617,421,71.3198,4352,9,4.390625,327.082,60.17969,515.4766,6
3081.859,421,65.98985,4352,9,4.390625,327.082,55.89453,519.7617,6
3082.754,420,65.46392,4384,13,4.390625,327.082,59.99219,515.6641,6
3083.617,420,64.76684,4384,11,4.390625,327.082,59.36328,516.293,6
3083.617,420,66.33166,4384,10,4.390625,327.082,62.07812,513.5781,6
3081.859,420,69.97455,4352,13,4.390625,327.082,59.0625,516.5938,6
3081.859,420,71.89873,4352,11,4.390625,327.082,62.41016,513.2461,6
3082.738,420,65.06329,4352,9,4.390625,327.082,63.71484,511.9414,6
3081.859,420,67.17557,4352,10,4.390625,327.082,60.55469,515.1016,6
3083.617,420,66.75127,4352,6,4.398438,327.082,61.78125,513.8672,6
3082.738,420,65.22843,4352,15,4.398438,327.082,60.08984,515.5586,6
3082.738,420,67.35219,4352,14,4.398438,327.082,59.91797,515.7305,6
3082.738,420,64.55696,4352,6,4.398438,327.082,66.98438,508.6641,6
3082.738,420,67.93893,4352,13,4.398438,327.082,58.66406,516.9844,6
3082.738,420,65.56962,4352,7,4.398438,327.082,58.55469,517.0938,6
3081.859,420,63.63636,4352,13,4.398438,327.082,61.56641,514.082,6
3082.754,420,60.35354,4352,10,4.398438,327.082,60.94922,514.6992,6
3082.738,420,55.88972,4352,12,4.398438,327.082,61.33984,514.3086,6
3082.738,420,59.45274,4352,11,4.398438,327.082,65.65625,509.9922,6
3083.617,420,64.45013,4352,12,4.398438,327.082,60.29688,515.3516,6
3082.738,420,67.51269,4352,15,4.398438,327.082,63.32422,512.3242,6
3083.617,420,67.85714,4352,11,4.398438,327.082,63.37891,512.2695,6
3081.859,420,67.43003,4352,11,4.398438,327.082,60.04297,515.6055,6
3082.738,420,67.43003,4352,12,4.398438,327.082,62.91797,512.7305,6
3082.738,420,69.64286,4352,12,4.398438,327.082,59.76172,515.8867,6
3081.859,420,67.86632,4352,6,4.398438,327.082,57.83984,517.8086,6
3081.859,420,62.30769,4352,12,4.398438,327.082,56.25391,519.3945,6
3083.617,420,65.64885,4352,7,4.398438,327.082,62.32422,513.3242,6
3080.98,419,66.49616,4352,10,4.398438,327.082,57.18359,518.4648,6
3083.633,419,69.28934,4352,13,4.398438,327.082,57.92578,517.7227,6
3083.648,419,69.2112,4352,15,4.398438,327.082,58.125,517.5234,6
3082.738,419,66.92112,4352,9,4.398438,327.082,59.33984,516.3086,6
3083.617,419,67.00767,4352,11,4.398438,327.082,60.14844,515.5,6
3082.738,419,68.5422,4352,13,4.398438,327.082,61.96484,513.6836,6
3082.738,419,68.10127,4352,11,4.398438,327.082,56.83984,518.8086,6
3082.738,419,70.48346,4352,20,4.398438,327.082,59.71484,515.9336,6
3083.617,419,68.19338,4352,13,4.398438,327.082,60.24219,515.4062,6
3082.754,419,69.25,4352,10,4.398438,327.082,61.08203,514.5664,6
3082.754,419,66.41221,4352,14,4.398438,327.082,57.89844,517.75,6
3082.77,419,69.44444,4352,12,4.398438,327.082,62.92969,512.7188,6
3083.617,419,69.64286,4352,9,4.398438,327.082,57.51562,518.1328,6
3083.617,419,68.0203,4352,5,4.398438,327.082,59.32422,516.3242,6
3082.738,419,67.8481,4352,11,4.398438,327.082,57.58984,518.0586,6
3083.617,419,66.92112,4352,8,4.398438,327.082,58.75,516.8984,6
3082.738,419,63.90977,4352,11,4.398438,327.082,57.0,518.6484,6
3082.738,419,65.15152,4320,13,4.398438,327.082,60.35547,515.293,6
3082.738,419,65.32663,4320,8,4.398438,327.082,63.66016,511.9883,6
3082.738,419,59.94962,4352,8,4.398438,327.082,60.36328,515.2852,6
3082.738,419,54.63659,4352,10,4.398438,327.082,62.78516,512.8633,6
3082.754,419,53.33333,4352,12,4.40625,327.082,63.4375,512.2031,6
3081.875,419,67.77494,4352,8,4.40625,327.082,66.21875,509.4219,6
3082.754,419,68.60759,4352,11,4.40625,327.082,60.0,515.6406,6
3083.633,419,66.92308,4352,10,4.40625,327.082,56.96484,518.6758,6
3082.738,419,68.78173,4352,11,4.40625,327.082,60.32031,515.3203,6
3081.859,419,69.84536,4352,11,4.40625,327.082,61.6875,513.9531,6
3083.617,419,67.34177,4352,11,4.40625,327.082,65.86328,509.7773,6
3083.617,419,68.43434,4352,17,4.40625,327.082,59.50781,516.1328,6
3083.617,419,68.04124,4352,8,4.40625,327.082,63.14062,512.5,6
3082.738,419,66.15385,4352,9,4.40625,327.082,61.13672,514.5039,6
3082.738,419,69.03553,4352,12,4.40625,327.082,59.33984,516.3008,6
3083.617,419,66.49616,4352,9,4.40625,327.082,61.07812,514.5625,6
3083.617,419,68.18182,4352,7,4.40625,327.082,63.27734,512.3633,6
3083.617,419,67.35219,4352,13,4.40625,327.082,64.42969,511.2109,6
3083.617,419,67.09512,4352,15,4.40625,327.082,59.86719,515.7734,6
3083.633,419,66.23711,4352,11,4.40625,327.082,63.52344,512.1172,6
3083.633,419,67.00767,4352,11,4.40625,327.082,56.53906,519.1016,6
3082.754,420,67.60204,4352,10,4.40625,327.082,59.60547,516.0352,6
3082.754,420,67.93893,4352,16,4.40625,327.082,60.88672,514.7539,6
3082.754,420,67.51269,4352,9,4.40625,327.082,62.88281,512.7578,6
3082.754,420,64.72081,4352,10,4.40625,327.082,62.92188,512.7188,6
3082.754,420,66.32653,4352,7,4.40625,327.082,59.95703,515.6836,6
3082.754,420,67.09184,4352,16,4.40625,327.082,62.60156,513.0391,6
3083.633,420,68.43434,4352,7,4.40625,327.082,64.71484,510.9258,6
3081.875,420,63.31658,4352,12,4.40625,327.082,61.28516,514.3555,6
3082.754,420,62.27848,4384,14,4.40625,327.082,57.10938,518.5312,6
3082.754,420,60.81425,4384,15,4.40625,327.082,58.94531,516.6953,6
3081.859,420,61.0,4384,12,4.40625,327.082,56.85547,518.7852,6
3080.98,420,59.04523,4384,10,4.40625,327.082,58.69922,516.9414,6
3082.77,420,57.0,4384,9,4.40625,327.082,62.46484,513.1758,6
3082.754,420,57.76081,4384,6,4.40625,327.082,61.01562,514.625,6
3083.633,420,64.97462,4384,8,4.40625,327.082,60.20703,515.4336,6
3083.633,420,69.64286,4384,12,4.414062,327.082,60.94141,514.6914,6
3081.875,420,65.98985,4384,15,4.414062,327.082,57.73047,517.9023,6
3082.754,420,67.27273,4384,12,4.414062,327.082,60.52344,515.1094,6
3084.77,420,65.89147,4384,9,4.414062,327.082,61.65625,513.9766,6
3082.754,420,66.92308,4384,11,4.414062,327.082,60.28516,515.3477,6
3082.754,423,66.49616,4384,17,4.414062,327.082,57.51953,518.1133,6
3082.77,420,68.87755,4384,10,4.414062,327.082,59.18359,516.4492,6
3082.754,420,68.62245,4384,13,4.414062,327.082,59.32812,516.3047,6
3082.754,420,69.66581,4384,9,4.414062,327.082,65.29688,510.3359,6
3082.754,420,68.62245,4384,11,4.414062,327.082,65.21094,510.4219,6
3083.633,420,67.60925,4384,7,4.414062,327.082,63.06641,512.5664,6
3083.633,420,67.09512,4352,9,4.414062,327.082,58.97266,516.6602,6
3083.633,420,66.24685,4352,11,4.414062,327.082,63.48047,512.1523,6
3082.754,420,69.64286,4352,11,4.414062,327.082,57.17188,518.4609,6
3083.633,420,68.62245,4352,12,4.414062,327.082,61.60547,514.0273,6
3082.754,420,70.99237,4352,16,4.414062,327.082,58.91016,516.7227,6
3082.754,420,63.86768,4352,11,4.414062,327.082,56.87891,518.7539,6
3082.738,420,66.75127,4352,16,4.414062,327.082,59.16797,516.4648,6
3083.633,420,65.40404,4352,13,4.414062,327.082,57.13281,518.5,6
3083.633,420,63.93862,4352,10,4.414062,327.082,59.17969,516.4531,6
3082.754,420,67.51269,4352,9,4.414062,327.082,55.30859,520.3242,6
3082.754,420,69.40874,4352,13,4.414062,327.082,59.98828,515.6445,6
3083.617,420,66.49746,4352,10,4.414062,327.082,60.70703,514.9258,6
3083.617,420,66.24365,4352,14,4.414062,327.082,64.41016,511.2227,6
3081.859,420,62.02532,4352,13,4.414062,327.082,63.8125,511.8203,6
3083.617,420,61.65414,4320,8,4.414062,327.082,60.25391,515.3789,6
3083.617,420,58.75,4320,6,4.414062,327.082,56.33594,519.2969,6
3082.738,420,56.67506,4320,12,4.414062,327.082,59.83594,515.7969,6
3082.754,420,57.43073,4320,9,4.414062,327.082,57.98047,517.6523,6
3082.754,419,68.86076,4320,8,4.414062,327.082,59.58203,516.0508,6
3082.754,419,69.54315,4320,10,4.414062,327.082,62.76562,512.8672,6
3082.938,419,68.70229,4320,11,4.414062,327.082,58.59766,517.0352,6
3082.938,419,69.25065,4320,9,4.414062,327.082,55.39453,520.2383,6
3082.938,419,67.17557,4320,10,4.414062,327.082,62.48828,513.1445,6
3082.922,419,70.88608,4320,12,4.414062,327.082,62.79297,512.8398,6
3082.922,419,68.18182,4320,16,4.414062,327.082,61.42969,514.2031,6
3082.922,419,69.03553,4352,13,4.414062,327.082,59.77344,515.8594,6
3082.922,419,68.79795,4352,13,4.414062,327.082,60.96875,514.6641,6
3083.801,419,68.44784,4352,11,4.414062,327.082,61.39453,514.2383,6
3083.801,419,67.25888,4352,13,4.421875,327.082,56.05469,519.5703,6
3083.816,419,66.92308,4352,12,4.421875,327.082,66.90234,508.7227,6
3082.938,419,67.5,4352,10,4.421875,327.082,58.11719,517.5078,6
3082.059,419,68.91192,4352,12,4.421875,327.082,58.60547,517.0195,6
3083.816,419,68.11224,4352,10,4.421875,327.082,58.52344,517.1016,6
3082.938,419,67.4359,4352,11,4.421875,327.082,57.97656,517.6484,6
3083.816,419,65.22843,4352,12,4.421875,327.082,61.29688,514.3281,6
3083.816,419,68.86076,4352,15,4.421875,327.082,62.12109,513.5039,6
3083.832,419,70.95116,4352,9,4.421875,327.082,57.64062,517.9844,6
3082.043,419,67.26343,4352,8,4.421875,327.082,59.46484,516.1602,6
3082.059,419,70.84399,4352,14,4.429688,327.082,60.60547,515.0117,6
3081.18,419,69.7201,4352,10,4.429688,327.082,63.67188,511.9453,6
3082.938,419,66.58291,4352,10,4.429688,327.082,63.13281,512.4844,6
3083.816,419,65.82278,4352,10,4.429688,327.082,63.17578,512.4414,6
3082.922,419,67.17949,4352,7,4.429688,327.082,56.81641,518.8008,6
3082.938,419,65.16291,4352,13,4.429688,327.082,65.71094,509.9062,6
3082.938,419,64.5,4352,13,4.429688,327.082,60.04297,515.5742,6
3083.816,419,60.90226,4352,10,4.429688,327.082,58.17578,517.4414,6
3083.816,419,57.46835,4352,8,4.429688,327.082,56.9375,518.6797,6
3082.922,419,53.63409,4352,13,4.429688,327.082,57.85156,517.7656,6
3082.922,419,60.91371,4352,8,4.429688,327.082,56.96875,518.6484,6
3082.938,419,67.85714,4352,12,4.429688,327.082,55.63672,519.9805,6
3082.938,419,68.36735,4352,12,4.429688,327.082,64.43359,511.1836,6
3082.938,419,69.40874,4352,7,4.429688,327.082,58.44531,517.1719,6
3082.938,419,69.2112,4352,13,4.429688,327.082,60.77734,514.8398,6
3083.832,419,69.48718,4352,17,4.429688,327.082,62.63672,512.9805,6
3082.938,419,69.30946,4352,8,4.429688,327.082,63.15234,512.4648,6
3082.938,419,68.86076,4352,12,4.429688,327.082,59.34375,516.2734,6
3082.938,419,67.60925,4352,16,4.429688,327.082,61.39453,514.2227,6
3082.938,419,69.28934,4352,13,4.429688,327.082,66.49609,509.1211,6
3082.059,419,67.43003,4352,8,4.429688,327.082,57.76172,517.8555,6
3082.938,419,69.17098,4352,13,4.429688,327.082,60.22656,515.3906,6
3082.953,419,68.43434,4352,8,4.429688,327.082,61.91797,513.6992,6
3082.059,419,69.03553,4384,10,4.4375,327.082,62.60547,513.0039,6
3082.938,419,69.58763,4384,11,4.4375,327.082,58.96484,516.6445,6
3082.938,419,68.44784,4384,11,4.4375,327.082,59.25781,516.3516,6
3082.938,419,67.26343,4384,7,4.4375,327.082,60.33984,515.2695,6
3082.059,419,68.12339,4384,10,4.4375,327.082,55.92969,519.6797,6
3083.816,419,65.7289,4384,7,4.4375,327.082,57.76562,517.8438,6
3082.953,419,64.63104,4384,11,4.4375,327.082,63.44922,512.1602,6
3082.938,419,65.3944,4384,16,4.4375,327.082,61.32422,514.2852,6
3082.938,419,65.41353,4384,11,4.4375,327.082,60.44141,515.168,6
3082.938,419,66.92308,4384,12,4.4375,327.082,59.08594,516.5234,6
3082.938,419,65.98465,4384,12,4.4375,327.082,58.80078,516.8086,6
3083.816,419,62.27848,4384,11,4.4375,327.082,57.38672,518.2227,6
3082.938,419,65.65657,4384,7,4.4375,327.082,56.67578,518.9336,6
3082.043,419,64.1604,4384,10,4.4375,327.082,57.45312,518.1562,6
3083.816,419,64.81013,4384,11,4.4375,327.082,56.53125,519.0781,6
3082.938,419,56.60848,4384,15,4.4375,327.082,55.37109,520.2383,6
3082.922,419,53.76884,4384,9,4.4375,327.082,59.53516,516.0742,6
3083.801,419,59.5,4384,13,4.4375,327.082,59.62109,515.9883,6
3083.801,419,65.88542,4352,15,4.4375,327.082,57.90625,517.7031,6
3083.801,419,64.54082,4352,13,4.4375,327.082,58.27734,517.332,6
3082.922,419,69.46565,4352,12,4.4375,327.082,55.77344,519.8359,6
3082.922,419,66.92112,4352,7,4.4375,327.082,55.89062,519.7188,6
3083.816,419,67.17949,4352,10,4.4375,327.082,61.37891,514.2305,6
3082.922,418,66.15385,4352,9,4.4375,327.082,60.61328,514.9961,6
3082.043,418,67.60925,4352,10,4.4375,327.082,62.96094,512.6484,6
3083.801,418,68.20513,4352,10,4.4375,327.082,60.73047,514.8789,6
3083.801,418,68.62245,4352,9,4.4375,327.082,59.25391,516.3555,6
3082.922,418,65.05102,4352,16,4.4375,327.1367,60.96094,514.5938,6
3082.922,418,67.85714,4352,6,4.4375,327.1367,61.67969,513.875,6
3082.922,418,70.95116,4352,10,4.4375,327.1367,65.74609,509.8086,6
3083.801,418,68.87755,4352,11,4.4375,327.1367,58.92578,516.6289,6
3082.922,418,69.38776,4352,10,4.4375,327.1367,54.43359,521.1211,6
3082.922,418,65.05102,4352,10,4.4375,327.1367,56.99219,518.5625,6
3082.938,418,64.97462,4352,12,4.445312,327.1367,57.89844,517.6484,6
3082.938,418,65.13995,4352,9,4.445312,327.1367,57.48047,518.0664,6
3082.059,418,68.43434,4352,9,4.445312,327.2344,62.10547,513.3438,6
3082.922,418,68.70229,4320,9,4.445312,327.25,57.51562,517.918,6
3082.059,418,67.26343,4320,13,4.445312,327.25,58.84766,516.5859,6
3082.059,418,68.26196,4320,15,4.445312,327.25,60.89844,514.5352,6
3082.938,418,65.73604,4320,8,4.445312,327.25,58.26562,517.168,6
3082.043,418,60.10101,4320,14,4.445312,327.25,65.22656,510.207,6
3082.938,418,63.03797,4320,5,4.445312,327.25,62.03125,513.4023,6
3082.938,418,59.74684,4320,8,4.445312,327.25,58.92188,516.5117,6
3082.059,418,61.55779,4320,10,4.445312,327.25,58.80078,516.6328,6
3082.938,418,60.75,4320,9,4.445312,327.25,58.14453,517.2891,6
3083.801,418,59.5,4320,15,4.445312,327.25,65.08594,510.3477,6
3082.922,418,54.15617,4320,15,4.445312,327.25,58.73828,516.6953,6
3083.801,418,56.4557,4320,11,4.445312,327.25,61.11719,514.3164,6
3082.922,418,65.48223,4320,14,4.445312,327.25,59.24609,516.1875,6
3083.816,418,68.81443,4320,12,4.445312,327.25,59.09766,516.3359,6
3083.801,418,68.20513,4320,10,4.445312,327.25,60.00781,515.4258,6
3083.801,418,68.95674,4320,13,4.445312,327.25,64.79688,510.6367,6
3082.043,418,67.17949,4320,15,4.445312,327.25,63.34375,512.0898,6
3083.801,418,68.36735,4320,12,4.445312,327.25,58.17969,517.2539,6
3083.801,418,66.06684,4320,12,4.445312,327.25,60.82031,514.6133,6
3082.922,418,69.11392,4320,8,4.445312,327.25,59.06641,516.3672,6
3082.922,418,67.52577,4320,15,4.445312,327.25,60.58594,514.8477,6
3083.926,418,69.97455,4320,8,4.445312,327.25,60.63281,514.8008,6
3083.926,418,68.86076,4320,11,4.445312,327.25,61.48047,513.9531,6
3082.938,418,69.46565,4320,10,4.445312,327.25,63.55469,511.8789,6
3082.938,418,65.22843,4320,11,4.445312,327.25,58.29688,517.1367,6
3082.922,418,68.29897,4320,12,4.445312,327.25,64.64062,510.793,6
3083.801,418,69.05371,4320,9,4.445312,327.25,65.57812,509.8555,6
3083.801,418,68.03069,4288,17,4.445312,327.25,59.04297,516.3906,6
3082.922,418,69.23077,4288,12,4.445312,327.25,54.91406,520.5195,6
3082.922,418,65.38462,4288,11,4.445312,327.25,57.49609,517.9375,6
3081.164,418,65.06329,4288,14,4.445312,327.25,59.60156,515.832,6
3081.164,418,68.52792,4288,12,4.445312,327.25,62.85156,512.582,6
3082.922,418,68.52792,4320,11,4.445312,327.25,61.70312,513.7305,6
3082.938,418,66.49746,4320,8,4.445312,327.25,61.58984,513.8438,6
3082.938,418,66.83544,4320,9,4.453125,327.25,59.48438,515.9414,6
3082.953,418,68.18182,4320,12,4.453125,327.25,60.92578,514.5,6
3083.816,418,67.4359,4352,10,4.453125,327.25,62.24609,513.1797,6
3083.816,418,65.23929,4352,13,4.453125,327.25,59.77734,515.6484,6
3082.938,418,62.37374,4352,11,4.453125,327.25,57.625,517.8008,6
3082.922,418,61.90476,4352,12,4.453125,327.25,58.60938,516.8164,6
3083.801,418,58.0402,4352,12,4.453125,327.25,60.30469,515.1211,6
3083.801,418,57.93451,4352,11,4.453125,327.25,60.48828,514.9375,6
3082.922,418,64.54082,4352,15,4.453125,327.25,56.97266,518.4531,6
3081.164,418,66.58228,4352,11,4.453125,327.25,58.65234,516.7734,6
3083.801,418,68.70229,4352,12,4.453125,327.25,60.68359,514.7422,6
3082.938,418,67.17949,4352,12,4.453125,327.25,64.97656,510.4492,6
3082.938,418,68.97436,4352,13,4.453125,327.25,56.94922,518.4766,6
3082.922,418,67.17949,4352,12,4.453125,327.25,52.63281,522.793,6
3083.816,419,66.83805,4352,10,4.453125,327.25,55.57812,519.8477,6
3082.938,419,68.46154,4352,11,4.453125,327.25,61.67188,513.7539,6
3082.922,419,70.25641,4352,11,4.460938,327.2422,60.53516,514.8906,6
3082.043,419,68.29897,4352,13,4.460938,327.25,61.25391,514.1641,6
3082.922,418,65.80977,4352,14,4.460938,327.25,59.14062,516.2773,6
3082.922,418,64.26735,4352,7,4.460938,327.25,60.69531,514.7227,6
3082.938,418,64.19437,4352,5,4.460938,327.25,58.55078,516.8672,6
3083.816,418,67.18346,4352,13,4.460938,327.25,59.51172,515.9062,6
3083.816,418,67.59494,4352,10,4.460938,327.25,57.98828,517.4297,6
3083.816,418,70.48346,4352,12,4.460938,327.25,56.61328,518.8047,6
3082.938,418,66.66667,4352,8,4.460938,327.25,56.17578,519.2422,6
3082.938,418,65.15152,4352,8,4.460938,327.25,58.50391,516.9141,6
3082.938,418,67.26804,4352,13,4.460938,327.25,56.57031,518.8477,6
3082.059,418,65.30612,4320,11,4.460938,327.25,63.0625,512.3555,6
3083.816,418,66.16541,4320,14,4.460938,327.25,57.18359,518.2344,6
3082.938,418,65.56122,4320,11,4.460938,327.25,63.15625,512.2617,6
3082.938,418,67.67677,4320,10,4.460938,327.25,62.08984,513.3281,6
3082.938,418,66.91919,4320,7,4.460938,327.25,62.19141,513.2266,6
3082.938,418,66.75192,4320,14,4.460938,327.25,62.93359,512.4844,6
3083.832,418,64.91228,4320,11,4.460938,327.25,65.90234,509.5156,6
3082.938,418,65.99496,4320,13,4.460938,327.25,59.02344,516.3945,6
3082.938,418,61.86869,4320,14,4.460938,327.25,57.40625,518.0117,6
3082.953,418,59.05707,4320,9,4.460938,327.25,58.64453,516.7734,6
3083.832,418,56.0,4320,7,4.460938,327.25,60.61328,514.8047,6
3082.938,418,60.20408,4320,13,4.460938,327.25,59.01172,516.4062,6
3082.938,418,67.78351,4320,11,4.460938,327.25,58.32812,517.0898,6
3082.938,418,66.83673,4320,9,4.460938,327.25,55.86719,519.5508,6
3082.938,418,65.47315,4320,8,4.460938,327.25,64.69922,510.7188,6
3082.938,418,68.19338,4352,12,4.460938,327.25,64.12109,511.2969,6
3083.816,418,66.92308,4352,12,4.460938,327.25,63.29297,512.125,6
3082.059,418,64.62766,4352,8,4.460938,327.25,59.50781,515.9102,6
3082.938,418,64.08269,4352,16,4.460938,327.25,59.22656,516.1914,6
3082.938,418,71.5736,4352,9,4.460938,327.25,58.28906,517.1289,6
3082.059,418,65.98985,4352,15,4.460938,327.25,57.05469,518.3633,6
3082.059,418,69.05371,4352,12,4.460938,327.25,59.05078,516.3672,6
3082.938,418,66.75258,4352,10,4.460938,327.25,63.16797,512.25,6
3082.922,418,67.00767,4352,9,4.460938,327.25,54.75781,520.6602,6
3083.801,418,65.89147,4352,8,4.460938,327.25,59.25781,516.1602,6
3082.922,418,69.38776,4352,9,4.460938,327.25,55.27734,520.1406,6
3083.801,418,66.66667,4352,10,4.460938,327.25,62.30078,513.1172,6
3082.922,418,69.56522,4352,14,4.460938,327.25,61.98047,513.4375,6
3083.816,418,69.7201,4352,10,4.460938,327.25,56.60547,518.8125,6
3082.922,418,69.62025,4352,11,4.460938,327.25,64.46875,510.9492,6
3083.801,418,69.30946,4352,12,4.460938,327.25,58.70703,516.7109,6
3082.922,418,68.62245,4352,9,4.460938,327.25,61.4375,513.9805,6
3082.922,418,66.58163,4352,9,4.460938,327.25,55.58594,519.832,6
3082.922,418,67.16418,4352,14,4.460938,327.25,60.01953,515.3984,6
3083.801,418,68.63753,4352,13,4.460938,327.25,61.26172,514.1562,6
3081.164,418,66.83544,4352,13,4.460938,327.25,61.66797,513.75,6
3082.043,418,66.75063,4352,15,4.460938,327.25,61.61719,513.8008,6
3082.922,418,64.41103,4352,9,4.460938,327.25,58.71875,516.6992,6
3082.922,418,60.79404,4352,10,4.460938,327.25,60.91406,514.5039,6
3081.164,418,58.69018,4320,13,4.460938,327.25,64.69141,510.7266,6
3082.922,418,54.27136,4320,11,4.460938,327.25,58.28906,517.1289,6
3081.164,418,57.46835,4352,4,4.460938,327.25,60.34766,515.0703,6
3082.922,418,64.96164,4352,7,4.460938,327.25,55.97656,519.4414,6
3083.801,418,67.34694,4352,13,4.46875,327.2461,64.91406,510.5,6
3082.922,418,65.97938,4352,10,4.46875,327.25,61.87891,513.5312,6
3082.922,418,69.7201,4352,10,4.46875,327.25,61.76953,513.6406,6
3082.922,418,66.06684,4352,13,4.46875,327.25,60.10156,515.3086,6
3082.922,418,65.97938,4352,7,4.46875,327.25,62.07812,513.332,6
3082.059,418,67.26343,4352,9,4.46875,327.25,59.88672,515.5234,6
3082.938,418,68.87755,4352,18,4.46875,327.25,63.19531,512.2148,6
3082.059,418,67.09184,4352,14,4.46875,327.25,60.59375,514.8164,6
3083.816,418,69.2112,4352,22,4.46875,327.25,59.47656,515.9336,6
3082.043,418,69.11392,4352,12,4.46875,327.25,62.09375,513.3164,6
3082.043,418,68.62245,4352,12,4.46875,327.25,56.94531,518.4648,6
3083.801,418,69.7733,4352,8,4.46875,327.25,57.02344,518.3867,6
3082.922,418,70.0,4352,10,4.46875,327.25,60.59766,514.8125,6
3082.922,419,67.34694,4352,10,4.46875,327.25,59.22266,516.1875,6
3082.938,419,67.86632,4352,14,4.46875,327.25,57.13281,518.2773,6
3082.938,419,64.12214,4352,10,4.46875,327.25,59.83203,515.5781,6
3082.059,418,66.75127,4352,8,4.46875,327.25,61.28125,514.1289,6
3082.059,419,68.44784,4352,15,4.46875,327.25,57.31641,518.0938,6
3082.938,419,67.59494,4352,11,4.46875,327.25,60.28125,515.1289,6
3082.922,419,66.58228,4352,10,4.46875,327.25,62.80078,512.6094,6
3082.043,419,66.08479,4352,6,4.46875,327.25,53.63672,521.7734,6
3083.801,419,64.79592,4352,4,4.46875,327.25,56.77344,518.6367,6
3082.922,419,60.05025,4352,4,4.46875,327.25,59.99219,515.418,6
3083.816,419,63.0491,4352,9,4.476562,327.2422,57.39844,518.0117,6
3082.922,419,64.05063,4352,15,4.476562,327.25,59.09375,516.3086,6
3082.922,419,65.15152,4352,10,4.476562,327.25,58.38281,517.0195,6
3082.922,419,63.68159,4352,10,4.476562,327.25,55.32422,520.0781,6
3083.801,419,59.09091,4352,9,4.476562,327.25,61.16016,514.2422,6
3082.938,419,53.38346,4352,15,4.476562,327.25,59.52344,515.8789,6
3082.922,419,57.97468,4352,10,4.476562,327.25,59.12891,516.2734,6
3082.043,418,62.9156,4352,13,4.476562,327.25,55.90625,519.4961,6
3083.801,419,71.28205,4352,13,4.476562,327.25,65.01953,510.3828,6
3082.922,419,71.97943,4352,13,4.476562,327.25,65.60547,509.7969,6
3082.938,419,67.93893,4352,13,4.476562,327.25,65.04297,510.3594,6
3083.801,419,67.69231,4352,11,4.476562,327.25,66.22266,509.1797,6
3082.938,419,68.70229,4352,11,4.476562,327.25,60.31641,515.0859,6
3083.801,419,67.09184,4352,22,4.476562,327.25,57.03906,518.3633,6
3082.922,419,66.24041,4352,14,4.476562,327.25,58.38281,517.0195,6
3084.34,419,68.97436,4352,9,4.476562,327.25,55.66016,519.7422,6
3085.219,419,71.06599,4352,8,4.476562,327.25,57.67578,517.7266,6
3084.34,420,65.98465,4352,7,4.476562,327.25,58.19141,517.2109,6
3083.461,420,66.49485,4352,18,4.476562,327.25,60.54297,514.8594,6
3084.34,420,66.83544,4352,11,4.476562,327.25,55.81641,519.5859,6
3082.582,420,67.77494,4352,9,4.476562,327.25,62.4375,512.9648,6
3084.34,420,67.60204,4384,6,4.476562,327.25,62.51953,512.8828,6
3083.461,420,65.72165,4384,9,4.476562,327.25,61.65625,513.7461,6
3085.219,420,68.97436,4384,11,4.476562,327.25,62.44922,512.9531,6
3085.219,420,63.4715,4384,10,4.476562,327.25,64.19531,511.207,6
3084.34,421,69.11392,4384,14,4.476562,327.25,59.88672,515.5156,6
3085.219,421,69.66581,4384,11,4.476562,327.25,60.00391,515.3984,6
3083.461,421,68.43434,4384,15,4.476562,327.25,59.46484,515.9375,6
3084.34,421,68.36735,4384,14,4.476562,327.25,56.19531,519.207,6
3083.461,421,67.08861,4384,9,4.476562,327.25,61.96875,513.4336,6
3084.34,421,68.95674,4352,14,4.476562,327.25,58.77344,516.6289,6
3084.34,421,66.66667,4352,9,4.476562,327.25,62.58984,512.8125,6
3084.34,421,65.99496,4352,9,4.484375,327.2422,58.57031,516.832,6
3084.34,421,64.63104,4352,9,4.484375,327.25,58.61328,516.7812,6
3084.34,422,64.5,4352,14,4.484375,327.25,57.22266,518.1719,6
3085.219,422,63.10433,4352,12,4.484375,327.25,56.60547,518.7891,6
3085.219,422,57.64411,4352,16,4.484375,327.25,61.03906,514.3555,6
3084.34,422,56.0794,4352,10,4.484375,327.25,61.0,514.3945,6
3085.219,422,57.39796,4352,11,4.484375,327.25,59.61719,515.7773,6
3084.34,422,65.38462,4352,9,4.484375,327.25,53.66797,521.7266,6
3084.355,422,67.18346,4352,10,4.484375,327.25,60.71875,514.6758,6
3084.355,422,69.30946,4352,17,4.484375,327.25,57.67188,517.7227,6
3084.355,422,69.15167,4352,8,4.484375,327.25,62.30078,513.0938,6
3085.219,422,66.32653,4352,11,4.484375,327.25,63.00781,512.3867,6
3085.219,422,65.98465,4352,11,4.484375,327.25,61.16016,514.2344,6
3084.34,422,67.17949,4352,13,4.484375,327.25,58.25781,517.1367,6
3085.234,422,65.81633,4352,15,4.484375,327.25,58.29297,517.1016,6
3085.234,422,68.87755,4352,9,4.484375,327.25,59.15625,516.2383,6
3085.234,422,66.15776,4352,8,4.484375,327.25,57.10547,518.2891,6
3084.355,422,67.86632,4352,8,4.484375,327.25,52.53125,522.8633,6
3084.355,421,67.93893,4352,9,4.484375,327.25,64.77344,510.6211,6
3084.355,421,66.32653,4352,12,4.484375,327.25,60.90234,514.4922,6
3084.355,421,69.2112,4352,16,4.484375,327.25,57.58594,517.8086,6
3085.234,421,67.75819,4352,12,4.484375,327.25,59.11719,516.2773,6
3084.355,422,67.85714,4320,8,4.484375,327.25,57.91797,517.4766,6
3085.234,422,66.75258,4320,10,4.484375,327.25,57.82031,517.5742,6
3082.598,422,66.24041,4320,12,4.484375,327.25,63.93359,511.4609,6
3084.355,422,67.85714,4352,10,4.484375,327.25,58.39453,517.0,6
3083.477,422,67.68448,4384,12,4.484375,327.25,59.75,515.6445,6
3084.355,422,67.75819,4384,14,4.484375,327.25,54.05469,521.3398,6
3085.234,422,69.3299,4384,7,4.484375,327.25,57.82031,517.5742,6
3084.355,422,67.59494,4384,10,4.492188,327.25,54.43359,520.9531,6
3084.355,422,65.98985,4384,9,4.492188,327.25,62.37109,513.0156,6
3085.234,422,66.66667,4384,9,4.492188,327.25,56.30469,519.082,6
3084.355,422,65.05102,4384,9,4.492188,327.25,59.08203,516.3047,6
3084.355,422,66.66667,4384,14,4.492188,327.25,55.62891,519.7578,6
3085.234,422,63.90977,4384,9,4.492188,327.25,61.75781,513.6289,6
3083.477,422,63.56784,4384,12,4.492188,327.25,60.32812,515.0586,6
3085.234,422,61.51899,4384,12,4.492188,327.25,58.00781,517.3789,6
3084.355,422,57.9602,4384,8,4.492188,327.25,58.76953,516.6172,6
3084.355,421,55.97015,4384,10,4.492188,327.25,55.50781,519.8789,6
3085.234,421,58.12183,4384,12,4.492188,327.25,54.75,520.6367,6
3085.234,421,66.66667,4352,14,4.492188,327.25,52.78125,522.6055,6
3082.598,421,67.17949,4352,11,4.492188,327.25,60.30859,515.0781,6
3085.234,421,67.17172,4352,14,4.492188,327.25,63.78125,511.6055,6
3084.355,421,71.05943,4352,15,4.492188,327.25,59.88672,515.5,6
3082.598,421,68.62245,4352,17,4.492188,327.25,56.30469,519.082,6
3085.234,421,68.68687,4352,12,4.492188,327.25,59.28516,516.1016,6
3084.355,421,67.95866,4352,10,4.492188,327.25,61.46875,513.918,6
3084.355,421,69.38776,4352,11,4.492188,327.25,56.15234,519.2344,6
3085.234,421,70.33248,4352,6,4.492188,327.25,57.94531,517.4414,6
3083.477,421,67.00508,4352,9,4.492188,327.25,59.24609,516.1406,6
3084.355,421,66.83673,4352,15,4.492188,327.25,55.25781,520.1289,6
3085.234,421,70.33248,4352,14,4.492188,327.25,61.45703,513.9297,6
3084.34,421,66.15776,4352,10,4.492188,327.25,58.91406,516.4727,6
3084.34,421,67.60204,4352,17,4.492188,327.25,56.96875,518.418,6
3085.219,421,67.94872,4352,10,4.492188,327.25,59.5,515.8867,6
3084.34,421,67.68448,4352,11,4.492188,327.25,57.72266,517.6641,6
3084.34,421,68.29897,4352,8,4.492188,327.25,56.52344,518.8633,6
3083.461,421,69.38776,4352,9,4.492188,327.25,59.86719,515.5195,6
3083.461,421,66.58228,4352,12,4.492188,327.25,58.74219,516.6445,6
3084.34,421,66.49746,4352,11,4.492188,327.25,58.53125,516.8555,6
3084.34,421,66.0804,4352,12,4.492188,327.25,58.94922,516.4375,6
3085.219,421,64.97462,4352,11,4.492188,327.25,53.04688,522.3398,6
3084.34,421,67.08861,4352,15,4.492188,327.25,58.70312,516.6836,6
3084.34,421,66.41414,4352,17,4.492188,327.25,57.77734,517.6094,6
3084.34,421,63.77551,4352,14,4.492188,327.25,59.44531,515.9414,6
3084.34,421,65.06329,4352,11,4.492188,327.25,63.00781,512.3789,6
3083.461,421,65.40404,4352,11,4.492188,327.25,59.80469,515.582,6
3084.34,421,67.65432,4352,9,4.492188,327.25,57.83594,517.5508,6
3084.34,421,62.40602,4352,16,4.492188,327.25,60.05078,515.3359,6
3084.34,421,56.96203,4352,10,4.492188,327.25,60.90234,514.4844,6
3084.34,421,54.63659,4352,18,4.492188,327.25,60.23047,515.1562,6
3085.219,421,55.83756,4352,10,4.5,327.25,59.26953,516.1094,6
3084.34,421,65.29563,4352,10,4.5,327.25,61.00391,514.375,6
3085.219,421,68.62245,4352,10,4.5,327.25,56.80859,518.5703,6
3083.461,421,68.95674,4352,14,4.5,327.25,57.26172,518.1172,6
3084.34,421,68.62245,4352,12,4.5,327.25,60.50391,514.875,6
3085.219,421,67.52577,4352,11,4.5,327.25,58.29688,517.082,6
3085.219,422,68.36735,4352,8,4.5,327.25,58.16797,517.2109,6
3085.219,422,69.13265,4352,14,4.5,327.25,53.06641,522.3125,6
3084.34,422,65.29563,4352,8,4.5,327.25,52.17578,523.2031,6
3084.34,422,64.46701,4352,12,4.5,327.25,58.95703,516.4219,6
3084.34,422,67.66917,4352,12,4.5,327.25,55.375,520.0039,6
3084.34,422,72.16495,4352,12,4.5,327.25,57.07031,518.3086,6
3085.219,422,70.91837,4352,8,4.5,327.25,60.23047,515.1484,6
3083.461,422,66.66667,4352,11,4.5,327.25,60.92969,514.4492,6
3083.461,422,70.91837,4352,12,4.5,327.25,60.09375,515.2852,6
3083.477,422,66.15776,4352,8,4.5,327.25,61.48828,513.8906,6
3084.34,422,68.12339,4352,8,4.5,327.25,56.53906,518.8398,6
3084.34,422,66.92308,4352,9,4.5,327.25,55.09375,520.2852,6
3085.219,422,68.5422,4352,12,4.5,327.25,53.95312,521.4258,6
3085.219,422,66.07143,4352,9,4.5,327.25,62.75391,512.625,6
3084.34,422,70.95116,4352,16,4.5,327.25,59.04297,516.3359,6
3084.34,422,68.70229,4352,12,4.5,327.25,57.78516,517.5938,6
3084.34,422,68.28645,4352,11,4.5,327.25,57.625,517.7539,6
3083.461,422,69.46565,4352,16,4.5,327.25,52.97656,522.4023,6
3085.219,422,66.75192,4352,12,4.5,327.25,61.30859,514.0703,6
3085.234,422,66.66667,4352,12,4.5,327.25,62.19922,513.1797,6
3085.219,422,69.34673,4352,10,4.5,327.25,57.94531,517.4336,6
3084.34,422,65.73604,4352,9,4.5,327.25,58.53125,516.8477,6
3084.34,422,63.15789,4352,15,4.5,327.25,56.58984,518.7891,6
3085.219,422,63.79747,4352,16,4.5,327.25,57.55859,517.8203,6
3084.34,422,57.64411,4352,15,4.5,327.25,54.66016,520.7188,6
3084.34,422,54.88722,4352,9,4.5,327.25,56.71875,518.6602,6
3084.34,422,53.76884,4352,11,4.5,327.25,58.19922,517.1797,6
3084.34,422,65.98465,4352,13,4.5,327.25,57.82422,517.5547,6
3084.34,422,68.38046,4352,11,4.507812,327.2422,57.64062,517.7383,6
3084.34,422,68.97436,4352,18,4.507812,327.25,56.41797,518.9531,6
3083.461,422,69.38776,4352,10,4.507812,327.25,62.09375,513.2773,6
3084.34,422,65.3944,4352,9,4.507812,327.25,57.03516,518.3359,6
3085.219,422,65.98465,4352,9,4.507812,327.25,57.39453,517.9766,6
3084.34,422,66.41026,4352,6,4.507812,327.25,58.05078,517.3203,6
3085.219,422,66.66667,4352,12,4.507812,327.25,54.55078,520.8203,6
3084.34,422,65.5527,4352,12,4.507812,327.25,55.78516,519.5859,6
3084.34,422,69.97455,4352,9,4.515625,327.25,54.13281,521.2305,6
3084.34,422,68.28645,4384,15,4.515625,327.25,55.42188,519.9414,6
3085.219,422,68.63753,4352,12,4.515625,327.25,56.64062,518.7227,6
3084.34,422,68.27411,4352,10,4.515625,327.25,62.99219,512.3711,6
3085.219,422,67.5063,4352,12,4.515625,327.25,55.57031,519.793,6
3084.34,422,67.01299,4352,10,4.515625,327.25,56.46875,518.8945,6
3085.234,422,66.41414,4352,11,4.515625,327.25,58.25,517.1133,6
3085.219,422,65.64885,4352,9,4.515625,327.25,56.54297,518.8203,6
3084.34,422,68.28645,4352,16,4.515625,327.25,58.72266,516.6406,6
3085.219,422,66.15776,4352,10,4.515625,327.25,55.47266,519.8906,6
3082.582,422,68.28645,4352,13,4.515625,327.25,54.28516,521.0781,6
3083.461,422,69.23077,4352,7,4.515625,327.25,56.04688,519.3164,6
3083.461,422,66.24365,4352,14,4.515625,327.25,53.61328,521.75,6
3084.34,422,70.25641,4352,9,4.515625,327.25,59.73438,515.6289,6
3084.34,422,66.41414,4352,8,4.515625,327.25,62.76953,512.5938,6
3083.461,422,68.60759,4352,9,4.515625,327.25,54.23828,521.125,6
3084.34,422,65.80977,4352,15,4.515625,327.25,59.53125,515.832,6
3085.219,422,64.0,4352,10,4.515625,327.25,59.30469,516.0586,6
3085.219,422,63.70558,4352,11,4.515625,327.25,60.96875,514.3945,6
3084.34,422,61.71285,4352,6,4.515625,327.25,56.53906,518.8242,6
3084.355,422,58.0,4352,11,4.515625,327.25,61.23047,514.1328,6
3084.34,422,55.88972,4352,12,4.515625,327.25,58.73828,516.625,6
3084.34,422,55.86035,4352,11,4.515625,327.25,60.89453,514.4688,6
3085.219,422,69.54315,4352,8,4.515625,327.25,57.51172,517.8516,6
3084.34,422,66.07143,4352,12,4.515625,327.25,56.00391,519.3594,6
3084.34,422,69.54315,4352,10,4.515625,327.25,57.76172,517.6016,6
3084.34,422,67.94872,4352,9,4.515625,327.25,56.26172,519.1016,6
3085.219,422,68.97436,4352,7,4.515625,327.25,60.28906,515.0742,6
3084.34,422,68.44784,4352,11,4.515625,327.25,58.66797,516.6953,6
3084.34,422,70.91837,4352,11,4.515625,327.25,59.36328,516.0,6
3085.219,422,69.94949,4352,13,4.515625,327.25,59.32812,516.0352,6
3084.34,422,69.56522,4352,7,4.515625,327.25,56.26562,519.0977,6
3082.582,422,68.39378,4352,16,4.515625,327.25,56.70703,518.6562,6
3085.219,422,67.26804,4352,13,4.515625,327.25,55.79297,519.5703,6
3084.34,422,67.77494,4352,10,4.515625,327.25,60.51562,514.8477,6
3084.34,422,67.17557,4352,13,4.515625,327.25,60.39453,514.9688,6
3084.355,422,69.94949,4352,12,4.515625,327.25,64.68359,510.6797,6
3084.34,422,67.00508,4352,8,4.515625,327.25,59.69141,515.6719,6
3085.219,422,67.51269,4352,15,4.515625,327.25,57.33594,518.0273,6
3085.219,422,67.08861,4352,11,4.515625,327.25,58.25391,517.1094,6
3084.34,422,65.63307,4352,12,4.515625,327.25,58.35156,517.0117,6
3084.34,422,68.18182,4352,14,4.515625,327.25,55.74609,519.6172,6
3083.461,422,66.66667,4352,15,4.515625,327.25,58.13281,517.2305,6
3084.34,422,66.58163,4352,7,4.515625,327.25,58.30859,517.0547,6
3084.34,422,70.30457,4352,15,4.515625,327.25,58.55469,516.8086,6
3083.461,422,67.09184,4352,16,4.515625,327.25,55.49609,519.8672,6
3084.34,422,68.68687,4352,11,4.515625,327.25,53.07031,522.293,6
3084.34,422,66.24365,4352,15,4.515625,327.25,57.42969,517.9336,6
3082.582,422,64.46701,4320,12,4.515625,327.25,56.12109,519.2422,6
3084.34,422,68.93939,4320,10,4.515625,327.25,56.35547,519.0078,6
3084.34,422,64.64646,4320,12,4.515625,327.25,56.28906,519.0742,6
3084.34,422,60.60606,4320,8,4.515625,327.25,54.32031,521.043,6
3084.34,422,57.5,4320,12,4.515625,327.25,54.09766,521.2656,6
3085.219,422,57.46835,4320,9,4.515625,327.25,59.08984,516.2734,6
3084.34,422,58.16327,4352,10,4.515625,327.25,61.72266,513.6406,6
3084.34,422,67.60204,4352,11,4.515625,327.25,59.80078,515.5625,6
3084.34,422,70.66327,4352,13,4.515625,327.25,56.11328,519.25,6
3085.219,422,66.49746,4352,9,4.523438,327.25,56.16016,519.1953,6
3085.219,422,71.42857,4352,16,4.523438,327.25,56.96094,518.3945,6
3085.219,422,67.85714,4352,12,4.523438,327.25,63.02344,512.332,6
3084.34,422,66.32124,4352,15,4.523438,327.25,56.37891,518.9766,6
3084.34,422,68.87755,4352,12,4.523438,327.25,56.52344,518.832,6
3084.34,422,69.38776,4352,11,4.523438,327.25,56.04297,519.3125,6
3084.34,422,68.20513,4352,9,4.523438,327.25,61.21094,514.1445,6
3084.355,422,67.4359,4352,10,4.523438,327.25,59.91016,515.4453,6
3084.355,422,68.5567,4352,9,4.523438,327.25,57.69531,517.6602,6
3084.355,422,69.11392,4352,16,4.523438,327.25,58.72656,516.6289,6
3084.34,422,67.60925,4352,10,4.523438,327.25,52.20312,523.1523,6
3084.34,422,67.34694,4352,17,4.523438,327.25,55.95703,519.3984,6
3084.34,422,69.30946,4352,13,4.523438,327.25,53.67969,521.6758,6
3084.355,422,68.46154,4352,9,4.523438,327.25,60.75,514.6055,6
3084.355,422,66.83673,4352,15,4.523438,327.25,58.87891,516.4766,6
3085.234,422,68.43434,4352,9,4.523438,327.25,60.01562,515.3398,6
3083.477,422,67.61658,4352,9,4.523438,327.25,57.30859,518.0469,6
3083.477,422,66.24041,4352,11,4.523438,327.25,62.32422,513.0312,6
3084.355,422,68.11224,4352,17,4.523438,327.25,59.09375,516.2617,6
3084.355,422,69.89796,4352,15,4.523438,327.25,56.44922,518.9062,6
3085.234,422,64.37659,4352,9,4.523438,327.25,55.50781,519.8477,6
3084.355,422,71.13924,4352,13,4.523438,327.25,61.30469,514.0508,6
3085.234,422,66.24041,4352,10,4.523438,327.25,56.40625,518.9492,6
3085.234,422,67.08861,4352,8,4.523438,327.25,58.21094,517.1445,6
3085.234,422,67.94872,4352,13,4.523438,327.25,57.20703,518.1484,6
3084.355,422,68.60759,4352,12,4.523438,327.25,59.77734,515.5781,6
3085.234,422,67.26343,4352,8,4.523438,327.25,62.62891,512.7266,6
3083.477,422,66.32911,4352,8,4.523438,327.25,56.46094,518.8945,6
3085.234,422,67.68448,4352,14,4.523438,327.25,57.80078,517.5547,6
3084.371,422,62.87879,4352,13,4.523438,327.25,55.89453,519.4609,6
3083.477,422,67.25441000000001,4352,12,4.523438,327.25,58.17188,517.1836,6
3085.234,422,66.33166,4352,11,4.523438,327.25,58.0,517.3555,6
3084.355,422,63.47607,4352,11,4.523438,327.25,55.79688,519.5586,6
3084.355,422,62.56281,4352,11,4.523438,327.25,53.85547,521.5,6
3083.477,422,64.08978,4352,17,4.523438,327.25,63.67578,511.6797,6
3085.234,421,57.60599,4352,12,4.523438,327.25,57.03516,518.3203,6
3084.355,421,54.38596,4352,13,4.523438,327.25,52.66016,522.6953,6
3085.234,421,57.68262,4352,11,4.523438,327.25,52.22266,523.1328,6
3084.355,421,65.01305,4352,9,4.523438,327.25,55.73438,519.6211,6
3083.477,421,68.12339,4352,19,4.523438,327.25,57.42969,517.9258,6
3086.238,422,64.03061,4352,8,4.523438,327.25,58.09375,517.2617,6
3085.359,422,71.31783,4352,12,4.523438,327.25,55.41797,519.9375,6
3085.359,422,67.93893,4352,11,4.523438,327.25,53.10938,522.2461,6
3084.355,422,67.09184,4352,11,4.523438,327.25,57.25,518.1055,6
3084.355,422,68.0203,4352,7,4.523438,327.25,59.82031,515.5352,6
3084.355,422,69.2112,4352,19,4.523438,327.25,59.57422,515.7812,6
3084.355,422,68.11224,4320,11,4.523438,327.25,59.16797,516.1875,6
3084.355,422,65.3944,4288,12,4.523438,327.25,57.15234,518.2031,6
3085.234,422,70.91837,4320,10,4.523438,327.25,56.25,519.1055,6
3085.234,422,68.59296,4352,10,4.523438,327.25,58.65234,516.7031,6
3085.234,422,67.08861,4352,14,4.523438,327.25,59.32422,516.0312,6
3084.355,422,69.46565,4352,12,4.523438,327.25,55.47266,519.8828,6
3084.34,422,69.23077,4352,13,4.523438,327.25,51.88672,523.4688,6
3084.34,422,68.78173,4352,9,4.523438,327.25,57.72266,517.6328,6
3084.34,422,67.59494,4352,16,4.523438,327.25,62.64453,512.7109,6
3084.34,422,66.92308,4352,11,4.523438,327.25,62.0,513.3555,6
3084.34,422,65.98985,4352,14,4.523438,327.25,57.98047,517.375,6
3084.34,422,67.17557,4352,9,4.523438,327.25,58.09375,517.2617,6
3084.34,422,62.9156,4352,13,4.53125,327.25,54.62109,520.7266,6
3084.355,422,66.32911,4352,14,4.53125,327.25,58.64062,516.707,6
3085.234,422,65.71429,4352,11,4.53125,327.25,54.87891,520.4688,6
3084.355,422,65.74307,4352,7,4.53125,327.25,53.09375,522.2539,6
3084.355,422,65.5527,4352,13,4.53125,327.25,56.10547,519.2422,6
3085.219,422,64.48363,4352,11,4.53125,327.25,61.48828,513.8594,6
3085.219,422,67.8392,4352,8,4.53125,327.25,59.22656,516.1211,6
3085.219,422,64.54082,4384,13,4.53125,327.25,55.01953,520.3281,6
3084.34,422,60.35354,4384,12,4.53125,327.25,56.75781,518.5898,6
3085.219,422,55.72139,4384,8,4.53125,327.25,53.99609,521.3516,6
3084.34,422,54.54545,4384,12,4.53125,327.25,57.20703,518.1406,6
3084.34,422,64.63104,4384,12,4.53125,327.25,58.05469,517.293,6
3085.219,422,67.93893,4384,11,4.53125,327.25,58.27734,517.0703,6
3085.219,422,67.78351,4384,18,4.53125,327.25,58.08984,517.2578,6
3084.34,422,68.79795,4384,5,4.53125,327.25,59.8125,515.5352,6
3085.219,422,67.51918,4384,17,4.53125,327.25,56.83594,518.5117,6
3083.461,422,68.73385,4384,11,4.53125,327.25,59.76562,515.582,6
3084.34,422,68.86076,4384,10,4.539062,327.25,58.26562,517.0742,6
3085.219,422,70.15306,4384,10,4.539062,327.25,60.35156,514.9883,6
3085.219,422,68.95674,4384,9,4.539062,327.25,59.85156,515.4883,6
3085.219,422,66.32653,4384,18,4.539062,327.25,57.63672,517.7031,6
3084.34,422,68.0203,4384,14,4.539062,327.25,58.85547,516.4844,6
3084.34,422,67.77494,4384,14,4.539062,327.25,59.1875,516.1523,6
3085.219,422,66.66667,4384,17,4.539062,327.25,56.83594,518.5039,6
3085.219,422,67.00767,4384,13,4.546875,327.25,59.85156,515.4805,6
3084.34,422,66.92112,4384,10,4.546875,327.25,56.92578,518.4062,6
3083.461,422,66.07595,4384,4,4.546875,327.25,57.98438,517.3477,6
3085.219,422,66.75127,4384,13,4.546875,327.25,57.375,517.957,6
3084.34,422,65.38462,4384,12,4.546875,327.25,56.80859,518.5234,6
3083.461,422,67.17172,4384,11,4.546875,327.25,55.69141,519.6406,6
3085.219,422,68.12339,4384,10,4.546875,327.25,60.37109,514.9609,6
3082.582,422,66.15776,4384,9,4.546875,327.25,59.21094,516.1211,6
3084.34,422,65.98465,4384,13,4.546875,327.25,59.42578,515.9062,6
3083.461,422,66.07143,4384,14,4.546875,327.25,57.64844,517.6836,6
3085.219,422,68.27411,4384,7,4.546875,327.25,60.46875,514.8633,6
3084.34,422,65.90331,4384,8,4.546875,327.25,58.96875,516.3633,6
3084.34,422,67.59494,4384,11,4.546875,327.25,59.09375,516.2383,6
3084.34,422,63.70558,4352,11,4.546875,327.25,55.16016,520.1719,6
3084.34,422,65.08728,4352,16,4.546875,327.25,59.76562,515.5664,6
3084.34,422,62.5641,4352,9,4.546875,327.25,57.8125,517.5195,6
3084.355,422,59.3985,4352,8,4.546875,327.25,56.36719,518.9648,6
3085.219,422,54.34243,4352,14,4.546875,327.25,55.90625,519.4258,6
3082.582,421,56.96203,4352,12,4.546875,327.25,58.11719,517.2148,6
3085.219,421,66.16162,4352,16,4.546875,327.25,56.23047,519.1016,6
3084.34,421,70.43702,4352,17,4.546875,327.25,56.77734,518.5547,6
3082.582,421,69.28934,4352,18,4.546875,327.25,56.40234,518.9297,6
3085.219,421,66.58228,4352,8,4.546875,327.25,56.45703,518.875,6
3083.461,421,68.39378,4352,13,4.546875,327.25,57.02734,518.3047,6
3083.461,421,66.49746,4352,10,4.546875,327.25,54.34766,520.9844,6
3084.34,421,67.51918,4352,7,4.546875,327.25,56.01172,519.3203,6
3084.34,421,61.0687,4320,9,4.546875,327.25,54.36328,520.9688,6
3085.219,421,63.58974,4320,8,4.546875,327.25,57.85156,517.4805,6
3084.34,421,65.5527,4320,9,4.546875,327.25,53.35156,521.9805,6
3084.34,421,67.51269,4320,8,4.546875,327.25,56.26172,519.0703,6
3084.34,421,67.68448,4320,16,4.546875,327.25,56.91016,518.4219,6
3084.34,421,68.20513,4320,10,4.546875,327.25,58.00781,517.3242,6
3084.34,421,66.07143,4320,9,4.546875,327.25,56.50781,518.8242,6
3084.34,421,67.85714,4320,13,4.546875,327.25,58.86328,516.4688,6
3083.461,421,68.60759,4320,12,4.546875,327.25,56.21484,519.1172,6
3084.34,420,67.85714,4320,12,4.546875,327.25,63.62109,511.7109,6
3085.219,420,67.85714,4320,10,4.546875,327.25,58.15234,517.1797,6
3085.219,420,67.93893,4320,11,4.546875,327.25,57.61328,517.7188,6
3083.461,420,69.03553,4320,15,4.546875,327.25,58.9375,516.3945,6
3084.355,420,67.26343,4320,12,4.546875,327.25,57.61719,517.7148,6
3085.219,420,68.68687,4320,8,4.546875,327.25,65.17188,510.1602,6
3084.34,420,66.49616,4320,10,4.554688,327.25,59.32812,515.9961,6
3085.219,420,66.91729,4320,13,4.554688,327.25,60.10547,515.2188,6
3084.34,420,68.35443,4320,7,4.554688,327.25,56.31641,519.0078,6
3084.355,420,65.41353,4320,11,4.554688,327.25,55.95703,519.3672,6
3083.461,420,64.72081,4352,10,4.554688,327.25,57.95703,517.3672,6
3084.34,420,63.29114,4352,10,4.554688,327.25,55.85938,519.4648,6
3084.34,420,62.56281,4352,11,4.554688,327.25,59.375,515.9492,6
3084.34,420,57.17884,4352,11,4.554688,327.25,58.03516,517.2891,6
3085.219,420,57.25,4352,10,4.554688,327.25,57.20312,518.1211,6
3084.34,420,59.0,4352,9,4.554688,327.25,58.67188,516.6523,6
3084.34,418,64.54082,4352,14,4.554688,327.25,56.48047,518.8438,6
3084.34,418,67.62402,4352,11,4.554688,327.25,56.58984,518.7344,6
3084.34,418,68.27411,4352,11,4.554688,327.25,59.58203,515.7422,6
3085.219,418,66.06684,4352,11,4.554688,327.25,56.78906,518.5352,6
3084.34,418,67.00767,4352,11,4.554688,327.25,61.80078,513.5234,6
3084.355,418,67.17949,4352,11,4.554688,327.25,59.57812,515.7461,6
3085.219,418,68.52792,4352,9,4.554688,327.25,58.66406,516.6602,6
3083.461,418,69.34673,4352,14,4.554688,327.25,59.44531,515.8789,6
3084.34,418,69.43005,4352,11,4.5625,327.25,57.87109,517.4453,6
3085.219,418,67.00767,4352,8,4.5625,327.25,60.62109,514.6953,6
3084.34,418,69.13265,4352,15,4.5625,327.25,56.36328,518.9531,6
3084.34,418,68.78173,4352,20,4.5625,327.25,62.82812,512.4883,6
3085.219,418,68.19338,4352,10,4.5625,327.25,54.62891,520.6875,6
3085.219,418,66.15385,4352,11,4.5625,327.25,56.66406,518.6523,6
3085.219,418,68.87755,4352,12,4.5625,327.25,53.38281,521.9336,6
3083.461,418,70.0,4352,12,4.5625,327.25,55.29297,520.0234,6
3084.34,419,68.10127,4352,10,4.5625,327.25,57.36719,517.9492,6
3084.34,419,66.83544,4352,14,4.5625,327.25,56.19141,519.125,6
3084.34,419,66.58098,4352,12,4.5625,327.25,55.625,519.6914,6
3085.219,419,66.16162,4352,14,4.5625,327.25,56.5625,518.7539,6
3085.219,419,68.52792,4352,9,4.5625,327.25,62.89453,512.4219,6
3084.34,419,67.77494,4352,6,4.5625,327.25,58.76953,516.5469,6
3085.219,419,68.18182,4352,13,4.5625,327.25,54.30078,521.0156,6
3084.34,419,65.98985,4352,10,4.5625,327.25,56.38672,518.9297,6
3084.34,419,65.31646,4352,10,4.5625,327.25,57.58984,517.7266,6
3085.219,419,65.21739,4352,10,4.5625,327.25,56.85547,518.4609,6
3084.34,419,65.98985,4352,12,4.5625,327.25,56.42969,518.8867,6
3084.34,419,63.22418,4352,9,4.5625,327.25,59.17578,516.1406,6
3083.461,419,60.09975,4352,10,4.5625,327.25,57.56641,517.75,6
3083.461,419,54.09429,4352,16,4.5625,327.25,56.26172,519.0547,6
3084.34,419,57.60599,4352,9,4.5625,327.25,59.17188,516.1445,6
3083.461,419,64.81013,4352,12,4.5625,327.25,64.27344,511.043,6
3084.34,419,67.69231,4352,10,4.5625,327.25,58.15234,517.1641,6
3085.234,419,69.56522,4352,13,4.5625,327.25,59.26953,516.0469,6
3085.219,419,69.92288,4320,10,4.5625,327.25,55.30469,520.0117,6
3085.219,419,67.34694,4352,9,4.5625,327.25,53.13281,522.1836,6
3085.219,419,69.40874,4352,11,4.5625,327.25,57.24219,518.0742,6
3083.461,419,68.70229,4352,13,4.5625,327.25,57.09375,518.2227,6
3085.219,419,67.17949,4352,13,4.5625,327.25,58.89062,516.4258,6
3083.461,419,69.13265,4352,7,4.5625,327.25,59.89062,515.4258,6
3082.582,419,67.42424,4352,13,4.5625,327.25,56.46875,518.8477,6
3085.219,419,70.15306,4352,12,4.5625,327.25,55.48047,519.8359,6
3084.34,419,66.75192,4352,11,4.5625,327.25,52.65234,522.6641,6
3084.34,419,67.8481,4352,11,4.5625,327.25,60.64844,514.668,6
3082.582,419,71.28205,4352,10,4.5625,327.25,57.06641,518.25,6
3084.34,419,66.91919,4352,9,4.5625,327.25,60.83203,514.4844,6
3084.34,419,67.79221,4352,8,4.5625,327.25,57.60938,517.707,6
3084.34,419,66.49616,4352,16,4.5625,327.25,55.83594,519.4805,6
3085.219,419,65.56122,4352,8,4.5625,327.25,57.00391,518.3125,6
3083.586,419,64.28571,4352,13,4.5625,327.25,57.30078,518.0156,6
3085.344,419,66.07143,4352,12,4.5625,327.25,59.64453,515.6719,6
3085.344,419,66.49616,4352,13,4.5625,327.25,60.10156,515.2148,6
3083.461,419,65.98465,4352,7,4.5625,327.25,59.49609,515.8203,6
3085.219,419,67.5063,4352,13,4.5625,327.25,61.65625,513.6602,6
3085.219,419,66.83673,4352,13,4.5625,327.25,57.68359,517.6328,6
3085.219,419,65.06329,4352,7,4.5625,327.25,58.5,516.8164,6
3084.355,419,68.0203,4352,12,4.5625,327.25,52.85938,522.457,6
3085.219,419,61.51899,4352,13,4.5625,327.25,58.60156,516.7148,6
3083.461,419,65.23929,4352,15,4.5625,327.25,58.54297,516.7734,6
3084.34,419,60.91371,4352,9,4.5625,327.25,56.55078,518.7656,6
3083.461,419,55.69307,4352,13,4.5625,327.25,55.80469,519.5117,6
3082.582,419,55.86035,4352,12,4.5625,327.25,53.49609,521.8203,6
3084.34,419,61.36364,4352,15,4.5625,327.25,60.64844,514.668,6
3085.219,419,67.68448,4352,12,4.5625,327.25,57.77734,517.5391,6
3085.219,419,70.25641,4320,16,4.5625,327.25,58.07422,517.2422,6
3084.355,419,68.11224,4352,11,4.5625,327.25,53.96484,521.3516,6
3084.34,419,65.56122,4352,11,4.5625,327.25,58.34766,516.9688,6
3085.219,419,67.7665,4352,10,4.5625,327.25,60.02344,515.293,6
3085.219,419,68.36735,4352,11,4.5625,327.25,55.26562,520.0508,6
3084.34,419,67.87565,4352,11,4.5625,327.25,53.92969,521.3867,6
3084.355,419,66.92308,4352,12,4.5625,327.25,55.85547,519.4609,6
3084.34,419,67.77494,4352,8,4.5625,327.25,61.50781,513.8086,6
3084.34,419,66.66667,4352,17,4.570312,327.25,61.70312,513.6055,6
3084.34,419,68.19338,4352,10,4.570312,327.25,57.57422,517.7344,6
3084.34,419,67.70026,4352,6,4.570312,327.25,58.99609,516.3125,6
3085.219,419,69.2112,4352,16,4.570312,327.25,57.88672,517.4219,6
3085.234,418,67.17172,4352,8,4.570312,327.25,60.30078,515.0078,6
3083.461,418,67.34694,4352,10,4.570312,327.25,60.02344,515.2852,6
3085.219,418,70.40816,4352,13,4.570312,327.25,57.42578,517.8828,6
3085.219,418,66.32911,4352,10,4.570312,327.25,58.14062,517.168,6
3084.34,419,67.34694,4352,11,4.570312,327.25,60.35547,514.9531,6
3085.219,419,68.38046,4352,13,4.570312,327.25,57.63672,517.6719,6
3084.34,419,65.89744,4352,10,4.578125,327.2422,56.70703,518.6016,6
3085.219,419,67.16792,4352,12,4.578125,327.25,55.65625,519.6445,6
3085.219,419,68.29897,4352,12,4.578125,327.25,58.59375,516.707,6
3084.34,419,67.17172,4352,11,4.578125,327.25,56.41406,518.8867,6
3085.219,419,64.81013,4352,13,4.578125,327.25,53.66406,521.6367,6
3085.219,419,66.92308,4352,11,4.578125,327.25,60.92969,514.3711,6
3085.219,419,65.3944,4352,13,4.578125,327.25,54.88672,520.4141,6
3085.219,419,65.74307,4352,10,4.578125,327.25,56.76953,518.5312,6
3083.461,419,63.13131,4352,14,4.578125,327.25,56.77734,518.5234,6
3084.34,419,61.86869,4352,12,4.578125,327.25,55.85547,519.4453,6
3084.34,419,55.52826,4352,13,4.578125,327.25,60.86328,514.4375,6
3084.34,419,58.75,4352,9,4.578125,327.25,59.88281,515.418,6
3084.34,419,62.40602,4352,18,4.578125,327.25,57.97266,517.3281,6
3085.219,419,64.15584,4352,5,4.578125,327.25,60.44531,514.8555,6
3084.34,419,66.75127,4352,15,4.578125,327.25,57.14062,518.1602,6
3082.582,419,68.03069,4352,10,4.578125,327.25,59.38281,515.918,6
3084.34,419,64.54082,4352,8,4.578125,327.25,63.76562,511.5352,6
3084.34,419,67.01031,4352,13,4.578125,327.25,60.64453,514.6562,6
3084.355,419,69.36709,4352,11,4.578125,327.25,59.0625,516.2383,6
3084.355,419,69.13265,4352,10,4.578125,327.25,57.98828,517.3125,6
3084.355,419,65.29563,4352,10,4.578125,327.25,61.33984,513.9609,6
3083.492,419,68.19338,4352,11,4.578125,327.25,54.67969,520.6211,6
3083.477,419,64.97462,4352,12,4.578125,327.25,59.83984,515.4609,6
3084.34,419,68.28645,4352,15,4.578125,327.25,55.98047,519.3203,6
3084.34,419,66.41414,4352,11,4.578125,327.25,55.27344,520.0273,6
3083.461,419,69.89796,4352,9,4.578125,327.25,60.29688,515.0039,6
3083.492,419,67.00767,4352,10,4.578125,327.25,58.99609,516.3047,6
3084.355,419,66.92506,4352,8,4.578125,327.25,54.42969,520.8711,6
3085.234,419,70.91837,4352,17,4.578125,327.25,52.21484,523.0859,6
3084.355,419,66.66667,4352,17,4.578125,327.25,59.52344,515.7773,6
3084.355,419,65.05102,4352,11,4.578125,327.25,56.35547,518.9453,6
3084.355,419,67.8481,4352,13,4.578125,327.25,57.85156,517.4492,6
3084.355,419,66.16162,4352,11,4.578125,327.25,56.43359,518.8672,6
3084.355,419,67.51918,4352,9,4.578125,327.25,63.30469,511.9961,6
3084.355,419,69.03553,4352,11,4.578125,327.25,56.81641,518.4844,6
3084.355,419,66.49874,4352,12,4.578125,327.25,57.39844,517.9023,6
3084.355,419,62.7204,4352,7,4.578125,327.25,56.08594,519.2148,6
3084.355,419,60.41131,4352,10,4.578125,327.25,58.66797,516.6328,6
3082.598,419,60.55276,4352,10,4.585938,327.25,56.63281,518.6602,6
3085.234,419,61.01266,4384,14,4.585938,327.25,58.74609,516.5469,6
3082.582,419,61.34663,4384,8,4.585938,327.25,58.74219,516.5508,6
3084.34,419,59.0,4384,16,4.585938,327.25,57.02344,518.2695,6
3085.219,419,58.85287,4384,15,4.585938,327.25,56.6875,518.6055,6
3083.461,419,60.96939,4384,15,4.585938,327.25,55.01172,520.2812,6
3082.59,419,68.62245,4384,9,4.585938,327.25,51.92969,523.3633,6
3082.59,420,68.87755,4384,12,4.585938,327.25,57.40625,517.8867,6
3079.277,422,48.42105,4384,6,4.757812,336.0312,51.01953,515.3203,6
3079.277,422,38.19629,4384,5,4.757812,336.0312,50.52734,515.8125,6
3079.277,422,37.76596,4384,8,4.757812,336.0312,50.72266,515.6172,6
3079.262,422,36.22047,4384,7,4.757812,336.0312,50.77344,515.5664,6
3079.262,422,35.69554,4384,5,4.757812,336.0312,50.77344,515.5664,6
3079.262,422,33.33333,4384,7,4.757812,336.0312,50.52734,515.8125,6
3082.887,422,35.09235,4384,10,4.765625,336.1406,50.52734,515.6953,6
3084.578,422,38.09524,4384,8,4.765625,336.8672,49.78906,515.707,6
3083.699,425,56.70103,4384,11,5.164062,339.6758,32.25781,530.0312,6
3082.82,424,73.71134,4384,10,5.164062,340.2305,27.96484,533.7695,6
3084.578,424,67.7665,4384,11,5.164062,340.2305,32.0625,529.6719,6
3083.699,424,68.44784,4384,14,5.164062,340.2305,30.97266,530.7617,6
3084.578,425,67.01031,4384,11,5.164062,340.2305,35.80078,525.9336,6
3084.738,425,66.16162,4352,12,5.171875,340.2305,31.99219,529.7344,6
3084.738,425,65.05102,4352,11,5.171875,340.2305,33.06641,528.6602,6
3085.617,425,70.55838,4352,10,5.171875,340.2305,33.16406,528.5625,6
3084.738,425,69.09548,4352,10,5.164062,340.2148,33.76953,527.9805,6
3084.738,425,70.22901,4352,10,5.164062,340.2148,29.45703,532.293,6
3083.859,425,67.4359,4352,14,5.164062,340.2148,30.90625,530.8438,6
3084.738,425,68.18182,4352,9,5.164062,340.2148,32.63281,529.1172,6
3085.617,425,66.92112,4352,10,5.164062,340.2148,34.70312,527.0469,6
3084.648,425,63.29114,4352,15,5.164062,340.2148,33.64844,528.1016,6
3084.617,425,64.37659,4352,10,5.164062,340.2148,34.26562,527.4844,6
3084.539,424,69.56522,4352,10,5.164062,340.2148,31.17578,530.5742,6
3085.418,423,68.59296,4352,6,5.171875,340.2148,32.32031,529.4219,6
3083.613,423,62.46851,4352,12,5.171875,340.2148,34.51953,527.2227,6
3084.508,423,57.10723,4352,10,5.171875,340.4297,32.21094,529.3164,6
