gesture_recognition_rpi_mem.committed_Committed_AS,gesture_recognition_rpi_system.active_processes_active,gesture_recognition_rpi_system.cpu_user,gesture_recognition_rpi_system.file_nr_used_used,gesture_recognition_rpi_system.processes_running,gesture_recognition_rpi_system.ram_buffers,gesture_recognition_rpi_system.ram_cached,gesture_recognition_rpi_system.ram_free,gesture_recognition_rpi_system.ram_used,Target
3275.023,431,66.75192,4544,10,9.800781,221.5273,163.96875,511.832,3
3275.023,431,65.97938,4544,9,9.800781,221.5273,162.84766,512.9531,3
3275.023,431,64.50777,4544,6,9.800781,221.5273,161.01562,514.7852,3
3275.023,431,69.11392,4544,10,9.800781,221.5273,160.19531,515.6055,3
3275.023,431,67.09512,4544,10,9.800781,221.5273,162.96484,512.8359,3
3275.023,431,68.65285,4544,8,9.800781,221.5273,160.17578,515.625,3
3275.023,431,68.36735,4544,13,9.800781,221.5273,159.30469,516.4961,3
3275.023,431,68.65285,4544,9,9.800781,221.5273,162.62109,513.1797,3
3275.023,431,67.09512,4544,11,9.800781,221.5273,161.52734,514.2734,3
3275.023,431,66.49746,4544,7,9.800781,221.5938,160.1875,515.5469,3
3275.039,431,70.0,4544,9,9.800781,221.5938,159.12109,516.6133,3
3275.023,431,68.11224,4544,5,9.800781,221.5938,158.19141,517.543,3
3275.023,431,67.68448,4544,10,9.808594,221.5938,164.14453,511.5898,3
3275.023,431,65.22843,4544,8,9.808594,221.5938,162.24609,513.4805,3
3275.023,431,65.81633,4544,10,9.808594,221.5938,161.23047,514.4961,3
3275.023,431,62.65985,4544,6,9.808594,221.5938,160.54688,515.1797,3
3275.023,431,62.84289,4544,8,9.808594,221.5938,160.54688,515.1797,3
3275.023,431,63.06533,4544,7,9.808594,221.5938,164.41406,511.3125,3
3275.023,431,64.66165,4544,7,9.816406,221.5938,162.28516,513.4414,3
3275.023,431,65.83541,4544,9,9.816406,221.5859,161.12109,514.6055,3
3275.023,431,63.56784,4544,8,9.816406,221.5938,158.76953,516.9492,3
3275.023,431,58.83838,4544,10,9.816406,221.5938,157.65625,518.0625,3
3275.023,431,57.53086,4544,7,9.816406,221.5938,160.76562,514.9531,3
3275.023,431,58.54271,4544,9,9.816406,221.5938,163.01172,512.707,3
3275.023,431,51.85185,4544,9,9.816406,221.5938,161.8125,513.9062,3
3275.023,431,63.06533,4544,8,9.816406,221.5938,160.91406,514.8047,3
3275.023,431,66.75325,4544,6,9.816406,221.5938,160.33984,515.3789,3
3275.023,432,66.66667,4544,17,9.816406,221.5938,160.85938,514.8594,3
3275.039,432,68.73385,4544,16,9.816406,221.5938,158.60156,517.1172,3
3275.023,432,66.83544,4544,4,9.816406,221.5938,160.80859,514.9102,3
3275.023,432,66.92506,4544,10,9.816406,221.5938,161.41016,514.3086,3
3275.023,432,66.66667,4512,6,9.816406,221.5938,159.44531,516.2734,3
3275.023,432,66.58098,4512,5,9.816406,221.5938,164.10938,511.6094,3
3275.023,432,66.07143,4512,9,9.816406,221.5938,162.05078,513.668,3
3275.023,432,68.87755,4544,10,9.816406,221.6914,165.99609,509.625,3
3275.023,432,66.66667,4544,9,9.816406,221.7109,163.52344,512.0781,3
3275.023,432,66.66667,4544,14,9.816406,221.7109,165.79688,509.8047,3
3275.023,432,65.90331,4544,9,9.816406,221.7109,163.44531,512.1562,3
3275.023,432,67.77494,4544,13,9.816406,221.7109,161.17578,514.4258,3
3275.023,432,66.75127,4544,9,9.835938,221.7109,159.09766,516.5039,3
3275.023,432,68.28645,4544,15,9.835938,221.7109,158.22266,517.3594,3
3275.023,432,68.0203,4544,10,9.835938,221.7109,161.25781,514.3242,3
3275.023,432,69.13265,4544,14,9.835938,221.7109,164.78125,510.8008,3
3275.023,432,61.22449,4544,11,9.835938,221.7109,161.96484,513.6172,3
3275.023,432,66.06684,4544,7,9.835938,221.7109,160.87109,514.7109,3
3275.023,432,67.67677,4544,11,9.835938,221.7109,160.43359,515.1484,3
3275.023,432,66.07143,4544,9,9.835938,221.7227,159.53516,516.0352,3
3275.023,432,63.61323,4544,10,9.835938,221.7227,159.31641,516.2539,3
3275.023,432,65.20619,4544,10,9.835938,221.7227,162.40234,513.168,3
3275.023,431,67.34694,4544,15,9.835938,221.7227,159.91406,515.6562,3
3275.023,431,64.61538,4544,9,9.835938,221.7227,158.98438,516.5859,3
3275.023,431,65.81633,4544,10,9.835938,221.7227,161.46875,514.1016,3
3239.438,430,64.0,4448,11,9.84375,221.7227,160.08984,515.4805,3
3239.438,430,67.60204,4448,9,9.84375,223.293,175.0898,498.9023,3
3239.438,431,68.10127,4448,12,9.84375,223.2891,172.5898,501.4062,3
3239.453,431,69.13265,4448,12,9.84375,223.2891,171.0,502.9961,3
3239.438,431,64.8855,4448,8,9.84375,223.2891,169.168,504.8281,3
3239.438,431,65.3944,4448,11,9.84375,223.2891,172.6484,501.3477,3
3239.438,431,66.33166,4448,5,9.851562,223.8125,171.0625,502.4102,3
3239.438,431,65.15152,4448,17,9.851562,223.8555,169.9688,503.4531,3
3239.438,431,66.0804,4448,13,9.851562,223.8555,168.8164,504.6055,3
3239.438,431,65.16291,4448,11,9.851562,223.8555,172.0859,501.3359,3
3239.438,431,60.39604,4448,8,9.851562,223.8555,169.7617,503.6602,3
3239.438,431,58.85287,4448,13,9.851562,223.8555,168.1211,505.3008,3
3239.438,431,58.16832,4448,12,9.851562,223.8555,165.79688,507.625,3
3239.438,430,53.75,4448,11,9.851562,223.8555,169.7188,503.7031,3
3239.438,430,63.86768,4448,9,9.851562,223.8555,178.5078,494.9141,3
3239.438,430,65.7289,4448,10,9.851562,223.8555,176.4297,496.9922,3
3239.438,430,65.47315,4480,9,9.851562,223.8555,174.3398,499.082,3
3239.438,430,69.15167,4480,8,9.851562,223.8555,171.9922,501.4297,3
3239.438,430,70.51282,4480,9,9.851562,223.8555,170.8984,502.5234,3
3239.438,430,65.12821,4480,6,9.851562,223.8555,169.3125,504.1094,3
3239.438,430,65.47315,4480,5,9.851562,223.8555,168.6875,504.7344,3
3239.438,430,65.21739,4480,6,9.851562,223.8555,167.34766,506.0742,3
3239.438,430,64.15584,4480,7,9.851562,223.8555,167.58984,505.832,3
3239.438,430,64.26735,4480,5,9.851562,223.8555,170.9141,502.5078,3
3239.438,430,65.46392,4480,4,9.851562,223.8555,170.0117,503.4102,3
3239.438,430,66.75127,4480,10,9.851562,223.8555,168.8633,504.5586,3
3239.438,430,67.43003,4480,4,9.851562,223.8555,168.4258,504.9961,3
3239.438,430,70.33248,4480,6,9.851562,223.8555,171.7656,501.6562,3
3239.438,430,65.40404,4480,6,9.851562,223.8555,175.1602,498.2617,3
3239.438,430,67.17557,4480,6,9.851562,223.8555,173.7656,499.6562,3
3239.438,430,66.92112,4480,5,9.859375,223.8555,175.8125,497.6094,3
3239.438,430,66.41414,4480,3,9.859375,223.8555,173.2578,500.1562,3
3239.438,430,66.83805,4480,10,9.859375,223.8555,172.8203,500.5938,3
3239.438,430,66.92112,4480,11,9.859375,223.8555,171.918,501.4961,3
3239.438,430,65.40404,4480,10,9.859375,223.8555,171.0156,502.3984,3
3239.438,430,66.58228,4480,12,9.859375,223.8555,169.4023,504.0117,3
3239.438,430,65.40404,4480,9,9.859375,223.8555,167.60547,505.8086,3
3239.438,430,65.25,4480,19,9.859375,223.8555,166.92969,506.4844,3
3239.711,430,66.16541,4480,5,9.859375,223.8555,173.0156,500.3984,3
3239.711,430,59.54774,4480,9,9.859375,223.8555,175.2383,498.1758,3
3239.711,430,61.59601,4480,12,9.859375,223.8555,171.9453,501.4688,3
3239.711,430,55.27638,4480,8,9.859375,223.8555,170.1133,503.3008,3
3239.711,430,55.02513,4480,9,9.859375,223.8555,168.7461,504.668,3
3239.711,430,56.3591,4480,4,9.859375,223.8555,168.5547,504.8594,3
3239.711,430,61.67513,4448,4,9.875,223.8555,167.67969,505.7344,3
3239.711,430,67.09512,4448,8,9.875,223.8555,165.84766,507.5508,3
3239.711,430,66.06218,4448,12,9.875,223.8555,169.832,503.5664,3
3239.711,430,66.83805,4448,10,9.875,223.8555,168.0,505.3984,3
3239.711,430,66.83805,4448,5,9.875,223.8555,168.2734,505.125,3
3241.605,430,65.90331,4448,8,9.882812,223.8555,167.20703,506.1914,3
3241.605,429,63.75321,4448,7,9.882812,223.8555,170.4297,502.9609,3
3241.605,429,66.14987,4448,4,9.882812,223.8555,169.332,504.0586,3
3241.605,429,64.10256,4448,8,9.882812,223.8555,172.25,501.1406,3
3241.605,429,65.56122,4448,10,9.882812,223.8555,170.4727,502.918,3
3241.605,429,66.75325,4448,12,9.882812,223.8555,174.4492,498.9414,3
3241.605,429,65.20619,4448,6,9.882812,223.8555,172.1406,501.25,3
3241.605,429,65.21739,4448,6,9.882812,223.8906,171.2656,502.0898,3
3241.605,429,64.63104,4448,8,9.882812,223.8906,169.6523,503.7031,3
3241.605,429,66.83544,4448,10,9.882812,223.8906,173.6914,499.6641,3
3241.605,429,65.56122,4448,6,9.882812,223.8906,171.832,501.5234,3
3241.605,429,67.34177,4480,9,9.882812,223.8906,170.7383,502.6172,3
3241.605,429,62.65985,4480,13,9.882812,223.8906,169.3711,503.9844,3
3241.605,429,68.60759,4480,8,9.882812,223.8906,172.5586,500.7969,3
3241.605,429,68.5422,4480,9,9.882812,223.8906,170.7695,502.5859,3
3241.605,429,63.79747,4480,4,9.882812,223.8906,169.1562,504.1992,3
3241.605,429,68.42105,4480,11,9.882812,223.8906,170.4648,502.8906,3
3241.605,429,63.97985,4480,5,9.882812,223.8906,169.8086,503.5469,3
3241.605,429,64.89899,4480,10,9.882812,223.8906,168.9062,504.4492,3
3241.605,429,62.56281,4480,12,9.882812,223.8906,179.1016,494.2539,3
3241.605,429,64.32161,4480,11,9.882812,223.8906,176.3359,497.0195,3
3241.605,429,59.79899,4480,5,9.898438,223.8906,175.4336,497.9219,3
3241.605,429,59.54774,4480,12,9.898438,223.8945,173.082,500.2539,3
3241.605,429,58.12808,4480,9,9.898438,223.8906,171.4414,501.8984,3
3241.605,429,50.62972,4480,5,9.898438,223.8906,175.1875,498.1523,3
3241.605,429,59.05707,4480,5,9.898438,223.8906,174.0391,499.3008,3
3241.605,429,64.26735,4512,13,9.90625,223.8906,171.9336,501.4062,3
3241.605,429,64.76684,4512,5,9.90625,223.8906,170.5391,502.793,3
3241.605,429,65.5527,4512,13,9.90625,223.8906,169.4453,503.8867,3
3241.605,428,72.30769,4512,10,9.90625,223.8906,168.2695,505.0625,3
3241.605,428,63.58974,4480,12,9.90625,223.8906,167.832,505.5,3
3241.605,428,66.58031,4480,6,9.90625,223.8906,171.793,501.5391,3
3241.605,428,65.21739,4480,5,9.90625,223.8906,169.6602,503.6719,3
3241.605,428,66.40827,4480,11,9.90625,223.8906,167.29297,506.0391,3
3241.605,428,64.01028,4448,10,9.90625,223.8906,165.19141,508.1406,3
3241.605,428,68.92231,4448,10,9.90625,223.8906,169.3906,503.9414,3
3241.605,428,64.78149,4448,7,9.90625,223.8906,167.13672,506.1953,3
3241.605,428,65.29563,4448,5,9.90625,223.8906,167.16406,506.168,3
3241.605,428,62.72494,4448,7,9.90625,223.8906,166.72656,506.6055,3
3241.605,428,68.26196,4448,12,9.90625,223.8906,170.4961,502.8359,3
3241.605,428,66.75127,4448,8,9.90625,223.8906,168.418,504.9141,3
3241.605,428,65.21739,4480,14,9.90625,223.8906,167.73438,505.5977,3
3241.605,428,63.23907,4480,11,9.90625,223.8906,168.2227,505.1094,3
3241.605,428,67.51269,4480,15,9.90625,223.8906,168.0664,505.2656,3
3241.605,428,66.75127,4480,13,9.90625,223.8906,167.38281,505.9492,3
3241.605,428,65.15152,4480,10,9.90625,223.8906,166.50781,506.8242,3
3241.605,428,68.43434,4480,13,9.90625,223.8906,169.1875,504.1445,3
3241.605,428,67.8481,4480,15,9.90625,223.8906,170.4844,502.8477,3
3241.605,427,67.59494,4480,14,9.90625,223.8906,168.8867,504.4453,3
3241.605,427,63.79747,4480,9,9.90625,223.8906,167.53906,505.793,3
3241.605,427,64.75,4480,5,9.90625,223.8906,170.5742,502.7578,3
3241.605,428,62.59352,4480,11,9.914062,223.8906,169.6445,503.6875,3
3241.605,428,60.09852,4480,14,9.914062,223.8828,173.3711,499.9609,3
3241.605,428,55.06173,4480,9,9.914062,223.8906,171.0625,502.2617,3
3241.605,428,56.82382,4480,15,9.914062,223.8906,170.6797,502.6445,3
3241.605,428,56.42317,4480,12,9.914062,223.8906,169.832,503.4922,3
3241.605,428,70.55838,4480,8,9.914062,223.8906,167.7969,505.5273,3
3241.605,428,65.37468,4480,12,9.914062,223.8906,167.14062,506.1836,3
3241.605,428,65.64103,4480,13,9.914062,223.9727,168.8516,504.3906,3
3241.605,428,67.18346,4480,14,9.914062,223.9727,171.8125,501.4297,3
3241.605,428,70.0,4480,13,9.914062,223.9727,170.1992,503.043,3
3241.605,428,66.15385,4480,7,9.914062,223.9727,167.41406,505.8281,3
3241.605,427,68.60759,4480,10,9.921875,223.9727,172.4141,500.8281,3
3241.605,427,70.99237,4480,11,9.921875,223.9727,174.1758,499.0586,3
3241.605,427,69.89796,4480,9,9.921875,223.9727,171.1953,502.0391,3
3241.605,427,64.2487,4480,8,9.921875,223.9727,170.1016,503.1328,3
3241.605,427,66.32653,4448,9,9.921875,223.9727,168.7617,504.4727,3
3241.605,427,63.14433,4448,8,9.921875,223.9727,167.17578,506.0586,3
3241.605,427,63.95939,4448,11,9.921875,223.9727,168.2148,505.0195,3
3241.605,427,65.3944,4448,9,9.921875,223.9727,166.79688,506.4375,3
3241.605,427,70.05076,4448,13,9.921875,223.9727,177.1016,496.1328,3
3241.605,427,68.35443,4448,10,9.921875,223.9727,173.3164,499.918,3
3241.605,427,69.2112,4448,8,9.921875,223.9727,171.7031,501.5312,3
3242.68,430,66.16162,4448,9,9.921875,223.9727,171.0938,502.1406,3
3241.605,427,65.64885,4448,13,9.921875,223.9727,169.793,503.4414,3
3241.605,427,64.81013,4480,15,9.921875,223.9727,173.7852,499.4492,3
3241.605,427,63.88889,4480,6,9.921875,223.9727,173.3477,499.8867,3
3241.605,427,64.41103,4480,10,9.921875,224.0703,171.7109,501.4258,3
3241.605,427,66.66667,4480,8,9.921875,224.0977,169.5625,503.5469,3
3241.605,427,63.36634,4480,9,9.921875,224.0977,168.6875,504.4219,3
3241.605,427,61.83206,4480,11,9.921875,224.0977,167.8125,505.2969,3
3241.605,427,59.35162,4480,9,9.921875,224.0977,167.15625,505.9531,3
3241.605,427,60.20151,4480,6,9.921875,224.0977,166.28125,506.8281,3
3241.605,427,58.2716,4480,15,9.921875,224.0977,170.1602,502.9492,3
3241.605,427,51.60494,4448,14,9.921875,224.0977,170.2617,502.8477,3
3241.605,428,57.1066,4448,12,9.921875,224.0977,169.5352,503.5742,3
3241.605,428,67.00767,4448,10,9.921875,224.0977,168.7109,504.3984,3
3241.605,428,67.78351,4448,11,9.921875,224.0977,167.8359,505.2734,3
3241.605,428,66.58291,4448,11,9.921875,224.0977,168.168,504.9414,3
3241.605,428,68.63753,4448,13,9.921875,224.0977,170.9492,502.1602,3
3241.605,428,70.9596,4448,6,9.921875,224.0977,172.8398,500.2695,3
3241.605,428,66.32391,4448,10,9.921875,224.0977,171.4922,501.6172,3
3241.605,428,67.5063,4448,17,9.921875,224.0977,174.9648,498.1445,3
3241.605,428,65.37468,4448,18,9.921875,224.0977,172.8594,500.25,3
3241.605,428,67.09184,4448,13,9.921875,224.0977,171.3008,501.8086,3
3241.605,428,68.10127,4480,9,9.921875,224.0977,168.7852,504.3242,3
3241.605,428,67.94872,4480,15,9.921875,224.0977,168.1875,504.9219,3
3241.605,428,68.18182,4480,10,9.925781,224.0977,167.03906,506.0703,3
3241.605,428,66.49746,4480,10,9.933594,224.3867,166.57812,506.2383,3
3241.605,428,67.7665,4480,7,9.933594,224.6602,164.99219,507.543,3
3241.605,428,66.0804,4480,12,9.933594,224.6602,169.2656,503.2695,3
3241.605,428,69.0,4480,8,9.933594,224.6602,167.8477,504.6875,3
3241.605,428,62.75,4480,5,9.933594,224.6602,170.7344,501.8008,3
3241.605,428,62.46851,4480,6,9.933594,224.6602,170.0781,502.457,3
3241.605,428,57.10723,4480,6,9.933594,224.6602,168.2773,504.2578,3
3241.605,428,58.54271,4480,11,9.933594,224.6602,166.19531,506.3398,3
3241.605,428,55.27638,4448,14,9.933594,224.6602,165.76172,506.7734,3
3241.605,428,62.34414,4448,10,9.933594,224.6602,168.7773,503.7578,3
3241.605,428,68.71795,4480,12,9.933594,224.6602,165.32812,507.207,3
3241.605,428,64.69072,4480,5,9.933594,224.6602,166.61328,505.9219,3
3241.605,428,67.35751,4480,7,9.933594,224.6602,170.2305,502.3047,3
3241.605,428,65.89147,4448,12,9.933594,224.6602,169.6328,502.9023,3
3241.605,428,68.34171,4448,5,9.933594,224.6602,172.332,500.2031,3
3241.605,428,66.57895,4448,5,9.933594,224.6602,170.9922,501.543,3
3241.605,428,65.80977,4448,15,9.933594,224.6602,169.5977,502.9375,3
3241.605,428,66.24041,4448,15,9.933594,224.6602,168.2422,504.293,3
3241.605,428,68.59296,4448,9,9.933594,224.6602,167.36719,505.168,3
3241.605,428,64.17526,4448,4,9.933594,224.6602,166.49219,506.043,3
3241.605,428,66.83417,4448,7,9.933594,224.6602,164.85156,507.6836,3
3241.605,428,65.54404,4448,11,9.933594,224.6602,164.16797,508.3672,3
3241.605,428,65.3944,4448,5,9.933594,224.6602,167.57031,504.9648,3
3241.605,428,64.35897,4448,15,9.941406,224.6602,169.2227,503.3125,3
3241.605,428,63.52041,4448,5,9.941406,224.6602,168.5391,503.9883,3
3241.605,428,65.73604,4416,14,9.941406,224.6602,168.3711,504.1562,3
3241.605,428,67.70026,4416,10,9.941406,224.6602,167.47656,505.0508,3
3241.605,428,62.84987,4416,3,9.949219,224.6602,167.5625,504.9648,3
3241.605,428,66.49746,4416,5,9.949219,224.6602,170.3242,502.1953,3
3241.605,428,67.17172,4416,11,9.949219,224.6602,168.4922,504.0273,3
3241.605,427,68.60759,4416,3,9.949219,224.6602,166.6875,505.832,3
3241.605,427,64.96164,4416,11,9.949219,224.6602,164.60938,507.9102,3
3241.605,427,68.68687,4416,12,9.949219,224.6602,167.75781,504.7617,3
3241.605,427,65.49118,4416,8,9.957031,224.6602,165.48828,507.0312,3
3241.605,427,63.29114,4448,9,9.957031,224.6523,169.3789,503.1406,3
3241.605,427,63.8404,4448,14,9.957031,224.6602,167.8086,504.7031,3
3241.605,427,58.70647,4448,10,9.957031,224.6602,171.2344,501.2773,3
3241.605,427,57.14286,4448,17,9.957031,224.6602,168.3906,504.1211,3
3241.605,427,56.31313,4448,10,9.957031,224.6602,171.3555,501.1562,3
3241.605,427,57.89474,4448,10,9.957031,224.6602,169.2344,503.2773,3
3241.605,427,67.60204,4448,11,9.957031,224.6602,167.40234,505.1094,3
3241.605,427,69.68912,4448,8,9.957031,224.6602,166.96484,505.5469,3
3241.605,427,70.07673,4448,5,9.957031,224.6602,165.40625,507.1055,3
3241.621,427,66.75192,4448,15,9.957031,224.6602,170.1953,502.3164,3
3241.605,427,65.47315,4448,10,9.957031,224.6602,167.68359,504.8281,3
3241.605,427,69.2112,4448,4,9.957031,224.6602,169.7578,502.7539,3
3241.605,427,66.75192,4448,6,9.957031,224.6602,167.8828,504.6289,3
3241.605,427,72.33503,4448,8,9.957031,224.6602,166.51562,505.9961,3
3241.605,427,67.00767,4448,9,9.957031,224.6602,164.90625,507.6055,3
3241.605,427,69.05371,4448,15,9.957031,224.6602,168.6055,503.9062,3
3241.605,427,68.28645,4448,17,9.957031,224.6602,167.25391,505.2578,3
3241.605,427,68.04124,4448,5,9.964844,224.6602,167.25391,505.2578,3
3241.605,427,65.13995,4448,10,9.964844,224.6602,166.81641,505.6875,3
3241.605,427,64.96164,4448,8,9.964844,224.6602,164.93359,507.5703,3
3241.605,427,69.05371,4448,9,9.964844,224.6602,164.25,508.2539,3
3241.605,427,66.32653,4448,8,9.964844,224.6602,163.375,509.1289,3
3241.605,427,67.09184,4448,12,9.964844,224.6602,162.69141,509.8125,3
3241.605,427,66.49874,4448,10,9.964844,224.6602,162.09766,510.4062,3
3241.605,427,67.59494,4448,11,9.964844,224.6602,162.83203,509.6719,3
3241.605,428,67.59494,4448,11,9.964844,224.6602,166.13672,506.3672,3
3241.605,428,65.48223,4448,14,9.964844,224.6602,169.6367,502.8672,3
3241.605,428,69.7733,4448,6,9.964844,224.6602,167.75,504.7539,3
3241.605,428,65.05102,4448,14,9.964844,224.6602,166.65625,505.8477,3
3241.605,428,68.78173,4448,7,9.964844,224.6602,165.09766,507.4062,3
3241.605,428,62.43781,4480,14,9.964844,224.6602,169.8203,502.6836,3
3241.605,428,61.09726,4480,19,9.964844,224.6602,168.207,504.2969,3
3241.605,428,59.20398,4480,6,9.964844,224.6602,165.67188,506.832,3
3241.605,428,55.61097,4512,12,9.964844,224.6602,169.543,502.9609,3
3241.605,428,49.50249,4512,4,9.964844,224.6602,167.64453,504.8594,3
3241.605,428,57.39796,4512,7,9.972656,224.7539,167.17969,505.2305,3
3241.605,428,63.86768,4512,10,9.972656,224.7461,166.77344,505.6367,3
3241.605,428,64.10256,4512,10,9.972656,224.7539,166.33594,506.0664,3
3241.605,428,61.59794,4512,8,9.972656,224.7539,164.96875,507.4336,3
3241.605,428,63.17136,4512,7,9.972656,224.7539,165.32422,507.0781,3
3241.605,428,65.47315,4512,5,9.972656,224.7539,163.65625,508.7461,3
3241.605,428,65.12821,4512,12,9.972656,224.7539,167.35938,505.043,3
3241.605,428,67.69231,4512,5,9.972656,224.7539,165.96484,506.4375,3
3241.605,428,69.56522,4512,9,9.972656,224.7539,166.35547,506.0469,3
3241.605,428,68.87755,4512,7,9.972656,224.7539,170.6016,501.8008,3
3241.605,427,65.15152,4512,14,9.972656,224.7539,168.6875,503.7148,3
3241.605,427,66.66667,4512,8,9.972656,224.7539,171.957,500.4453,3
3241.605,427,67.85714,4512,10,9.972656,224.7539,170.3711,502.0312,3
3241.605,427,68.70229,4512,11,9.972656,224.7539,168.4688,503.9336,3
3241.605,427,65.15152,4512,17,9.972656,224.7539,171.7734,500.6289,3
3241.605,427,65.64885,4512,13,9.972656,224.7539,170.5977,501.8047,3
3241.605,427,67.51269,4512,17,9.972656,224.7539,168.2734,504.1289,3
3241.605,427,67.8481,4512,17,9.972656,224.7539,167.9141,504.4883,3
3241.605,427,66.32911,4512,11,9.972656,224.7539,166.98828,505.4141,3
3241.605,427,67.42424,4480,12,9.972656,224.7539,166.33203,506.0703,3
3241.605,427,67.18346,4480,10,9.972656,224.7539,164.99219,507.4102,3
3241.605,427,66.15776,4480,10,9.972656,224.7539,168.8633,503.5391,3
3241.605,427,65.31646,4480,10,9.972656,224.7539,166.10156,506.3008,3
3241.605,427,69.89796,4480,8,9.972656,224.7539,169.1289,503.2734,3
3241.605,427,69.97455,4480,9,9.980469,224.7539,166.83203,505.5703,3
3241.605,427,62.21662,4480,14,9.980469,224.7539,166.17578,506.2188,3
3241.605,427,68.78173,4480,11,9.980469,224.7539,164.87109,507.5234,3
3241.605,427,64.63104,4480,12,9.980469,224.7539,164.1875,508.207,3
3241.605,427,65.74307,4480,12,9.980469,224.7539,163.51562,508.8789,3
3241.605,427,67.43003,4480,9,9.980469,224.7539,163.29688,509.0977,3
3241.605,427,66.0804,4480,10,9.980469,224.7539,167.8672,504.5273,3
3241.605,428,66.33166,4480,14,9.996094,224.7539,167.19141,505.2031,3
3241.605,428,65.07538,4480,20,9.996094,226.3672,170.543,500.2227,3
3241.605,428,67.33167,4480,6,9.996094,226.6094,167.53516,502.9883,3
3241.605,428,66.91919,4480,12,9.996094,226.6094,165.67578,504.8477,3
3241.605,428,64.73552,4480,12,9.996094,226.6094,168.2422,502.2812,3
3241.605,428,57.88177,4480,7,9.996094,226.6094,167.34375,503.1797,3
3241.605,428,54.5679,4480,10,10.003906,226.6094,166.19531,504.3281,3
3241.605,428,49.24623,4480,18,10.003906,226.6016,165.26562,505.2578,3
3241.605,428,65.47315,4480,11,10.003906,226.6094,164.60938,505.9062,3
3241.605,428,66.92506,4480,9,10.003906,226.6094,163.70703,506.8086,3
3241.605,428,66.06684,4480,9,10.003906,226.6094,162.55859,507.957,3
3241.605,428,68.44784,4480,14,10.011719,226.6094,161.65625,508.8594,3
3241.605,428,66.66667,4480,12,10.011719,226.6016,165.57422,504.9414,3
3241.605,428,63.45178,4480,13,10.011719,226.6367,163.93359,506.5469,3
3241.605,428,65.38462,4480,4,10.027344,226.6367,163.49609,506.9844,3
3241.605,428,65.31646,4480,9,10.027344,226.668,162.83984,507.5938,3
3241.605,428,70.28424,4480,13,10.027344,226.668,162.21094,508.2227,3
3241.605,428,67.08861,4480,11,10.027344,226.668,164.94141,505.4922,3
3241.605,428,71.50127,4512,16,10.027344,226.668,167.67578,502.7578,3
3241.605,428,65.5527,4512,16,10.027344,226.668,166.77734,503.6562,3
3241.605,428,63.35878,4512,12,10.027344,226.668,165.83203,504.6016,3
3241.605,428,67.08543,4512,9,10.027344,226.668,165.61328,504.8203,3
3241.605,428,64.55696,4512,8,10.027344,226.668,169.2578,501.1758,3
3241.605,428,67.00767,4512,8,10.027344,226.668,169.0391,501.3945,3
3241.605,428,63.26531,4480,13,10.027344,226.668,168.3828,502.0508,3
3241.605,428,61.28205,4480,11,10.027344,226.668,167.918,502.5156,3
3241.605,428,67.25441000000001,4480,7,10.027344,226.668,167.01562,503.418,3
3241.605,428,63.75321,4480,13,10.027344,226.668,166.11328,504.3203,3
3241.605,428,65.65657,4480,6,10.027344,226.668,165.40234,505.0312,3
3241.605,428,63.13131,4480,9,10.027344,226.668,164.99219,505.4414,3
3241.605,428,65.98985,4480,12,10.027344,226.668,163.81641,506.6172,3
3241.605,428,61.0,4480,12,10.027344,226.668,162.88672,507.5469,3
3241.605,428,62.56281,4480,9,10.027344,226.668,161.92969,508.5039,3
3241.605,428,60.05025,4480,13,10.027344,226.668,162.97266,507.4609,3
3241.621,428,63.5,4480,11,10.027344,226.668,162.72656,507.707,3
3241.605,428,57.03704,4480,5,10.027344,226.668,161.85156,508.582,3
3241.605,428,53.33333,4480,6,10.027344,226.668,165.58203,504.8516,3
3241.605,428,50.12469,4480,9,10.027344,226.668,164.89844,505.5352,3
3241.605,428,64.46701,4480,10,10.027344,226.668,163.96875,506.4648,3
3241.605,428,66.40827,4480,3,10.027344,226.668,163.02344,507.4102,3
3241.605,428,62.20472,4480,13,10.027344,226.668,167.1875,503.2461,3
3241.605,428,65.46392,4512,4,10.027344,226.668,165.54297,504.8906,3
3241.605,428,65.29563,4512,3,10.027344,226.668,164.85938,505.5742,3
3241.605,428,64.94845,4512,4,10.027344,226.668,163.93359,506.5,3
3241.605,427,64.15584,4512,13,10.027344,226.668,163.00391,507.4297,3
3241.605,427,65.31646,4512,4,10.027344,226.668,162.56641,507.8672,3
3242.609,431,67.85714,4512,10,10.03125,226.668,161.88281,508.5508,3
3241.605,428,65.64885,4512,5,10.03125,226.6641,166.01562,504.418,3
3242.609,428,67.51269,4512,5,10.03125,226.6719,164.86719,505.5586,3
3242.609,428,65.47315,4512,4,10.03125,226.6719,163.69141,506.7344,3
3241.605,428,67.08861,4512,5,10.03125,226.6719,162.81641,507.6094,3
3241.605,428,68.03069,4512,10,10.03125,226.6719,162.59766,507.8281,3
3241.605,428,63.79747,4512,12,10.03125,226.6719,162.875,507.5508,3
3241.605,428,66.15776,4512,8,10.039062,226.6719,166.80469,503.6211,3
3241.605,428,67.34177,4480,5,10.039062,226.6641,165.4375,504.9883,3
3241.605,428,68.27411,4480,12,10.039062,226.6719,163.11328,507.3047,3
3241.605,428,65.90331,4480,3,10.039062,226.6719,162.45703,507.9609,3
3241.605,428,63.58974,4480,10,10.039062,226.6719,161.77344,508.6445,3
3241.605,428,64.81013,4480,9,10.039062,226.6719,167.29688,503.1211,3
3241.605,428,64.33915,4480,5,10.039062,226.6719,165.85938,504.5586,3
3241.605,428,67.77494,4480,11,10.039062,226.6719,164.73828,505.6797,3
3245.16,429,67.17172,4480,7,10.328125,226.6719,165.04297,505.375,3
3241.605,426,56.4557,4448,5,10.328125,237.1055,151.83203,507.8633,3
3241.605,426,60.35354,4448,5,10.328125,237.3125,150.90234,508.5859,3
3241.605,426,60.5,4448,5,10.34375,237.3125,150.21875,509.2695,3
3241.605,426,59.75,4448,10,10.34375,237.3125,153.41797,506.0547,3
3241.605,426,57.07196,4448,11,10.34375,237.3125,152.54297,506.9297,3
3241.605,426,51.25628,4448,4,10.34375,237.3125,151.89062,507.582,3
3241.605,426,58.16327,4448,7,10.34375,237.3125,151.92188,507.5508,3
3241.605,426,63.26531,4448,4,10.34375,237.3125,151.24219,508.2305,3
3241.605,426,68.62245,4448,10,10.34375,237.3125,155.39062,504.082,3
3241.605,428,68.47545,4448,11,10.34375,237.3125,153.26953,506.2031,3
3241.605,428,64.03061,4448,10,10.34375,237.3125,152.55859,506.9141,3
3241.605,428,63.45178,4448,14,10.34375,237.3125,151.90234,507.5703,3
3241.605,428,68.11224,4448,11,10.34375,237.3125,154.86719,504.6055,3
3243.051,428,68.5422,4448,12,10.34375,237.3125,153.51172,505.9609,3
3243.051,428,63.45178,4448,8,10.351562,237.3125,153.07422,506.3984,3
3243.051,428,67.09184,4448,10,10.371094,237.3203,151.76172,507.6953,3
3243.051,428,66.66667,4448,11,10.371094,237.3047,151.29688,508.1562,3
3243.051,428,64.37659,4448,10,10.371094,237.3281,159.03125,500.3984,3
3243.051,428,67.00767,4448,8,10.371094,237.3281,156.49219,502.9375,3
3243.051,428,68.71795,4448,12,10.371094,237.3281,155.58984,503.8398,3
3243.066,428,66.66667,4448,12,10.371094,237.3281,155.15234,504.2773,3
3239.203,428,63.45178,4448,14,10.371094,237.3281,153.33594,506.0938,3
3239.203,428,64.72081,4448,12,10.371094,237.3281,156.3125,503.1172,3
3239.203,428,66.58228,4448,9,10.371094,237.3281,155.25,504.1797,3
3239.203,428,66.32911,4448,8,10.371094,237.3281,155.98438,503.4453,3
3239.203,428,67.8481,4448,11,10.371094,237.3281,155.16797,504.2617,3
3239.203,428,70.37975,4448,13,10.371094,237.3281,153.82812,505.6016,3
3239.203,428,66.49874,4448,8,10.371094,237.3281,158.05859,501.3711,3
3239.203,429,63.97985,4448,10,10.371094,237.3281,160.24219,499.1875,3
3239.203,430,64.45013,4448,5,10.371094,237.3281,157.93359,501.4961,3
3239.203,430,65.49118,4448,8,10.371094,237.3281,156.18359,503.2461,3
3239.203,431,62.68657,4448,8,10.371094,237.3281,154.78906,504.6406,3
3239.203,431,60.09975,4448,14,10.371094,237.3281,154.83594,504.5938,3
3239.203,431,58.95522,4480,5,10.378906,237.3281,153.42188,506.0078,3
3239.203,431,56.53266,4480,9,10.378906,237.3281,152.76562,506.6562,3
3239.203,431,57.21393,4480,9,10.378906,237.3281,151.86328,507.5586,3
3239.203,431,63.0102,4480,12,10.378906,237.3281,162.58203,496.8398,3
3239.203,431,67.87565,4480,5,10.378906,237.3281,160.49219,498.9297,3
3239.973,431,68.36735,4480,9,10.378906,237.3281,159.38281,500.0391,3
3239.973,431,69.69697,4480,10,10.378906,237.3281,158.17969,501.2422,3
3239.973,431,65.64103,4480,9,10.378906,237.3281,157.00391,502.418,3
3239.973,431,68.42105,4448,8,10.378906,237.3281,155.11719,504.3047,3
3239.973,431,66.58098,4448,12,10.378906,237.3281,154.89844,504.5234,3
3239.973,431,67.86632,4448,11,10.378906,237.3281,153.23047,506.1914,3
3239.973,430,67.17557,4448,10,10.386719,237.3281,153.47656,505.9453,3
3239.973,430,64.79592,4448,10,10.386719,237.3203,156.04297,503.3789,3
3239.973,430,66.66667,4448,12,10.386719,237.3281,155.16797,504.2461,3
3239.973,430,64.8855,4448,11,10.386719,237.3281,154.48438,504.9297,3
3239.973,430,67.68448,4448,8,10.386719,237.3281,154.05078,505.3633,3
3239.973,430,64.96164,4448,9,10.402344,237.3281,156.75781,502.6562,3
3239.973,430,65.3944,4448,14,10.402344,237.3086,155.60938,503.8086,3
3239.973,430,67.34177,4448,13,10.402344,237.3281,158.78516,500.6133,3
3239.973,430,66.91919,4448,7,10.402344,237.3281,155.51953,503.8789,3
3239.973,430,68.86076,4448,10,10.402344,237.3281,154.39844,505.0,3
3239.973,430,67.00508,4448,7,10.402344,237.3281,153.52734,505.8711,3
3239.973,430,69.11392,4448,16,10.402344,237.3281,166.27734,493.1211,3
3239.973,430,65.74307,4448,15,10.402344,237.3281,163.91797,495.4805,3
3239.973,430,65.58603,4448,13,10.402344,237.3281,162.79688,496.6016,3
3239.973,430,65.99496,4448,9,10.402344,237.3281,160.74609,498.6523,3
3239.973,430,67.68448,4448,9,10.402344,237.3281,159.1875,500.2109,3
3239.973,430,64.73552,4480,11,10.402344,237.3281,156.87891,502.5195,3
3239.973,430,66.33416,4448,11,10.402344,237.3281,158.72266,500.6758,3
3239.973,430,62.40602,4448,9,10.402344,237.3281,156.91797,502.4805,3
3239.973,430,62.43781,4448,14,10.402344,237.3281,158.67969,500.7188,3
3239.973,430,58.45771,4448,8,10.402344,237.3281,156.60156,502.7969,3
3239.973,430,52.52525,4480,10,10.402344,237.3281,159.69531,499.7031,3
3239.973,430,59.34343,4480,7,10.402344,237.3281,158.63281,500.7656,3
3239.973,430,68.28645,4480,12,10.402344,237.3281,157.75781,501.6406,3
3239.988,430,64.54082,4480,7,10.402344,237.3281,156.61328,502.7852,3
3239.973,430,64.67532,4480,12,10.402344,237.3281,155.71094,503.6875,3
3239.973,430,67.26804,4480,9,10.402344,237.3281,155.72266,503.6758,3
3239.973,430,67.69231,4480,12,10.410156,237.3281,154.65625,504.7422,3
3239.973,430,65.03856,4480,10,10.410156,237.3203,155.125,504.2734,3
3239.973,430,66.14987,4480,14,10.410156,237.3281,162.67969,496.7109,3
3239.973,430,64.96164,4480,12,10.410156,237.3281,161.53516,497.8555,3
3239.973,430,66.24041,4480,8,10.410156,237.3281,160.61719,498.7734,3
3239.973,430,64.54082,4480,8,10.410156,237.3281,160.47266,498.918,3
3239.973,430,64.89899,4480,12,10.410156,237.3281,159.33203,500.0586,3
3239.973,430,65.73604,4480,13,10.417969,237.3281,157.44531,501.9453,3
3239.973,430,68.60759,4480,10,10.417969,237.3203,156.35156,503.0391,3
3239.973,430,67.25888,4480,14,10.417969,237.3281,155.53125,503.8516,3
3239.973,430,66.07143,4480,12,10.417969,237.3281,158.59375,500.7891,3
3239.973,430,66.92112,4480,8,10.417969,237.3281,157.9375,501.4453,3
3239.973,430,68.78173,4480,11,10.417969,237.3281,159.94531,499.4375,3
3239.973,430,65.74307,4480,10,10.417969,237.3281,158.30469,501.0781,3
3239.973,430,68.43434,4480,8,10.417969,237.3281,156.69531,502.6875,3
3239.973,430,66.49874,4480,6,10.417969,237.3281,155.85938,503.5234,3
3239.973,430,68.78173,4480,12,10.425781,237.3281,154.92969,504.4531,3
3239.973,430,63.38384,4480,12,10.425781,237.3242,160.98047,498.3984,3
3239.973,430,66.24685,4480,9,10.425781,237.3281,159.57031,499.8047,3
3239.973,430,65.32663,4480,13,10.425781,237.3281,158.66406,500.7109,3
3239.973,430,62.87129,4480,8,10.425781,237.3281,157.54297,501.832,3
3239.973,430,61.0,4480,9,10.425781,237.3281,157.07812,502.2969,3
3239.973,430,58.64662,4480,8,10.425781,237.3281,155.23047,504.1445,3
3239.973,430,59.35162,4480,11,10.425781,237.3281,154.08594,505.2891,3
3239.973,430,50.98522,4480,12,10.425781,237.3281,158.26953,501.1055,3
3239.973,430,55.41562,4480,10,10.425781,237.3281,160.35938,499.0156,3
3239.973,430,70.39801,4480,15,10.425781,237.3281,157.12109,502.2539,3
3241.125,430,66.83805,4480,7,10.425781,237.3281,156.68359,502.6914,3
3241.125,430,64.34109,4480,9,10.425781,237.3281,156.22266,503.1523,3
3241.125,430,64.69072,4480,10,10.425781,237.3281,161.31641,498.0586,3
3241.125,430,67.51918,4480,16,10.425781,237.3281,159.51562,499.8594,3
3241.125,430,67.01299,4480,9,10.425781,237.3281,158.83203,500.543,3
3241.125,430,66.92308,4480,12,10.425781,237.3281,157.21875,502.1562,3
3241.125,430,66.07595,4480,12,10.425781,237.3281,156.75391,502.6211,3
3241.141,430,68.36735,4480,9,10.425781,237.3594,156.07031,503.2734,3
3241.125,430,63.0491,4480,6,10.425781,237.3594,156.37109,502.9727,3
3241.125,430,65.5527,4480,4,10.425781,237.3594,154.73047,504.6133,3
3241.125,430,65.3944,4480,9,10.425781,237.3594,161.05078,498.293,3
3241.125,430,67.17949,4480,13,10.425781,237.3594,160.42188,498.9219,3
3241.125,430,63.63636,4480,4,10.425781,237.3594,159.26953,500.0742,3
3241.125,430,63.86768,4480,6,10.425781,237.3594,162.30469,497.0391,3
3241.125,430,67.93893,4480,8,10.425781,237.3594,160.23047,499.1133,3
3241.125,430,68.01008,4480,6,10.425781,237.3594,159.30078,500.043,3
3241.125,430,69.54315,4480,9,10.425781,237.3594,158.15234,501.1914,3
3241.125,430,67.33668,4480,9,10.425781,237.3594,156.75781,502.5859,3
3241.125,430,68.87755,4480,8,10.425781,237.3594,165.83594,493.5078,3
3241.125,430,68.84422,4480,5,10.425781,237.3594,163.27344,496.0703,3
3241.125,430,64.89899,4448,10,10.425781,237.3594,161.41797,497.9258,3
3241.125,430,67.17172,4448,10,10.425781,237.3594,160.21484,499.1289,3
3241.125,430,66.66667,4448,5,10.425781,237.3594,158.66797,500.6758,3
3241.125,430,64.23174,4480,7,10.425781,237.3594,157.98438,501.3594,3
3241.125,430,62.5,4480,8,10.425781,237.3594,157.32812,502.0156,3
3241.125,430,59.90099,4480,10,10.425781,237.3594,156.67188,502.6719,3
3241.125,430,56.60848,4480,5,10.425781,237.3594,156.67969,502.6641,3
3241.125,430,51.87032,4480,4,10.425781,237.3594,156.83984,502.5039,3
3241.125,429,58.33333,4480,11,10.425781,237.3594,155.91406,503.4297,3
3241.125,429,67.68448,4480,11,10.425781,237.3594,166.53516,492.8086,3
3241.125,429,66.32653,4480,11,10.425781,237.3438,165.08984,494.2695,3
3241.125,429,66.49616,4480,6,10.425781,237.3438,168.5352,490.8242,3
3241.125,429,68.75,4480,5,10.425781,237.3438,166.63281,492.7266,3
3241.125,429,64.78149,4480,6,10.425781,237.3438,164.99219,494.3672,3
3241.125,429,71.83463,4480,14,10.425781,237.3438,164.32031,495.0391,3
3241.125,429,63.35878,4480,11,10.425781,237.3438,163.66406,495.6953,3
3241.125,429,65.12821,4480,13,10.425781,237.3438,161.83203,497.5273,3
3241.125,429,64.63104,4480,11,10.425781,237.3438,165.19922,494.1602,3
3241.125,429,69.0,4480,14,10.425781,237.3438,163.61328,495.7461,3
3241.125,429,67.09845,4480,14,10.425781,237.3438,162.91797,496.4414,3
3241.125,429,67.8481,4480,6,10.425781,237.3438,161.28125,498.0781,3
3241.125,429,69.11392,4480,12,10.425781,237.3438,160.40625,498.9531,3
3241.125,429,67.51918,4480,9,10.425781,237.3438,159.47656,499.8828,3
3241.125,429,61.89258,4480,6,10.433594,237.3438,159.25781,500.1016,3
3241.125,429,70.05076,4480,8,10.433594,237.3438,158.05859,501.293,3
3241.125,429,62.34097,4480,7,10.433594,237.3438,157.17969,502.1719,3
3241.125,429,70.99237,4480,9,10.433594,237.3438,160.82812,498.5234,3
3241.125,429,67.75,4480,6,10.433594,237.3438,159.05078,500.3008,3
3241.125,429,67.8481,4480,7,10.441406,237.3438,157.95703,501.3945,3
3241.125,429,69.26952,4480,11,10.441406,237.3438,157.10938,502.2344,3
3241.125,429,63.72796,4480,8,10.441406,237.3438,160.86328,498.4805,3
3241.125,429,64.2132,4480,5,10.441406,237.3438,159.52344,499.8203,3
3241.125,429,65.05102,4480,8,10.441406,237.3438,163.98828,495.3555,3
3241.125,429,65.31646,4480,14,10.441406,237.3438,160.38281,498.9609,3
3241.125,429,65.64103,4480,5,10.441406,237.3438,162.30078,497.043,3
3241.125,429,65.56122,4480,15,10.441406,237.3438,160.89062,498.4531,3
3241.125,429,66.15385,4480,6,10.441406,237.3438,164.08203,495.2617,3
3241.125,429,63.52041,4480,12,10.441406,237.3438,162.5,496.8438,3
3241.125,429,63.22418,4480,11,10.441406,237.3438,161.16016,498.1836,3
3241.125,429,64.73552,4480,10,10.441406,237.3438,160.24219,499.1016,3
3241.125,429,62.69036,4480,6,10.441406,237.3438,163.76562,495.5781,3
3241.125,429,60.75,4480,9,10.441406,237.3438,162.375,496.9688,3
3241.125,429,59.35162,4448,6,10.441406,237.3438,165.60156,493.7422,3
3241.125,429,56.99746,4448,12,10.441406,237.3438,163.94531,495.3984,3
3241.125,429,55.80808,4448,19,10.441406,237.3438,161.14062,498.2031,3
3241.125,429,52.35732,4448,6,10.441406,237.3438,160.23828,499.1055,3
3241.125,429,65.64103,4448,6,10.441406,237.3438,163.04688,496.2969,3
3241.125,429,64.78149,4448,14,10.441406,237.3438,160.37109,498.9727,3
3241.125,429,63.8961,4448,8,10.441406,237.3438,159.88281,499.4609,3
3241.125,429,62.7907,4448,8,10.441406,237.3438,159.48047,499.8633,3
3241.125,429,65.65657,4480,9,10.441406,237.3438,158.54688,500.7969,3
3241.125,429,70.07673,4448,15,10.441406,237.3438,158.33594,501.0078,3
3241.125,429,65.38462,4448,7,10.441406,237.3438,157.65234,501.6914,3
3241.125,429,66.49616,4448,7,10.441406,237.3438,161.8125,497.5312,3
3241.125,429,65.12821,4448,9,10.441406,237.3438,160.88281,498.4609,3
3241.125,429,68.35443,4448,10,10.441406,237.3438,159.73438,499.6094,3
3241.125,429,68.70229,4448,9,10.441406,237.3438,161.55469,497.7891,3
3241.125,429,69.92288,4448,11,10.441406,237.3438,159.69531,499.6484,3
3241.125,429,68.86076,4448,8,10.441406,237.3438,158.79688,500.5469,3
3241.125,429,64.46701,4416,11,10.441406,237.3438,158.11328,501.2305,3
3241.125,429,66.66667,4416,10,10.441406,237.4297,157.42969,501.8281,3
3241.125,429,65.46392,4448,10,10.441406,237.4297,156.55469,502.7031,3
3241.125,429,65.99496,4448,13,10.441406,237.4297,156.08984,503.168,3
3241.125,429,67.18346,4448,10,10.441406,237.4297,155.65234,503.6055,3
3241.125,429,65.15152,4448,13,10.441406,237.4297,160.83594,498.4219,3
3241.125,429,63.40852,4448,7,10.441406,237.4297,158.93359,500.3242,3
3241.125,429,65.90909,4448,8,10.441406,237.4297,158.17578,501.082,3
3241.125,429,69.67419,4448,16,10.441406,237.4297,156.34375,502.9141,3
3241.125,429,65.32663,4448,13,10.441406,237.4297,160.03516,499.2227,3
3241.125,429,63.72796,4448,8,10.449219,237.4297,160.55469,498.7031,3
3241.125,429,65.40404,4448,11,10.449219,237.4219,164.55469,494.7031,3
3241.125,429,61.77215,4448,10,10.449219,237.4297,162.25781,496.9922,3
3241.125,429,61.5,4448,8,10.449219,237.4297,161.38281,497.8672,3
3241.125,429,57.92079,4448,5,10.449219,237.4297,160.26562,498.9844,3
3241.125,429,54.86284,4448,14,10.449219,237.4297,159.33594,499.9141,3
3241.125,429,49.62779,4448,12,10.449219,237.4297,158.46094,500.7891,3
3241.141,429,58.58586,4448,12,10.449219,237.4297,158.27344,500.9766,3
3241.125,429,62.62887,4448,8,10.449219,237.4297,158.05469,501.1953,3
3241.125,429,66.75258,4448,7,10.449219,237.4297,160.89844,498.3516,3
3241.125,428,64.87179,4448,14,10.449219,237.4297,160.21484,499.0352,3
3241.125,428,66.32911,4448,5,10.449219,237.4297,158.84766,500.4023,3
3241.125,428,65.02591,4448,6,10.449219,237.4297,162.85938,496.3906,3
3241.125,428,64.87179,4448,9,10.449219,237.4297,162.14844,497.1016,3
3241.125,428,65.81633,4448,13,10.449219,237.4297,160.72656,498.5234,3
3241.125,428,64.19437,4448,10,10.449219,237.4297,160.28906,498.9609,3
3241.125,428,66.15776,4448,13,10.449219,237.4297,159.35938,499.8906,3
3241.125,428,65.47315,4448,8,10.449219,237.4297,159.41406,499.8359,3
3241.125,428,62.0603,4448,7,10.449219,237.4297,158.26562,500.9844,3
3241.125,428,70.43702,4448,13,10.449219,237.4297,158.89453,500.3555,3
3241.125,428,68.92231,4448,9,10.449219,237.4297,162.70312,496.5469,3
3241.125,428,65.13995,4448,14,10.449219,237.4297,161.55859,497.6914,3
3241.125,428,65.81633,4448,6,10.449219,237.4297,161.12109,498.1289,3
3241.125,428,64.72081,4448,8,10.449219,237.4297,160.4375,498.8125,3
3241.125,428,62.62887,4448,13,10.457031,237.4297,159.72656,499.5234,3
3241.125,428,62.46851,4448,9,10.457031,237.4219,158.14062,501.1094,3
3241.125,428,66.32653,4448,13,10.457031,237.4297,157.67578,501.5664,3
3241.125,428,66.07595,4448,16,10.457031,237.4297,157.21094,502.0312,3
3241.125,428,64.72081,4448,12,10.457031,237.4297,155.625,503.6172,3
3241.125,428,62.59352,4448,7,10.457031,237.4297,159.98047,499.2617,3
3241.125,428,65.08728,4448,9,10.457031,237.4297,157.875,501.3672,3
3241.125,428,63.06533,4448,8,10.457031,237.4297,160.88281,498.3594,3
3241.125,428,65.15152,4448,8,10.457031,237.4297,160.01562,499.2266,3
3241.125,428,63.25,4448,14,10.457031,237.4297,162.99219,496.25,3
3241.125,428,60.70529,4480,10,10.457031,237.4297,166.45703,492.7852,3
3241.125,428,56.2341,4480,5,10.457031,237.4297,164.81641,494.4258,3
3241.125,428,55.30864,4480,8,10.457031,237.4297,163.91406,495.3281,3
3241.125,428,60.05089,4480,8,10.457031,237.4297,162.05859,497.1836,3
3241.125,428,68.19338,4480,14,10.457031,237.4297,159.92578,499.3164,3
3241.125,428,66.66667,4480,10,10.457031,237.4297,163.11719,496.125,3
3241.125,428,67.95866,4480,8,10.457031,237.4297,160.80859,498.4336,3
3241.125,428,65.21739,4480,8,10.457031,237.4297,159.41406,499.8281,3
3241.125,428,69.48718,4480,6,10.457031,237.4297,158.97656,500.2656,3
3241.125,428,66.41221,4480,10,10.457031,237.4297,157.63672,501.6055,3
3241.125,428,68.27411,4480,6,10.457031,237.4297,156.76172,502.4805,3
3241.125,428,65.64103,4480,13,10.457031,237.4297,159.98047,499.2617,3
3241.125,428,67.7665,4480,10,10.457031,237.4297,159.04688,500.1953,3
3241.125,428,65.64103,4480,12,10.457031,237.4297,157.46875,501.7734,3
3241.125,428,69.13265,4480,10,10.457031,237.4297,161.75391,497.4883,3
3241.125,428,66.75127,4480,5,10.457031,237.4297,159.86719,499.375,3
3241.125,428,66.15776,4480,13,10.457031,237.4297,158.23828,501.0039,3
3241.125,428,69.03553,4480,11,10.464844,237.4297,161.08203,498.1602,3
3241.125,428,68.78173,4480,12,10.464844,237.4219,159.44141,499.8008,3
3241.125,428,66.0804,4480,12,10.464844,237.4297,158.32031,500.9141,3
3241.125,428,68.35443,4480,8,10.464844,237.4297,157.22656,502.0078,3
3241.125,428,62.53165,4480,9,10.464844,237.4297,156.57031,502.6641,3
3241.125,428,64.79592,4480,3,10.464844,237.4297,155.61328,503.6211,3
3241.125,428,65.07538,4480,4,10.296875,237.4297,154.27734,504.957,3
3241.125,427,63.35878,4480,3,10.296875,233.3203,166.29297,497.2188,3
3241.125,427,61.86869,4512,10,10.296875,233.3516,164.68359,498.7969,3
3241.125,427,67.25441000000001,4512,11,10.296875,233.3516,163.52344,499.957,3
3241.125,428,65.49118,4512,12,10.296875,233.3516,162.375,501.1055,3
3241.125,428,63.93035,4512,12,10.296875,233.3516,161.9375,501.543,3
3241.125,428,58.79397,4512,8,10.296875,233.3516,161.28125,502.1992,3
3241.125,428,57.98526,4512,8,10.296875,233.3516,165.96875,497.5117,3
3241.125,428,54.83871,4512,7,10.296875,233.3516,164.63672,498.8438,3
3241.125,428,52.36908,4512,5,10.296875,233.3516,163.48828,499.9922,3
3241.125,428,54.25,4512,12,10.296875,233.3516,163.05078,500.4297,3
3241.125,428,63.58974,4512,3,10.296875,233.3516,162.14844,501.332,3
3241.125,428,64.19437,4512,12,10.296875,233.3516,159.98828,503.4922,3
3241.125,427,64.78149,4512,4,10.296875,233.3516,159.09766,504.3828,3
3241.875,430,65.20619,4512,14,10.296875,233.3516,157.71484,505.7656,3
3241.125,427,66.32653,4512,7,10.296875,233.3516,166.25781,497.2227,3
3241.125,427,65.82278,4512,4,10.296875,233.3789,165.10938,498.3438,3
3241.125,427,70.05076,4512,10,10.296875,233.3789,163.52344,499.9297,3
3241.125,427,68.20513,4512,12,10.296875,233.3789,167.60156,495.8516,3
3241.125,427,65.65657,4512,14,10.296875,233.3789,165.94531,497.5078,3
3241.125,427,66.07595,4512,9,10.296875,233.3789,164.55078,498.9023,3
3241.125,427,68.27411,4512,7,10.296875,233.3789,163.21094,500.2422,3
3241.125,427,68.86076,4512,16,10.296875,233.3789,167.54297,495.9102,3
3241.125,427,61.63683,4512,11,10.296875,233.3789,166.61328,496.8398,3
3241.125,427,67.51269,4512,8,10.296875,233.3789,164.94141,498.5117,3
3241.125,427,64.82412,4512,13,10.296875,233.3789,164.28906,499.1641,3
3241.125,427,71.21212,4512,7,10.296875,233.3789,163.69141,499.7617,3
3241.125,427,68.27411,4512,14,10.296875,233.3789,162.76172,500.6914,3
3241.125,427,65.5527,4512,6,10.296875,233.3789,161.80469,501.6484,3
3241.125,427,64.70588,4512,6,10.296875,233.3789,161.39453,502.0586,3
3241.125,427,67.58794,4512,6,10.296875,233.3789,159.97656,503.4766,3
3241.125,428,64.39394,4512,4,10.296875,233.3789,163.21484,500.2383,3
3241.125,428,67.34177,4512,8,10.296875,233.3789,166.19141,497.2617,3
3241.125,428,65.32663,4512,7,10.296875,233.3789,164.33594,499.1172,3
3241.125,428,66.16541,4512,9,10.296875,233.3789,163.67969,499.7734,3
3241.125,429,65.67164,4512,4,10.296875,233.3789,163.02344,500.4297,3
3241.125,429,64.05063,4512,9,10.304688,233.3789,161.65625,501.7969,3
3241.125,429,60.25,4512,11,10.304688,233.3789,161.21875,502.2266,3
3241.125,429,57.89474,4512,8,10.304688,233.3789,161.03125,502.4141,3
3241.125,429,58.85287,4512,10,10.304688,233.3789,159.66406,503.7812,3
3241.125,429,56.85786,4512,5,10.304688,233.3789,160.42188,503.0234,3
3241.125,429,63.03797,4512,5,10.304688,233.3789,159.82812,503.6172,3
3241.125,429,67.26343,4512,6,10.3125,233.3789,160.87891,502.5664,3
3241.125,429,70.37975,4512,10,10.3125,233.3789,162.33984,501.0977,3
3241.125,429,67.00508,4512,11,10.3125,233.3789,164.63281,498.8047,3
3241.125,429,67.94872,4512,8,10.3125,233.3789,163.10156,500.3359,3
3241.125,429,64.64646,4512,17,10.3125,233.3789,162.69531,500.7422,3
3241.125,430,67.17557,4512,6,10.3125,233.3789,165.92578,497.5117,3
3241.125,430,67.43003,4512,7,10.3125,233.3789,164.58594,498.8516,3
3241.125,430,61.39896,4512,9,10.3125,233.3789,163.90234,499.5352,3
3241.125,429,64.45013,4512,10,10.3125,233.3789,162.45703,500.9805,3
3241.125,429,65.38462,4512,9,10.3125,233.3789,162.23828,501.1992,3
3241.125,429,67.00767,4512,13,10.3125,233.3789,162.29297,501.1445,3
3241.125,429,65.21739,4512,10,10.3125,233.3789,161.59375,501.8438,3
3241.125,429,64.01028,4480,9,10.3125,233.3789,161.375,502.0625,3
3241.125,429,66.07143,4480,11,10.3125,233.3789,166.41016,497.0273,3
3241.125,429,67.42424,4480,7,10.3125,233.3789,165.07812,498.3594,3
3241.125,429,64.70588,4480,11,10.3125,233.3789,169.418,494.0195,3
3241.125,429,70.15306,4480,14,10.3125,233.3789,167.8047,495.6328,3
3241.125,429,64.01028,4480,9,10.3125,233.3789,167.125,496.3125,3
3241.125,429,65.90331,4480,7,10.3125,233.3789,166.90625,496.5312,3
3241.125,429,64.73552,4480,8,10.3125,233.3789,166.46875,496.9688,3
3241.125,429,63.88889,4480,5,10.3125,233.3789,165.07422,498.3633,3
3241.125,429,64.0,4480,11,10.3125,233.3789,164.39062,499.0469,3
3241.125,429,62.43655,4480,9,10.3125,233.3789,163.95312,499.4844,3
3241.125,429,61.75,4480,11,10.3125,233.3789,162.80469,500.6328,3
3241.125,426,63.34165,4480,9,10.3125,233.3789,161.875,501.5625,3
3241.125,427,58.73418,4480,7,10.3125,233.3789,161.21875,502.2188,3
3241.125,427,54.81481,4480,10,10.3125,233.3789,160.75391,502.6836,3
3241.125,427,55.47264,4480,13,10.3125,233.3789,159.125,504.3125,3
3241.125,427,57.5,4480,11,10.3125,233.3789,157.97656,505.4609,3
3241.125,427,66.32391,4480,7,10.3125,233.3789,159.26172,504.1758,3
3241.125,427,63.33333,4480,10,10.3125,233.3789,158.79688,504.6406,3
3241.125,427,66.32124,4480,10,10.3125,226.9453,172.0312,497.8398,3
3241.125,427,60.62176,4480,9,10.3125,226.9453,171.8125,498.0586,3
3241.125,427,65.47315,4480,8,10.3125,226.9453,170.3906,499.4805,3
3241.125,427,68.03069,4480,15,10.3125,226.9453,169.9297,499.9414,3
3241.125,427,67.69231,4480,10,10.3125,226.9453,169.957,499.9141,3
3241.125,427,66.0,4480,12,10.3125,226.9453,175.4531,494.418,3
3241.125,427,62.8866,4480,16,10.3125,226.9453,172.5781,497.293,3
3241.125,429,67.69231,4480,7,10.3125,226.9453,171.8945,497.9766,3
3241.125,429,63.70558,4448,12,10.3125,226.9453,171.457,498.4141,3
3241.125,429,63.65979,4448,8,10.3125,226.9453,170.5547,499.3164,3
3241.125,429,61.57761,4448,13,10.3125,226.9453,169.875,499.9961,3
3241.125,429,66.24685,4448,9,10.3125,226.9453,169.4414,500.4297,3
3241.125,429,64.70588,4448,11,10.3125,226.9453,168.7539,501.1172,3
3241.125,429,64.05063,4448,7,10.320312,226.9453,167.11328,502.7578,3
3241.125,429,66.14987,4448,10,10.320312,226.9375,166.67578,503.1953,3
3241.125,429,66.66667,4448,8,10.320312,226.9453,165.71875,504.1445,3
3241.125,428,63.40852,4448,9,10.320312,226.9453,165.76953,504.0938,3
3241.125,428,64.12214,4448,8,10.320312,226.9453,165.08984,504.7734,3
3241.125,428,63.82429,4480,11,10.320312,226.9453,164.40625,505.457,3
3241.125,428,68.67168,4480,11,10.320312,226.9453,168.3711,501.4922,3
3241.125,428,65.90909,4480,8,10.320312,226.9453,170.1758,499.6875,3
3241.125,428,65.49118,4480,10,10.320312,226.9453,168.8359,501.0273,3
3241.125,428,63.22418,4480,8,10.320312,226.9453,168.6172,501.2461,3
3241.125,428,62.28288,4480,13,10.320312,226.9453,167.46875,502.3945,3
3241.125,428,59.5,4480,8,10.320312,226.9453,173.1055,496.7578,3
3241.125,428,58.41584,4480,9,10.320312,226.9453,171.2734,498.5898,3
3241.125,427,53.0,4480,11,10.320312,226.9453,170.6719,499.1914,3
3241.125,427,51.12782,4480,10,10.320312,226.9453,172.6719,497.1914,3
3241.125,427,65.48223,4480,9,10.320312,226.9453,171.0352,498.8281,3
3241.125,427,67.51918,4480,8,10.320312,226.9453,169.8828,499.9805,3
3241.125,427,69.89796,4480,9,10.320312,226.9453,172.3906,497.4727,3
3241.125,427,63.63636,4480,11,10.320312,226.9453,170.2852,499.5781,3
3241.125,427,69.97455,4480,14,10.320312,226.9453,168.4375,501.4258,3
3241.125,427,66.15776,4480,15,10.320312,226.9453,167.75391,502.1094,3
3241.125,427,65.80977,4480,8,10.328125,226.9453,167.28906,502.5742,3
3241.125,427,63.07692,4480,6,10.328125,226.9375,166.80469,503.0586,3
3241.125,427,64.76684,4480,15,10.328125,226.9453,165.98047,503.875,3
3241.125,427,66.83673,4480,12,10.328125,226.9453,166.50391,503.3516,3
3241.125,427,63.25,4480,6,10.328125,226.9453,166.06641,503.7891,3
3241.125,427,64.10256,4480,7,10.328125,226.9453,171.3945,498.4609,3
3241.125,427,60.51282,4480,10,10.328125,226.9453,169.2109,500.6445,3
3241.125,427,64.63104,4480,14,10.328125,226.9453,174.25,495.6055,3
3241.125,427,66.58163,4480,14,10.328125,226.9453,172.8594,496.9961,3
3241.5,428,66.16541,4480,12,10.328125,226.9453,171.9297,497.9258,3
3241.125,427,68.70229,4480,11,10.328125,226.9453,170.793,499.0625,3
3241.125,427,66.91729,4480,8,10.328125,226.9453,169.3711,500.4844,3
3241.125,427,66.07143,4480,9,10.328125,226.9453,168.4961,501.3594,3
3241.125,427,63.97985,4480,11,10.328125,226.9453,167.33203,502.5234,3
3241.125,427,63.47607,4480,8,10.328125,226.9453,168.3711,501.4844,3
3241.125,427,65.57789,4480,9,10.328125,226.9453,167.00781,502.8477,3
3241.125,427,67.43003,4480,9,10.328125,226.9453,165.61328,504.2422,3
3241.125,427,66.16541,4480,8,10.328125,226.9453,164.68359,505.1719,3
3241.125,427,66.24685,4480,8,10.328125,226.9453,164.71094,505.1445,3
3241.125,427,61.86869,4480,4,10.328125,226.9453,169.1875,500.668,3
3241.125,427,60.4534,4480,4,10.328125,226.9453,168.2578,501.5977,3
3241.125,427,55.86035,4480,4,10.328125,226.9453,167.7969,502.0586,3
3241.125,427,53.41772,4480,14,10.328125,226.9453,166.92188,502.9336,3
3241.125,427,51.62095,4480,4,10.328125,226.9453,170.5,499.3555,3
3241.125,427,64.37659,4480,4,10.328125,226.9453,168.1602,501.6953,3
3241.125,427,65.97938,4480,6,10.328125,226.9453,167.48047,502.375,3
3241.125,427,62.14834,4480,4,10.328125,226.9453,166.76953,503.0859,3
3241.125,427,65.19481,4480,8,10.328125,226.9453,172.1211,497.7344,3
3241.125,427,67.58794,4480,7,10.328125,226.9453,170.4844,499.3711,3
3241.125,427,63.35878,4480,11,10.328125,226.9453,169.582,500.2734,3
3241.125,427,65.47315,4480,4,10.328125,226.9453,168.4609,501.3945,3
3241.125,427,67.26804,4480,10,10.328125,226.9453,167.07812,502.7773,3
3241.125,427,70.20202,4480,10,10.328125,226.9453,166.42188,503.4336,3
3241.125,427,67.77494,4480,10,10.328125,226.9453,166.44922,503.4062,3
3241.125,427,66.15776,4480,4,10.328125,226.9453,164.09766,505.7578,3
3241.125,427,67.60204,4480,6,10.328125,226.9453,168.7422,501.1133,3
3241.141,427,63.26531,4480,9,10.328125,226.9453,172.1289,497.7266,3
3241.125,427,66.49746,4480,13,10.328125,226.9453,170.5156,499.3398,3
3241.125,427,68.28645,4448,4,10.328125,226.9453,169.3789,500.4766,3
3241.125,427,67.94872,4448,12,10.328125,226.9453,168.0391,501.8164,3
3241.125,428,66.32911,4448,9,10.328125,226.9453,171.5195,498.3359,3
3241.125,428,63.79747,4448,8,10.328125,226.9453,169.7227,500.1328,3
3241.125,428,68.5422,4448,12,10.328125,226.9453,168.0547,501.8008,3
3241.125,428,70.45455,4448,12,10.328125,226.9453,166.85156,503.0039,3
3241.125,428,68.17043,4448,8,10.328125,226.9453,165.46094,504.3945,3
3241.125,428,68.10127,4448,4,10.335938,226.9453,166.03906,503.8164,3
3241.125,428,62.37374,4448,9,10.335938,226.9453,165.60156,504.2461,3
3241.125,428,62.59352,4448,6,10.335938,226.9453,164.89062,504.957,3
3241.125,428,61.86869,4448,6,10.335938,226.9453,165.0,504.8477,3
3241.125,428,63.40852,4448,12,10.335938,226.9453,169.1328,500.7148,3
3241.125,428,60.10101,4448,12,10.335938,226.9453,168.1875,501.6602,3
3241.125,428,60.89109,4448,12,10.335938,226.9453,166.35547,503.4922,3
3241.125,428,58.64662,4448,4,10.335938,226.9453,170.082,499.7656,3
3241.125,428,58.62944,4448,4,10.335938,226.9453,169.6445,500.2031,3
3241.125,428,61.73469,4448,8,10.335938,226.9453,168.7148,501.1328,3
3241.125,428,69.68912,4480,10,10.335938,226.9453,168.2812,501.5664,3
3241.125,428,68.62245,4480,10,10.335938,226.9453,168.0469,501.8008,3
3241.125,428,65.38462,4480,6,10.335938,226.9453,171.0039,498.8438,3
3241.125,428,66.92506,4480,12,10.335938,226.9453,169.8281,500.0195,3
3241.125,428,68.38046,4480,9,10.335938,226.9453,168.9531,500.8945,3
3241.125,428,67.60204,4480,9,10.335938,226.9453,173.0273,496.8203,3
3241.125,428,70.22901,4480,12,10.335938,226.9453,172.8086,497.0391,3
3241.125,428,67.94872,4480,11,10.335938,226.9453,170.9883,498.8594,3
3241.125,428,66.58228,4480,8,10.335938,226.9453,170.332,499.5156,3
3241.125,428,68.93939,4480,4,10.335938,226.9453,168.0078,501.8398,3
3241.125,428,65.73604,4480,12,10.335938,226.9453,167.32422,502.5234,3
3241.125,428,66.24041,4448,7,10.335938,226.9453,166.1875,503.6602,3
3241.125,428,64.2132,4448,15,10.335938,226.9453,168.1641,501.6836,3
3241.125,428,68.44784,4448,8,10.335938,226.9453,167.23828,502.6094,3
3241.125,428,66.32911,4448,5,10.335938,226.9453,171.418,498.4297,3
3242.074,431,65.13995,4448,6,10.34375,226.9453,169.5625,500.2852,3
3241.125,428,67.09184,4448,5,10.34375,226.9453,167.9219,501.918,3
3241.125,428,67.00767,4448,11,10.34375,226.9453,165.54297,504.2969,3
3241.125,428,65.73604,4448,7,10.34375,226.9453,167.63672,502.2031,3
3241.125,428,68.0203,4448,11,10.34375,226.9453,167.41797,502.4219,3
3241.125,428,65.22843,4448,12,10.34375,226.9453,171.3555,498.4844,3
3241.125,428,65.90331,4448,9,10.34375,226.9453,170.1953,499.6445,3
3241.125,428,65.48223,4416,10,10.34375,226.9453,168.0898,501.75,3
3241.125,428,64.17526,4448,14,10.359375,226.9453,167.9023,501.9375,3
3241.125,428,65.64885,4448,10,10.359375,226.9336,170.875,498.9609,3
3241.125,428,65.13995,4448,6,10.359375,226.9453,169.7656,500.0586,3
3241.125,428,65.30612,4448,8,10.359375,226.9453,168.6445,501.1797,3
3241.125,428,65.56122,4448,5,10.359375,226.9453,167.29688,502.5273,3
3241.125,428,67.58794,4448,13,10.359375,226.9453,166.64062,503.1836,3
3241.125,428,62.21662,4448,13,10.359375,226.9453,165.98438,503.8398,3
3241.125,428,66.91729,4448,10,10.359375,226.9453,170.5117,499.3125,3
3241.125,428,62.37374,4448,8,10.359375,226.9453,169.4531,500.3711,3
3241.125,428,61.13861,4448,12,10.367188,226.9453,168.5781,501.2461,3
3241.125,428,57.46835,4448,10,10.367188,227.0,167.8945,501.8672,3
3241.125,428,55.63725,4448,8,10.367188,227.0,165.98047,503.7812,3
3241.125,428,55.61097,4448,10,10.367188,227.0,165.32422,504.4375,3
3241.125,428,58.85287,4448,6,10.367188,227.0,164.61328,505.1484,3
3241.125,428,65.63307,4448,9,10.367188,227.0,164.14844,505.6133,3
3241.125,428,64.2132,4448,9,10.367188,227.0,164.23047,505.5312,3
3241.125,428,67.69231,4448,11,10.367188,227.0,163.51953,506.2422,3
3241.125,428,64.43299,4448,11,10.367188,227.0,168.2109,501.5508,3
3241.125,428,67.00767,4448,10,10.367188,227.0,166.83203,502.9297,3
3241.125,428,65.47315,4480,13,10.367188,227.0,166.33984,503.4219,3
3241.125,428,63.77551,4480,9,10.367188,227.0,165.46484,504.2969,3
3241.125,428,67.87565,4480,10,10.367188,227.0,165.0,504.7617,3
3241.125,428,65.64103,4480,11,10.367188,227.0,165.05859,504.7031,3
3241.125,428,66.32653,4480,8,10.367188,227.0,165.30859,504.4531,3
3241.125,428,67.60925,4480,5,10.367188,227.0,164.65625,505.1055,3
3241.125,428,68.44784,4480,15,10.367188,227.0156,164.21875,505.5273,3
3241.125,428,63.93862,4480,8,10.367188,227.0156,163.78125,505.9648,3
3241.125,428,66.66667,4480,11,10.367188,227.0156,167.9453,501.8008,3
3241.125,428,66.32653,4480,9,10.367188,227.0156,165.58203,504.1641,3
3241.125,428,64.78149,4480,12,10.367188,227.0156,169.7812,499.9648,3
3241.125,428,66.75192,4480,13,10.367188,227.0156,168.6719,501.0742,3
3241.125,428,69.13265,4480,13,10.367188,227.0156,171.1094,498.6367,3
3241.125,428,67.34177,4480,12,10.367188,227.0156,173.668,496.0781,3
3241.125,428,65.25,4480,10,10.367188,227.0156,170.5781,499.168,3
3241.125,428,65.57789,4480,11,10.375,227.0156,169.375,500.3711,3
3241.125,428,64.12214,4480,8,10.375,227.0156,168.4727,501.2656,3
3241.125,428,65.98985,4480,10,10.375,227.0156,168.2539,501.4844,3
3241.125,428,62.97229,4480,11,10.375,227.0156,166.83203,502.9062,3
3241.125,428,62.43781,4480,7,10.375,227.0156,165.4375,504.3008,3
3241.125,428,61.09726,4480,13,10.375,227.0156,164.01562,505.7227,3
3241.125,428,57.71144,4480,11,10.375,227.0156,163.57812,506.1602,3
3241.125,428,56.65025,4480,11,10.375,227.0156,167.75781,501.9805,3
3241.125,428,56.32754,4480,9,10.375,227.0156,172.6992,497.0391,3
3241.125,428,57.89474,4480,8,10.375,227.0156,169.3203,500.418,3
3241.125,428,69.09548,4480,12,10.375,227.0156,168.4453,501.293,3
3241.125,428,69.87342,4480,9,10.375,227.0156,171.8711,497.8672,3
3241.125,428,64.70588,4480,12,10.375,227.0156,170.7266,499.0117,3
3241.125,428,66.15776,4480,14,10.375,227.0156,169.5508,500.1875,3
3241.125,428,71.09974,4480,20,10.375,227.0156,168.1836,501.5547,3
3241.125,428,62.84987,4480,5,10.375,227.0156,167.22656,502.5117,3
3241.125,428,66.41414,4448,5,10.390625,227.0156,166.57031,503.168,3
3241.125,428,68.28645,4448,9,10.390625,227.0,167.35547,502.3828,3
3241.125,428,64.37659,4448,7,10.390625,227.0234,167.20312,502.5117,3
3241.125,428,65.41353,4448,10,10.390625,227.0234,165.57422,504.1406,3
3241.125,428,66.92112,4448,8,10.390625,227.0234,169.7344,499.9805,3
3241.125,428,64.93506000000001,4448,12,10.390625,227.0234,169.2969,500.418,3
3241.125,428,64.61538,4448,9,10.390625,227.0234,168.832,500.8828,3
3241.125,428,65.65657,4448,8,10.390625,227.0234,167.68359,502.0312,3
3241.125,428,63.38384,4448,9,10.390625,227.0234,166.98438,502.7305,3
3241.125,428,67.60925,4448,10,10.390625,227.0234,165.83594,503.8789,3
3241.125,428,67.68448,4480,10,10.390625,227.0234,165.61719,504.0977,3
3241.125,428,68.35443,4480,6,10.390625,227.0234,164.41406,505.3008,3
3241.125,428,65.65657,4480,8,10.398438,227.0234,163.51562,506.1992,3
3241.125,428,64.97462,4480,9,10.398438,227.0234,162.83594,506.8711,3
3241.125,428,64.12214,4480,10,10.398438,227.0234,167.30078,502.4062,3
3241.125,428,66.83544,4480,9,10.398438,227.0234,166.61719,503.0898,3
3241.125,428,68.17043,4480,8,10.398438,227.0234,170.9648,498.7422,3
3241.125,428,65.16291,4480,7,10.398438,227.0234,169.793,499.9141,3
3241.125,428,61.77215,4480,8,10.398438,227.0234,169.3281,500.3789,3
3241.141,428,60.05025,4480,8,10.398438,227.0234,167.9062,501.8008,3
3241.125,428,54.27136,4480,13,10.398438,227.0234,166.75781,502.9492,3
3241.125,428,57.77778,4480,11,10.398438,227.0234,166.32031,503.3867,3
3241.125,428,50.62972,4480,8,10.398438,227.0234,165.40234,504.3047,3
3241.125,428,54.36409,4480,8,10.398438,227.0234,166.19531,503.5117,3
3241.125,428,65.20619,4480,9,10.398438,227.0234,169.6719,500.0352,3
3241.125,428,65.3944,4480,9,10.398438,227.0234,169.4531,500.2539,3
3241.125,428,64.67532,4480,6,10.398438,227.0234,168.7969,500.9102,3
3241.125,429,65.80311,4480,10,10.398438,227.0234,168.5508,501.1562,3
3241.125,429,62.23958,4480,12,10.398438,227.0234,168.0977,501.6094,3
3241.125,429,64.61538,4480,5,10.398438,227.0234,167.44141,502.2656,3
3241.125,429,64.78149,4480,7,10.40625,227.0234,166.48438,503.2227,3
3241.125,429,62.82051,4480,5,10.40625,227.0156,166.01953,503.6875,3
3241.125,429,60.92545,4512,7,10.40625,227.0234,164.87109,504.8281,3
3241.125,429,64.94845,4512,10,10.40625,227.1484,164.40625,505.168,3
3241.125,430,65.21739,4512,8,10.421875,227.1484,163.53125,506.043,3
3241.125,430,62.84987,4512,5,10.421875,227.1328,162.84766,506.7266,3
3241.125,430,63.03797,4512,11,10.421875,227.1484,167.53906,502.0195,3
3241.125,430,66.41221,4512,16,10.421875,227.1484,166.60938,502.9492,3
3241.125,430,66.07595,4512,4,10.421875,227.1484,169.0859,500.4727,3
3241.125,430,67.42424,4512,5,10.421875,227.1484,168.6484,500.9102,3
3241.125,430,65.64885,4512,11,10.421875,227.1484,167.71875,501.8398,3
3241.125,430,65.15152,4512,10,10.421875,227.1484,166.35156,503.207,3
3241.125,430,67.52577,4512,10,10.421875,227.1484,165.25781,504.3008,3
3241.125,430,65.90331,4512,8,10.421875,227.1484,169.207,500.3516,3
3241.125,430,64.8855,4512,7,10.421875,227.1484,167.33203,502.2266,3
3241.125,430,69.87342,4512,4,10.421875,227.1484,166.45703,503.1016,3
3241.125,430,66.33166,4512,4,10.421875,227.1484,165.55469,504.0039,3
3241.125,430,67.17172,4512,12,10.421875,227.1484,167.832,501.7266,3
3241.125,430,67.0,4512,10,10.421875,227.1484,172.6133,496.9453,3
3241.125,430,61.19403,4512,7,10.421875,227.1484,169.7852,499.7734,3
3241.125,430,56.25,4512,7,10.421875,227.1484,168.8594,500.6992,3
3241.125,430,53.84615,4512,14,10.421875,227.1484,168.1758,501.3828,3
3241.125,430,53.59801,4512,13,10.421875,227.1484,166.60156,502.957,3
3241.125,430,56.60848,4512,10,10.421875,227.1484,165.72656,503.832,3
3241.125,430,66.75127,4512,8,10.421875,227.1484,164.85156,504.707,3
3241.125,430,68.27411,4512,9,10.421875,227.1484,163.97656,505.582,3
3241.125,430,68.12339,4512,12,10.421875,227.1484,162.88281,506.6758,3
3241.125,430,66.23377,4512,8,10.421875,227.1484,167.28125,502.2773,3
3241.125,430,66.24041,4512,11,10.421875,227.1484,165.85938,503.6992,3
3241.125,430,70.37975,4512,10,10.421875,227.1484,169.0625,500.4961,3
3241.141,430,64.08269,4512,15,10.421875,227.1484,172.5117,497.0469,3
3241.125,430,70.25,4512,9,10.421875,227.1484,170.418,499.1406,3
3241.125,430,69.05371,4512,8,10.421875,227.1484,168.2852,501.2734,3
3241.125,430,69.2112,4512,9,10.421875,227.1484,167.38281,502.1758,3
3241.125,430,70.81218,4512,10,10.421875,227.1484,171.3516,498.207,3
3241.125,430,69.62025,4480,4,10.421875,227.1484,169.1914,500.3672,3
3241.125,430,68.38046,4480,10,10.421875,227.1484,166.86719,502.6914,3
3241.125,430,68.52792,4480,9,10.421875,227.1484,166.16797,503.3906,3
3241.125,430,66.92112,4480,11,10.421875,227.1484,165.04688,504.5117,3
3241.125,430,63.61323,4480,10,10.421875,227.1484,163.89844,505.6602,3
3241.125,430,66.66667,4480,9,10.421875,227.1484,163.02344,506.5352,3
3241.125,430,67.42424,4480,10,10.421875,227.1484,166.46094,503.0977,3
3241.125,430,69.28934,4480,6,10.421875,227.1484,165.55859,504.0,3
3241.125,430,66.83673,4448,9,10.421875,227.1484,165.12109,504.4375,3
3241.125,430,66.49874,4448,12,10.421875,227.1484,164.20312,505.3555,3
3241.125,430,64.57286,4448,9,10.421875,227.1484,163.54688,506.0117,3
3241.125,430,67.08543,4448,9,10.421875,227.1484,162.67188,506.8867,3
3241.125,429,66.15385,4448,8,10.421875,227.1484,170.8164,498.7422,3
3241.125,429,65.41353,4448,10,10.421875,227.1484,169.8984,499.6602,3
3241.125,429,61.84539,4480,6,10.429688,227.1484,168.3125,501.2461,3
3241.125,429,59.19395,4480,12,10.429688,227.1406,167.4375,502.1211,3
3241.125,429,59.1133,4480,14,10.429688,227.1484,166.75391,502.7969,3
3241.125,429,51.9802,4480,8,10.429688,227.1484,166.09766,503.4531,3
3241.125,429,54.47761,4480,9,10.429688,227.1484,165.41797,504.1328,3
3241.125,429,63.86768,4480,8,10.429688,227.1484,164.54297,505.0078,3
3241.125,429,67.18346,4480,11,10.429688,227.1484,163.39844,506.1523,3
3241.125,429,68.87755,4480,17,10.4375,227.1484,162.03125,507.5195,3
3241.125,429,67.09512,4480,4,10.4375,227.1484,169.8477,499.6953,3
3241.125,429,66.15385,4480,9,10.4375,227.1484,168.4258,501.1172,3
3241.125,429,68.0203,4480,9,10.4375,227.1484,166.32031,503.2227,3
3241.125,429,64.52442,4480,12,10.4375,227.1484,165.41797,504.125,3
3241.125,429,66.32391,4480,7,10.4375,227.1484,164.98047,504.5625,3
3241.125,429,65.22843,4480,9,10.4375,227.1484,164.73828,504.8047,3
3241.125,429,65.38462,4480,7,10.4375,227.1484,168.668,500.875,3
3241.125,429,70.45455,4480,8,10.4375,227.1484,168.2031,501.3398,3
3241.125,429,65.30612,4480,9,10.4375,227.1484,167.30078,502.2422,3
3241.125,429,64.37659,4480,9,10.4375,227.1484,166.82031,502.7227,3
3241.125,429,67.86632,4480,10,10.4375,227.1484,165.42578,504.1172,3
3241.125,429,71.06599,4480,8,10.4375,227.1484,165.21875,504.3242,3
3241.125,429,69.50904,4480,11,10.4375,227.1484,163.66016,505.8828,3
3241.125,429,67.17172,4480,9,10.4375,227.1484,167.29688,502.2461,3
3241.125,429,67.25441000000001,4480,12,10.4375,227.1484,166.39453,503.1484,3
3241.125,429,63.79747,4480,10,10.4375,227.1484,165.94141,503.6016,3
3241.125,429,64.97462,4480,8,10.4375,227.1484,165.28516,504.2578,3
3241.125,429,65.56962,4480,15,10.4375,227.1484,164.84766,504.6953,3
3241.125,429,64.48363,4480,9,10.4375,227.1484,164.19141,505.3516,3
3241.125,429,66.24041,4480,12,10.4375,227.1484,166.46484,503.0781,3
3241.125,429,65.15152,4480,12,10.4375,227.1484,165.5625,503.9805,3
3241.125,429,66.16541,4480,11,10.4375,227.1484,170.0,499.543,3
3241.125,429,63.36634,4480,5,10.4375,227.1484,168.3867,501.1562,3
3241.125,429,60.05025,4480,6,10.4375,227.1484,167.9258,501.6172,3
3241.125,429,56.53266,4480,9,10.4375,227.1484,166.53125,503.0117,3
3241.125,429,53.26633,4480,11,10.4375,227.1484,164.89453,504.6484,3
3241.125,429,54.13534,4480,12,10.4375,227.1484,163.74609,505.7969,3
3241.125,429,63.52041,4480,12,10.4375,227.1484,163.30859,506.2344,3
3241.125,429,63.56589,4480,11,10.4375,227.1484,163.08984,506.4531,3
3241.125,429,64.39394,4480,12,10.4375,227.1484,162.65234,506.8906,3
3241.125,429,65.56122,4480,15,10.4375,227.1484,162.70703,506.8359,3
3241.125,429,68.38235,4480,9,10.4375,227.1484,170.7461,498.7969,3
3241.125,429,64.95957,4480,9,10.4375,227.1484,169.1953,500.3477,3
3241.125,429,67.43003,4480,8,10.4375,227.1484,168.4844,501.0586,3
3241.125,429,65.82915,4480,11,10.4375,227.1484,167.11719,502.4258,3
3241.125,429,65.31646,4480,6,10.453125,227.1484,166.87109,502.6719,3
3241.125,429,64.19437,4480,10,10.453125,227.1484,170.3242,499.2031,3
3241.125,429,66.0804,4480,9,10.453125,227.1484,168.4102,501.1172,3
3241.125,429,66.58163,4480,9,10.453125,227.1484,167.75391,501.7734,3
3241.125,428,62.40409,4480,13,10.453125,227.1484,166.82422,502.7031,3
3241.125,428,63.07692,4480,11,10.453125,227.1484,166.60547,502.9219,3
3241.125,428,68.79795,4480,11,10.453125,227.1484,165.71484,503.8125,3
3241.125,428,69.36709,4480,12,10.453125,227.1484,165.57812,503.9492,3
3241.125,428,67.5063,4480,8,10.453125,227.1484,164.43359,505.0938,3
3241.125,428,68.93939,4480,8,10.453125,227.1484,163.28516,506.2422,3
3241.125,428,67.43003,4480,18,10.460938,227.1484,162.55078,506.9766,3
3241.125,428,67.59494,4480,8,10.460938,227.1406,163.28906,506.2383,3
3241.125,428,64.72081,4480,11,10.460938,227.1484,166.19922,503.3203,3
3241.125,428,65.65657,4448,8,10.460938,227.1484,170.6484,498.8711,3
3241.125,428,68.60759,4448,13,10.460938,227.1484,169.4219,500.0977,3
3241.125,428,63.59102,4448,13,10.460938,227.1484,167.04688,502.4727,3
3241.125,428,61.20907,4448,12,10.460938,227.1484,164.92969,504.5898,3
3241.125,428,59.35961,4448,18,10.460938,227.1484,163.97266,505.5469,3
3241.125,428,60.84788,4448,14,10.460938,227.1484,164.71484,504.8047,3
3241.125,428,57.25,4448,10,10.460938,227.1484,163.83984,505.6797,3
3241.125,427,49.0,4448,10,10.460938,227.1484,163.16016,506.3594,3
3241.125,427,54.83871,4448,11,10.460938,227.1484,162.97266,506.5469,3
3241.125,428,61.77215,4448,11,10.460938,227.1484,166.0625,503.457,3
3241.125,428,66.66667,4448,13,10.460938,227.1484,166.33203,503.1875,3
3241.125,428,64.35897,4448,6,10.460938,227.1523,165.1875,504.3281,3
3241.125,427,61.18252,4448,9,10.460938,227.1523,164.26172,505.2539,3
3241.125,428,64.78149,4448,15,10.460938,227.1523,164.07422,505.4414,3
3241.125,429,66.41026,4448,12,10.460938,227.1523,167.08203,502.4336,3
3241.125,429,65.5527,4448,8,10.460938,227.1523,166.64453,502.8711,3
3241.125,429,65.82278,4448,7,10.460938,227.1523,166.15234,503.3633,3
3241.125,429,66.41414,4448,4,10.46875,227.1523,164.98828,504.5273,3
3241.125,429,65.98465,4448,11,10.46875,227.1445,164.09766,505.418,3
3241.125,429,66.92112,4448,11,10.46875,227.1523,163.69141,505.8164,3
3241.125,429,67.85714,4448,15,10.46875,227.1523,163.25391,506.2539,3
3241.125,429,69.94949,4448,5,10.46875,227.1523,162.35547,507.1523,3
3238.723,429,66.58163,4448,9,10.46875,227.1523,165.08984,504.418,3
3238.723,429,64.8855,4448,10,10.46875,227.1523,165.33594,504.1719,3
3238.723,427,67.7665,4480,5,10.46875,227.1523,164.79688,504.7109,3
3238.723,427,61.57761,4480,11,10.46875,227.1523,164.62891,504.8789,3
3240.645,427,66.58228,4480,8,10.46875,227.1523,163.01562,506.4922,3
3240.645,427,67.43003,4480,10,10.46875,227.1523,162.35938,507.1484,3
3240.645,427,67.25888,4480,14,10.46875,227.1523,166.11719,503.3906,3
3240.645,427,65.64885,4480,12,10.46875,227.1523,169.0938,500.4141,3
3240.879,428,69.42356,4480,5,10.46875,227.1523,167.07031,502.4375,3
3240.879,428,64.97462,4480,4,10.46875,227.1523,166.58594,502.9219,3
3240.879,428,64.55696,4480,4,10.46875,227.1523,165.95312,503.5547,3
3240.879,428,63.97985,4448,11,10.46875,227.25,164.32422,505.0859,3
3240.879,428,63.88206,4448,5,10.46875,227.2773,162.71094,506.6719,3
3240.879,429,58.43829,4448,4,10.46875,227.2773,162.49219,506.8906,3
3240.879,429,55.19802,4480,4,10.476562,227.2773,162.08203,507.3008,3
3238.723,429,52.48756,4480,4,10.476562,227.2734,161.64453,507.7344,3
3238.723,429,58.56079,4480,4,10.476562,227.2773,170.1406,499.2344,3
3238.723,430,61.53846,4480,10,10.476562,227.2773,169.4414,499.9336,3
3238.723,430,65.29563,4480,9,10.476562,227.2773,168.5117,500.8633,3
3238.723,430,67.00767,4448,6,10.476562,227.2773,167.08984,502.2852,3
3238.723,430,61.43959,4448,11,10.476562,227.2773,166.40625,502.9688,3
3238.723,430,65.13995,4448,4,10.476562,227.2773,164.73828,504.6367,3
3238.723,430,67.60925,4448,18,10.476562,227.2773,165.71875,503.6562,3
3238.723,430,67.51918,4448,8,10.476562,227.2773,165.83203,503.543,3
3238.723,431,62.9156,4448,8,10.476562,227.2773,168.8398,500.5352,3
3238.723,431,67.41855,4448,13,10.476562,227.2773,167.69922,501.6758,3
3238.723,431,67.34694,4448,4,10.476562,227.2773,165.87109,503.5039,3
3238.723,431,65.06329,4448,4,10.492188,227.2773,166.6875,502.6875,3
3238.723,431,66.32653,4448,5,10.492188,227.2617,166.17188,503.2031,3
3238.723,431,71.09974,4448,6,10.492188,227.2773,165.58203,503.7773,3
3238.723,431,67.5,4448,11,10.492188,227.2773,170.5938,498.7656,3
3238.723,431,68.79795,4448,10,10.492188,227.2773,168.5,500.8594,3
3238.738,431,67.08543,4448,13,10.492188,227.2773,171.2109,498.1484,3
3238.738,431,66.75063,4448,9,10.492188,227.2773,170.0625,499.2969,3
3238.723,431,66.24041,4448,8,10.492188,227.2773,168.9141,500.4453,3
3238.723,431,66.58163,4448,7,10.492188,227.2773,168.2578,501.1016,3
3238.723,431,69.17293,4448,10,10.492188,227.2773,167.32812,502.0312,3
3238.723,431,68.52792,4448,4,10.492188,227.2773,165.6875,503.6719,3
3239.438,431,65.25,4448,11,10.492188,227.2773,165.71484,503.6445,3
3239.438,431,61.69154,4448,9,10.492188,227.2773,164.10156,505.2578,3
3239.438,431,63.0273,4448,10,10.492188,227.2773,163.44531,505.9141,3
3239.438,431,61.25,4448,8,10.492188,227.2773,168.6641,500.6953,3
3239.438,431,56.96203,4448,14,10.492188,227.2773,169.7148,499.6445,3
3239.438,431,54.54545,4448,8,10.492188,227.2773,168.3203,501.0391,3
3239.438,431,55.41562,4448,7,10.5,227.2773,167.36328,501.9961,3
3239.438,431,61.05528,4448,11,10.5,227.2773,166.70703,502.6445,3
3239.438,431,65.10417,4448,8,10.5,227.2773,166.48828,502.8633,3
3239.438,431,65.3944,4448,9,10.5,227.2773,164.875,504.4766,3
3239.438,431,67.61658,4448,12,10.5,227.2773,169.1562,500.1953,3
3239.438,431,65.81633,4448,10,10.5,227.2773,166.80859,502.543,3
3239.438,431,70.51282,4448,12,10.5,227.2773,164.94922,504.4023,3
3239.438,431,66.83805,4448,12,10.507812,227.2773,163.83984,505.5117,3
3239.438,431,67.68448,4448,9,10.507812,227.2695,163.42969,505.9219,3
3239.438,431,64.61538,4448,10,10.507812,227.2773,162.77344,506.5703,3
3239.438,431,67.8481,4448,4,10.507812,227.2773,162.55469,506.7891,3
3239.438,430,64.61538,4448,11,10.507812,227.2773,161.43359,507.9102,3
3239.438,430,67.41855,4448,9,10.507812,227.2773,165.59766,503.7461,3
3239.438,430,67.60204,4448,7,10.507812,227.2773,164.67578,504.668,3
3239.438,430,67.93893,4448,12,10.507812,227.2773,163.58203,505.7617,3
3239.438,430,65.81633,4448,9,10.507812,227.2773,163.14453,506.1992,3
3239.438,430,65.38462,4448,10,10.507812,227.2773,162.26953,507.0742,3
3239.438,430,64.64646,4448,14,10.390625,227.2773,160.91406,508.4297,3
3239.438,430,64.54082,4448,15,10.390625,222.8438,167.9258,505.9688,3
3239.438,430,63.47607,4448,16,10.390625,222.8438,167.0,506.8945,3
3239.438,430,65.23929,4448,14,10.390625,222.8438,170.8594,503.0352,3
3239.438,430,64.73552,4448,8,10.398438,222.8438,173.2891,500.6055,3
3239.438,430,67.17557,4448,9,10.398438,222.8438,172.1406,501.7461,3
3239.438,430,67.25441000000001,4448,8,10.398438,222.8438,171.6797,502.207,3
3239.438,430,63.97985,4448,9,10.398438,222.8438,171.2188,502.668,3
3239.438,430,65.82915,4480,16,10.398438,222.8438,170.5625,503.3242,3
3239.438,430,63.13131,4480,8,10.398438,222.8438,169.2031,504.6836,3
3239.438,430,60.90226,4480,6,10.398438,222.8438,167.58984,506.2969,3
3239.438,430,56.96517,4480,11,10.398438,222.8438,166.90625,506.9805,3
3239.438,430,54.83871,4480,11,10.398438,222.8438,165.76172,508.125,3
3239.438,430,56.04938,4480,8,10.398438,222.8438,166.08594,507.8008,3
3239.438,430,60.30534,4480,8,10.398438,222.8438,165.64844,508.2383,3
3239.438,430,67.09184,4480,8,10.398438,222.8438,164.96484,508.9219,3
3239.438,430,65.82278,4480,10,10.398438,222.8438,163.87109,510.0156,3
3239.438,430,67.51918,4480,6,10.398438,222.8438,168.2461,505.6406,3
3239.438,430,65.45455,4480,11,10.398438,222.8438,166.63281,507.2539,3
3239.438,430,65.21739,4480,12,10.398438,222.8438,165.94922,507.9375,3
3239.438,430,65.06329,4480,9,10.398438,222.8438,166.00781,507.8789,3
3239.438,430,65.37468,4480,14,10.398438,222.8438,173.5742,500.3125,3
3240.441,430,64.97462,4480,11,10.398438,222.8438,171.9375,501.9492,3
3240.441,430,67.25888,4480,9,10.398438,222.8438,170.2969,503.5898,3
3240.441,430,67.35219,4480,8,10.398438,222.8438,168.8242,505.0625,3
3239.438,430,61.75711,4480,9,10.398438,222.8438,168.4375,505.4492,3
3239.438,430,65.90331,4512,8,10.398438,222.8438,168.4648,505.4219,3
3239.438,430,65.81633,4512,7,10.398438,222.8438,168.0,505.8867,3
3239.438,430,65.13995,4512,10,10.398438,222.8438,172.3398,501.5469,3
3239.438,430,68.87755,4512,8,10.398438,222.8438,175.6875,498.1992,3
3239.438,430,64.98741,4512,11,10.398438,222.8438,174.0352,499.8516,3
3239.438,430,66.83417,4512,9,10.398438,222.8438,173.1055,500.7812,3
3239.438,430,66.83673,4512,10,10.398438,222.8438,172.9141,500.9727,3
3239.438,430,63.52041,4480,8,10.398438,222.8438,171.9844,501.9023,3
3239.438,430,63.5443,4480,9,10.398438,222.8438,170.3164,503.5703,3
3239.438,430,67.0,4448,14,10.398438,222.8438,172.2539,501.6328,3
3239.438,430,68.18182,4448,12,10.398438,222.8438,171.3242,502.5625,3
3239.438,430,64.8855,4448,10,10.398438,222.8438,171.4258,502.4609,3
3239.438,430,63.8404,4448,8,10.398438,222.8438,170.75,503.1367,3
3239.438,430,63.93035,4448,10,10.40625,222.8438,174.4961,499.3906,3
3239.438,430,58.1864,4448,9,10.40625,222.8438,172.5977,501.2812,3
3239.438,430,57.85536,4448,15,10.421875,222.8438,171.4219,502.457,3
3239.438,430,54.54545,4448,9,10.421875,222.8477,170.2734,503.5859,3
3239.438,430,52.51256,4448,13,10.421875,222.8438,169.5469,504.3164,3
3239.438,430,62.27848,4448,10,10.421875,222.8438,174.6914,499.1719,3
3239.438,430,64.2132,4448,9,10.421875,222.8438,173.9805,499.8828,3
3239.438,430,68.31169,4448,15,10.421875,222.8438,172.5859,501.2773,3
3239.453,430,66.07595,4448,10,10.421875,222.8438,172.1211,501.7422,3
3239.438,430,62.82051,4448,10,10.421875,222.8438,169.9883,503.875,3
3239.438,430,65.64103,4448,8,10.421875,222.8438,168.6211,505.2422,3
3239.438,430,66.49616,4448,12,10.421875,222.8438,167.9375,505.9258,3
3239.438,430,66.49746,4448,11,10.421875,222.8438,167.25391,506.6094,3
3239.438,430,67.35219,4480,12,10.421875,222.8438,166.37891,507.4844,3
3239.438,430,68.21705,4480,11,10.421875,222.8438,166.16016,507.7031,3
3239.438,431,64.05063,4480,6,10.421875,222.8438,165.46094,508.4023,3
3239.438,431,66.75258,4480,10,10.421875,222.8438,163.84766,510.0156,3
3239.438,431,66.41604,4480,4,10.421875,222.8438,167.73828,506.125,3
3239.438,431,69.44444,4480,12,10.421875,222.8438,176.0273,497.8359,3
3239.438,431,68.79795,4480,10,10.421875,222.8438,174.3867,499.4766,3
3239.438,431,63.21244,4480,10,10.421875,222.8438,173.6758,500.1875,3
3239.438,431,66.83544,4480,10,10.421875,222.8438,171.5,502.3633,3
3239.438,431,67.85714,4480,11,10.421875,222.8438,170.793,503.0703,3
3239.438,431,65.56122,4480,10,10.421875,222.8438,169.8633,504.0,3
3239.438,431,68.26196,4480,10,10.421875,222.8438,168.9883,504.875,3
3239.438,431,68.0203,4480,10,10.421875,222.8438,168.7695,505.0938,3
3239.438,431,65.22843,4480,11,10.421875,222.8438,168.1133,505.75,3
3239.438,431,65.91479,4480,9,10.421875,222.8438,167.67578,506.1875,3
3239.438,431,60.50633,4480,13,10.421875,222.8438,166.3125,507.5508,3
3239.438,431,63.31658,4480,5,10.421875,222.8438,166.12109,507.7422,3
3239.438,431,61.51899,4480,16,10.421875,222.8438,169.8242,504.0391,3
3239.438,431,59.3985,4480,6,10.421875,222.8438,169.1406,504.7227,3
3239.438,431,60.54591,4480,12,10.421875,222.8438,167.9961,505.8672,3
3239.438,431,58.33333,4480,12,10.421875,222.8438,170.207,503.6562,3
3239.438,431,55.3616,4480,5,10.421875,222.8438,173.9062,499.957,3
3239.438,431,62.43655,4480,11,10.429688,222.8438,172.7578,501.1055,3
3239.438,431,63.17136,4480,4,10.429688,222.8359,171.5547,502.3086,3
3239.438,431,68.20513,4448,11,10.429688,222.8438,169.4766,504.3789,3
3239.438,431,66.06218,4448,12,10.429688,222.8438,168.8203,505.0352,3
3239.438,431,64.96164,4448,9,10.429688,222.8438,168.8203,505.0352,3
3239.438,431,67.69231,4448,8,10.429688,222.8438,167.69922,506.1562,3
3239.711,431,65.13995,4448,5,10.429688,222.8438,167.0,506.8555,3
3239.711,431,61.85567,4448,5,10.429688,222.8438,166.07031,507.7852,3
3240.164,431,66.07143,4448,10,10.429688,222.8438,165.36719,508.4883,3
3240.164,431,66.58163,4448,5,10.429688,222.8438,169.9141,503.9414,3
3240.164,431,63.38384,4448,4,10.429688,222.8438,169.0117,504.8438,3
3240.164,431,67.09184,4448,6,10.4375,222.8438,168.1211,505.7344,3
3240.164,431,64.35897,4448,11,10.4375,222.8438,167.8789,505.9688,3
3240.164,431,66.83544,4448,5,10.4375,222.8438,167.17188,506.6758,3
3240.164,431,69.52141,4448,6,10.4375,222.8438,169.6445,504.2031,3
3240.164,431,66.24365,4448,8,10.4375,222.8438,168.7422,505.1055,3
3240.164,431,65.13995,4448,5,10.4375,222.8438,167.35938,506.4883,3
3240.164,431,60.70529,4448,12,10.4375,222.8438,166.67578,507.1719,3
3240.164,431,66.41221,4480,9,10.4375,222.8438,165.99219,507.8555,3
3240.164,431,66.66667,4480,3,10.4375,222.8438,169.6055,504.2422,3
3240.164,431,62.84987,4480,15,10.4375,222.8438,173.7539,500.0938,3
3240.164,431,65.73604,4480,8,10.4375,222.8438,172.6094,501.2383,3
3240.164,431,64.32161,4480,12,10.4375,222.8438,171.707,502.1406,3
3240.164,431,63.79747,4480,13,10.4375,222.8438,170.2852,503.5625,3
3240.164,431,65.66416,4480,11,10.4375,222.8438,169.1094,504.7383,3
3240.164,431,61.97531,4480,5,10.4375,222.8438,168.8906,504.957,3
3240.164,431,60.75949,4448,10,10.4375,222.8438,172.6641,501.1836,3
3240.164,431,58.45771,4448,5,10.4375,222.8438,171.2148,502.6328,3
3240.164,431,55.3616,4448,7,10.4375,222.8438,169.5781,504.2695,3
3240.164,431,51.25628,4448,7,10.4375,222.8438,173.7188,500.1289,3
3240.18,431,62.65664,4448,16,10.4375,222.8438,172.1172,501.7305,3
3240.164,431,69.62025,4448,10,10.4375,222.8438,170.2578,503.5898,3
3240.164,431,72.33503,4480,13,10.4375,222.8438,168.5938,505.2539,3
3240.164,431,67.17949,4480,6,10.4375,222.8438,168.1562,505.6914,3
3240.164,431,67.69231,4480,12,10.4375,222.8438,166.59375,507.2539,3
3240.164,431,67.17557,4480,12,10.4375,222.8438,170.2383,503.6094,3
3240.164,431,68.27411,4480,7,10.4375,222.8438,168.8594,504.9883,3
3240.164,431,64.54082,4480,14,10.4375,222.8438,167.9023,505.9453,3
3240.164,431,61.53846,4480,9,10.4375,222.8438,166.26172,507.5859,3
3240.164,431,66.83544,4480,11,10.4375,222.8438,165.60547,508.2422,3
3240.164,431,67.00252,4480,9,10.4375,222.8438,166.15234,507.6953,3
3240.164,431,67.67677,4480,6,10.4375,222.8438,165.74609,508.1016,3
3240.164,431,68.5422,4448,13,10.4375,222.8438,165.30859,508.5391,3
3240.164,431,66.49746,4448,9,10.4375,222.8438,164.37891,509.4688,3
3240.164,431,67.94872,4448,9,10.4375,222.8438,164.37891,509.4688,3
3240.164,431,64.01028,4448,9,10.4375,222.8438,167.62891,506.2188,3
3240.164,431,65.41353,4448,8,10.4375,222.8438,166.97266,506.875,3
3240.164,428,66.75127,4448,11,10.4375,222.8438,165.14062,508.707,3
3240.164,428,64.98741,4448,13,10.4375,222.8438,164.30078,509.5469,3
3240.164,428,62.5,4448,11,10.4375,222.8438,163.84375,510.0039,3
3240.164,428,68.01008,4448,7,10.4375,222.8438,167.39062,506.457,3
3240.164,428,62.87879,4448,8,10.4375,222.8438,166.0625,507.7852,3
3240.164,428,65.57789,4448,10,10.4375,222.8438,165.41406,508.4336,3
3240.164,428,65.82278,4448,12,10.4375,222.8438,168.9531,504.8945,3
3240.164,428,62.7204,4448,9,10.4375,222.8438,168.2695,505.5781,3
3240.164,428,63.31658,4448,9,10.4375,222.8438,167.832,506.0156,3
3240.164,429,61.69154,4448,16,10.4375,222.8438,166.72266,507.125,3
3240.164,429,58.43829,4448,9,10.4375,222.8438,165.84766,508.0,3
3240.164,429,55.13784,4448,13,10.4375,222.8438,164.50781,509.3398,3
3240.164,429,50.12531,4448,11,10.4375,222.8438,168.5664,505.2812,3
3240.164,429,62.84987,4448,12,10.4375,222.8438,167.66406,506.1836,3
3240.164,429,64.70588,4448,13,10.4375,222.8438,167.42188,506.4258,3
3240.164,429,66.32391,4448,14,10.4375,222.8438,167.01172,506.8359,3
3240.164,429,67.01031,4448,10,10.4375,222.8438,171.1992,502.6484,3
3240.164,429,65.81633,4448,16,10.4375,222.8438,169.832,504.0156,3
3240.164,429,64.0625,4448,12,10.4375,222.8438,168.6562,505.1914,3
3240.164,429,66.41221,4448,9,10.4375,222.8438,167.28516,506.5625,3
3241.035,430,68.27411,4416,24,10.445312,222.8438,166.62891,507.2188,3
3240.164,429,67.69231,4416,9,10.445312,222.8359,168.8867,504.9609,3
3240.164,429,62.7204,4416,10,10.445312,222.8438,173.3945,500.4453,3
3240.164,429,67.70026,4416,15,10.445312,222.8438,171.5391,502.3008,3
3240.164,429,64.70588,4416,5,10.445312,222.8438,170.1992,503.6406,3
3240.164,429,67.09512,4416,11,10.445312,222.8438,168.2969,505.543,3
3240.164,429,65.64885,4416,8,10.453125,222.8438,167.39453,506.4453,3
3240.164,429,68.43434,4416,16,10.453125,222.8438,167.01172,506.8203,3
3240.164,429,69.44444,4416,11,10.453125,222.8438,166.08203,507.75,3
3240.164,429,66.66667,4416,8,10.453125,222.8438,165.64453,508.1875,3
3240.164,429,66.41221,4416,10,10.453125,222.8438,164.52344,509.3086,3
3240.164,429,63.5443,4416,6,10.453125,222.8438,166.23438,507.5977,3
3240.164,429,66.75127,4416,15,10.453125,222.8438,165.125,508.707,3
3240.164,429,65.22843,4416,7,10.460938,222.8438,164.65625,509.1758,3
3240.164,429,65.07538,4416,6,10.460938,222.8438,167.74219,506.082,3
3240.164,429,65.99496,4416,17,10.460938,222.8438,167.28125,506.543,3
3240.164,429,70.20202,4416,9,10.460938,222.8438,167.38672,506.4375,3
3240.164,429,65.73604,4416,11,10.460938,222.8438,166.62109,507.2031,3
3240.164,429,63.7931,4416,15,10.460938,222.8438,165.75,508.0742,3
3240.164,429,59.34343,4416,9,10.460938,222.8438,165.77734,508.0469,3
3240.164,429,57.14286,4416,15,10.460938,222.8438,164.39844,509.4258,3
3240.164,429,54.25,4416,12,10.460938,222.8438,167.58594,506.2383,3
3240.164,429,56.67506,4416,15,10.460938,222.8438,166.23047,507.5938,3
3240.164,429,60.75,4448,9,10.460938,222.8438,169.3047,504.5195,3
3240.164,429,65.05102,4448,10,10.460938,222.8438,168.5938,505.2305,3
3240.164,429,67.44792,4448,16,10.460938,222.8438,172.7227,501.1016,3
3240.164,429,65.47315,4448,16,10.460938,222.8438,171.7656,502.0586,3
3240.164,429,65.47315,4448,13,10.460938,222.8438,170.3164,503.5078,3
3240.164,429,66.41026,4448,10,10.460938,222.8438,169.3594,504.4648,3
3240.164,429,68.44784,4448,7,10.460938,222.8438,168.7031,505.1211,3
3240.164,429,64.69072,4448,7,10.460938,222.8438,167.8281,505.9961,3
3240.18,429,61.34021,4448,11,10.460938,222.8438,167.17188,506.6523,3
3240.164,429,68.46154,4448,8,10.460938,222.8438,171.0742,502.75,3
3240.164,429,68.44784,4448,8,10.460938,222.8438,172.9258,500.8984,3
3240.164,429,66.32911,4448,9,10.460938,222.8438,172.0273,501.7969,3
3240.164,429,68.43434,4448,10,10.460938,222.8438,170.6875,503.1367,3
3240.164,429,67.8481,4448,14,10.460938,222.8438,169.0742,504.75,3
3240.164,429,67.85714,4448,11,10.460938,222.8438,168.4766,505.3477,3
3240.164,429,67.68448,4448,8,10.460938,222.8438,166.8125,507.0117,3
3240.164,429,65.31646,4448,12,10.476562,222.8438,166.35938,507.4648,3
3240.164,429,66.75127,4448,6,10.476562,222.8281,165.23828,508.5859,3
3240.164,429,64.70588,4448,12,10.476562,222.8438,167.70312,506.1055,3
3240.164,429,68.59296,4448,7,10.476562,222.8438,167.51562,506.293,3
3240.164,429,69.28934,4448,15,10.476562,222.8438,166.61328,507.1953,3
3240.164,429,67.58794,4448,12,10.476562,222.8438,166.89062,506.918,3
3240.164,429,66.75127,4480,11,10.476562,222.8438,170.4336,503.375,3
3240.164,429,66.66667,4480,11,10.476562,222.8438,169.9766,503.832,3
3240.164,429,63.38384,4480,8,10.476562,222.8438,172.75,501.0586,3
3240.164,429,61.67513,4480,13,10.476562,222.8438,172.0391,501.7695,3
3240.164,429,61.84539,4512,12,10.476562,222.8438,170.4648,503.3438,3
3240.164,429,59.14787,4512,6,10.476562,222.8438,169.5352,504.2734,3
3240.164,429,51.86104,4512,9,10.476562,222.8438,168.3867,505.4219,3
3240.164,429,55.47264,4512,12,10.476562,222.8438,167.29297,506.5156,3
3240.164,429,64.91228,4512,5,10.476562,222.8438,169.8281,503.9805,3
3240.164,429,67.17557,4512,10,10.476562,222.8438,168.2148,505.5938,3
3240.164,429,67.60925,4480,7,10.476562,222.8438,172.8008,501.0078,3
3240.164,429,67.42424,4480,9,10.476562,222.8438,171.3789,502.4297,3
3240.164,429,68.04124,4480,9,10.476562,222.8438,170.7227,503.0859,3
3240.164,429,66.15776,4480,12,10.476562,222.8438,169.3281,504.4805,3
3240.164,429,70.84399,4480,9,10.476562,222.8438,168.4258,505.3828,3
3240.164,429,66.41414,4480,20,10.476562,222.8438,172.207,501.6016,3
3240.164,429,69.03553,4480,7,10.476562,222.8438,170.3477,503.4609,3
3240.164,429,66.75192,4480,10,10.476562,222.8438,169.2539,504.5547,3
3240.164,429,69.7201,4480,5,10.476562,222.8438,167.66797,506.1406,3
3240.164,429,67.00767,4480,6,10.476562,222.8438,166.57422,507.2344,3
3240.164,429,69.19192,4480,5,10.476562,222.8438,165.67188,508.1367,3
3240.164,429,66.83544,4480,14,10.476562,222.8438,169.0742,504.7344,3
3240.164,430,69.01763,4480,6,10.476562,222.8438,166.51953,507.2891,3
3240.164,430,65.30612,4480,7,10.476562,222.8438,166.08203,507.7266,3
3240.164,430,68.35443,4480,4,10.476562,222.8438,167.62891,506.1797,3
3240.164,430,66.75127,4480,11,10.476562,222.8438,165.98047,507.8281,3
3240.18,430,66.58228,4480,8,10.476562,222.8438,164.8125,508.9961,3
3240.164,430,67.67677,4480,12,10.476562,222.8438,164.62109,509.1875,3
3240.164,430,64.72081,4480,13,10.484375,222.8438,164.21484,509.5938,3
3240.164,430,66.83673,4480,13,10.484375,222.8359,165.03125,508.7773,3
3240.164,430,65.22843,4480,8,10.484375,222.8438,164.90234,508.8984,3
3240.164,430,69.75,4480,10,10.484375,222.8438,165.48047,508.3203,3
3240.164,430,65.48223,4480,7,10.484375,222.8438,167.9297,505.8711,3
3240.164,430,61.75,4480,5,10.484375,222.8438,171.6484,502.1523,3
3240.164,430,62.62376,4480,5,10.492188,222.8438,170.7461,503.0547,3
3240.164,430,59.25,4448,12,10.492188,222.8438,168.6445,505.1484,3
3240.164,430,51.8797,4448,13,10.492188,222.8438,167.9883,505.8047,3
3240.164,430,56.60848,4480,17,10.492188,222.8438,170.9961,502.7969,3
3240.164,430,60.94527,4480,7,10.492188,222.8438,168.6328,505.1602,3
3240.164,430,68.83117,4480,11,10.492188,222.8438,173.7969,499.9961,3
3240.164,430,64.8855,4480,16,10.492188,222.8438,172.625,501.168,3
3240.164,430,69.26952,4480,6,10.492188,222.8438,171.5312,502.2617,3
3240.164,430,65.81633,4480,9,10.492188,222.8438,170.5742,503.2188,3
3240.164,430,62.98201,4480,6,10.492188,222.8438,169.8945,503.8984,3
3240.164,430,64.37659,4480,5,10.492188,222.8438,169.457,504.3359,3
3240.164,430,66.14987,4480,11,10.492188,222.8438,167.8164,505.9766,3
3240.164,430,66.66667,4480,9,10.492188,222.8438,171.0078,502.7852,3
3240.164,430,63.86768,4448,8,10.492188,222.8438,169.793,504.0,3
3240.164,430,67.77494,4448,9,10.5,222.8438,168.9414,504.8516,3
3240.164,430,69.89796,4448,5,10.5,222.8438,172.8711,500.9141,3
3240.164,429,64.34109,4448,7,10.5,222.8438,171.2539,502.5312,3
3240.164,429,66.16162,4448,15,10.5,222.8438,170.3516,503.4336,3
3240.164,429,66.23711,4448,12,10.5,222.8438,169.6719,504.1133,3
3240.164,429,68.87755,4448,14,10.5,222.8438,168.5664,505.2188,3
3240.164,429,66.83673,4448,7,10.5,222.8438,167.8828,505.9023,3
3240.164,429,66.66667,4448,15,10.5,222.8438,167.25781,506.5273,3
3240.164,429,67.8481,4448,8,10.5,222.8438,166.33594,507.4492,3
3240.164,429,71.09974,4448,13,10.5,222.8438,169.5352,504.25,3
3240.164,429,65.57789,4448,10,10.5,222.8438,168.168,505.6172,3
3240.164,429,68.01008,4448,7,10.5,222.8438,166.77344,507.0117,3
3240.164,429,67.08543,4448,9,10.5,222.8438,169.8086,503.9766,3
3240.164,429,66.15776,4448,14,10.5,222.8438,168.168,505.6172,3
3240.164,429,63.65915,4448,10,10.5,222.8438,167.04688,506.7383,3
3240.164,429,61.26582,4448,8,10.5,222.8438,164.91406,508.8711,3
3240.164,429,63.75,4448,10,10.5,222.8438,168.3125,505.4727,3
3240.164,429,60.94527,4448,12,10.5,222.8438,167.64062,506.1445,3
3240.164,426,57.5,4448,13,10.5,222.8438,166.50781,507.2773,3
3240.164,426,55.05051,4448,5,10.5,222.8438,165.41406,508.3711,3
3240.164,426,59.59079,4448,14,10.5,222.8438,164.51172,509.2734,3
3240.164,426,67.92929,4448,9,10.515625,222.8438,168.6758,505.1094,3
3240.164,426,65.64103,4448,13,10.515625,222.8438,167.9961,505.7734,3
3240.164,426,69.97455,4448,5,10.515625,222.8438,167.12109,506.6484,3
3240.164,426,68.59296,4448,15,10.515625,222.8438,166.24609,507.5234,3
3240.164,426,69.72705,4448,6,10.515625,222.8438,168.9805,504.7891,3
3240.164,426,67.7665,4448,9,10.515625,222.8438,167.65234,506.1172,3
3240.164,426,65.64103,4448,7,10.515625,222.8438,166.72266,507.0469,3
3240.164,426,63.91753,4448,9,10.515625,222.8438,165.30078,508.4688,3
3240.164,426,64.87179,4448,10,10.515625,222.8438,164.64453,509.125,3
3240.164,425,70.63291,4448,7,10.515625,222.8438,163.77734,509.9922,3
3240.164,425,66.15776,4448,8,10.515625,222.8438,167.41406,506.3555,3
3240.164,425,66.66667,4448,10,10.515625,222.8438,168.918,504.8516,3
3240.164,425,67.51269,4448,7,10.515625,222.8438,167.03125,506.7383,3
3240.164,424,68.20513,4448,5,10.515625,222.8438,171.0469,502.7227,3
3240.164,424,63.72796,4448,4,10.515625,222.8438,170.8281,502.9414,3
3240.164,424,67.52577,4448,12,10.515625,222.8438,170.6094,503.1602,3
3240.164,424,69.17293,4448,7,10.515625,222.8438,168.7812,504.9883,3
3240.164,424,68.62245,4448,11,10.515625,222.8438,167.22266,506.5469,3
3240.164,424,62.84987,4448,7,10.515625,222.8438,166.78516,506.9844,3
3240.18,424,69.05371,4448,14,10.515625,222.8438,165.89062,507.8789,3
3240.164,424,68.44784,4448,12,10.515625,222.8438,165.96484,507.8047,3
3240.164,424,69.62025,4448,10,10.515625,222.8438,168.5117,505.2578,3
3240.164,424,65.23929,4448,11,10.515625,222.8438,167.37891,506.3906,3
3240.164,424,61.96474,4480,8,10.515625,222.8438,169.8711,503.8984,3
3240.164,424,59.75,4480,9,10.515625,222.8438,172.0938,501.6758,3
3240.164,424,60.81425,4480,8,10.515625,222.8438,170.2812,503.4883,3
3240.164,424,60.80402,4480,7,10.515625,222.8438,173.3047,500.4648,3
3240.164,424,54.15617,4480,12,10.515625,222.8438,172.4023,501.3672,3
3240.164,424,53.53535,4480,12,10.515625,222.8438,169.832,503.9375,3
3240.164,424,57.93451,4480,7,10.523438,222.8438,168.2461,505.5234,3
3240.164,424,67.4359,4480,6,10.523438,222.8438,167.58984,506.1719,3
3240.164,424,67.09512,4480,17,10.523438,222.8438,166.66016,507.1016,3
3240.164,424,64.08269,4480,14,10.523438,222.8438,169.8047,503.957,3
3240.164,424,67.95866,4480,12,10.523438,222.8438,168.9023,504.8594,3
3240.164,424,67.17172,4480,15,10.523438,222.8438,167.35547,506.4062,3
3240.164,424,65.98985,4480,10,10.53125,222.8438,166.18359,507.5781,3
3240.164,424,67.09512,4480,6,10.53125,222.8359,165.5,508.2617,3
3240.164,424,68.09045,4480,9,10.53125,222.8438,165.0625,508.6914,3
3240.164,424,68.46154,4480,10,10.53125,222.8438,164.1875,509.5664,3
3240.164,424,66.66667,4480,11,10.546875,222.8438,163.96875,509.7852,3
3240.164,424,67.85714,4480,19,10.546875,222.8281,168.8086,504.9453,3
3240.164,424,66.75127,4480,14,10.546875,222.8438,167.26172,506.4766,3
3240.164,424,67.60204,4480,12,10.546875,222.8438,166.08594,507.6523,3
3240.164,424,63.30749,4480,10,10.546875,222.8438,165.18359,508.5547,3
3240.164,424,67.25441000000001,4480,8,10.546875,222.8438,168.6406,505.0977,3
3240.164,424,65.06329,4480,8,10.546875,222.8438,167.27344,506.4648,3
3240.164,424,60.70529,4448,8,10.546875,222.8438,167.05859,506.6797,3
3240.164,424,66.15385,4448,9,10.546875,222.8438,170.4922,503.2461,3
3241.125,425,65.06329,4448,13,10.546875,222.8438,169.043,504.6953,3
3241.125,425,64.64646,4448,6,10.546875,222.8438,167.73438,506.0039,3
3241.125,425,65.56962,4448,10,10.546875,222.8438,166.58594,507.1523,3
3241.125,425,65.06329,4448,6,10.546875,222.8438,166.125,507.6133,3
3241.125,425,64.14141,4448,16,10.546875,222.8438,165.64062,508.0977,3
3241.141,425,62.5,4448,8,10.546875,222.8438,164.76172,508.9766,3
3241.125,426,64.2132,4448,9,10.546875,222.8438,167.73047,506.0078,3
3241.125,426,58.54271,4448,14,10.546875,222.8438,166.08984,507.6484,3
3241.125,426,58.66337,4448,17,10.546875,222.8438,165.84766,507.8906,3
3241.125,426,60.90226,4448,6,10.546875,222.8438,168.6484,505.0898,3
3241.125,426,58.35411,4448,16,10.546875,222.8438,168.2109,505.5273,3
3241.125,426,63.47607,4448,12,10.546875,222.8438,167.29688,506.4414,3
3241.125,426,68.71795,4448,10,10.546875,222.8438,166.39453,507.3438,3
3241.125,426,65.98985,4448,10,10.546875,222.8438,165.49219,508.2461,3
3241.125,427,66.32391,4448,15,10.546875,222.8438,164.80859,508.9297,3
3241.605,428,63.98964,4448,10,10.546875,222.8438,168.2656,505.4727,3
3241.605,428,67.43003,4480,15,10.546875,222.8438,167.30859,506.4297,3
3241.605,428,67.25888,4480,11,10.546875,222.8438,166.1875,507.5508,3
3241.605,428,67.09184,4480,12,10.546875,222.8438,165.27344,508.4648,3
3241.605,428,66.32653,4480,12,10.546875,222.8438,169.2617,504.4766,3
3241.605,428,66.58098,4480,10,10.546875,222.8438,166.95312,506.7852,3
3241.605,428,64.45013,4480,6,10.546875,222.8438,165.61328,508.125,3
3241.621,428,68.60759,4480,8,10.546875,222.8438,164.49219,509.2461,3
3241.605,428,68.84422,4480,12,10.546875,222.8438,163.09766,510.6406,3
3241.605,428,68.52792,4480,9,10.5625,222.8438,166.60547,507.1328,3
3241.605,428,69.2112,4480,10,10.5625,222.8281,165.56641,508.1719,3
3241.605,428,64.66165,4480,14,10.5625,222.8438,165.35547,508.3672,3
3241.605,428,64.79592,4480,5,10.5625,222.8438,165.71094,508.0117,3
3241.605,428,68.79795,4480,9,10.5625,222.8438,164.97656,508.7461,3
3241.605,428,66.75127,4480,5,10.5625,222.8438,168.2734,505.4492,3
3241.621,429,68.36735,4480,7,10.5625,222.8438,171.2227,502.5,3
3241.605,429,68.0203,4480,5,10.5625,222.8438,168.9141,504.8086,3
3243.766,429,66.24365,4480,14,10.5625,222.8438,167.76562,505.957,3
3243.766,429,63.47607,4480,9,10.5625,222.8438,172.4258,501.2969,3
3243.766,429,67.34177,4480,15,10.5625,222.8438,171.4414,502.2812,3
3243.766,429,68.09045,4448,7,10.5625,222.8438,169.5664,504.1562,3
3243.766,429,65.31646,4480,15,10.5625,222.8438,168.8828,504.8398,3
3243.766,429,62.37624,4480,13,10.570312,222.8438,167.9805,505.7422,3
3243.766,429,63.0273,4480,9,10.570312,222.8438,167.08203,506.6328,3
3243.766,429,57.35661,4480,13,10.570312,222.8438,166.37109,507.3438,3
3243.766,429,57.71144,4480,9,10.570312,222.8438,165.46875,508.2461,3
3241.605,429,65.15152,4480,11,10.570312,222.8438,168.4609,505.2539,3
3241.605,429,69.87342,4480,12,10.570312,222.8438,168.7812,504.9336,3
3241.605,429,69.44444,4480,5,10.570312,222.8438,168.1055,505.6094,3
3241.605,429,65.97403,4480,5,10.570312,222.8438,167.42188,506.293,3
3241.605,429,66.66667,4480,8,10.570312,222.8438,167.71484,506.0,3
3241.605,429,68.93939,4480,5,10.570312,222.8438,166.59375,507.1211,3
3241.605,429,66.32911,4480,13,10.570312,222.8438,165.17188,508.543,3
3241.605,429,68.10127,4480,8,10.578125,222.8438,169.0508,504.6641,3
3241.605,429,68.70229,4480,10,10.578125,222.8359,167.9141,505.8008,3
3241.605,429,66.58228,4480,8,10.578125,222.8438,167.03906,506.668,3
3241.605,428,67.34177,4480,10,10.578125,222.8438,166.82031,506.8867,3
3241.605,428,66.32911,4480,14,10.578125,222.8438,165.94531,507.7617,3
3241.605,428,66.75127,4480,6,10.578125,222.8438,165.72656,507.9805,3
3241.605,428,65.90909,4480,6,10.578125,222.8438,165.28906,508.418,3
3241.605,428,65.82278,4480,10,10.578125,222.8438,164.57812,509.1289,3
3241.605,428,64.89899,4480,6,10.578125,222.8438,164.14062,509.5664,3
3241.605,428,62.9156,4480,9,10.578125,222.8438,164.44531,509.2617,3
3241.605,428,60.69652,4480,11,10.578125,222.8438,171.8125,501.8945,3
3241.605,428,61.09726,4480,6,10.578125,222.8438,171.1289,502.5781,3
3241.605,428,62.59542,4480,9,10.578125,222.8438,168.7539,504.9531,3
3241.605,428,67.34694,4480,11,10.578125,222.8438,167.38672,506.3203,3
3241.605,428,65.22843,4480,10,10.578125,222.8438,166.23828,507.4688,3
3241.605,428,62.5,4480,7,10.578125,222.8438,169.6719,504.0352,3
3241.605,428,64.03061,4480,10,10.578125,222.8438,172.9219,500.7852,3
3242.426,430,66.41221,4512,9,10.578125,222.8438,171.5273,502.1797,3
3241.605,428,64.57286,4512,4,10.578125,222.8438,167.9883,505.7188,3
3241.605,428,63.30749,4512,15,10.578125,222.8438,171.9414,501.7656,3
3241.605,428,68.86076,4512,10,10.578125,222.8438,170.5742,503.1328,3
3241.605,428,66.41221,4512,5,10.578125,222.8438,169.6719,504.0352,3
3241.605,428,66.15776,4512,14,10.578125,222.8438,168.9883,504.7188,3
3241.605,428,67.17172,4512,5,10.578125,222.8438,168.5508,505.1562,3
3241.605,428,66.91919,4512,6,10.578125,222.8438,167.8945,505.8125,3
3241.605,428,64.89899,4512,15,10.578125,222.8438,166.55469,507.1523,3
3241.605,428,70.27708,4512,11,10.578125,222.8438,166.11719,507.5898,3
3241.605,428,69.7201,4512,7,10.585938,222.8438,165.43359,508.2734,3
3241.605,428,66.32653,4512,6,10.585938,222.8359,164.28516,509.4219,3
3241.605,428,67.7665,4512,9,10.585938,222.8438,164.06641,509.6328,3
3241.605,428,65.49118,4512,13,10.585938,222.8438,163.19531,510.5039,3
3241.605,428,67.08543,4512,7,10.59375,222.8438,162.75781,510.9414,3
3241.605,428,59.70149,4512,13,10.59375,216.0,174.9453,505.5898,3
3241.605,428,61.5,4512,12,10.59375,215.9609,172.6289,507.9453,3
3241.605,428,55.58313,4512,10,10.59375,215.9609,181.3438,499.2305,3
3241.605,428,56.10973,4480,5,10.59375,215.9609,179.2109,501.3633,3
3241.605,428,58.12183,4480,6,10.59375,215.9609,177.8164,502.7578,3
3241.605,428,64.78149,4448,8,10.601562,215.9609,177.1328,503.4414,3
3241.605,428,68.95674,4448,10,10.601562,215.9531,176.2578,504.3164,3
3241.605,428,64.89899,4448,12,10.601562,215.9609,175.1367,505.4297,3
3241.605,428,68.36735,4448,7,10.601562,215.9609,173.7422,506.8242,3
3241.605,428,66.40827,4448,10,10.601562,215.9609,172.4023,508.1641,3
3241.605,428,63.65979,4448,7,10.601562,215.9609,172.2383,508.3281,3
3241.605,428,64.10256,4448,8,10.601562,215.9609,171.5547,509.0117,3
3241.605,428,63.40206,4448,13,10.601562,215.9609,171.3086,509.2578,3
3241.605,428,64.70588,4448,10,10.601562,215.9609,170.1328,510.4336,3
3241.605,428,64.19437,4448,13,10.601562,215.9609,174.9688,505.5977,3
3241.605,428,64.94845,4448,7,10.609375,215.9609,173.9961,506.5703,3
3241.605,428,68.5422,4480,11,10.609375,215.9531,176.3633,504.2031,3
3241.605,428,67.34694,4480,8,10.609375,215.9609,179.0469,501.5117,3
3241.605,428,65.30612,4480,10,10.609375,215.9609,177.1875,503.3711,3
3241.605,428,68.68687,4480,9,10.617188,215.9609,176.5312,504.0273,3
3241.605,428,66.92112,4480,11,10.617188,215.957,173.9062,506.6484,3
3241.605,428,67.60204,4480,6,10.617188,215.9648,172.7578,507.7891,3
3241.605,428,67.51269,4480,11,10.617188,215.9648,171.6133,508.9336,3
3241.605,428,63.61323,4480,10,10.617188,215.9648,171.3945,509.1523,3
3241.605,428,62.40602,4480,13,10.617188,215.9648,170.5508,509.9961,3
3241.605,428,67.67677,4480,10,10.617188,215.9648,174.9375,505.6094,3
3241.605,428,67.8481,4480,9,10.617188,215.9648,173.543,507.0039,3
3241.605,428,64.1604,4480,6,10.617188,215.9648,177.4531,503.0938,3
3241.605,428,64.48363,4480,10,10.617188,215.9648,176.8242,503.7227,3
3241.605,428,60.25,4480,5,10.617188,215.9648,176.5742,503.9727,3
3241.605,428,61.30653,4480,9,10.617188,215.9648,174.6992,505.8477,3
3241.605,428,56.93069,4480,9,10.617188,215.9648,174.5312,506.0156,3
3241.605,428,57.3201,4480,11,10.617188,215.9648,173.6289,506.918,3
3241.621,428,47.98995,4480,7,10.617188,215.9648,172.4805,508.0664,3
3241.605,428,53.72751,4480,12,10.625,215.9648,171.0859,509.4609,3
3241.605,428,66.66667,4480,7,10.625,215.9648,170.1875,510.3516,3
3241.605,428,64.34109,4480,9,10.625,215.9648,169.9688,510.5703,3
3241.605,428,64.63104,4480,10,10.625,215.9648,169.7266,510.8125,3
3241.605,429,61.18252,4480,10,10.625,215.9648,170.543,509.9961,3
3241.605,429,69.38776,4480,9,10.625,215.9648,170.7969,509.7422,3
3241.605,429,64.2132,4480,6,10.625,215.9648,170.3828,510.1562,3
3241.605,429,66.49616,4480,11,10.632812,215.9648,169.0156,511.5234,3
3241.605,429,61.08247,4480,9,10.632812,215.9648,170.043,510.4883,3
3241.605,429,62.72494,4480,9,10.632812,215.9648,170.082,510.4492,3
3241.605,429,67.68448,4480,8,10.632812,215.9648,170.3125,510.2188,3
3241.605,429,68.36735,4480,8,10.632812,215.9648,173.5391,506.9922,3
3241.605,429,65.48223,4480,18,10.632812,215.9648,177.0117,503.5195,3
3241.605,429,67.77494,4480,10,10.632812,215.9648,176.3398,504.1914,3
3241.605,429,67.25888,4480,10,10.632812,215.9648,175.6562,504.875,3
3241.605,429,66.15776,4448,9,10.632812,215.9648,175.8711,504.6602,3
3241.605,429,66.83544,4448,10,10.632812,215.9648,174.2656,506.2656,3
3241.605,429,62.78481,4448,11,10.632812,215.9648,174.0469,506.4844,3
3241.605,429,66.32911,4448,9,10.632812,215.9648,177.4648,503.0664,3
3241.605,429,68.38046,4448,9,10.632812,215.9648,177.0273,503.5039,3
3241.605,429,63.56784,4448,9,10.632812,215.9648,176.5664,503.9648,3
3241.605,429,66.58291,4448,11,10.632812,215.9648,175.6133,504.918,3
3241.605,429,67.00767,4448,8,10.632812,215.9648,174.2734,506.2578,3
3241.605,429,63.45178,4448,10,10.632812,215.9648,173.6016,506.9297,3
3241.605,429,62.62626,4448,10,10.632812,215.9648,173.3828,507.1484,3
3241.605,429,61.88119,4448,7,10.632812,215.9648,172.2344,508.2969,3
3241.605,429,63.93035,4448,13,10.632812,215.9648,171.5781,508.9531,3
3241.605,429,56.10973,4448,10,10.632812,215.9648,171.3594,509.1719,3
3241.605,429,51.74129,4448,11,10.632812,215.9648,171.1406,509.3906,3
3241.605,429,50.62344,4448,14,10.632812,215.9648,170.4844,510.0469,3
3241.605,429,56.96203,4448,9,10.632812,215.9648,171.0234,509.5078,3
3241.605,429,64.61538,4448,9,10.632812,215.9648,171.2812,509.25,3
3241.605,429,64.45013,4448,12,10.632812,215.9648,175.3984,505.1328,3
3241.605,429,67.26804,4448,10,10.632812,215.9648,174.9336,505.5977,3
3241.605,429,66.83544,4448,11,10.632812,215.9648,174.4688,506.0625,3
3241.605,429,68.7664,4448,13,10.648438,215.9648,173.5781,506.9531,3
3241.605,429,67.58794,4416,10,10.648438,215.9492,173.3594,507.1719,3
3241.605,429,67.00252,4416,10,10.648438,215.9648,172.9219,507.5938,3
3241.605,429,65.64885,4416,8,10.648438,215.9648,172.9219,507.5938,3
3241.605,429,62.40409,4416,8,10.648438,215.9648,172.9219,507.5938,3
3241.605,429,63.35878,4416,6,10.648438,215.9648,171.3086,509.207,3
3241.605,429,67.77494,4416,9,10.648438,215.9648,170.5977,509.918,3
3241.605,429,63.79747,4416,6,10.648438,215.9648,169.668,510.8477,3
3241.605,429,68.52792,4416,10,10.648438,215.9648,173.707,506.8086,3
3241.605,429,64.19437,4416,14,10.65625,215.9648,171.6523,508.8633,3
3241.605,429,65.75,4416,8,10.65625,215.9648,170.918,509.5898,3
3241.605,429,67.4359,4416,11,10.65625,215.9648,170.7266,509.7812,3
3241.605,429,64.8855,4416,3,10.65625,215.9648,169.6367,510.8711,3
3241.605,429,62.94416,4416,7,10.65625,215.9648,174.4258,506.082,3
3241.605,429,63.61323,4416,5,10.65625,215.9648,177.6953,502.8125,3
3241.605,429,62.15539,4416,6,10.65625,215.9648,176.2734,504.2344,3
3241.605,429,61.55779,4448,4,10.65625,215.9648,176.0547,504.4531,3
3241.605,429,58.14536,4448,16,10.65625,215.9648,174.6602,505.8477,3
3241.605,429,58.31266,4448,5,10.65625,215.9648,174.1953,506.3125,3
3241.605,429,51.72414,4448,12,10.65625,215.9648,176.7266,503.7812,3
3241.605,429,60.15038,4480,11,10.65625,215.9727,175.7969,504.7031,3
3241.605,429,66.07143,4480,11,10.65625,215.9727,175.1133,505.3867,3
3241.605,429,65.97938,4480,12,10.65625,215.9727,174.1562,506.3438,3
3241.605,430,68.28645,4480,5,10.65625,215.9727,173.4727,507.0273,3
3241.605,430,66.83673,4480,10,10.664062,215.9727,173.582,506.918,3
3241.605,430,70.51282,4480,11,10.664062,215.9727,176.293,504.1992,3
3241.605,430,65.47315,4480,10,10.664062,215.9727,175.3359,505.1562,3
3241.605,430,65.98465,4480,5,10.664062,215.9727,174.625,505.8672,3
3241.605,430,62.40409,4480,5,10.664062,215.9727,173.9414,506.5508,3
3241.605,430,64.70588,4480,4,10.664062,215.9727,173.2695,507.2227,3
3241.605,430,68.87755,4480,6,10.664062,215.9727,172.3672,508.125,3
3241.605,430,68.70229,4448,14,10.664062,215.9727,171.4414,509.0508,3
3241.605,430,72.44898,4448,9,10.664062,215.9727,177.3594,503.1328,3
3241.605,430,68.68687,4448,5,10.664062,215.9727,175.9688,504.5234,3
3241.605,430,68.68687,4448,9,10.664062,215.9727,175.5078,504.9844,3
3241.605,430,68.10127,4448,3,10.664062,215.9727,174.6055,505.8867,3
3241.605,430,67.78351,4448,6,10.664062,215.9727,173.8945,506.5977,3
3241.605,430,66.91729,4448,13,10.664062,215.9727,173.1836,507.3086,3
3241.605,430,67.51269,4448,13,10.664062,215.9727,172.0625,508.4297,3
3241.605,430,68.0798,4448,7,10.664062,215.9727,176.0156,504.4766,3
3241.605,430,61.51899,4448,9,10.664062,215.9727,174.2031,506.2891,3
3241.605,430,67.7665,4448,14,10.664062,215.9727,172.875,507.6172,3
3241.605,430,67.68448,4448,11,10.671875,215.9727,171.7266,508.7656,3
3241.605,430,66.07143,4448,10,10.671875,215.9727,174.6016,505.8828,3
3241.605,430,64.82412,4448,4,10.671875,215.9727,173.9453,506.5391,3
3241.605,430,65.13995,4448,4,10.671875,215.9727,173.2891,507.1953,3
3241.605,430,64.01985,4448,4,10.671875,215.9727,172.8242,507.6602,3
3241.605,430,60.401,4448,4,10.671875,215.9727,172.6055,507.8789,3
3241.605,430,55.13784,4448,8,10.671875,215.9727,172.1406,508.3438,3
3241.605,430,51.62907,4448,8,10.671875,215.9727,171.9219,508.5625,3
3241.621,430,49.0099,4448,8,10.671875,215.9727,171.2383,509.2461,3
3241.605,430,64.97462,4448,13,10.671875,215.9727,176.4492,504.0352,3
3241.605,430,66.15776,4448,10,10.671875,215.9727,173.6211,506.8633,3
3241.605,430,68.18182,4448,7,10.671875,215.9727,172.7461,507.7383,3
3241.605,430,66.14987,4448,8,10.671875,215.9727,172.5273,507.957,3
3241.605,430,67.34694,4448,9,10.671875,215.9727,172.0898,508.3945,3
3241.605,430,64.97462,4448,13,10.671875,215.9727,171.8477,508.6367,3
3241.605,430,68.04124,4448,7,10.671875,215.9727,172.6641,507.8203,3
3241.605,430,65.72165,4448,13,10.671875,215.9727,172.4453,508.0391,3
3241.605,430,66.66667,4448,5,10.671875,215.9727,172.043,508.4414,3
3241.605,430,63.95939,4448,8,10.671875,215.9727,171.6055,508.8789,3
3241.605,430,68.40796,4448,10,10.671875,215.9727,170.707,509.7773,3
3241.605,429,66.83673,4448,11,10.671875,215.9727,171.5039,508.9805,3
3241.605,429,67.17949,4448,14,10.671875,215.9727,175.1328,505.3516,3
3241.605,429,67.17949,4448,9,10.671875,215.9727,174.2031,506.2812,3
3241.605,429,65.48223,4448,10,10.671875,215.9727,173.9844,506.5,3
3241.605,429,68.19338,4448,15,10.671875,215.9727,172.3438,508.1406,3
3241.605,429,65.64885,4448,4,10.671875,215.9727,171.6328,508.8516,3
3241.605,429,66.83544,4448,12,10.671875,215.9727,171.4141,509.0703,3
3241.605,429,64.63104,4448,7,10.671875,215.9727,171.4141,509.0703,3
3241.605,429,67.8392,4448,7,10.671875,215.9727,171.1953,509.2891,3
3241.605,429,62.27848,4448,14,10.679688,215.9727,170.7148,509.7695,3
3241.605,429,68.86076,4448,5,10.679688,215.9727,170.4961,509.9805,3
3241.605,429,68.51385,4448,9,10.679688,215.9727,170.1133,510.3633,3
3241.605,429,67.66917,4448,12,10.679688,215.9727,173.4805,506.9961,3
3241.605,429,65.82278,4448,5,10.679688,215.9727,173.2617,507.2148,3
3241.605,429,62.59352,4448,5,10.679688,215.9727,172.6055,507.8711,3
3241.605,429,60.5985,4448,11,10.679688,215.9727,171.6758,508.8008,3
3241.605,429,54.72637,4448,10,10.679688,215.9727,170.7734,509.7031,3
3241.605,430,52.10918,4448,10,10.679688,215.9727,169.5977,510.8789,3
3241.605,430,54.0404,4448,10,10.679688,215.9727,174.207,506.2695,3
3241.605,430,65.38462,4448,9,10.679688,215.9727,173.0586,507.418,3
3241.605,430,66.23711,4448,5,10.679688,215.9727,172.8398,507.6367,3
3241.605,430,66.41026,4448,11,10.679688,215.9727,171.7188,508.7578,3
3241.605,430,66.32391,4480,11,10.679688,215.9727,170.7617,509.7148,3
3241.605,430,69.01763,4480,11,10.679688,215.9727,170.3672,510.1094,3
3241.605,430,65.12821,4480,7,10.679688,215.9727,169.4648,511.0117,3
3241.605,430,65.03856,4480,9,10.679688,215.9727,174.1914,506.2852,3
3241.605,430,63.17136,4480,6,10.679688,215.9727,173.332,507.1445,3
3241.605,431,68.97436,4480,7,10.679688,215.9727,172.1992,508.2773,3
3241.605,431,66.07143,4480,8,10.679688,215.9727,172.1992,508.2773,3
3241.605,431,67.94872,4480,12,10.679688,215.9727,175.9336,504.543,3
3241.605,431,64.14141,4480,8,10.679688,215.9727,174.9766,505.5,3
3241.605,431,64.26735,4480,8,10.679688,215.9727,174.293,506.1836,3
3241.605,431,64.55696,4480,9,10.679688,215.9727,173.8555,506.6211,3
3241.605,430,63.95939,4480,8,10.679688,215.9727,173.3906,507.0859,3
3241.605,430,70.81218,4480,11,10.679688,215.9727,172.7383,507.7383,3
3241.605,430,66.49616,4480,6,10.679688,215.9727,172.082,508.3945,3
3241.605,430,64.73552,4480,5,10.679688,215.9727,170.9609,509.5156,3
3241.605,430,63.17136,4480,9,10.679688,215.9727,171.7266,508.75,3
3241.605,430,65.22843,4480,11,10.679688,215.9727,171.043,509.4336,3
3241.605,430,65.82278,4480,14,10.679688,215.9727,174.2383,506.2383,3
3241.605,430,63.07692,4480,13,10.679688,215.9727,174.5117,505.9648,3
3241.605,430,69.09548,4480,12,10.679688,215.9727,176.2344,504.2422,3
3241.605,430,62.15539,4480,8,10.679688,215.9727,175.2773,505.1992,3
3241.605,430,65.16291,4480,9,10.679688,215.9727,174.5938,505.8828,3
3241.605,430,63.15789,4480,11,10.679688,215.9727,175.0859,505.3906,3
3241.605,430,61.09726,4480,10,10.679688,215.9727,178.3359,502.1406,3
3241.605,430,56.67506,4480,11,10.679688,215.9727,176.4336,504.043,3
3241.605,430,54.86284,4480,9,10.679688,215.9727,175.0664,505.4102,3
3239.965,430,54.31472,4480,6,10.679688,215.9727,174.3828,506.0938,3
3239.965,430,60.5598,4480,17,10.679688,215.9727,178.3672,502.1094,3
3239.965,430,67.7665,4480,6,10.6875,215.9727,177.2227,503.2539,3
3239.965,430,65.56122,4448,8,10.6875,215.9648,175.8047,504.6719,3
3239.965,430,67.77494,4448,10,10.6875,215.9727,173.9727,506.4961,3
3239.965,430,65.90331,4448,14,10.6875,215.9727,173.3164,507.1523,3
3239.965,430,71.3198,4448,5,10.6875,215.9727,176.7227,503.7461,3
3239.965,430,67.58794,4448,9,10.6875,215.9727,174.6172,505.8516,3
3239.965,430,67.17949,4448,12,10.6875,215.9727,173.7148,506.7539,3
3239.965,430,64.28571,4448,6,10.6875,215.9727,173.25,507.2188,3
3239.965,430,64.03061,4448,7,10.6875,215.9727,173.0312,507.4375,3
3239.965,430,70.0,4448,14,10.6875,215.9727,172.5664,507.9023,3
3239.965,430,68.38046,4448,13,10.6875,215.9727,171.9102,508.5586,3
3239.965,430,66.41221,4448,11,10.6875,215.9727,171.4727,508.9961,3
3239.965,430,67.00508,4448,13,10.6875,215.9727,171.5273,508.9414,3
3239.965,430,67.8481,4448,7,10.6875,215.9727,171.3086,509.1602,3
3239.965,430,62.46787,4448,13,10.6875,215.9727,170.6523,509.8164,3
3239.965,430,65.15152,4448,8,10.6875,215.9727,170.1367,510.332,3
3239.965,430,64.26735,4448,11,10.6875,215.9727,169.7227,510.7461,3
3239.965,430,65.06329,4448,8,10.6875,215.9727,169.4766,510.9922,3
3239.965,430,67.42424,4448,11,10.6875,215.9727,172.9688,507.5,3
3239.965,430,64.63104,4448,7,10.6875,215.9727,172.2852,508.1836,3
3239.965,430,65.81633,4448,16,10.6875,215.9727,173.3398,507.1289,3
3239.965,430,66.66667,4448,6,10.6875,215.9727,171.4805,508.9883,3
3239.965,430,63.06533,4448,10,10.6875,215.9727,170.8281,509.6406,3
3239.965,430,66.58228,4448,13,10.6875,215.9727,170.4258,510.043,3
3239.965,430,65.23929,4448,12,10.6875,215.9727,169.7734,510.6953,3
3239.965,430,61.71285,4448,10,10.6875,215.9727,173.8281,506.6406,3
3239.965,430,58.85287,4448,13,10.6875,215.9727,171.7227,508.7461,3
3240.164,430,53.0,4448,6,10.6875,215.9727,174.9961,505.4727,3
3240.164,430,53.0,4448,8,10.6875,215.9727,172.8906,507.5781,3
3240.164,430,63.91753,4448,9,10.6875,215.9727,172.4258,508.043,3
3240.164,430,62.9156,4448,9,10.6875,215.9727,172.4258,508.043,3
3240.164,430,67.60204,4448,9,10.6875,215.9727,175.8125,504.6562,3
3240.164,430,65.56122,4448,11,10.6875,215.9727,175.5664,504.9023,3
3240.164,430,65.30612,4448,12,10.6875,215.9727,174.1562,506.3125,3
3240.164,430,65.47315,4448,8,10.6875,215.9727,173.7188,506.75,3
3240.164,430,67.34177,4448,9,10.6875,215.9727,177.1133,503.3555,3
3240.164,430,66.92112,4448,8,10.6875,215.9727,175.5039,504.9648,3
3240.164,430,67.79221,4448,11,10.6875,215.9727,174.3555,506.1133,3
3240.164,430,67.17557,4448,3,10.6875,215.9727,173.6719,506.7969,3
3240.164,430,65.30612,4448,5,10.6875,215.9727,172.0859,508.3828,3
3240.164,430,63.10433,4448,11,10.6875,215.9727,171.6211,508.8477,3
3240.164,430,63.5443,4448,6,10.6875,215.9727,171.4023,509.0664,3
3240.164,430,67.4359,4448,7,10.6875,215.9727,170.7188,509.75,3
3240.164,430,63.95939,4448,3,10.6875,215.9727,170.2812,510.1875,3
3240.164,430,66.49616,4448,11,10.6875,215.9727,169.1445,511.3242,3
3240.164,430,69.19192,4448,13,10.6875,215.9727,168.7617,511.707,3
3240.164,430,66.24685,4448,13,10.6875,215.9727,172.6211,507.8477,3
3240.164,430,65.81633,4448,4,10.6875,215.9727,176.2539,504.2148,3
3240.164,430,67.94872,4448,10,10.6875,215.9727,174.832,505.6367,3
3240.164,428,64.81013,4448,12,10.695312,215.9727,179.2656,501.2031,3
3240.164,428,66.58228,4448,4,10.695312,215.9648,176.8867,503.582,3
3240.164,428,64.3038,4448,10,10.695312,215.9727,176.6523,503.8086,3
3240.164,428,62.18274,4448,5,10.695312,215.9727,176.1875,504.2734,3
3240.164,428,60.75949,4448,4,10.695312,215.9727,174.0273,506.4336,3
3240.164,428,59.55335,4448,3,10.695312,215.9727,173.3438,507.1172,3
3240.164,428,59.89975,4448,9,10.695312,215.9727,173.3438,507.1172,3
3240.164,428,56.15764,4448,6,10.695312,215.9727,173.125,507.3359,3
3240.164,428,53.86534,4448,10,10.695312,215.9727,172.4414,508.0195,3
3240.164,428,54.0404,4448,9,10.695312,215.9727,172.2227,508.2383,3
3240.164,428,63.06533,4448,5,10.695312,215.9727,171.1016,509.3594,3
3240.164,428,67.85714,4448,7,10.695312,215.9727,170.6367,509.8242,3
3240.164,428,71.17347,4448,5,10.695312,215.9727,169.9531,510.5078,3
3240.164,428,66.75192,4448,4,10.695312,215.9727,169.2969,511.1641,3
3240.164,428,64.84375,4448,12,10.695312,215.9727,169.332,511.1289,3
3240.164,428,64.67532,4448,4,10.695312,215.9727,173.3281,507.1328,3
3240.164,426,66.83673,4448,6,10.695312,215.9727,172.1523,508.3086,3
3240.164,426,64.70588,4480,7,10.695312,215.9727,171.4805,508.9805,3
3240.164,426,70.88608,4480,4,10.695312,215.9727,171.5664,508.8945,3
3240.164,426,64.03061,4480,9,10.695312,215.9727,171.3477,509.1133,3
3240.164,426,69.38776,4480,8,10.695312,215.9727,170.418,510.043,3
3240.164,426,67.01031,4480,11,10.71875,215.9727,174.7773,505.6836,3
3240.164,426,66.49746,4480,6,10.71875,215.9727,173.6016,506.8359,3
3240.164,426,64.63104,4480,9,10.71875,215.9727,177.2578,503.1797,3
3240.668,426,65.30612,4480,5,10.71875,215.9727,176.5586,503.8789,3
3240.668,426,64.97462,4480,7,10.71875,217.4219,174.5898,504.3984,3
3240.164,426,63.26531,4480,17,10.71875,217.4219,174.125,504.8633,3
3240.164,426,66.49874,4480,7,10.71875,217.4219,173.168,505.8203,3
3240.164,426,65.64885,4480,8,10.71875,217.4219,172.7031,506.2852,3
3240.164,426,65.47315,4480,5,10.71875,217.4219,172.2656,506.7227,3
3240.164,425,67.7665,4480,10,10.71875,217.4219,172.0469,506.9414,3
3240.164,425,63.33333,4480,15,10.71875,217.4219,171.1172,507.8711,3
3240.164,424,65.49118,4480,9,10.71875,217.4219,170.8984,508.0898,3
3240.164,424,64.0,4480,10,10.71875,217.4219,170.2422,508.7461,3
3240.164,424,61.61616,4480,11,10.71875,217.457,170.4883,508.4648,3
3240.164,424,58.37438,4480,8,10.71875,217.457,170.2695,508.6836,3
3240.164,425,57.85536,4480,5,10.71875,217.457,169.6133,509.3398,3
3240.164,425,57.17822,4480,9,10.71875,217.457,168.9297,510.0234,3
3240.164,426,50.62657,4448,5,10.71875,217.457,168.4922,510.4609,3
3240.164,426,53.59801,4448,15,10.71875,217.457,167.34375,511.6094,3
3240.164,426,64.3038,4448,5,10.71875,217.457,172.4922,506.4609,3
3240.164,426,65.47315,4448,15,10.71875,217.457,171.3164,507.6367,3
3240.164,426,65.12821,4448,8,10.71875,217.457,170.9102,508.043,3
3240.164,426,65.64103,4480,7,10.71875,217.457,170.2266,508.7266,3
3240.164,426,60.72351,4480,8,10.726562,217.457,174.3594,504.5938,3
3240.164,426,66.49616,4480,6,10.726562,217.457,173.8672,505.0781,3
3240.164,426,67.59494,4480,7,10.726562,217.457,173.1914,505.7539,3
3240.164,426,68.59296,4480,10,10.726562,217.457,171.3359,507.6094,3
3240.164,426,64.17526,4480,6,10.726562,217.457,170.8984,508.0469,3
3240.164,426,67.60204,4480,10,10.726562,217.457,170.2148,508.7305,3
3240.164,426,64.97462,4480,7,10.726562,217.457,169.0391,509.9062,3
3240.164,426,66.06684,4480,6,10.726562,217.457,171.6602,507.2852,3
3240.164,426,65.12821,4480,13,10.726562,217.457,170.7578,508.1875,3
3240.164,426,67.17557,4480,9,10.726562,217.457,170.3203,508.625,3
3240.164,426,62.14834,4480,8,10.726562,217.457,168.8984,510.0469,3
3240.164,426,66.07595,4512,9,10.726562,217.457,168.4336,510.5117,3
3240.164,426,63.68286,4512,9,10.726562,217.457,166.57422,512.3711,3
3240.164,426,64.23174,4512,5,10.726562,217.457,165.64453,513.3008,3
3240.164,426,64.48363,4512,12,10.726562,217.457,166.81641,512.1289,3
3240.164,426,66.83544,4512,10,10.726562,217.457,166.65625,512.2891,3
3240.164,426,67.00508,4480,7,10.726562,217.457,165.97266,512.9727,3
3240.164,426,62.40602,4480,12,10.726562,217.457,165.97266,512.9727,3
3240.164,426,64.28571,4480,6,10.726562,217.457,165.97266,512.9727,3
3240.164,426,64.72081,4480,9,10.726562,217.457,166.24609,512.6992,3
3240.164,426,63.5,4480,6,10.726562,217.457,165.56641,513.3789,3
3240.164,426,59.80149,4480,10,10.726562,217.457,166.79297,512.1523,3
3240.164,426,58.79397,4448,5,10.726562,217.457,169.8242,509.1211,3
3240.164,426,59.54774,4448,12,10.734375,217.457,167.20703,511.7383,3
3240.164,426,57.00246,4448,8,10.734375,217.457,166.76953,512.168,3
3240.164,426,50.75,4448,9,10.742188,217.457,171.7852,507.1523,3
3240.164,426,61.9898,4448,9,10.742188,217.457,174.9727,503.957,3
3240.164,426,64.93506000000001,4448,11,10.742188,217.457,174.2617,504.668,3
3240.164,426,65.56122,4448,10,10.742188,217.457,172.8125,506.1172,3
3240.164,426,65.03856,4448,11,10.742188,217.457,170.707,508.2227,3
3240.164,426,66.75192,4448,11,10.742188,217.457,170.2422,508.6875,3
3240.164,426,68.86076,4448,17,10.742188,217.457,169.3125,509.6172,3
3240.164,426,63.42711,4448,10,10.742188,217.457,173.4258,505.5039,3
3240.164,427,70.05076,4448,11,10.742188,217.457,171.7852,507.1445,3
3240.164,427,68.27411,4448,15,10.742188,217.457,170.1875,508.7422,3
3240.164,427,69.64286,4448,14,10.742188,217.457,169.5312,509.3984,3
3240.164,427,69.11392,4448,10,10.742188,217.457,169.0664,509.8633,3
3240.164,427,69.34673,4448,11,10.742188,217.457,168.1641,510.7656,3
3240.164,427,67.8481,4448,9,10.742188,217.457,171.3945,507.5352,3
3240.164,427,67.60204,4448,9,10.742188,217.457,170.0547,508.875,3
3240.164,427,64.8855,4448,13,10.742188,217.457,169.3711,509.5586,3
3240.164,427,65.66416,4448,9,10.742188,217.457,168.4688,510.4609,3
3240.164,427,64.14141,4448,9,10.742188,217.457,172.5703,506.3594,3
3240.164,427,69.28934,4448,10,10.742188,217.457,171.1914,507.7383,3
3240.164,427,69.19192,4448,10,10.75,217.457,170.5352,508.3945,3
3240.164,427,63.35878,4448,5,10.75,217.4492,169.6328,509.2969,3
3240.164,427,67.17172,4480,9,10.75,217.457,168.6992,510.2227,3
3240.164,427,64.46701,4480,13,10.75,217.457,168.2344,510.6875,3
3240.164,427,69.17293,4480,6,10.75,217.457,167.57812,511.3438,3
3240.164,427,62.27848,4480,9,10.765625,217.457,167.35938,511.5625,3
3240.164,427,64.89899,4480,10,10.765625,217.4414,166.45703,512.4648,3
3240.164,427,61.5,4448,10,10.765625,217.457,166.01953,512.8867,3
3240.164,427,57.75,4448,15,10.765625,217.457,165.99609,512.9102,3
3240.164,427,58.66337,4448,13,10.765625,217.457,170.2344,508.6719,3
3240.164,427,56.32754,4448,10,10.765625,217.457,169.3086,509.5977,3
3240.164,427,56.5,4448,10,10.765625,217.457,174.8516,504.0547,3
3240.164,427,58.52417,4448,8,10.765625,217.457,173.5195,505.3867,3
3240.164,427,66.32391,4448,8,10.765625,217.457,173.2734,505.6328,3
3240.164,427,65.80977,4448,14,10.765625,217.457,172.6289,506.2773,3
3240.164,427,67.70833,4448,12,10.765625,217.457,174.918,503.9883,3
3240.164,427,64.96164,4448,8,10.765625,217.457,174.2617,504.6445,3
3240.164,427,67.4359,4448,7,10.765625,217.457,172.1289,506.7773,3
3240.164,427,65.89744,4448,9,10.765625,217.457,171.8867,507.0195,3
3240.164,427,63.70558,4448,10,10.765625,217.457,170.7383,508.168,3
3240.164,426,65.74307,4448,11,10.765625,217.457,170.0273,508.8789,3
3240.164,426,64.10256,4448,9,10.765625,217.457,169.7695,509.1367,3
3240.164,426,67.01031,4448,5,10.765625,217.457,169.3555,509.5508,3
3240.164,426,65.81633,4448,10,10.765625,217.457,168.4258,510.4805,3
3240.164,426,63.95939,4448,8,10.765625,217.457,167.76953,511.1367,3
3240.164,426,65.64103,4448,4,10.765625,217.457,172.4336,506.4727,3
3240.164,426,66.58163,4448,11,10.765625,217.457,171.5977,507.3086,3
3240.164,426,61.96474,4448,11,10.765625,217.457,170.3711,508.5352,3
3240.164,426,64.14141,4448,4,10.765625,217.457,170.2031,508.7031,3
3240.164,426,64.69072,4448,9,10.765625,217.457,169.75,509.1562,3
3240.164,426,64.45013,4448,4,10.765625,217.457,169.2852,509.6211,3
3240.164,427,63.79747,4448,12,10.765625,217.457,168.8203,510.0859,3
3241.605,428,64.79592,4448,7,10.765625,217.457,168.6016,510.3047,3
3241.605,428,65.38462,4448,6,10.765625,217.457,167.64453,511.2617,3
3241.605,428,67.42424,4448,8,10.765625,217.457,167.48047,511.4258,3
3241.605,428,64.48363,4448,12,10.765625,217.457,175.4688,503.4375,3
3241.605,428,63.31658,4448,9,10.765625,217.457,174.7969,504.1094,3
3241.605,428,64.8855,4448,5,10.765625,217.457,173.1953,505.7109,3
3241.605,428,62.0,4448,7,10.765625,217.457,172.9766,505.9297,3
3241.605,428,57.3201,4448,7,10.765625,217.457,172.0469,506.8594,3
3241.605,428,55.36585,4448,8,10.765625,217.457,171.3906,507.5156,3
3241.605,428,53.9801,4448,10,10.765625,217.457,170.9531,507.9531,3
3241.605,428,60.20408,4448,7,10.765625,217.457,168.8516,510.0547,3
3241.605,428,63.42711,4448,7,10.765625,217.457,167.9219,510.9844,3
3239.203,429,70.58824,4448,4,10.765625,217.457,171.8789,507.0273,3
3239.203,429,69.64286,4448,14,10.765625,217.457,169.2266,509.6797,3
3239.203,429,68.43434,4448,8,10.765625,217.457,169.7812,509.125,3
3239.203,429,69.62025,4448,5,10.765625,217.457,172.3203,506.5859,3
3239.203,429,71.60804,4480,13,10.765625,217.457,170.9531,507.9531,3
3239.203,429,69.87342,4480,10,10.765625,217.457,168.6328,510.2734,3
3239.203,429,67.86632,4480,3,10.765625,217.457,172.6328,506.2734,3
3239.203,429,65.81633,4480,12,10.765625,217.457,171.0312,507.875,3
3239.203,429,66.83544,4448,12,10.765625,217.457,174.168,504.7383,3
3239.203,429,66.58098,4448,13,10.765625,217.457,172.5586,506.3477,3
3239.203,429,69.26952,4448,14,10.765625,217.457,171.6836,507.2227,3
3239.203,429,68.35443,4448,9,10.765625,217.457,176.4609,502.4453,3
3239.203,429,63.10433,4448,4,10.765625,217.457,174.5273,504.3789,3
3239.203,429,64.48363,4448,12,10.765625,217.457,172.9141,505.9922,3
3239.203,429,67.77494,4448,3,10.765625,217.457,171.5469,507.3594,3
3239.203,429,63.17136,4448,13,10.765625,217.457,170.3711,508.5352,3
3239.203,429,67.93893,4448,5,10.765625,217.457,174.2891,504.6172,3
3239.203,429,63.19797,4448,14,10.765625,217.457,172.3789,506.5273,3
3239.203,429,67.00252,4448,9,10.765625,217.457,170.4648,508.4414,3
3239.203,429,65.81633,4448,6,10.765625,217.457,173.9102,504.9961,3
3239.203,429,67.33668,4448,6,10.765625,217.457,173.0195,505.8867,3
3239.203,429,65.74307,4448,11,10.765625,217.457,172.3398,506.5664,3
3239.203,429,66.75063,4448,5,10.765625,217.457,175.4258,503.4805,3
3239.203,429,63.09227,4448,10,10.765625,217.457,174.0078,504.8984,3
3239.203,429,61.9403,4448,8,10.765625,217.457,173.1055,505.8008,3
3239.203,429,56.0794,4448,8,10.765625,217.457,171.6992,507.207,3
3239.922,429,54.54545,4448,9,10.765625,217.457,171.2617,507.6445,3
3239.922,429,54.34243,4480,9,10.765625,217.457,169.8672,509.0391,3
3239.922,429,60.81425,4480,9,10.765625,217.457,168.7734,510.1328,3
3239.922,429,65.29563,4480,20,10.773438,217.457,168.1172,510.7891,3
3239.922,429,67.70026,4480,9,10.789062,217.457,166.99609,511.9023,3
3239.922,428,65.29563,4480,11,10.789062,217.4414,166.48047,512.418,3
3239.922,428,68.26196,4480,11,10.789062,217.457,170.1914,508.6914,3
3239.922,428,68.11224,4480,12,10.789062,217.457,168.5273,510.3555,3
3239.922,428,67.51918,4480,11,10.789062,217.457,172.7969,506.0859,3
3239.922,429,67.51269,4480,15,10.789062,217.457,172.2422,506.6406,3
3239.922,429,67.51918,4480,6,10.789062,217.457,171.6211,507.2617,3
3239.922,429,66.32653,4480,6,10.789062,217.457,170.2891,508.5938,3
3239.922,429,71.61125,4480,7,10.789062,217.457,173.2344,505.6484,3
3239.922,429,69.89796,4480,16,10.789062,217.457,172.0625,506.8203,3
3239.922,429,62.8866,4480,10,10.789062,217.457,171.3789,507.5039,3
3240.926,429,65.64885,4480,8,10.789062,217.457,170.6953,508.1875,3
3240.926,429,67.26343,4512,11,10.789062,217.457,167.8242,511.0586,3
3239.922,429,63.86768,4512,13,10.789062,217.457,167.35938,511.5234,3
3239.922,429,69.13265,4512,9,10.789062,217.457,166.64844,512.2344,3
3239.922,429,67.17557,4512,9,10.789062,217.457,170.5156,508.3672,3
3239.922,429,64.03061,4480,9,10.789062,217.457,168.4492,510.4336,3
3239.922,429,63.47607,4480,15,10.789062,217.457,168.0117,510.8711,3
3239.922,429,64.89899,4480,17,10.789062,217.457,172.4258,506.457,3
3239.922,429,67.09512,4480,7,10.789062,217.457,171.7266,507.1562,3
3239.922,429,65.0,4480,17,10.789062,217.457,170.3594,508.5234,3
3239.922,429,65.92593,4480,9,10.789062,217.457,169.6484,509.2344,3
3239.922,429,66.92112,4480,10,10.789062,217.457,168.9922,509.8906,3
3239.922,429,62.0,4480,9,10.789062,217.457,167.8711,511.0117,3
3239.922,429,60.29777,4480,12,10.789062,217.457,167.21484,511.668,3
3239.922,429,61.08374,4480,14,10.789062,217.457,165.79297,513.0898,3
3239.922,429,54.09429,4480,7,10.789062,217.457,169.5508,509.332,3
3239.922,429,52.72277,4480,10,10.789062,217.457,168.1562,510.7266,3
3239.922,429,63.19797,4480,12,10.789062,217.457,167.19922,511.6836,3
3239.922,429,66.92308,4480,5,10.789062,217.457,166.26953,512.6133,3
3239.922,429,64.43299,4480,8,10.789062,217.457,165.33984,513.543,3
3239.922,429,66.75063,4480,9,10.789062,217.457,165.12109,513.7617,3
3239.922,429,65.38462,4480,14,10.789062,217.457,163.98438,514.8984,3
3239.922,429,65.63307,4480,12,10.789062,217.457,169.0703,509.8125,3
3239.922,429,64.45013,4480,17,10.789062,217.457,167.12891,511.7539,3
3239.922,429,64.81013,4480,13,10.789062,217.457,171.0859,507.7969,3
3239.922,429,72.29219,4480,6,10.789062,217.457,170.8516,508.0312,3
3239.922,429,65.56122,4480,10,10.789062,217.457,169.7344,509.1484,3
3239.922,429,66.75127,4480,5,10.789062,217.457,168.1758,510.707,3
3239.922,429,67.09512,4480,14,10.789062,217.457,171.8867,506.9961,3
3240.062,429,64.70588,4480,8,10.789062,217.457,170.832,508.0508,3
3240.062,429,67.86632,4480,10,10.789062,217.457,170.1758,508.707,3
3240.062,429,66.07595,4480,11,10.789062,217.457,169.7109,509.1719,3
3240.062,429,66.75127,4480,11,10.789062,217.457,169.4688,509.4141,3
3240.062,429,59.53608,4480,10,10.789062,217.457,169.0039,509.8789,3
3240.062,429,64.37659,4480,6,10.789062,217.457,168.1133,510.7695,3
3240.062,429,67.93893,4480,13,10.796875,217.457,172.5,506.3828,3
3240.078,429,68.18182,4480,11,10.796875,217.457,175.2539,503.6211,3
3240.062,429,66.32653,4480,17,10.796875,217.457,174.5703,504.3047,3
3240.062,429,67.51269,4480,12,10.796875,217.457,172.5078,506.3672,3
3240.062,429,66.66667,4480,10,10.796875,217.457,171.1445,507.7305,3
3240.062,429,64.82412,4480,7,10.796875,217.457,168.9844,509.8906,3
3240.062,429,64.57286,4480,8,10.796875,217.457,168.3281,510.5469,3
3240.062,429,62.90727,4480,9,10.796875,217.457,168.1094,510.7656,3
3240.062,429,61.7866,4480,14,10.804688,217.457,167.20703,511.668,3
3240.062,429,55.11222,4480,8,10.804688,217.4492,171.8906,506.9844,3
3240.062,429,55.75,4480,6,10.804688,217.457,170.3086,508.5586,3
3240.062,429,53.5,4480,9,10.804688,217.457,170.0898,508.7773,3
3240.062,429,59.24051,4480,10,10.804688,217.457,169.625,509.2422,3
3240.062,429,65.38462,4480,12,10.804688,217.457,174.1719,504.6953,3
3240.062,429,63.73057,4480,14,10.804688,217.457,172.1172,506.75,3
3240.062,429,63.58974,4480,6,10.804688,217.457,170.668,508.1992,3
3240.062,429,64.37659,4480,13,10.804688,217.457,169.957,508.9102,3
3240.062,429,65.05102,4448,10,10.804688,217.457,168.3281,510.5391,3
3240.062,429,65.64103,4448,11,10.804688,217.457,171.2852,507.582,3
3240.062,429,67.51918,4448,11,10.804688,217.457,172.0664,506.8008,3
3240.062,429,66.41026,4448,12,10.804688,217.457,170.0,508.8672,3
3240.062,428,64.50777,4448,10,10.804688,217.457,168.6328,510.2344,3
3240.062,428,65.81633,4448,15,10.804688,217.457,168.3867,510.4805,3
3240.062,428,63.93862,4448,9,10.8125,217.457,167.67578,511.1914,3
3240.062,428,63.52041,4448,10,10.8125,217.457,167.53906,511.3203,3
3240.062,428,64.8855,4448,16,10.8125,217.457,167.10547,511.7539,3
3240.062,428,66.66667,4448,13,10.8125,217.457,171.5234,507.3359,3
3240.062,428,67.00252,4448,11,10.8125,217.457,170.8984,507.9609,3
3240.062,428,64.14141,4448,14,10.8125,217.457,169.9414,508.918,3
3240.062,428,62.97229,4448,7,10.8125,217.457,169.7578,509.1016,3
3240.062,428,65.82278,4448,8,10.8125,217.457,169.1055,509.7539,3
3240.062,428,66.32391,4448,14,10.8125,217.457,167.9023,510.957,3
3240.062,428,68.51385,4448,15,10.8125,217.457,171.418,507.4414,3
3240.062,428,70.55838,4448,11,10.8125,217.457,170.0234,508.8359,3
3240.062,428,66.33166,4448,14,10.8125,217.457,169.8047,509.0547,3
3240.062,428,66.25,4480,10,10.8125,217.457,169.5859,509.2734,3
3240.062,428,65.23929,4480,13,10.8125,217.457,169.1211,509.7383,3
3240.062,427,64.91228,4480,8,10.8125,217.457,169.4766,509.3828,3
3240.062,428,59.10224,4480,10,10.8125,217.457,168.7656,510.0938,3
3240.062,428,56.5,4480,8,10.8125,217.457,167.67188,511.1875,3
3240.062,428,56.10973,4480,11,10.8125,217.457,167.45312,511.4062,3
3240.062,428,54.27136,4480,9,10.8125,217.457,171.3906,507.4688,3
3240.062,428,62.0,4480,7,10.8125,217.457,169.9688,508.8906,3
3240.062,428,67.25888,4480,9,10.8125,217.457,169.75,509.1094,3
3240.062,428,65.27415,4480,6,10.8125,217.457,168.7695,510.0898,3
3240.062,428,65.46392,4480,6,10.8125,217.457,168.1406,510.7188,3
3240.062,428,67.09512,4480,8,10.8125,217.457,167.9336,510.9258,3
3240.062,428,65.72165,4480,11,10.8125,217.457,167.30859,511.5508,3
3240.062,428,64.19437,4480,4,10.8125,217.457,167.13281,511.7266,3
3240.062,428,64.58333,4480,11,10.8125,217.457,168.0859,510.7734,3
3240.062,428,66.07143,4480,7,10.8125,217.457,167.45312,511.4062,3
3240.062,428,64.45013,4480,13,10.8125,217.457,167.64844,511.2109,3
3240.062,428,70.91837,4480,9,10.8125,217.457,166.26172,512.5977,3
3240.062,428,62.59542,4480,12,10.8125,217.457,165.79688,513.0625,3
3240.062,428,68.18182,4480,11,10.828125,217.457,169.6133,509.2461,3
3240.062,428,64.79592,4480,4,10.828125,217.457,169.1758,509.668,3
3240.062,428,67.51269,4480,4,10.828125,217.457,169.2891,509.5547,3
3240.062,428,64.37659,4480,5,10.828125,217.457,171.7695,507.0742,3
3240.062,428,65.47315,4480,13,10.828125,217.457,170.8398,508.0039,3
3240.062,428,61.51899,4480,4,10.828125,217.457,170.6211,508.2227,3
3240.062,428,66.41221,4480,12,10.828125,217.457,169.7031,509.1406,3
3251.148,431,64.73552,4512,11,10.976562,217.457,168.9961,509.8477,3
3251.906,431,61.57761,4512,4,10.980469,221.2188,164.42969,510.5039,3
3241.125,428,59.74684,4480,4,10.980469,221.2852,163.47266,511.3906,3
3241.125,428,64.64646,4480,7,10.988281,221.2852,163.23047,511.6328,3
3241.125,428,64.64646,4480,7,10.988281,221.2852,163.79297,511.0625,3
3241.125,428,67.34177,4480,11,10.988281,221.2852,164.26953,510.5859,3
3241.125,428,68.18182,4480,6,10.996094,221.2852,163.17578,511.6797,3
3241.125,428,66.66667,4480,12,10.996094,221.2773,166.72656,508.1289,3
3241.125,428,71.68367,4480,7,10.996094,221.2852,165.57812,509.2695,3
3241.125,428,67.42424,4480,18,10.996094,221.2852,164.86719,509.9805,3
3241.125,428,65.22843,4480,10,10.996094,221.2852,164.15625,510.6914,3
3241.125,428,65.56122,4480,10,10.996094,221.2852,163.44922,511.3984,3
3241.125,428,65.06329,4480,6,11.003906,221.2852,162.98438,511.8633,3
3241.125,428,67.68448,4480,9,11.003906,221.2773,167.01172,507.8359,3
3241.125,428,63.77551,4480,7,11.003906,221.2852,166.16797,508.6719,3
3241.125,428,62.5,4480,4,11.003906,221.2852,171.5703,503.2695,3
3241.125,428,66.49874,4480,7,11.019531,221.2852,170.4062,504.4336,3
3241.125,428,63.86768,4480,13,11.027344,221.293,169.2305,505.5859,3
3241.125,428,65.7289,4480,10,11.027344,221.293,168.0664,506.7422,3
3241.125,428,64.63104,4480,17,11.027344,221.293,167.13672,507.6719,3
3241.125,428,65.99496,4480,13,11.027344,221.293,166.64453,508.1641,3
3241.125,428,63.45178,4480,7,11.027344,221.293,166.17969,508.6289,3
3241.125,428,62.27848,4480,9,11.027344,221.293,165.52344,509.2852,3
3241.125,428,63.09227,4480,10,11.035156,221.293,164.62109,510.1875,3
3241.125,428,59.29648,4480,11,11.035156,221.2852,163.00781,511.8008,3
3241.125,428,57.67327,4480,8,11.035156,221.293,161.88672,512.9141,3
3241.125,428,53.16456,4480,5,10.164062,221.293,161.42188,513.3789,3
3241.125,428,51.9084,4512,8,10.164062,219.4297,167.00391,510.5312,3
3241.125,428,60.15038,4512,8,10.164062,219.4062,166.08984,511.4688,3
3241.125,428,65.98465,4512,13,10.171875,219.4062,166.5625,510.9961,3
3241.125,428,69.26952,4512,9,10.171875,219.3984,165.22266,512.3359,3
3241.125,428,66.07143,4512,9,10.171875,219.4062,164.54297,513.0078,3
3241.125,428,69.48718,4512,14,10.171875,219.4062,163.85938,513.6914,3
3241.125,428,67.51269,4512,5,10.171875,219.4062,168.0742,509.4766,3
3241.125,428,71.02564,4512,8,10.171875,219.4062,167.63672,509.9141,3
3241.125,428,69.05371,4512,8,10.171875,219.4062,167.17188,510.3789,3
3241.125,428,65.47315,4512,10,10.171875,219.4062,165.81641,511.7344,3
3241.125,428,69.05371,4512,5,10.171875,219.4062,164.94141,512.6094,3
3241.125,428,66.58228,4512,12,10.171875,219.4062,163.84766,513.7031,3
3241.125,428,67.77494,4480,11,10.171875,219.4062,162.94922,514.6016,3
3241.125,428,66.49746,4480,9,10.171875,219.4062,167.59766,509.9531,3
3241.125,428,67.4359,4480,9,10.171875,219.4062,165.96094,511.5898,3
3241.125,428,64.35897,4448,9,10.171875,219.4062,165.49609,512.0547,3
3241.125,428,66.49746,4448,9,10.171875,219.4062,164.8125,512.7383,3
3241.125,428,64.81013,4448,7,10.171875,219.4062,167.62891,509.9219,3
3241.125,428,64.55696,4448,8,10.171875,219.4062,167.41016,510.1406,3
3241.125,428,63.35878,4448,6,10.179688,219.4062,165.58984,511.9609,3
3241.125,428,64.12214,4448,9,10.179688,219.4961,164.93359,512.5195,3
3241.125,428,63.65915,4448,12,10.179688,219.4062,164.74219,512.8008,3
3241.125,428,66.07595,4480,9,10.179688,219.4062,165.47656,512.0664,3
3241.125,428,65.98985,4480,13,10.179688,219.4062,167.69922,509.8438,3
3241.125,428,63.88889,4480,12,10.179688,219.4062,171.6641,505.8789,3
3239.203,428,63.59102,4480,11,10.1875,219.4062,170.9805,506.5625,3
3242.09,428,62.28288,4480,6,10.199219,219.4062,170.0508,507.4844,3
3242.09,428,60.85859,4480,14,10.199219,219.3945,168.1406,509.3945,3
3242.09,428,60.05025,4480,9,10.199219,219.4062,166.5,511.0234,3
3242.371,429,58.20896,4480,11,10.214844,219.4062,165.36328,512.1602,3
3242.09,428,51.62907,4480,10,10.214844,219.3906,162.54688,514.9766,3
3242.949,430,53.25,4480,16,10.214844,219.4062,161.39844,516.1094,3
3242.09,428,62.37374,4480,5,10.214844,219.4062,160.74219,516.7656,3
3239.684,428,68.87755,4480,11,10.214844,219.4062,160.05859,517.4492,3
3240.164,428,67.08861,4480,13,10.214844,219.4062,164.08984,513.418,3
3240.645,428,66.58098,4480,18,10.214844,219.4062,167.32031,510.1875,3
3242.57,428,65.03856,4480,12,10.214844,219.4062,166.36328,511.1445,3
3242.57,428,67.60204,4480,7,10.214844,219.4062,165.20312,512.3047,3
3242.57,428,69.13265,4480,10,10.214844,219.4062,163.34375,514.1641,3
3243.051,428,67.09184,4480,8,10.214844,219.4062,162.66016,514.8477,3
3243.051,428,68.5422,4480,8,10.214844,219.4062,161.75781,515.75,3
3243.051,428,71.24682,4448,9,10.214844,219.4062,169.2812,508.2266,3
3241.125,428,62.43655,4448,9,10.214844,219.4062,167.42578,510.082,3
3241.125,428,61.02564,4448,11,10.214844,219.4062,166.30469,511.2031,3
3241.125,428,68.0203,4448,9,10.214844,219.4062,165.85156,511.6562,3
3241.125,428,70.91837,4448,10,10.214844,219.4062,165.41406,512.0938,3
3241.125,428,68.62245,4448,9,10.214844,219.4062,164.45703,513.0508,3
3242.57,428,62.05128,4448,11,10.214844,219.4062,164.23828,513.2695,3
3242.57,427,68.36735,4448,14,10.214844,219.4062,167.8516,509.6562,3
3242.57,427,65.05102,4448,9,10.214844,219.4062,166.48828,511.0195,3
3242.57,427,71.75573,4448,12,10.214844,219.4062,165.58594,511.9219,3
3242.57,428,67.09184,4448,8,10.214844,219.4062,164.49219,513.0156,3
3242.57,428,62.69036,4480,9,10.214844,219.4062,164.24609,513.2617,3
3242.57,428,67.17557,4480,12,10.214844,219.4062,163.78125,513.7266,3
3242.57,428,65.82278,4480,12,10.214844,219.4062,162.19531,515.3125,3
3242.57,428,66.33166,4448,7,10.214844,219.4062,160.75,516.7578,3
3242.57,428,66.91919,4448,12,10.214844,219.4062,159.90234,517.6055,3
3242.57,428,65.31646,4448,9,10.214844,219.4062,158.56641,518.9414,3
3242.57,428,61.75,4448,13,9.964844,219.4062,158.66016,518.8477,3
3242.57,428,64.64646,4448,7,9.964844,219.4609,162.30469,515.3984,3
3242.57,428,58.75,4448,9,9.964844,219.4062,165.46094,512.2969,3
3242.57,428,62.75,4448,14,9.964844,219.4062,163.85938,513.8984,3
3242.57,428,57.32323,4480,9,9.980469,219.4062,166.86719,510.8906,3
3242.57,428,56.75676,4480,9,9.980469,219.4062,164.27344,513.4688,3
3242.57,428,61.80905,4480,8,9.980469,219.4062,163.15234,514.5898,3
3242.57,428,61.28205,4480,10,9.980469,219.4062,162.25,515.4922,3
3242.57,428,63.63636,4480,11,9.980469,219.4062,161.29297,516.4492,3
3242.57,428,68.27411,4480,12,9.980469,219.4062,159.4375,518.3047,3
3242.57,428,67.34694,4480,5,9.980469,219.4062,158.0625,519.6797,3
3242.57,428,67.00508,4448,18,9.980469,219.4062,161.00781,516.7344,3
3242.57,428,68.36735,4448,11,9.980469,219.4062,160.29688,517.4453,3
3242.57,428,63.13131,4448,12,9.980469,219.4062,161.12891,516.6133,3
3242.57,428,69.2112,4448,9,9.980469,219.4062,164.05469,513.6875,3
3242.57,428,68.27411,4448,16,9.980469,219.4062,163.39844,514.3438,3
3242.57,428,69.03553,4448,10,9.980469,219.4062,162.04688,515.6953,3
3242.57,428,69.54315,4448,8,9.980469,219.4062,161.88281,515.8594,3
3242.57,428,66.15776,4448,8,9.980469,219.4062,160.27344,517.4688,3
3242.57,428,64.12214,4448,13,9.980469,219.4062,159.61719,518.125,3
3242.57,428,67.86632,4448,9,9.980469,219.4062,158.71875,519.0234,3
3242.57,428,67.85714,4448,13,9.480469,219.4062,158.0625,519.6797,3
3242.57,428,67.68448,4448,7,9.480469,219.4062,160.74219,517.5,3
3242.57,428,66.32911,4448,9,9.480469,219.5039,160.30469,517.8398,3
3242.57,428,68.11224,4480,9,9.480469,219.5273,163.44141,514.6797,3
3242.57,428,66.32911,4480,9,9.480469,219.5273,163.05859,515.0625,3
3242.57,428,65.74307,4448,13,9.480469,219.5273,161.42188,516.6992,3
3242.57,428,72.58883,4448,6,9.488281,219.5273,159.28906,518.832,3
3242.57,428,67.33167,4448,6,9.488281,219.5273,162.53906,515.5742,3
3242.57,428,64.78149,4448,13,9.488281,219.5273,166.40234,511.7109,3
3242.57,428,63.65915,4448,12,9.488281,219.5273,164.98047,513.1328,3
3239.203,428,66.07143,4448,10,9.488281,219.5273,163.83203,514.2812,3
3239.203,428,62.27848,4448,11,9.488281,219.5273,168.3164,509.7969,3
3239.941,428,63.45178,4448,6,9.496094,219.5273,166.88281,511.2305,3
3239.941,428,60.74074,4448,11,9.496094,219.5273,166.66406,511.4414,3
3239.941,428,62.87129,4448,5,9.496094,219.5273,165.76172,512.3438,3
3239.941,428,59.60591,4480,5,9.496094,219.5273,165.07812,513.0273,3
3239.941,428,53.9801,4480,12,9.496094,219.5273,164.36719,513.7383,3
3239.941,429,47.35516,4480,12,9.503906,219.5273,163.875,514.2305,3
3239.941,428,57.64411,4480,7,9.503906,219.5234,163.19141,514.9102,3
3241.125,428,66.32391,4480,5,9.503906,219.5273,162.75391,515.3438,3
3241.125,428,65.29563,4480,7,9.503906,219.5273,161.91406,516.1836,3
3241.125,428,63.0491,4480,16,9.503906,219.5273,160.77344,517.3242,3
3241.125,428,67.85714,4480,6,9.503906,219.5273,158.9375,519.1602,3
3241.125,428,65.63307,4480,9,9.503906,219.5273,167.00781,511.0898,3
3241.125,428,62.1134,4480,12,9.503906,219.5273,165.83203,512.2656,3
3241.125,428,69.26952,4480,8,9.503906,219.5273,169.4141,508.6836,3
3241.125,428,67.09512,4480,15,9.503906,219.5273,168.2656,509.832,3
3241.125,428,64.70588,4480,4,9.503906,219.5273,167.3125,510.7852,3
3243.051,428,69.15167,4480,4,9.503906,219.5273,165.64453,512.4531,3
3243.051,428,62.40409,4480,10,9.503906,219.5273,164.25,513.8477,3
3243.051,428,66.32124,4480,6,9.503906,219.5273,162.58203,515.5156,3
3243.051,428,63.26531,4480,11,9.503906,219.5273,161.35547,516.7422,3
3243.051,428,63.5443,4448,9,9.503906,219.5273,163.01953,515.0781,3
3243.051,428,68.60759,4448,13,9.503906,219.5273,161.875,516.2227,3
3243.051,428,65.56962,4448,12,9.503906,219.5273,161.20312,516.8945,3
3243.051,428,63.72796,4448,9,9.503906,219.5273,160.76562,517.332,3
3243.051,428,64.79592,4448,8,9.503906,219.5273,160.51953,517.5781,3
3243.051,428,69.92481,4448,8,3.570312,219.5273,159.86328,518.2344,3
3243.051,428,64.73552,4448,14,3.570312,218.6602,171.875,513.0234,3
3245.453,428,66.49746,4448,4,3.570312,218.6602,170.6719,514.2266,3
3245.453,429,63.03797,4448,6,3.570312,218.6602,167.36328,517.5352,3
3245.453,429,63.45178,4448,5,3.570312,218.6602,170.1953,514.7031,3
3245.934,429,66.83417,4448,4,3.570312,218.6602,168.5156,516.3828,3
3245.934,429,64.57286,4448,10,3.570312,218.6602,168.0508,516.8477,3
3245.934,429,64.76427,4448,4,3.570312,218.6602,168.3672,516.5312,3
3245.934,429,58.25,4480,10,3.570312,218.6602,166.02734,518.8711,3
3245.934,429,59.14787,4480,11,3.570312,218.6602,165.62109,519.2773,3
3245.934,429,58.95522,4480,11,3.570312,218.6602,164.69141,520.207,3
3245.934,429,54.4335,4480,14,3.570312,218.6602,167.75,517.1484,3
3245.934,429,59.85037,4480,9,3.570312,218.6602,165.44141,519.457,3
3245.934,429,56.75,4480,4,3.570312,218.6602,165.00391,519.8945,3
3245.934,427,63.19797,4480,10,3.570312,218.6602,164.78516,520.1133,3
3245.934,427,62.85714,4480,6,3.570312,218.6602,166.01562,518.8828,3
3245.934,427,62.72494,4480,6,3.570312,218.6602,164.35156,520.5469,3
3245.934,427,63.49614,4480,6,3.570312,218.6602,168.832,516.0664,3
3245.934,428,64.79592,4480,13,3.570312,218.6602,172.0312,512.8672,3
3245.934,428,67.52577,4480,9,3.570312,218.6602,168.9805,515.918,3
3241.125,428,65.82278,4480,12,3.570312,218.6602,168.7344,516.1641,3
3241.125,428,68.99225,4480,13,3.570312,218.6602,167.8047,517.0938,3
3241.125,428,69.15167,4480,11,3.570312,218.6602,167.33984,517.5586,3
3247.379,428,67.17557,4480,5,3.578125,218.6602,166.65625,518.2422,3
3247.379,428,63.40206,4480,9,3.578125,219.2305,165.69922,518.6211,3
3247.379,428,65.73604,4480,13,3.578125,219.2305,165.01562,519.3047,3
3247.379,428,64.28571,4480,11,3.578125,219.2305,168.957,515.3633,3
3247.379,428,66.91729,4480,8,3.578125,219.2305,167.04297,517.2773,3
3247.379,428,66.66667,4480,7,3.578125,219.2305,170.2969,514.0234,3
3247.379,428,66.41221,4480,11,3.585938,219.2305,168.1484,516.1719,3
3247.379,427,67.25441000000001,4480,7,3.585938,219.2305,165.55469,518.7578,3
3247.379,427,64.37659,4480,10,3.585938,219.2305,165.36328,518.9492,3
3247.379,427,66.07143,4480,14,3.585938,219.2305,167.51953,516.793,3
3247.379,427,67.5,4480,10,3.585938,219.2305,166.62109,517.6914,3
3247.379,428,64.54082,4480,4,3.585938,219.2305,165.71875,518.5938,3
3245.453,428,63.70558,4512,13,3.585938,219.2305,164.99219,519.3203,3
3245.453,428,65.99496,4512,13,3.585938,219.2305,164.77344,519.5391,3
3245.453,428,67.08861,4512,11,3.585938,219.2305,163.84375,520.4688,3
3243.531,428,64.39394,4512,8,3.585938,219.2305,163.16016,521.1523,3
3243.531,428,63.40852,4512,9,3.59375,219.2305,162.72266,521.5898,3
3243.531,428,64.12214,4512,6,3.59375,219.2227,161.84766,522.4648,3
3243.531,428,64.25,4512,18,3.59375,219.2305,166.15234,518.1523,3
3243.531,428,61.34663,4512,11,3.59375,219.2305,163.37891,520.9258,3
3243.531,428,56.03015,4512,11,3.59375,219.2305,161.98438,522.3203,3
3241.125,428,55.47264,4512,12,3.59375,219.2305,161.54688,522.7578,3
3241.605,428,55.22388,4512,9,3.59375,219.2305,160.89062,523.4141,3
3241.605,428,62.40602,4512,11,3.59375,219.2305,160.23438,524.0703,3
3241.605,428,64.69072,4512,6,3.59375,219.2305,160.01562,524.2891,3
3241.605,428,65.38462,4512,7,3.59375,219.2305,163.4375,520.8672,3
3241.605,429,65.03856,4512,12,3.59375,219.2305,168.043,516.2617,3
3241.605,429,70.17544,4480,9,3.59375,219.2305,165.46094,518.8438,3
3241.605,429,68.0203,4480,11,3.59375,219.2305,164.06641,520.2383,3
3241.605,429,65.82278,4480,6,3.59375,219.2305,162.94531,521.3594,3
3241.605,429,67.09184,4480,10,3.59375,219.2305,162.04297,522.2617,3
3241.605,429,66.75192,4480,9,3.59375,219.2305,161.38672,522.918,3
3241.605,429,64.39394,4480,12,3.59375,219.2305,164.1875,520.1172,3
3241.605,429,63.86768,4480,8,3.59375,219.2305,162.35547,521.9492,3
3241.605,428,63.19797,4480,18,3.59375,219.2305,165.66797,518.6367,3
3241.605,428,64.81013,4480,8,3.59375,219.2305,164.46484,519.8398,3
3244.492,428,65.29563,4480,13,3.59375,219.2305,164.0,520.3047,3
3244.492,428,65.90909,4480,11,3.601562,219.2305,161.85547,522.4492,3
3245.453,428,67.41855,4480,8,3.601562,219.2305,160.46094,523.8359,3
3245.453,428,67.42424,4480,8,3.601562,219.2305,159.77734,524.5195,3
3245.934,427,65.56962,4480,10,3.601562,219.2305,163.69531,520.6016,3
3245.934,427,61.05528,4480,11,3.601562,219.2305,161.85156,522.4453,3
3245.934,427,57.77778,4480,16,3.601562,219.2305,161.38672,522.9102,3
3245.934,427,56.82382,4480,10,3.601562,219.2305,160.01953,524.2773,3
3245.934,427,55.41872,4480,8,3.601562,219.2305,159.36328,524.9336,3
3245.934,427,57.39348,4480,11,3.601562,219.2305,156.82031,527.4766,3
3245.934,427,59.89975,4480,12,3.601562,219.2305,155.67188,528.625,3
3245.934,427,65.10417,4480,9,3.601562,219.2305,155.45312,528.8438,3
3245.934,427,66.49616,4480,14,2.75,219.2305,155.48047,528.8164,3
3245.934,427,68.21705,4480,5,2.75,218.5508,164.8125,521.0156,3
3245.934,427,66.66667,4480,9,2.75,218.5508,163.3125,522.5156,3
3245.934,428,64.96164,4480,9,2.75,218.5508,161.94531,523.8828,3
3245.934,428,64.59948,4480,10,2.75,218.5508,166.32422,519.5039,3
3245.934,428,68.43434,4448,12,2.75,218.5508,165.1875,520.6406,3
3245.934,428,63.19797,4448,10,2.75,218.5508,164.27344,521.5547,3
3245.934,428,63.95939,4448,7,2.75,218.5508,163.15234,522.6758,3
3245.934,428,67.8481,4448,5,2.75,218.5508,161.01953,524.8086,3
3245.934,428,69.97455,4448,12,2.75,218.5508,160.80078,525.0273,3
3245.934,428,67.60204,4448,12,2.75,218.5508,159.92578,525.9023,3
3245.934,428,66.49616,4448,6,2.75,218.5508,159.92578,525.9023,3
3246.898,428,65.3944,4448,12,2.75,218.5508,159.24219,526.5859,3
3246.898,428,68.0203,4448,16,2.75,218.5508,158.58594,527.2422,3
3246.898,428,63.45178,4448,11,2.75,218.5508,156.75391,529.0742,3
3246.898,428,62.62626,4448,10,2.75,218.5508,156.28906,529.5391,3
3246.898,428,65.05102,4448,7,2.75,218.5508,163.30859,522.5195,3
3246.898,428,68.18182,4448,9,2.75,218.5508,161.69922,524.1289,3
3246.898,428,63.10433,4448,8,2.75,218.5508,164.21484,521.6133,3
3246.898,428,62.78481,4448,12,2.75,218.5508,163.08984,522.7383,3
3244.973,428,63.70558,4448,15,2.75,218.5508,162.36719,523.4609,3
3244.973,428,64.3038,4448,13,2.75,218.5508,161.68359,524.1445,3
3244.973,428,64.81013,4448,9,2.75,218.5508,161.02734,524.8008,3
3244.973,428,65.41353,4448,6,2.75,218.5508,160.15234,525.6758,3
3244.973,428,63.25,4448,9,2.75,218.5508,164.11719,521.7109,3
3244.973,428,61.9403,4448,9,2.75,218.5508,162.51562,523.3125,3
3244.973,428,58.64662,4448,7,2.75,218.5508,162.07812,523.75,3
3244.973,428,58.0,4480,10,2.75,218.5508,161.39453,524.4336,3
3243.051,428,55.97015,4480,11,2.75,218.5508,160.46484,525.3633,3
3246.898,428,53.65239,4480,11,2.75,218.5508,160.02734,525.8008,3
3246.898,428,56.92695,4480,12,2.75,218.5508,158.63281,527.1953,3
3246.898,428,66.92308,4480,7,2.75,218.5508,158.39062,527.4375,3
3246.898,428,67.7665,4480,6,2.75,218.5508,157.75781,528.0703,3
3246.898,428,72.72727,4480,11,2.75,218.5508,159.98047,525.8477,3
3246.898,428,68.78173,4480,12,2.75,218.5508,158.86328,526.9648,3
3246.898,429,66.92112,4480,9,2.75,218.5508,161.91406,523.9141,3
3246.898,429,67.8481,4480,11,2.75,218.5508,160.76562,525.0625,3
3246.898,429,68.18182,4480,5,2.75,218.5508,159.37109,526.457,3
3246.898,429,67.85714,4480,6,2.757812,218.5508,157.59375,528.2344,3
3246.898,429,66.07595,4480,4,2.757812,218.543,156.5,529.3281,3
3246.898,429,69.36709,4480,15,2.757812,218.5508,160.20703,525.6133,3
3246.898,429,66.41221,4480,5,2.757812,218.5508,159.29297,526.5273,3
3246.898,429,65.97938,4480,12,2.757812,218.5508,158.60938,527.2109,3
3246.898,429,67.25888,4480,10,2.757812,218.5508,157.24219,528.5781,3
3246.898,429,62.94416,4448,13,2.757812,218.5508,157.78906,528.0312,3
3246.898,429,63.52041,4448,4,2.757812,218.5508,157.32812,528.4922,3
3246.898,429,65.46392,4448,12,2.78125,218.5508,161.70703,524.1133,3
3246.898,429,65.03856,4448,7,2.78125,218.5508,159.79297,526.0039,3
3246.898,429,69.15167,4448,11,2.78125,218.5508,159.10938,526.6875,3
3246.898,429,68.0203,4448,13,2.78125,218.5508,158.20703,527.5898,3
3246.898,429,68.60759,4448,4,2.78125,218.5508,157.55078,528.2461,3
3246.898,429,63.38384,4448,13,2.78125,218.5508,161.05469,524.7422,3
3246.898,429,64.37659,4448,11,2.78125,218.5508,159.90625,525.8906,3
3246.898,429,63.38384,4448,7,2.78125,218.5508,163.61328,522.1836,3
3246.898,429,61.61616,4448,16,2.78125,218.5508,161.94531,523.8516,3
3246.898,429,67.25,4448,9,2.78125,218.5508,160.08594,525.7109,3
3246.898,429,62.93532,4448,5,2.78125,218.5508,159.86719,525.9297,3
3246.898,429,61.46096,4448,8,2.78125,218.5508,158.9375,526.8594,3
3246.898,429,58.0,4448,9,2.78125,218.5508,160.23828,525.5586,3
3246.898,429,56.78392,4448,9,2.78125,218.5508,159.11328,526.6836,3
3246.898,429,57.75,4448,11,2.78125,218.5508,157.03516,528.7617,3
3240.164,429,52.09877,4480,15,2.78125,218.5508,156.81641,528.9805,3
3240.164,429,58.64662,4480,5,2.78125,218.5508,160.58594,525.2109,3
3240.164,429,64.69072,4480,6,2.78125,218.5508,159.92578,525.8711,3
3242.09,429,66.58228,4480,13,2.78125,218.5508,164.0625,521.7344,3
3242.09,429,66.92308,4480,12,2.78125,218.5508,161.76172,524.0352,3
3242.09,429,65.72165,4480,7,2.78125,218.5508,164.67188,521.125,3
3242.09,429,65.12821,4480,11,2.78125,218.5508,163.98828,521.8086,3
3246.418,429,67.52577,4480,10,2.78125,218.5508,162.82422,522.9727,3
3246.418,429,67.7665,4480,11,2.78125,218.5508,161.39062,524.4062,3
3246.418,429,64.72081,4480,12,2.78125,218.5508,160.92578,524.8711,3
3246.418,429,68.78173,4480,12,2.78125,218.5508,159.3125,526.4844,3
3246.418,429,67.86632,4480,5,2.78125,218.5508,158.65625,527.1406,3
3246.418,429,64.03061,4480,6,2.78125,218.5508,158.0,527.7969,3
3246.418,429,64.37659,4480,15,2.78125,218.5508,162.64453,523.1523,3
3246.418,429,68.43434,4480,8,2.78125,218.5508,160.33594,525.4609,3
3246.418,429,71.09974,4480,10,2.78125,218.5508,158.75,527.0469,3
3246.418,429,68.87755,4480,10,2.78125,218.5508,162.56641,523.2305,3
3246.418,429,61.77215,4480,6,2.78125,218.5508,160.73047,525.0664,3
3246.418,429,64.3038,4480,10,2.78125,218.5508,160.29297,525.5039,3
3246.418,429,65.05102,4480,10,2.78125,218.5508,159.85547,525.9414,3
3246.418,429,70.43702,4480,7,2.78125,218.5508,159.27344,526.5234,3
3246.418,429,64.19437,4448,9,2.78125,218.5508,158.07031,527.7266,3
3246.418,429,65.12821,4448,7,2.78125,218.5508,161.77734,524.0195,3
3246.418,429,66.15385,4448,12,2.78125,218.5508,159.90625,525.8906,3
3246.418,429,63.10433,4448,13,2.789062,218.5508,159.46875,526.3281,3
3246.418,429,61.80905,4448,11,2.789062,218.5508,158.59375,527.1953,3
3240.645,429,66.16162,4480,10,2.789062,218.5508,157.69141,528.0977,3
3241.719,432,67.8481,4480,10,2.789062,218.5508,157.47266,528.3164,3
3242.09,429,65.65657,4480,13,2.789062,218.5508,156.54297,529.2461,3
3242.09,429,63.8191,4480,13,2.789062,218.6758,155.85938,529.8047,3
3242.09,429,64.05063,4480,10,2.789062,218.6758,164.14062,521.5234,3
3242.09,429,64.89899,4480,10,2.796875,218.6758,163.71484,521.9492,3
3242.09,429,66.24365,4480,12,2.796875,218.6758,163.49609,522.1602,3
3242.09,429,62.0603,4480,11,2.796875,218.6758,162.58203,523.0742,3
3242.09,429,62.40602,4480,11,2.796875,218.6758,161.73828,523.918,3
3242.09,429,60.10101,4480,14,2.796875,218.6758,160.11328,525.543,3
3242.09,429,59.25,4480,8,2.796875,218.6758,158.75,526.9062,3
3242.09,429,57.53086,4480,12,2.796875,218.6758,158.69922,526.957,3
3242.09,429,54.29975,4480,14,2.796875,218.6758,161.89062,523.7656,3
3242.09,429,54.13534,4480,5,2.796875,218.6758,165.51953,520.1367,3
3242.09,429,59.13706,4480,9,2.796875,218.6758,162.21094,523.4453,3
3242.09,429,68.10127,4480,8,2.796875,218.6758,161.0625,524.5938,3
3242.09,429,67.17557,4480,7,2.796875,218.6758,159.47656,526.1797,3
3242.09,429,68.27411,4480,10,2.796875,218.6758,158.16406,527.4922,3
3242.09,429,64.59948,4480,12,2.796875,218.6758,163.38672,522.2695,3
3242.105,429,63.35878,4480,12,2.796875,218.6758,163.23047,522.4258,3
3242.09,429,69.64286,4480,10,2.796875,218.6758,161.31641,524.3398,3
3242.09,429,69.13265,4480,8,2.804688,218.6758,160.19531,525.4609,3
3242.09,429,67.34694,4480,7,2.804688,219.293,158.58203,526.4492,3
3242.379,429,65.65657,4480,14,2.804688,219.332,157.89844,527.0938,3
3242.379,429,65.13995,4480,4,2.804688,219.332,157.21484,527.7773,3
3242.379,429,66.32911,4480,10,2.804688,219.332,156.99609,527.9961,3
3242.379,429,69.19192,4480,9,2.804688,219.332,155.64062,529.3516,3
3242.379,429,66.58163,4480,14,2.8125,219.3008,160.15234,524.8711,3
3242.379,429,67.25888,4480,13,2.8125,219.293,163.33203,521.6914,3
3242.379,429,67.00767,4480,8,2.8125,219.3008,162.01953,522.9961,3
3242.379,429,66.83673,4480,10,2.8125,219.3008,161.11719,523.8984,3
3242.57,429,62.08651,4480,6,2.8125,219.3008,160.40625,524.6094,3
3242.57,429,66.91919,4480,10,2.8125,219.3008,159.01562,526.0,3
3242.57,429,68.35443,4480,8,2.8125,219.3008,157.21094,527.8047,3
3242.57,429,67.00508,4480,10,2.8125,219.3008,160.66016,524.3555,3
3242.57,429,64.63104,4480,16,2.8125,219.3008,159.53906,525.4766,3
3242.57,429,64.32161,4448,8,2.8125,219.3008,158.85547,526.1602,3
3242.57,429,62.53165,4448,7,2.8125,219.3008,158.17188,526.8438,3
3242.57,429,69.79695,4448,11,2.8125,219.3008,156.78906,528.2266,3
3242.57,429,66.91919,4448,6,2.8125,219.3008,156.13281,528.8828,3
3242.57,429,62.15539,4448,8,2.8125,219.3008,155.44922,529.5664,3
3242.57,429,59.40594,4448,12,2.8125,219.3008,161.00781,524.0078,3
3242.57,429,58.54271,4448,11,2.8125,219.2852,160.78906,524.2422,3
3242.57,429,58.60349,4448,16,2.8125,219.2852,159.85938,525.1719,3
3240.645,429,53.26633,4448,11,2.8125,219.2852,158.05469,526.9766,3
3240.645,429,56.15764,4448,9,2.8125,219.2852,156.6875,528.3438,3
3240.645,429,66.49616,4448,8,2.8125,219.2852,163.10156,521.9297,3
3240.645,429,67.09184,4448,9,2.8125,219.2852,161.96094,523.0703,3
3240.645,429,65.54404,4448,9,2.8125,219.2852,161.0625,523.9688,3
3240.645,429,66.32391,4448,7,2.8125,219.2852,160.14844,524.8828,3
3242.09,429,62.62887,4448,8,2.8125,219.2852,159.38672,525.6445,3
3242.09,429,64.37659,4448,8,2.8125,219.2852,158.48047,526.5508,3
3242.09,429,68.60759,4448,13,2.8125,219.2852,157.79688,527.2344,3
3242.09,429,66.14987,4480,12,2.8125,219.2852,162.13281,522.8984,3
3242.09,429,65.99496,4480,8,2.8125,219.2852,159.94922,525.082,3
3242.09,429,66.83805,4480,14,2.8125,219.2852,159.26562,525.7656,3
3242.09,429,62.2739,4480,17,2.8125,219.2852,158.0625,526.9688,3
3242.09,429,67.00508,4480,9,2.8125,219.2852,157.13281,527.8984,3
3242.09,429,69.0,4480,9,2.8125,219.2852,160.90234,524.1289,3
3242.09,429,65.80977,4480,8,2.8125,219.2852,159.00391,526.0273,3
3242.09,429,60.50633,4480,10,2.8125,219.2852,158.10156,526.9297,3
3242.09,429,67.08861,4480,9,2.8125,219.2852,156.40625,528.625,3
3242.09,429,65.38462,4480,10,2.8125,219.2852,155.28516,529.7461,3
3244.012,429,65.3944,4480,21,2.8125,219.2852,155.25391,529.7773,3
3244.012,429,65.73604,4480,9,2.8125,219.2852,154.87891,530.1523,3
3244.012,429,65.30612,4480,10,2.8125,219.2852,158.49609,526.5352,3
3244.012,429,67.34177,4480,10,2.8125,219.2852,157.1875,527.8438,3
3244.012,429,65.23929,4480,11,2.8125,219.2852,160.82031,524.2109,3
3244.012,429,64.46701,4480,7,2.8125,219.2852,159.17969,525.8516,3
3244.012,429,65.30612,4480,14,2.8125,219.2852,159.00391,526.0273,3
3244.012,429,65.32663,4480,7,2.8125,219.2852,158.13281,526.8984,3
3245.453,429,64.8855,4480,9,2.8125,219.2852,157.20312,527.8281,3
3245.453,429,60.25,4480,13,2.8125,219.2852,156.76562,528.2656,3
3245.453,429,62.09476,4480,11,2.8125,219.2852,155.89062,529.1406,3
3247.379,429,59.70516,4480,11,2.8125,219.2852,154.71875,530.3125,3
3247.379,429,56.39098,4480,7,2.820312,219.2852,158.01562,527.0156,3
3247.379,429,51.89873,4480,14,2.820312,219.2852,156.89453,528.1289,3
3247.395,429,56.3591,4480,10,2.820312,219.2852,155.74609,529.2773,3
3247.379,429,61.69666,4480,11,2.820312,219.2852,165.20703,519.8164,3
3247.379,429,65.97403,4480,9,2.820312,219.2852,162.65234,522.3711,3
3247.395,429,65.48223,4480,7,2.820312,219.2852,159.57422,525.4492,3
3247.379,429,67.09184,4480,9,2.820312,219.2852,157.71484,527.3086,3
3247.379,429,66.07143,4480,9,2.820312,219.2852,157.05859,527.9648,3
3247.379,429,68.52792,4480,10,2.820312,219.2852,156.18359,528.8398,3
3245.453,429,67.77494,4480,13,2.820312,219.2852,155.96484,529.0586,3
3245.453,428,67.25888,4480,8,2.820312,219.1758,161.88281,523.25,3
3245.453,428,67.7665,4480,6,2.820312,219.1758,160.38281,524.75,3
3245.453,428,61.71875,4480,14,2.820312,219.1758,163.39844,521.7344,3
3245.453,428,62.9156,4480,14,2.820312,219.1758,162.71484,522.418,3
3245.453,428,65.80977,4480,14,2.820312,219.1758,160.88281,524.25,3
3245.453,428,66.66667,4480,18,2.820312,219.1758,159.76172,525.3711,3
3245.453,428,63.68286,4480,9,2.828125,219.1758,158.85938,526.2734,3
3245.453,428,67.34177,4480,10,2.828125,219.1758,156.70312,528.4219,3
3245.453,428,65.5527,4480,4,2.828125,219.1758,155.99219,529.1328,3
3245.453,428,65.21739,4480,13,2.828125,219.1758,155.33594,529.7891,3
3245.453,428,66.32911,4480,7,2.828125,219.1758,161.95703,523.168,3
3245.453,428,64.23174,4480,5,2.828125,219.1758,161.53125,523.5938,3
3245.453,429,69.59799,4480,9,2.828125,219.1758,161.04297,524.082,3
3245.453,429,66.58228,4480,5,2.835938,219.1758,159.16016,525.9648,3
3245.453,429,62.08651,4480,9,2.835938,219.168,163.8125,521.3125,3
3245.453,429,67.25888,4480,6,2.835938,219.3125,162.83594,522.1445,3
3245.453,429,65.74307,4480,5,2.835938,219.3125,160.73047,524.25,3
3245.453,429,63.63636,4480,10,2.835938,219.3125,160.29297,524.6875,3
3245.453,429,64.82412,4480,7,2.835938,219.3125,159.41797,525.5625,3
3245.934,429,59.75,4480,4,2.84375,219.3125,158.98047,526.0,3
3245.934,429,59.64467,4448,4,2.84375,219.3125,158.0625,526.9102,3
3245.934,429,58.06452,4448,12,2.84375,219.3125,156.66797,528.3047,3
3245.934,429,57.42574,4448,9,2.84375,219.3125,156.42188,528.5508,3
3245.934,429,56.89223,4480,5,2.351562,219.3125,155.98438,528.9883,3
3245.934,429,59.38303,4480,4,2.351562,218.5469,160.27344,525.957,3
3245.934,429,65.97938,4480,7,2.351562,218.4375,159.75781,526.582,3
3245.934,429,63.77551,4480,11,2.351562,218.4375,159.05078,527.2891,3
3246.418,429,68.03069,4480,12,2.351562,218.4375,157.91406,528.4258,3
3246.418,429,67.51918,4480,9,2.351562,218.4375,157.25781,529.082,3
3246.418,429,65.98465,4480,14,2.347656,218.4375,156.10938,530.2305,3
3245.68,428,66.24365,4480,8,2.347656,209.957,164.92188,529.9023,3
3248.188,430,65.20619,4480,12,2.363281,209.957,165.03125,529.793,3
3246.898,429,66.07595,4480,12,2.496094,210.4297,163.15625,531.1797,3
3246.898,429,63.72796,4480,9,2.507812,210.9531,161.71094,531.9688,3
3247.379,429,66.83544,4480,8,2.507812,210.9961,161.57031,532.0547,3
3247.379,429,65.90909,4480,11,2.507812,210.9961,169.2539,524.3711,3
3247.379,429,64.03061,4480,6,2.507812,210.9961,166.73438,526.8906,3
3247.379,429,66.15776,4480,5,2.507812,210.9961,165.36719,528.2578,3
3247.379,429,66.32653,4480,7,2.640625,210.9961,164.19141,529.4336,3
3247.379,428,67.75819,4480,7,2.640625,211.0,167.8125,525.6758,3
3247.414,428,62.53165,4480,11,2.640625,211.0312,166.90625,526.5508,3
3247.379,428,63.77551,4480,11,2.640625,211.0312,166.03125,527.4258,3
3247.379,428,63.95939,4480,4,2.640625,211.0312,165.59375,527.8633,3
3247.379,428,67.67677,4480,8,2.667969,211.0312,165.13281,528.3242,3
3247.379,428,66.83544,4480,8,2.667969,211.0039,164.20312,529.2539,3
3247.379,428,65.82915,4480,12,2.667969,211.0391,163.27734,530.1445,3
3247.379,428,64.39394,4480,10,2.667969,211.0547,162.35938,531.0469,3
3247.379,428,66.83544,4480,11,2.667969,211.0547,161.45703,531.9492,3
3247.379,428,67.67677,4480,10,2.667969,211.0547,161.07422,532.332,3
3247.379,428,63.63636,4480,4,2.671875,211.0547,164.94531,528.4609,3
3247.379,428,62.43781,4480,9,2.671875,211.0547,163.52734,529.875,3
3247.379,428,60.04963,4480,14,2.671875,211.0547,163.08984,530.3125,3
3247.379,428,57.60599,4480,14,2.671875,211.0547,162.625,530.7773,3
3247.379,428,54.61347,4480,9,2.671875,211.0547,162.37891,531.0234,3
3247.379,428,50.49751,4480,5,2.671875,211.0703,165.36328,528.0234,3
3247.379,428,58.39599,4480,13,2.671875,211.0703,165.14453,528.2422,3
3247.379,428,63.77551,4480,15,2.671875,211.0703,164.02344,529.3633,3
3247.379,428,64.43299,4480,12,2.671875,211.0859,163.09766,530.2734,3
3247.379,428,63.0491,4480,6,2.671875,211.0859,161.97656,531.3945,3
3247.379,428,69.36709,4448,12,2.671875,211.0859,163.01953,530.3516,3
3247.379,428,67.60925,4480,9,2.671875,211.0859,163.07031,530.3008,3
3247.379,428,65.74307,4480,10,2.671875,211.0859,161.89844,531.4727,3
3247.379,428,65.21739,4480,14,2.671875,211.0859,161.44531,531.9258,3
3247.379,428,67.26343,4480,11,2.671875,211.0859,160.98438,532.3867,3
3247.379,428,66.58291,4480,13,2.671875,211.0859,161.05859,532.3125,3
3247.379,427,62.84987,4480,7,2.679688,211.0859,159.90234,533.4688,3
3247.379,427,64.78149,4480,8,2.679688,203.3867,173.8047,527.2578,3
3247.379,427,69.97455,4480,12,2.679688,203.3555,173.1484,527.9453,3
3247.379,427,65.82278,4480,4,2.703125,203.3555,172.2734,528.8203,3
3247.379,427,68.27411,4480,8,2.703125,203.3359,170.8789,530.2109,3
3247.379,427,67.51269,4480,8,2.703125,203.3633,173.1758,527.8867,3
3247.379,427,63.14433,4480,7,2.703125,204.082,172.0273,528.3164,3
3247.379,427,66.24685,4480,15,2.703125,204.082,170.8789,529.4648,3
3247.379,427,66.49746,4480,10,2.703125,204.082,169.7578,530.5859,3
3247.379,427,65.12821,4480,8,2.703125,204.082,167.70703,532.6367,3
3247.379,427,65.81633,4480,12,2.703125,204.082,166.33984,534.0039,3
3247.379,427,66.83544,4480,8,2.710938,204.082,165.14062,535.2031,3
3247.379,427,61.46096,4480,6,2.710938,204.0742,169.6055,530.7383,3
3247.379,427,64.28571,4480,12,2.710938,204.082,168.0234,532.3125,3
3247.379,427,63.13131,4480,9,2.710938,204.082,167.32422,533.0117,3
3247.379,427,65.73604,4480,8,2.710938,204.082,166.64453,533.6914,3
3247.379,427,64.64646,4480,10,2.710938,204.082,165.77344,534.5625,3
3247.379,426,62.28288,4480,7,2.710938,204.082,165.14844,535.1875,3
3247.379,426,60.4534,4480,8,2.710938,204.082,173.5898,526.7461,3
3247.379,426,58.0,4480,10,2.710938,204.082,171.0039,529.332,3
3248.172,427,57.17822,4480,9,2.710938,204.082,169.8281,530.5078,3
3248.172,427,54.38596,4480,9,2.710938,204.082,172.9531,527.3828,3
3248.172,427,61.38107,4480,16,2.710938,204.082,171.4062,528.9297,3
3248.172,427,64.8855,4480,7,2.710938,204.082,170.9414,529.3945,3
3248.172,427,70.35176,4480,7,2.710938,204.082,174.0586,526.2773,3
3248.172,427,69.40874,4480,8,2.71875,204.082,172.8945,527.4414,3
3248.172,427,64.43299,4480,10,2.71875,204.082,171.9805,528.3477,3
3248.172,427,63.10433,4480,14,2.71875,204.082,171.543,528.7852,3
3248.172,427,66.24041,4480,9,2.71875,204.082,170.8867,529.4414,3
3248.172,427,65.3944,4480,10,2.71875,204.082,170.4492,529.8789,3
3248.172,427,66.58163,4480,14,2.71875,204.082,168.625,531.7031,3
3248.172,427,67.52577,4480,10,2.71875,204.082,168.1875,532.1406,3
3248.172,427,65.98465,4480,9,2.71875,204.082,167.9453,532.3828,3
3248.172,426,65.97938,4512,12,2.71875,204.082,171.2227,529.1055,3
3248.172,426,63.45178,4512,7,2.71875,204.082,168.9961,531.332,3
3248.172,426,65.31646,4512,14,2.71875,204.082,167.8711,532.457,3
3248.172,426,70.07673,4480,9,2.71875,204.082,166.28906,534.0391,3
3245.934,426,64.45013,4480,10,2.71875,204.082,165.85156,534.4766,3
3245.934,426,68.01008,4480,9,2.71875,204.082,164.73047,535.5977,3
3245.934,426,67.68448,4480,7,2.71875,204.082,174.3906,525.9375,3
3245.934,426,65.31646,4480,7,2.71875,204.082,173.9258,526.4023,3
3245.934,426,65.56962,4480,7,2.71875,204.082,172.2891,528.0391,3
3245.934,426,67.17172,4480,10,2.71875,204.082,170.9062,529.4219,3
3245.934,426,67.25441000000001,4480,6,2.71875,204.082,174.2227,526.1055,3
3245.934,426,65.31646,4480,10,2.71875,204.082,173.1016,527.2266,3
3245.934,426,66.0804,4480,11,2.71875,204.082,171.7344,528.5938,3
3245.934,427,63.72796,4480,8,2.71875,204.082,170.3398,529.9883,3
3245.934,427,61.30653,4480,13,2.71875,204.082,169.9023,530.4258,3
3245.934,427,63.38384,4480,9,2.71875,204.082,169.0273,531.3008,3
3245.934,427,65.23929,4480,8,2.71875,204.082,168.3711,531.957,3
3245.934,426,59.70149,4480,13,2.734375,204.082,168.1797,532.1484,3
3245.934,426,54.0,4480,10,2.734375,204.0664,167.24609,533.082,3
3245.934,427,55.25,4480,10,2.734375,204.0898,166.32422,533.9805,3
3245.934,427,61.67513,4480,16,2.734375,204.0898,170.1953,530.1094,3
3245.934,429,63.26531,4480,13,2.734375,204.0898,169.4609,530.8438,3
3245.934,429,69.43005,4480,9,2.734375,204.0898,167.9023,532.4023,3
3245.934,429,66.58163,4480,7,2.734375,204.0898,166.80859,533.4961,3
3245.934,429,64.10256,4480,10,2.742188,204.0898,165.82422,534.4805,3
3245.934,429,64.01028,4480,13,2.742188,204.0898,169.5234,530.7734,3
3245.934,429,66.06684,4480,11,2.742188,204.0898,167.8594,532.4375,3
3245.934,429,60.96939,4448,10,2.742188,204.0898,166.98438,533.3125,3
3245.934,429,67.41855,4448,5,2.742188,204.0898,166.54688,533.75,3
3245.934,429,67.43003,4480,7,2.742188,204.0898,171.0469,529.25,3
3245.934,429,70.40816,4480,13,2.742188,204.0898,173.9609,526.3359,3
3245.934,429,66.24365,4512,13,2.742188,204.0898,172.1016,528.1953,3
3245.934,429,67.60925,4512,11,2.742188,204.0898,170.9531,529.3438,3
3245.934,429,64.14141,4512,8,2.742188,204.0898,173.9062,526.3906,3
3245.934,429,60.98191,4512,8,2.742188,204.0898,172.0469,528.25,3
3245.934,429,68.10127,4512,13,2.742188,204.0898,171.582,528.7148,3
3245.934,429,67.8481,4480,12,2.742188,204.0898,170.9258,529.3711,3
3245.934,429,68.09045,4480,6,2.742188,204.0898,168.7656,531.5312,3
3245.934,429,67.59494,4480,9,2.742188,204.0898,167.39844,532.8984,3
3245.934,429,64.63104,4480,11,2.742188,204.0898,166.05859,534.2383,3
3245.934,429,66.41414,4480,8,2.742188,204.0898,165.62109,534.6758,3
3245.934,429,71.17794,4480,9,2.742188,204.0898,169.4102,530.8867,3
3245.934,429,67.60204,4480,7,2.742188,204.0898,172.6406,527.6562,3
3245.934,429,64.81013,4480,10,2.742188,204.0898,171.2734,529.0234,3
3245.934,429,66.41604,4480,7,2.742188,204.0898,170.3555,529.9414,3
3245.934,429,62.65664,4480,14,2.742188,204.0898,168.9883,531.3086,3
3245.934,429,63.5443,4480,12,2.742188,204.0898,168.1133,532.1836,3
3240.164,429,61.90476,4480,9,2.742188,204.0898,171.9219,528.375,3
3240.164,429,54.70297,4480,4,2.75,204.0898,170.5039,529.793,3
3240.645,429,60.54591,4480,12,2.75,204.082,169.4102,530.8867,3
3240.645,429,55.33499,4480,6,2.75,204.0898,168.9727,531.3164,3
3242.09,429,59.79899,4480,4,2.75,204.0898,168.0742,532.2148,3
3242.09,429,63.61323,4480,7,2.75,204.0898,167.69531,532.5938,3
3242.09,429,64.87179,4480,7,2.75,204.0898,165.5625,534.7266,3
3242.09,429,70.84399,4480,6,2.75,204.0898,169.2734,531.0156,3
3242.09,429,64.96164,4480,11,2.75,204.0898,167.9062,532.3828,3
3242.09,429,66.66667,4480,4,2.75,204.0898,168.6992,531.5898,3
3242.09,429,62.17617,4480,5,2.75,204.0898,172.6484,527.6406,3
3242.09,429,64.19437,4480,11,2.75,204.0898,170.0273,530.2617,3
3242.09,429,65.73604,4480,18,2.75,204.0898,168.8789,531.4102,3
3243.531,429,66.66667,4480,4,2.75,204.0898,171.832,528.457,3
3243.797,429,67.17949,4480,9,2.75,204.0898,170.6836,529.6055,3
3243.797,429,62.84987,4480,5,2.75,204.0898,169.2617,531.0273,3
3243.797,429,67.60204,4480,10,2.75,204.0898,168.3633,531.9258,3
3243.797,429,67.59494,4448,7,2.75,204.0898,166.78906,533.5,3
3243.797,429,68.95674,4448,15,2.75,204.0898,165.66797,534.6211,3
3243.797,429,65.49118,4448,7,2.75,204.0898,164.98438,535.3047,3
3243.797,429,67.8392,4448,4,2.757812,204.0898,164.10938,536.1797,3
3240.164,429,64.28571,4448,12,2.757812,204.0898,163.64453,536.6367,3
3240.164,429,67.08861,4448,8,2.757812,204.0898,162.76953,537.5117,3
3240.164,429,66.58163,4448,8,2.757812,204.0898,167.9492,532.332,3
3242.57,429,66.83544,4448,6,2.757812,204.0898,170.6797,529.6016,3
3242.57,429,64.89899,4448,10,2.757812,204.0898,169.5312,530.75,3
3242.57,429,65.66416,4448,13,2.757812,204.1055,167.16797,533.0977,3
3242.57,429,63.5443,4448,11,2.757812,204.1055,166.25,534.0156,3
3242.57,429,63.79747,4448,3,2.757812,204.1055,165.56641,534.6992,3
3242.57,429,65.23929,4448,8,2.757812,204.1055,164.41797,535.8477,3
3242.57,429,63.06533,4448,9,2.757812,204.1055,163.76172,536.5039,3
3242.57,429,63.15789,4448,12,2.757812,204.1055,162.82812,537.4375,3
3242.57,429,60.0,4448,12,2.757812,204.1055,162.61328,537.6523,3
3242.57,429,58.41584,4448,8,2.757812,204.1055,162.20703,538.0586,3
3242.57,429,52.0,4448,8,2.757812,204.1055,166.125,534.1406,3
3242.57,428,55.77889,4448,8,2.757812,204.1055,165.41406,534.8516,3
3242.57,428,58.79397,4448,11,2.757812,204.1055,164.51562,535.75,3
3240.645,428,66.75192,4448,6,2.757812,204.1055,164.02734,536.2383,3
3240.645,428,68.78173,4448,6,2.757812,204.1055,167.69141,532.5742,3
3240.645,428,68.62245,4448,14,2.757812,204.1055,166.58594,533.6797,3
3241.125,428,67.08861,4448,6,2.757812,204.1055,165.71094,534.5547,3
3247.379,428,67.17949,4448,10,2.757812,204.1055,164.625,535.6406,3
3247.379,428,66.66667,4448,11,2.757812,204.1055,163.92188,536.3438,3
3247.379,428,66.41414,4448,9,2.757812,204.1055,162.57812,537.6875,3
3247.379,428,68.19338,4448,11,2.757812,204.1055,162.36328,537.9023,3
3247.379,428,67.34694,4448,7,2.757812,204.1055,161.57031,538.6953,3
3247.379,428,62.98201,4448,16,2.757812,204.1055,161.65234,538.6133,3
3247.379,428,65.82915,4448,5,2.757812,204.1055,167.8086,532.457,3
3247.379,428,65.98465,4448,6,2.757812,204.1055,165.46094,534.8047,3
3247.379,428,62.34097,4448,10,2.757812,204.1055,164.23047,536.0352,3
3247.789,429,63.52041,4448,11,2.757812,204.1055,167.51172,532.7539,3
3247.379,428,64.96164,4448,6,2.757812,204.1055,167.07422,533.1914,3
3247.379,428,64.12214,4448,13,2.757812,204.1055,171.6133,528.6523,3
3247.379,428,65.98985,4448,10,2.757812,204.1055,169.2617,531.0039,3
3247.379,428,62.7551,4448,7,2.757812,204.1055,167.8984,532.3672,3
3247.379,428,65.7289,4448,14,2.757812,204.1055,171.8008,528.4648,3
3247.379,428,59.49367,4448,8,2.757812,204.1055,170.5977,529.668,3
3247.379,428,63.35878,4448,8,2.757812,204.1055,169.4492,530.8164,3
3247.379,428,63.22418,4448,6,2.757812,204.1055,168.0547,532.2109,3
3247.379,428,65.20619,4448,12,2.757812,204.1055,166.6875,533.5781,3
3247.379,428,68.17043,4448,8,2.757812,204.1055,164.80469,535.4609,3
3247.379,428,60.6599,4448,10,2.757812,204.8984,163.65625,535.8164,3
3247.379,428,60.30151,4448,9,2.761719,204.957,162.50781,536.9062,3
3247.379,428,59.35162,4448,12,2.761719,204.957,161.15234,538.2578,3
3247.379,428,58.10474,4448,11,2.761719,204.957,160.73047,538.6797,3
3247.379,428,55.58252,4448,5,2.761719,204.957,160.07422,539.3359,3
3247.379,428,55.26992,4448,8,2.769531,204.957,159.66797,539.7422,3
3247.379,428,60.81425,4448,9,2.769531,204.957,158.95703,540.4453,3
3247.379,428,65.64885,4448,8,2.769531,203.957,162.33594,538.0664,3
3245.453,428,69.23077,4448,9,2.769531,203.957,166.67969,533.7227,3
3245.453,428,65.3944,4448,11,2.769531,203.957,170.5938,529.8086,3
3245.453,428,63.08901,4448,11,2.769531,203.957,169.0469,531.3555,3
3245.453,428,66.14987,4448,9,2.777344,203.957,167.46094,532.9414,3
3245.453,428,63.14433,4448,8,2.777344,203.9492,166.31641,534.0859,3
3245.453,428,66.58163,4448,10,2.777344,203.957,165.63672,534.7578,3
3245.453,428,65.15152,4448,8,2.777344,203.957,163.61328,536.7812,3
3245.453,428,65.13995,4448,10,2.777344,203.957,162.90234,537.4922,3
3245.453,428,64.35897,4448,6,2.777344,203.957,161.97266,538.4219,3
3245.453,429,65.7289,4448,9,2.777344,203.957,163.41016,536.9844,3
3245.453,429,63.86768,4448,15,2.792969,203.957,167.33984,533.0547,3
3245.453,429,65.32663,4448,13,2.796875,203.9414,165.42578,534.9688,3
3245.453,429,62.0,4448,5,2.796875,203.9531,164.9375,535.4414,3
3242.09,429,59.601,4448,12,2.796875,203.957,163.81641,536.5586,3
3242.09,429,57.53086,4448,8,2.796875,203.957,162.66797,537.707,3
3242.09,429,52.36908,4448,9,2.796875,203.957,162.44922,537.9258,3
3242.09,429,51.12782,4448,12,2.796875,203.957,162.23047,538.1445,3
3242.09,429,59.59079,4448,15,2.796875,203.957,161.33984,539.0352,3
3242.09,429,65.82915,4448,8,2.796875,203.957,162.16406,538.2109,3
3240.645,429,66.24365,4448,10,2.796875,203.957,161.26172,539.1133,3
3241.605,429,64.78149,4448,9,2.796875,203.957,161.50781,538.8672,3
3241.621,429,65.47315,4448,17,2.796875,203.957,161.34375,539.0312,3
3241.605,429,64.2487,4448,12,2.796875,203.957,165.72266,534.6523,3
3241.605,429,71.9697,4448,11,2.796875,203.957,164.13672,536.2383,3
3241.605,430,66.75127,4448,14,2.796875,203.957,169.0625,531.3125,3
3240.18,430,70.40816,4416,7,2.796875,203.957,168.5977,531.7773,3
3240.164,430,69.50904,4416,8,2.796875,203.957,166.75,533.625,3
3240.164,431,68.52792,4448,7,2.796875,203.957,169.3711,531.0039,3
3240.164,431,63.52041,4448,14,2.796875,203.957,167.51172,532.8633,3
3240.164,431,68.27411,4448,10,2.796875,203.957,166.34766,534.0273,3
3240.164,431,67.26343,4448,9,2.796875,203.957,164.96484,535.4102,3
3240.645,431,68.0203,4448,10,2.796875,203.957,162.69531,537.6797,3
3240.645,431,66.75192,4448,12,2.796875,203.957,167.10938,533.2656,3
3240.645,431,64.28571,4480,8,2.796875,203.957,171.6133,528.7617,3
3240.645,431,64.79592,4480,15,2.796875,203.957,169.2344,531.1406,3
3241.438,431,66.83673,4480,7,2.796875,203.957,168.5781,531.7969,3
3241.438,431,68.36735,4480,10,2.796875,203.957,167.40234,532.9727,3
3241.438,431,65.16291,4480,9,2.796875,203.957,166.25781,534.1172,3
3239.203,431,62.82051,4480,10,2.796875,203.957,165.13672,535.2383,3
3239.203,431,63.42711,4480,11,2.796875,203.957,164.42578,535.9492,3
3239.203,431,67.16792,4480,8,2.796875,203.957,164.18359,536.1914,3
3239.203,431,62.87879,4480,9,2.804688,203.957,163.30469,537.0703,3
3239.203,431,61.90476,4480,9,2.804688,203.9492,162.86719,537.5078,3
3240.645,431,60.35354,4480,7,2.804688,203.957,163.16406,537.2031,3
3240.645,431,61.0,4480,6,2.804688,203.957,166.60156,533.7656,3
3240.645,431,61.80905,4480,8,2.804688,203.957,165.42578,534.9414,3
3241.605,431,57.80488,4480,9,2.804688,203.957,164.03125,536.3359,3
3241.605,431,53.58025,4480,13,2.804688,203.957,163.78906,536.5781,3
3241.605,431,54.52261,4480,15,2.804688,203.957,163.83984,536.5273,3
3241.605,431,66.75127,4480,14,2.804688,203.957,167.52344,532.8438,3
3241.605,431,64.76684,4480,12,2.804688,203.957,166.57812,533.7891,3
3241.605,431,66.32391,4480,10,2.804688,203.957,165.62109,534.7461,3
3241.605,431,66.92308,4480,8,2.804688,203.957,163.54297,536.8242,3
3241.605,431,60.0,4480,9,2.804688,203.957,162.85938,537.5078,3
3241.605,431,63.19797,4480,8,2.804688,203.957,165.63281,534.7344,3
3241.605,431,68.36735,4480,8,2.804688,203.957,164.73438,535.6328,3
3242.57,431,66.24685,4480,8,2.804688,203.957,162.19141,538.1758,3
3242.57,431,61.57761,4480,11,2.804688,203.957,161.45703,538.9102,3
3242.57,431,64.55696,4480,10,2.804688,203.957,160.33203,540.0352,3
3242.57,431,66.15776,4480,10,2.804688,203.957,164.69141,535.6758,3
3242.57,431,66.24365,4480,5,2.804688,203.957,163.63281,536.7344,3
3242.57,431,64.03061,4480,8,2.804688,203.957,167.8047,532.5625,3
3242.57,431,67.51269,4480,11,2.804688,203.957,166.44922,533.918,3
3242.57,431,67.60925,4480,7,2.8125,203.957,165.08203,535.2852,3
3242.57,431,64.61538,4480,11,2.8125,203.957,164.42578,535.9336,3
3242.57,431,64.73552,4480,8,2.8125,203.957,167.9453,532.4141,3
3242.57,431,65.90909,4480,6,2.8125,203.957,165.64844,534.7109,3
3242.57,431,66.49746,4480,12,2.8125,203.957,163.57031,536.7891,3
3242.57,431,69.09548,4480,12,2.8125,203.957,165.79688,534.5625,3
3242.57,431,68.01008,4448,4,2.8125,203.957,164.21094,536.1484,3
3242.57,431,62.1134,4448,11,2.8125,203.957,168.7227,531.6367,3
3242.57,431,65.75,4448,9,2.8125,203.957,167.29688,533.0625,3
3242.57,431,65.58603,4448,6,2.820312,203.957,166.96875,533.3906,3
3242.57,431,65.13995,4448,10,2.820312,203.957,165.28516,535.0664,3
3242.57,431,64.83791,4448,10,2.820312,203.957,167.76562,532.5859,3
3242.57,431,60.65163,4448,8,2.820312,203.957,166.375,533.9766,3
3242.57,431,59.24051,4448,9,2.820312,203.957,165.9375,534.4141,3
3242.57,431,51.13924,4448,7,2.820312,203.957,164.76172,535.5898,3
3242.57,431,55.97015,4448,5,2.820312,203.957,163.40625,536.9453,3
3242.57,431,54.33673,4448,11,2.820312,203.957,162.28516,538.0664,3
3242.57,431,63.42711,4448,7,2.820312,203.957,166.78125,533.5703,3
3242.57,431,66.40827,4448,11,2.820312,203.957,165.20312,535.1484,3
3242.57,431,65.11628,4448,8,2.820312,203.957,164.30078,536.0508,3
3242.57,431,68.63753,4448,6,2.820312,203.957,167.28906,533.0625,3
3242.57,431,65.98985,4448,8,2.820312,203.957,165.64844,534.7031,3
3242.57,431,61.53846,4448,4,2.820312,203.957,165.21094,535.1406,3
3242.57,431,69.48718,4448,6,2.820312,203.957,164.52734,535.8242,3
3242.57,431,69.11392,4448,8,2.820312,203.957,163.40625,536.9453,3
3242.57,431,66.83544,4448,10,2.820312,203.957,162.51562,537.8359,3
3242.57,431,68.03069,4480,7,2.820312,203.957,161.83203,538.5195,3
3242.57,431,67.4359,4480,13,2.820312,203.957,165.71875,534.6328,3
3242.57,431,65.56962,4480,9,2.820312,203.957,164.14453,536.207,3
3242.57,431,65.89744,4480,6,2.820312,203.957,163.26953,537.082,3
3242.57,431,69.59799,4480,7,2.820312,203.957,162.12109,538.2305,3
3242.57,431,68.27411,4480,10,2.820312,203.957,160.78125,539.5703,3
3242.57,431,70.81218,4480,5,2.820312,203.957,159.17188,541.1797,3
3242.57,431,66.15776,4480,14,2.820312,203.957,164.82422,535.5273,3
3242.57,431,66.41414,4480,12,2.820312,203.957,163.66016,536.6914,3
3243.574,431,65.22843,4480,8,2.820312,203.957,163.17969,537.1719,3
3243.574,431,65.48223,4480,5,2.820312,203.957,161.97656,538.375,3
3242.57,431,66.66667,4480,8,2.820312,203.957,160.58594,539.7656,3
3242.57,431,64.10256,4480,8,2.820312,203.957,160.64062,539.7109,3
3242.57,431,66.49746,4480,10,2.820312,203.957,163.89453,536.457,3
3242.57,431,66.08479,4480,11,2.820312,203.957,162.36328,537.9883,3
3242.57,431,64.55696,4480,10,2.820312,203.957,161.92578,538.4258,3
3242.57,431,67.33668,4480,4,2.820312,203.957,165.22266,535.1289,3
3242.57,431,60.34913,4480,5,2.828125,203.957,164.27734,536.0742,3
3242.57,431,59.1133,4448,12,2.828125,203.957,163.8125,536.5312,3
3242.57,431,55.72139,4448,8,2.828125,203.957,163.34766,536.9961,3
3242.57,431,54.72637,4448,11,2.828125,203.957,162.03516,538.3086,3
3242.57,431,52.65823,4448,14,2.828125,203.957,161.81641,538.5273,3
3242.57,431,63.65979,4448,12,2.828125,203.957,161.81641,538.5273,3
3242.57,431,64.96164,4448,11,2.828125,203.957,161.37891,538.9648,3
3242.57,431,66.75192,4448,7,2.828125,203.957,165.95312,534.3906,3
3242.57,430,68.03069,4448,9,2.828125,203.957,168.7812,531.5625,3
3242.57,430,66.15385,4448,5,2.828125,203.957,166.92578,533.418,3
3242.57,430,62.72494,4448,11,2.828125,203.957,168.793,531.5508,3
3242.57,430,69.01763,4448,6,2.828125,203.957,166.96484,533.3789,3
3242.57,430,67.52577,4448,17,2.835938,203.957,165.625,534.7188,3
3242.57,430,68.52792,4448,7,2.835938,203.957,170.1875,530.1484,3
3242.57,430,65.12821,4448,14,2.835938,203.957,167.5,532.8359,3
3242.57,430,68.46154,4448,8,2.835938,203.957,166.81641,533.5195,3
3242.57,430,68.0203,4448,13,2.835938,203.957,171.082,529.2539,3
3242.57,430,69.69697,4448,5,2.835938,203.957,169.0039,531.332,3
3242.57,430,65.7289,4448,8,2.835938,203.957,168.0742,532.2617,3
3242.57,430,61.42132,4448,10,2.835938,203.957,167.39062,532.9453,3
3242.57,430,67.34694,4448,8,2.839844,203.957,165.57031,534.7656,3
3242.57,430,66.15385,4448,6,2.839844,203.9531,163.43359,536.9023,3
3242.57,430,67.35219,4448,12,2.839844,203.957,162.99609,537.3359,3
3242.57,430,64.70588,4448,9,2.839844,203.957,161.875,538.457,3
3242.57,430,65.90909,4448,7,2.839844,203.957,166.71094,533.6211,3
3242.57,430,65.06329,4448,12,2.839844,203.957,165.59766,534.7344,3
3242.57,430,67.85714,4448,7,2.839844,203.957,164.44922,535.8828,3
3242.57,430,65.89744,4448,8,2.839844,203.957,163.08203,537.25,3
3242.57,430,66.24685,4448,6,2.839844,203.957,161.76953,538.5625,3
3242.57,430,64.55696,4448,8,2.839844,203.957,165.3125,535.0195,3
3242.57,430,65.17413,4448,6,2.839844,203.957,169.5898,530.7422,3
3242.57,430,60.65163,4448,11,2.839844,203.957,168.0508,532.2812,3
3242.57,430,55.75,4448,10,2.839844,203.957,167.832,532.5,3
3242.57,430,56.14035,4448,12,2.839844,203.957,167.61328,532.7188,3
3242.57,430,51.99005,4448,16,2.839844,203.957,164.61719,535.7148,3
3242.57,430,55.72519,4448,11,2.839844,203.957,164.17969,536.1523,3
3242.57,430,64.54082,4448,12,2.847656,203.957,171.0352,529.2969,3
3242.57,430,70.35176,4448,6,2.847656,203.957,169.8984,530.4258,3
3242.57,430,69.97455,4448,6,2.847656,203.957,168.0391,532.2852,3
3242.57,430,68.87755,4448,14,2.847656,203.957,166.94531,533.3789,3
3242.57,430,65.89147,4448,8,2.847656,203.957,165.55078,534.7734,3
3242.57,430,63.58974,4448,10,2.847656,203.957,164.40625,535.918,3
3242.57,430,66.41221,4448,18,2.847656,203.957,163.72266,536.6016,3
3242.57,430,63.82429,4448,10,2.847656,203.957,163.25781,537.0664,3
3242.57,430,66.07143,4448,9,2.847656,203.957,167.43359,532.8906,3
3242.57,430,62.69036,4448,10,2.847656,203.957,164.90234,535.4219,3
3242.57,430,68.86076,4448,10,2.847656,203.957,163.53516,536.7891,3
3242.57,430,66.15776,4448,9,2.847656,203.957,162.16797,538.1562,3
3242.57,430,63.95939,4448,12,2.847656,203.957,161.29297,539.0312,3
3242.57,430,63.95939,4448,9,2.847656,203.957,160.20312,540.1211,3
3242.57,430,65.13995,4448,8,2.847656,203.957,161.68359,538.6406,3
3242.57,430,67.09184,4448,14,2.847656,203.957,161.74219,538.582,3
3242.57,430,67.59494,4448,12,2.847656,203.957,166.125,534.1992,3
3242.57,430,69.03553,4448,13,2.847656,203.957,163.70703,536.6172,3
3242.57,430,66.92112,4448,8,2.847656,203.957,161.875,538.4492,3
3242.57,430,66.91919,4480,7,2.847656,203.957,161.65625,538.668,3
3242.57,430,67.77494,4480,9,2.847656,203.957,160.50781,539.8164,3
3242.57,430,69.09548,4480,9,2.847656,203.957,160.40625,539.918,3
3242.57,430,64.97462,4480,11,2.847656,203.957,160.1875,540.1367,3
3242.57,430,68.43434,4480,8,2.847656,203.957,163.93359,536.3906,3
3242.57,430,63.8191,4480,16,2.847656,203.957,163.03906,537.2852,3
3242.57,430,63.0,4480,11,2.847656,203.957,167.39062,532.9336,3
3242.57,430,60.35354,4480,13,2.847656,203.957,165.26953,535.0547,3
3242.57,430,60.09975,4480,6,2.847656,203.957,164.125,536.1992,3
3242.57,430,57.53769,4480,15,2.847656,203.957,162.98047,537.3438,3
3242.57,430,49.0,4480,9,2.847656,203.957,161.9375,538.3867,3
3242.57,430,57.14286,4480,15,2.847656,203.957,166.69922,533.625,3
3242.57,430,68.0203,4480,8,2.847656,203.957,166.04297,534.2812,3
3242.57,430,66.49746,4480,9,2.847656,203.957,165.16797,535.1562,3
3242.57,430,67.34694,4480,9,2.847656,203.957,164.26562,536.0586,3
3242.57,430,63.75321,4480,12,2.847656,203.957,163.80469,536.5195,3
3242.57,430,68.5422,4480,12,2.847656,203.957,163.19922,537.125,3
3242.57,430,65.81633,4480,7,2.855469,203.957,163.47656,536.8477,3
3242.57,429,67.7665,4480,14,2.855469,203.957,161.66797,538.6484,3
3242.57,429,65.89744,4448,12,2.855469,203.957,161.47266,538.8438,3
3242.57,429,67.25441000000001,4448,16,2.855469,203.957,160.33203,539.9844,3
3242.57,429,67.78351,4448,11,2.855469,203.957,163.71094,536.6055,3
3242.57,429,66.66667,4448,9,2.855469,203.957,162.56641,537.75,3
3242.57,429,68.70229,4448,10,2.855469,203.957,161.90234,538.4141,3
3242.57,429,64.12214,4448,12,2.855469,203.957,165.76172,534.5547,3
3242.57,429,66.75127,4448,6,2.855469,203.957,163.41016,536.9062,3
3242.57,429,70.37975,4448,7,2.855469,203.957,162.50781,537.8086,3
3242.57,429,64.79592,4448,9,2.855469,203.957,161.83594,538.4805,3
3242.57,429,66.75063,4448,10,2.855469,203.957,160.71484,539.6016,3
3242.57,429,65.98465,4448,10,2.855469,203.957,164.63281,535.6836,3
3242.57,429,68.95674,4448,10,2.855469,203.957,168.6055,531.7109,3
3242.57,429,64.54082,4448,8,2.855469,203.957,167.21484,533.1016,3
3242.57,429,67.60204,4448,4,2.855469,203.957,166.55859,533.7578,3
3242.57,429,63.61323,4448,12,2.855469,203.957,164.42578,535.8906,3
3242.57,429,66.24685,4448,7,2.863281,203.957,167.72656,532.5898,3
3242.57,429,66.33416,4448,12,2.863281,203.957,166.60938,533.6992,3
3242.57,429,64.23174,4448,9,2.863281,203.957,164.75,535.5586,3
3242.57,429,62.90727,4448,9,2.863281,203.957,163.39844,536.9102,3
3242.57,429,59.79899,4448,12,2.863281,203.957,162.74219,537.5664,3
3242.57,429,62.40602,4448,8,2.878906,203.957,161.15625,539.1523,3
3242.57,429,56.75676,4448,6,2.878906,203.957,160.22656,540.0664,3
3242.57,429,55.88972,4448,11,2.878906,203.957,160.00781,540.2852,3
3242.57,429,57.28643,4448,11,2.878906,203.957,163.96875,536.3242,3
3242.57,429,66.41026,4448,4,2.878906,203.957,163.32031,536.9727,3
3242.57,429,68.28645,4448,4,2.878906,203.957,163.10156,537.1914,3
3242.57,429,65.88542,4448,9,2.878906,203.957,162.42188,537.8711,3
3242.57,429,71.10553,4448,8,2.878906,203.957,165.30078,534.9922,3
3242.57,429,69.46565,4448,4,2.878906,203.957,164.19141,536.1016,3
3242.57,429,68.09045,4448,8,2.878906,203.957,163.33594,536.957,3
3242.57,429,65.38462,4448,7,2.878906,203.957,162.65234,537.6406,3
3242.57,429,66.24365,4448,6,2.878906,203.957,166.60547,533.6875,3
3242.57,425,65.89744,4480,9,2.886719,203.957,165.42969,534.8633,3
3242.57,425,67.68448,4480,11,2.886719,203.9492,164.03516,536.2578,3
3242.57,425,69.7201,4480,12,2.886719,203.957,163.35156,536.9336,3
3242.57,425,66.49616,4480,13,2.886719,203.957,162.66797,537.6172,3
3242.57,425,68.44784,4480,6,2.886719,203.957,162.44531,537.8398,3
3242.57,425,64.28571,4480,7,2.886719,203.957,162.04297,538.2422,3
3242.57,425,68.52792,4480,10,2.886719,203.957,164.99609,535.2891,3
3242.57,425,68.78173,4480,7,2.886719,203.957,163.62891,536.6562,3
3242.57,425,67.17557,4480,9,2.894531,203.957,162.94531,537.3398,3
3242.57,425,65.56962,4480,9,2.894531,203.9492,162.94531,537.3398,3
3242.57,425,67.17949,4480,7,2.894531,203.957,161.80078,538.4766,3
3242.57,425,61.73469,4480,10,2.894531,203.957,160.62891,539.6484,3
3242.57,425,63.95939,4480,5,2.894531,203.957,159.94531,540.332,3
3242.57,425,68.60759,4480,8,2.894531,203.957,159.50781,540.7695,3
3242.57,425,61.40351,4480,5,2.894531,203.957,159.32031,540.957,3
3242.57,425,65.40404,4480,9,2.894531,203.957,164.02734,536.25,3
3242.57,425,67.00252,4480,7,2.894531,203.957,161.93359,538.3438,3
3242.57,425,64.73552,4480,8,2.894531,203.957,161.76953,538.5078,3
3242.57,425,61.55779,4480,9,2.894531,203.957,165.83594,534.4414,3
3242.57,425,57.10723,4480,16,2.894531,203.957,165.15234,535.125,3
3242.57,425,55.22388,4480,4,2.894531,203.957,164.49609,535.7812,3
3242.57,425,51.0,4480,10,2.894531,203.957,167.8438,532.4336,3
3242.57,425,60.20151,4480,6,2.894531,203.957,166.94531,533.332,3
3242.57,425,68.21705,4480,9,2.894531,203.957,165.0625,535.2148,3
3242.57,425,69.03553,4480,7,2.894531,203.957,164.625,535.6523,3
3242.57,425,64.96164,4480,8,2.894531,203.957,163.3125,536.9648,3
3242.57,425,65.03856,4480,5,2.894531,204.0547,162.60156,537.5781,3
3242.57,425,64.79592,4480,13,2.894531,204.082,162.35547,537.7969,3
3242.57,425,66.41221,4480,12,2.894531,204.082,165.78516,534.3672,3
3242.57,425,69.7733,4480,9,2.894531,204.082,165.32422,534.8281,3
3242.57,425,65.89147,4480,9,2.894531,204.082,163.24219,536.9102,3
3242.57,425,67.34694,4480,9,2.894531,204.082,162.55859,537.5938,3
3242.57,425,66.83544,4480,12,2.894531,204.082,166.78516,533.3672,3
3242.57,425,65.81633,4480,8,2.894531,204.082,165.40234,534.75,3
3242.57,425,66.66667,4480,6,2.894531,204.082,164.0625,536.0898,3
3242.57,425,63.93862,4480,5,2.894531,204.082,161.92969,538.2227,3
3242.57,425,65.41353,4480,14,2.894531,204.082,161.27344,538.8789,3
3242.57,426,66.32653,4480,10,2.894531,204.082,161.54688,538.6055,3
3242.57,426,66.15776,4480,16,2.894531,204.082,160.41016,539.7422,3
3242.57,426,65.3944,4480,9,2.894531,204.082,160.19141,539.9609,3
3242.57,426,66.49874,4480,12,2.894531,204.082,159.78125,540.3711,3
3242.57,426,67.59494,4480,15,2.894531,204.082,163.52344,536.6289,3
3242.57,426,72.1519,4480,11,2.894531,204.082,161.30078,538.8516,3
3242.57,426,66.83292,4480,8,2.894531,204.082,160.39844,539.7539,3
3242.57,426,68.36735,4480,9,2.894531,204.082,163.81641,536.3359,3
3242.57,426,60.10101,4480,12,2.894531,204.082,167.00781,533.1445,3
3242.57,426,64.83791,4480,11,2.894531,204.082,164.70312,535.4492,3
3242.57,426,65.06329,4480,12,2.894531,204.082,164.26562,535.8867,3
3242.57,426,59.75,4480,11,2.902344,204.082,163.39062,536.7617,3
3242.57,427,59.29648,4480,11,2.902344,204.082,162.67969,537.4648,3
3242.57,427,58.58586,4480,9,2.902344,204.082,161.80469,538.3398,3
3239.684,427,55.30864,4480,11,2.902344,204.082,161.14844,538.9961,3
3239.684,427,50.75,4480,14,2.902344,204.082,160.49219,539.6523,3
3239.684,426,67.08861,4480,10,2.902344,204.082,163.78516,536.3594,3
3239.684,426,67.17949,4480,10,2.902344,204.082,166.08594,534.0586,3
3239.684,426,65.20619,4480,11,2.902344,204.082,169.9453,530.1992,3
3239.684,426,64.75196,4480,8,2.902344,204.082,168.3008,531.8438,3
3239.684,426,67.09512,4480,9,2.902344,204.082,167.15625,532.9883,3
3239.699,426,66.75192,4480,7,2.902344,204.082,166.28125,533.8633,3
3239.684,426,63.56589,4480,13,2.902344,204.082,165.37891,534.7656,3
3239.684,426,67.69231,4480,9,2.902344,204.082,164.72266,535.4219,3
3239.684,426,64.37659,4480,6,2.902344,204.082,163.32812,536.8164,3
3239.684,426,65.5527,4512,9,2.902344,204.082,162.17969,537.9648,3
3239.684,426,64.50777,4512,11,2.902344,204.082,166.83984,533.3047,3
3239.684,426,66.07143,4512,13,2.902344,204.082,165.46094,534.6836,3
3239.684,426,69.05371,4512,13,2.902344,204.082,164.77734,535.3672,3
3239.684,426,65.81633,4512,14,2.902344,204.082,164.61719,535.5273,3
3239.684,426,71.86701,4512,10,2.902344,204.082,163.73438,536.4102,3
3239.684,426,67.5063,4512,10,2.902344,204.082,162.11719,538.0273,3
3239.684,426,69.44444,4512,11,2.902344,204.082,170.4297,529.7148,3
3239.684,426,71.50127,4512,10,2.910156,204.082,168.1484,531.9961,3
3239.684,426,66.75127,4480,7,2.910156,204.082,167.46484,532.6719,3
3240.645,426,65.65657,4480,11,2.910156,204.082,167.02734,533.1094,3
3240.645,426,65.99496,4480,13,2.910156,204.082,166.125,534.0117,3
3240.645,426,68.93939,4480,12,2.910156,204.082,165.19531,534.9414,3
3240.645,426,65.23929,4480,7,2.910156,204.082,164.53906,535.5977,3
3240.645,426,65.22843,4480,9,2.910156,204.082,168.9062,531.2305,3
3240.645,426,61.26582,4480,8,2.910156,204.082,168.25,531.8867,3
3240.645,426,61.05528,4480,12,2.910156,204.082,167.07422,533.0625,3
3240.645,426,62.03474,4480,9,2.910156,204.082,165.67969,534.457,3
3240.645,426,63.0,4480,14,2.910156,204.082,164.97266,535.1641,3
3240.645,426,59.89975,4480,9,2.910156,204.082,168.8789,531.2578,3
3240.645,426,51.37845,4480,7,2.910156,204.082,166.74609,533.3906,3
3240.645,426,56.96203,4480,13,2.910156,204.082,166.52734,533.6094,3
3240.645,426,66.24685,4480,11,2.910156,204.082,165.87109,534.2656,3
3240.645,426,68.5422,4480,9,2.910156,204.082,164.75,535.3867,3
3240.645,426,62.85714,4512,16,2.910156,204.082,163.64062,536.4961,3
3240.645,426,69.30946,4512,11,2.917969,204.082,162.71094,537.4258,3
3240.645,426,67.09184,4512,10,2.917969,204.0742,166.24219,533.8945,3
3240.645,426,69.11392,4512,11,2.917969,204.082,166.02344,534.1055,3
3240.645,426,65.89744,4512,11,2.917969,204.082,169.8984,530.2305,3
3240.645,426,64.67532,4512,12,2.917969,204.082,169.0469,531.082,3
3240.645,426,72.01018,4512,11,2.917969,204.082,167.40625,532.7227,3
3240.645,426,70.66327,4512,8,2.917969,204.082,166.28516,533.8438,3
3240.645,426,63.26531,4512,6,2.917969,204.082,163.6875,536.4414,3
3240.645,426,64.35897,4512,9,2.917969,204.082,163.25781,536.8711,3
3240.645,426,66.15776,4512,10,2.917969,204.082,162.79297,537.3359,3
3240.645,426,62.12121,4512,12,2.917969,204.082,162.30469,537.8242,3
3240.645,423,69.36709,4512,8,2.917969,204.082,168.4805,531.6484,3
3240.645,423,70.45455,4512,9,2.917969,204.082,166.86719,533.2617,3
3240.645,423,68.44784,4512,9,2.917969,204.082,166.64844,533.4805,3
3240.645,424,64.37659,4512,15,2.917969,204.082,165.28125,534.8477,3
3240.645,424,68.52792,4512,16,2.917969,204.082,164.10547,536.0234,3
3240.645,424,64.23174,4512,17,2.917969,204.082,162.71094,537.418,3
3240.645,424,63.45178,4512,9,2.917969,204.082,161.80859,538.3203,3
3240.645,425,68.78173,4480,14,2.917969,204.082,165.72266,534.4062,3
3240.645,425,63.97985,4480,9,2.917969,204.082,165.03906,535.0898,3
3240.645,425,69.54315,4480,8,2.917969,204.082,164.38281,535.7461,3
3240.645,425,64.64646,4480,12,2.917969,204.082,163.94531,536.1836,3
3240.645,425,65.08728,4480,16,2.917969,204.082,162.9375,537.1914,3
3240.645,426,62.31156,4480,12,2.917969,204.082,161.59375,538.5352,3
3240.645,426,57.17822,4480,6,2.917969,204.082,160.22656,539.9023,3
3240.645,426,53.76884,4448,10,2.917969,204.082,163.77734,536.3516,3
3240.645,426,55.13784,4448,13,2.917969,204.082,162.55859,537.5703,3
3240.645,426,60.20151,4448,17,2.917969,204.082,162.44141,537.6875,3
3240.645,426,64.03061,4448,5,2.917969,204.082,161.54297,538.5859,3
3240.645,426,66.92506,4480,8,2.917969,204.082,164.92969,535.1992,3
3240.645,425,66.41026,4480,9,2.917969,204.082,163.53906,536.5898,3
3240.645,425,68.38046,4480,7,2.917969,204.082,162.15625,537.9727,3
3240.645,425,65.48223,4480,6,2.917969,204.082,165.10938,535.0195,3
3240.645,425,68.35443,4480,9,2.917969,204.082,164.42578,535.7031,3
3240.645,425,65.64885,4480,14,2.925781,204.082,167.63672,532.4922,3
3240.645,425,67.17172,4480,10,2.925781,204.082,166.02344,534.0977,3
3240.645,425,68.5422,4480,7,2.925781,204.082,164.19141,535.9297,3
3240.645,425,68.19338,4480,8,2.925781,204.082,163.29297,536.8281,3
3240.645,425,68.20513,4480,4,2.925781,204.082,162.61328,537.5078,3
3240.645,425,67.00767,4480,7,2.925781,204.082,162.17578,537.9453,3
3240.645,425,65.47315,4480,9,2.925781,204.082,161.27344,538.8477,3
3240.645,425,70.73791,4480,8,2.925781,204.082,159.60547,540.5156,3
3240.645,425,66.07143,4480,9,2.925781,204.082,158.64453,541.4766,3
3240.645,425,69.30946,4480,6,2.925781,204.082,160.95312,539.168,3
3240.645,425,66.91919,4480,14,2.925781,204.082,165.28516,534.8359,3
3240.645,425,65.56122,4480,9,2.925781,204.082,164.07031,536.0508,3
3240.645,425,65.64885,4480,10,2.925781,204.082,167.19531,532.9258,3
3240.645,425,65.47315,4480,7,2.925781,204.082,165.10156,535.0195,3
3240.645,425,67.58794,4480,11,2.925781,204.082,165.15625,534.9648,3
3240.645,425,64.67532,4480,13,2.925781,204.082,163.51562,536.6055,3
3241.711,428,69.54315,4448,8,2.925781,204.082,162.42188,537.6992,3
3240.645,425,62.94416,4448,11,2.925781,204.082,161.49219,538.6289,3
3240.645,425,63.97985,4448,8,2.925781,204.082,165.84766,534.2734,3
3240.645,425,63.25,4480,8,2.933594,204.082,164.21094,535.9102,3
3240.645,425,59.14787,4480,17,2.933594,204.082,163.69531,536.418,3
3240.645,425,57.03518,4480,8,2.933594,204.082,162.78906,537.3242,3
3240.645,425,60.54591,4480,14,2.933594,204.082,162.13281,537.9805,3
3240.645,425,54.36409,4480,6,2.933594,204.082,161.01562,539.0977,3
3240.645,425,60.35806,4480,11,2.933594,204.082,160.88281,539.2305,3
3240.645,425,68.95674,4480,7,2.933594,204.082,163.82031,536.293,3
3240.645,425,63.14433,4480,7,2.941406,204.082,166.13281,533.9805,3
3240.645,425,64.28571,4480,10,2.941406,204.082,164.95703,535.1484,3
3240.645,425,65.5527,4480,13,2.941406,204.082,163.87891,536.2266,3
3240.645,425,67.94872,4480,7,2.941406,204.082,167.0625,533.043,3
3240.645,425,69.05371,4480,11,2.941406,204.082,165.91406,534.1914,3
3240.645,425,68.47545,4480,7,2.941406,204.082,164.55078,535.5547,3
3240.645,425,66.92308,4480,9,2.941406,204.082,164.33203,535.7734,3
3240.645,425,68.86076,4480,8,2.941406,204.082,163.18359,536.9219,3
3240.645,425,66.83673,4480,8,2.941406,204.082,161.76172,538.3438,3
3240.645,425,66.07143,4480,9,2.941406,204.082,160.37891,539.7266,3
3240.645,425,70.45455,4480,12,2.941406,204.082,157.80859,542.2969,3
3240.645,425,67.9198,4480,9,2.941406,204.082,157.56641,542.5391,3
3240.645,425,66.07143,4480,5,2.941406,204.082,165.30078,534.8047,3
3240.645,425,63.70558,4480,10,2.941406,204.082,164.39844,535.707,3
3240.645,425,65.91479,4480,11,2.941406,204.082,162.79688,537.3086,3
3240.645,425,66.66667,4480,6,2.941406,204.082,161.62109,538.4844,3
3240.645,425,64.43299,4480,14,2.941406,204.082,160.74609,539.3594,3
3240.645,425,63.29114,4480,8,2.941406,204.082,160.52734,539.5781,3
3240.645,425,62.12121,4480,15,2.941406,204.082,160.30859,539.7969,3
3240.645,425,70.37975,4480,11,2.941406,204.082,165.14062,534.9648,3
3240.645,425,64.97462,4480,9,2.941406,204.082,164.89844,535.207,3
3240.645,425,65.15152,4480,16,2.949219,204.082,167.9258,532.1797,3
3240.645,425,62.15539,4480,12,2.949219,204.082,167.48828,532.6094,3
3240.645,425,66.83417,4480,4,2.949219,204.082,166.36719,533.7305,3
3240.645,425,62.69036,4480,11,2.949219,204.082,165.71094,534.3867,3
3240.645,425,59.75309,4480,12,2.949219,204.082,165.02734,535.0703,3
3240.645,425,56.93069,4480,9,2.949219,204.082,164.07031,536.0273,3
3240.645,425,55.66502,4480,11,2.949219,204.082,162.48438,537.6133,3
3240.645,425,56.85786,4480,11,2.949219,204.082,163.99609,536.1016,3
3240.645,425,66.07595,4480,10,2.949219,204.082,167.00781,533.0898,3
3240.645,425,63.07692,4480,5,2.949219,204.082,165.85938,534.2383,3
3240.645,425,65.21739,4480,17,2.949219,204.082,164.92969,535.168,3
3240.645,426,61.38107,4480,4,2.949219,204.082,164.02734,536.0703,3
3240.645,426,64.35897,4480,11,2.949219,204.082,166.83594,533.2617,3
3240.645,426,64.37659,4480,7,2.949219,204.082,164.92578,535.1719,3
3240.645,426,62.46787,4480,7,2.949219,204.082,163.78125,536.3164,3
3240.645,426,66.06684,4448,15,2.949219,204.082,163.09766,537.0,3
3240.645,426,68.29897,4448,8,2.949219,204.082,162.85156,537.2461,3
3240.645,426,67.70026,4448,5,2.949219,204.082,167.12109,532.9766,3
3240.645,426,64.28571,4448,9,2.949219,204.082,165.72656,534.3711,3
3240.645,426,67.26343,4448,13,2.949219,204.082,165.26172,534.8359,3
3240.645,426,66.24041,4448,9,2.949219,204.082,164.11328,535.9844,3
3240.645,426,64.8855,4448,9,2.949219,204.082,162.99219,537.1055,3
3240.645,426,67.08861,4448,4,2.949219,204.082,162.55469,537.543,3
3240.645,426,63.10433,4448,9,2.949219,204.082,161.625,538.4727,3
3240.645,426,65.12821,4448,9,2.949219,204.082,161.84375,538.2539,3
3240.645,426,64.89899,4448,13,2.949219,204.082,160.53125,539.5664,3
3240.645,426,65.5527,4448,13,2.949219,204.082,160.39453,539.7031,3
3240.645,426,66.58228,4448,7,2.949219,204.082,158.78125,541.3164,3
3240.645,426,68.09045,4448,13,2.949219,204.082,162.49219,537.6055,3
3240.645,426,67.60925,4448,8,2.949219,204.082,161.35156,538.7461,3
3240.645,426,67.59494,4448,9,2.949219,204.082,161.17969,538.918,3
3240.645,426,63.73057,4448,16,2.949219,204.082,164.91406,535.1836,3
3240.645,426,66.24365,4448,12,2.949219,204.082,164.23047,535.8672,3
3240.645,426,65.23929,4448,8,2.949219,204.082,167.00781,533.0898,3
3240.645,426,65.15152,4448,11,2.949219,204.082,166.35156,533.7461,3
3240.645,426,67.85714,4448,13,2.949219,204.082,165.91406,534.1836,3
3240.645,426,70.66327,4448,9,2.949219,204.082,165.03906,535.0586,3
3240.645,426,68.98263,4448,11,2.949219,204.082,164.35938,535.7383,3
3240.645,427,66.23711,4448,11,2.949219,204.082,166.83984,533.2578,3
3240.645,427,69.09548,4448,8,2.949219,204.082,165.9375,534.1602,3
3240.645,427,67.09184,4448,12,2.949219,204.082,166.01172,534.0859,3
3240.645,427,66.16541,4448,6,2.949219,204.082,164.65234,535.4453,3
3240.645,427,65.65657,4448,15,2.957031,204.082,163.23047,536.8672,3
3240.645,427,61.80905,4448,10,2.957031,204.0742,162.08203,538.0156,3
3240.645,427,59.5,4448,11,2.957031,204.082,161.17969,538.9102,3
3240.645,427,56.40394,4448,9,2.957031,204.082,160.93359,539.1562,3
3240.645,427,57.10723,4448,12,2.957031,204.082,160.25,539.8398,3
3240.645,427,57.07196,4448,12,2.957031,204.082,159.51562,540.5742,3
3240.645,427,60.10101,4448,9,2.957031,204.082,158.88281,541.207,3
3240.645,427,67.01031,4448,9,2.957031,204.082,158.23047,541.8594,3
3240.645,427,65.64885,4448,13,2.957031,196.3672,176.8711,530.9336,3
3240.645,427,63.33333,4448,12,2.957031,196.332,175.6367,532.2031,3
3240.645,427,68.11224,4448,11,2.957031,196.332,174.2188,533.6211,3
3240.66,427,69.56522,4448,11,2.957031,196.332,173.0977,534.7422,3
3240.645,427,63.56589,4448,11,2.957031,196.332,172.6602,535.1797,3
3240.645,427,63.52041,4448,8,2.957031,196.332,172.2422,535.5977,3
3240.645,427,66.83544,4448,9,2.964844,196.332,175.4297,532.4102,3
3240.645,427,68.0203,4448,15,2.964844,196.3242,174.0625,533.7773,3
3240.645,427,70.15306,4448,12,2.964844,196.332,173.1445,534.6875,3
3240.645,427,66.92308,4448,6,2.964844,196.332,172.9766,534.8555,3
3240.645,427,67.42424,4448,5,2.964844,196.332,171.6406,536.1914,3
3240.645,427,68.11224,4448,12,2.964844,196.332,170.5195,537.3125,3
3240.645,427,63.75,4448,11,2.964844,196.332,170.082,537.75,3
3240.645,427,69.01763,4448,9,2.964844,196.332,169.4258,538.4062,3
3240.645,427,67.51918,4448,11,2.964844,196.332,168.9883,538.8438,3
3240.645,427,65.98985,4448,15,2.964844,196.332,168.5508,539.2812,3
3240.645,427,70.17544,4448,11,2.964844,196.332,167.9258,539.9062,3
3240.645,427,67.00508,4448,8,2.964844,196.332,170.6758,537.1562,3
3240.645,427,67.69231,4448,20,2.964844,196.332,174.2578,533.5742,3
3240.645,427,67.8481,4448,11,2.964844,196.332,173.8203,534.0117,3
3240.645,427,64.33915,4448,6,2.964844,196.332,172.6719,535.1602,3
3240.645,427,66.0,4448,9,2.964844,196.332,173.2188,534.6133,3
3240.645,427,62.0,4448,13,2.964844,196.332,172.2891,535.543,3
3240.645,427,67.34177,4448,13,2.964844,196.332,171.5781,536.2539,3
3240.645,427,61.29032,4448,12,2.964844,196.332,169.9648,537.8672,3
3240.645,427,60.89109,4448,10,2.964844,196.332,169.2812,538.5508,3
3240.645,427,57.82828,4448,12,2.964844,196.332,174.7461,533.0859,3
3240.645,427,55.77889,4448,8,2.964844,196.332,173.1055,534.7266,3
3240.645,427,54.47761,4448,13,2.964844,196.332,176.8281,531.0039,3
3240.645,427,65.82278,4448,14,2.964844,196.332,175.6797,532.1523,3
3240.645,427,67.43003,4448,8,2.964844,196.332,174.3164,533.5156,3
3240.645,427,68.46154,4448,7,2.964844,196.332,173.4141,534.418,3
3240.891,428,71.82741,4448,12,2.964844,196.332,172.3203,535.5117,3
3240.645,427,67.01031,4448,9,2.964844,196.332,171.582,536.25,3
3240.645,427,67.17949,4448,6,2.964844,196.332,170.9258,536.9062,3
3240.645,427,67.26804,4448,8,2.964844,196.332,170.707,537.125,3
3240.645,427,66.23711,4448,6,2.964844,196.332,170.2695,537.5625,3
3240.645,427,68.43434,4448,11,2.964844,196.332,169.832,538.0,3
3240.645,427,67.77494,4448,10,2.964844,196.332,173.8516,533.9805,3
3240.645,427,68.36735,4448,10,2.964844,196.332,172.6484,535.1836,3
3240.645,427,67.68448,4448,5,2.964844,196.332,171.9375,535.8945,3
3240.645,427,64.96164,4448,5,2.964844,196.332,171.4727,536.3594,3
3240.645,427,65.89744,4448,10,2.964844,196.332,170.5156,537.3164,3
3240.645,428,66.32911,4448,9,4.265625,196.332,173.0,534.832,3
3240.645,428,65.22843,4448,11,4.265625,198.4453,167.17578,537.2422,3
3240.645,428,65.30612,4448,12,4.265625,198.5625,170.8242,533.4766,3
3240.645,428,65.15152,4448,6,4.265625,198.5625,169.4023,534.8984,3
3240.645,428,62.62626,4448,7,4.265625,198.5625,168.4453,535.8555,3
3240.645,428,64.87179,4448,6,4.265625,198.5625,167.0625,537.2383,3
3240.645,428,67.09184,4448,5,4.273438,198.5625,165.69531,538.6055,3
3241.465,431,65.16291,4448,13,4.273438,198.5547,169.4375,534.8633,3
3240.645,428,67.25888,4448,11,4.273438,198.5625,167.7969,536.4961,3
3240.645,428,66.33416,4448,4,4.273438,198.5625,167.14062,537.1523,3
3240.645,428,60.40609,4448,12,4.273438,198.5625,166.67578,537.6172,3
3240.645,428,66.25,4448,15,4.273438,198.5625,165.80078,538.4922,3
3240.645,428,63.52357,4448,9,4.273438,198.5625,165.14453,539.1484,3
3240.645,428,60.69652,4448,5,4.273438,198.5625,163.99609,540.2969,3
3240.645,428,57.45721,4448,7,4.273438,198.5625,169.082,535.2109,3
3240.645,428,53.11721,4480,4,4.273438,198.5625,168.6445,535.6484,3
3240.645,428,53.80711,4480,10,4.273438,198.5625,167.71484,536.5781,3
3240.645,427,62.98201,4480,9,4.273438,198.5625,167.03125,537.2617,3
3240.645,427,69.13265,4480,9,4.273438,198.5625,166.375,537.918,3
3240.645,427,66.83805,4480,4,4.28125,198.5625,165.66406,538.6289,3
3240.645,427,69.3299,4480,11,4.28125,198.5547,169.293,535.0,3
3240.645,427,66.49616,4480,15,4.28125,198.5625,168.8281,535.457,3
3240.645,428,64.94845,4480,10,4.28125,198.5625,168.1719,536.1133,3
3240.645,428,67.44186,4480,11,4.28125,198.5625,167.73438,536.5508,3
3240.645,429,64.54082,4480,12,4.28125,198.5625,167.51562,536.7695,3
3240.645,429,65.15152,4480,10,4.28125,198.5625,166.66797,537.6172,3
3240.645,429,63.98964,4480,11,4.28125,198.5625,165.98438,538.3008,3
3240.645,429,64.12214,4480,12,4.28125,198.5625,165.10938,539.1758,3
3240.645,429,67.08861,4480,6,4.304688,198.5625,163.76953,540.5156,3
3240.645,429,63.42711,4480,9,4.304688,198.5898,163.77344,540.4609,3
3240.645,429,68.18182,4480,15,4.304688,198.5898,164.11328,540.1211,3
3240.645,429,66.49746,4480,5,4.304688,198.5898,163.23828,540.9961,3
3240.645,429,67.92929,4480,8,4.304688,198.5898,166.78516,537.4492,3
3240.645,429,66.49485,4480,10,4.304688,198.5898,171.375,532.8594,3
3240.645,429,65.65657,4512,11,4.304688,198.5898,168.5859,535.6484,3
3240.645,429,67.92929,4480,11,4.304688,198.5898,173.0547,531.1797,3
3240.645,429,66.24365,4480,13,4.3125,198.5898,171.4414,532.793,3
3240.645,429,62.97229,4480,6,4.3125,198.5898,170.5664,533.6602,3
3240.645,429,62.7204,4448,10,4.3125,198.5898,169.6641,534.5625,3
3240.645,430,64.66165,4448,6,4.3125,198.5898,168.543,535.6836,3
3240.645,430,62.69036,4448,10,4.3125,198.5898,167.64062,536.5859,3
3240.645,430,61.90476,4448,12,4.3125,198.5898,171.0039,533.2227,3
3240.645,430,61.12532,4448,9,4.3125,198.5898,170.293,533.9336,3
3240.645,430,61.08374,4448,7,4.3125,198.5898,168.9258,535.3008,3
3240.645,430,57.14286,4448,14,4.3125,198.5898,167.9688,536.2578,3
3240.645,430,53.23383,4448,10,4.3125,198.5898,167.68359,536.543,3
3240.645,430,56.21891,4480,13,4.320312,198.5898,167.26953,536.957,3
3240.645,430,60.70529,4480,9,4.320312,198.582,170.6836,533.543,3
3240.645,430,64.52442,4480,10,4.320312,198.5898,170.2188,534.0,3
3240.645,430,65.73604,4480,9,4.320312,198.5898,168.3867,535.832,3
3240.645,430,68.12339,4480,13,4.320312,198.5898,167.48438,536.7344,3
3240.645,430,65.5527,4480,15,4.320312,198.5898,166.58203,537.6367,3
3240.645,430,64.64646,4480,8,4.320312,198.5898,166.19531,538.0234,3
3240.645,430,65.21739,4480,8,4.320312,198.5898,165.76172,538.457,3
3240.645,430,66.40827,4480,15,4.320312,198.5898,165.08203,539.1367,3
3240.645,430,66.83673,4480,4,4.320312,198.5898,163.45312,540.7656,3
3240.645,430,63.68286,4480,14,4.320312,198.5898,163.97266,540.2461,3
3240.645,430,69.7733,4480,10,4.320312,198.5898,166.42578,537.793,3
3240.645,430,68.84422,4448,15,4.320312,198.5898,166.71875,537.5,3
3240.645,430,67.08861,4448,5,4.320312,198.5898,164.15625,540.0625,3
3240.645,430,66.75127,4448,12,4.320312,198.5898,163.69531,540.5234,3
3240.645,430,67.68448,4448,11,4.320312,198.5898,163.06641,541.1523,3
3240.645,430,67.4359,4448,9,4.320312,198.5898,172.6797,531.5391,3
3240.645,430,66.07143,4480,7,4.320312,198.5898,171.0391,533.1797,3
3240.645,430,64.97462,4480,10,4.320312,198.5898,169.6445,534.5742,3
3240.645,430,68.35443,4480,9,4.320312,198.5898,173.3008,530.918,3
3240.645,430,64.55696,4480,10,4.320312,198.5898,172.125,532.0938,3
3240.645,430,65.99496,4480,9,4.320312,198.5898,171.4688,532.75,3
3240.645,430,68.67168,4480,16,4.320312,198.5898,169.5547,534.6641,3
3240.645,430,64.2132,4480,8,4.320312,198.5898,169.1172,535.1016,3
3240.645,430,64.83791,4480,6,4.320312,198.5898,168.4609,535.7578,3
3240.645,430,63.47607,4480,10,4.320312,198.5898,168.2422,535.9766,3
3240.645,430,64.08978,4480,10,4.320312,198.5898,167.33984,536.8789,3
3240.645,430,61.97531,4480,9,4.320312,198.5898,166.90234,537.3164,3
3241.848,433,60.5,4480,10,4.320312,198.5898,166.46484,537.7539,3
3240.645,430,55.08685,4480,9,4.320312,198.5898,164.83594,539.3828,3
3240.645,430,49.24242,4480,6,4.320312,198.5898,164.15234,540.0664,3
3240.645,430,55.13784,4480,7,4.320312,198.5898,163.25,540.9688,3
3240.645,430,66.06684,4480,8,4.320312,198.5898,162.15625,542.0625,3
3240.645,430,63.84615,4480,10,4.320312,194.5898,170.375,537.8438,3
3240.645,430,66.15776,4480,9,4.320312,194.5898,169.4492,538.7695,3
3240.645,430,63.26531,4480,12,4.320312,194.5898,173.582,534.6367,3
3240.645,430,65.7289,4480,13,4.328125,194.5898,177.0,531.2188,3
3240.645,430,64.59948,4480,6,4.328125,194.5898,176.0977,532.1133,3
3240.645,430,65.89744,4480,15,4.328125,194.5898,174.7031,533.5078,3
3240.645,431,66.66667,4480,5,4.328125,194.5898,172.3359,535.875,3
3240.645,431,66.49616,4480,11,4.328125,194.5898,171.6797,536.5312,3
3240.645,431,67.34177,4480,14,4.328125,194.5898,171.0273,537.1836,3
3240.645,431,64.78149,4480,13,4.328125,194.5898,170.3711,537.8398,3
3240.645,431,64.61538,4480,8,4.335938,194.5898,169.9102,538.3008,3
3240.645,431,62.7551,4480,13,4.335938,194.5898,168.7344,539.4688,3
3240.645,431,65.7289,4480,8,4.335938,194.5898,168.7617,539.4414,3
3240.645,431,62.9156,4480,9,4.335938,194.5898,172.8984,535.3047,3
3240.645,431,68.35443,4480,14,4.335938,194.5898,171.5312,536.6719,3
3240.645,431,68.79795,4480,10,4.335938,194.5898,169.918,538.2852,3
3240.645,431,67.08543,4480,8,4.335938,194.5898,168.2891,539.9141,3
3240.66,431,70.37975,4480,11,4.335938,194.5898,166.1875,542.0156,3
3240.645,431,62.59542,4480,8,4.335938,194.5898,166.03906,542.1641,3
3240.645,431,66.41414,4480,9,4.335938,194.5898,165.5625,542.6406,3
3240.645,430,65.31646,4448,11,4.335938,194.5898,173.6953,534.5078,3
3240.645,430,67.00508,4448,11,4.335938,194.5898,171.7656,536.4375,3
3240.645,430,63.88889,4448,12,4.335938,194.5898,170.6445,537.5586,3
3240.645,430,66.16541,4448,12,4.335938,194.5898,169.5234,538.6797,3
3240.645,430,59.09091,4448,9,4.335938,194.5898,169.0859,539.1172,3
3240.645,430,60.199,4448,7,4.335938,194.5898,168.6484,539.5547,3
3240.66,430,58.89724,4448,14,4.335938,194.5898,167.70703,540.4961,3
3240.645,430,54.6798,4448,16,4.335938,194.5898,167.48828,540.7148,3
3240.645,430,55.41562,4448,12,4.335938,194.5898,173.1016,535.1016,3
3240.66,430,60.5598,4448,15,4.335938,194.5898,170.9727,537.2305,3
3240.645,430,66.16162,4448,9,4.335938,194.5898,169.8516,538.3516,3
3240.645,430,66.75192,4448,5,4.335938,194.5898,167.74609,540.457,3
3240.645,430,66.06684,4448,13,4.335938,194.5898,167.12109,541.082,3
3240.645,430,68.29897,4448,9,4.335938,194.5898,166.68359,541.5195,3
3240.645,430,68.84422,4448,5,4.335938,194.5898,166.51953,541.6836,3
3240.645,430,65.64103,4448,7,4.335938,194.5898,169.9531,538.25,3
3240.645,430,67.25888,4448,17,4.335938,194.5898,170.5234,537.6797,3
3240.645,430,65.81633,4448,10,4.335938,194.5898,171.5664,536.6367,3
3240.645,430,63.0491,4448,7,4.335938,194.5898,174.8203,533.3828,3
3240.645,430,66.91919,4448,12,4.335938,194.5898,173.4258,534.7773,3
3240.645,430,68.11224,4448,5,4.335938,194.5898,173.207,534.9961,3
3240.645,430,70.69409,4448,7,4.335938,194.5898,172.1133,536.0898,3
3240.645,430,66.49616,4448,4,4.335938,194.5898,171.457,536.7461,3
3240.645,430,67.77494,4448,10,4.335938,194.5898,170.582,537.6211,3
3240.645,430,67.68448,4448,11,4.335938,194.5898,170.1172,538.0859,3
3240.645,430,66.32911,4448,10,4.335938,194.5898,169.4336,538.7695,3
3240.645,430,68.46154,4448,6,4.335938,194.5898,168.3398,539.8633,3
3240.645,430,65.48223,4448,10,4.335938,194.5898,167.9336,540.2695,3
3240.645,430,67.25888,4448,7,4.34375,194.5898,167.27734,540.9258,3
3240.645,430,67.26343,4448,8,4.34375,194.5898,166.86328,541.332,3
3240.645,430,66.07595,4448,4,4.34375,194.5898,166.42969,541.7656,3
3240.645,430,63.95939,4448,11,4.34375,186.8398,179.125,536.8203,3
3240.645,430,63.15789,4448,4,4.34375,186.8398,183.0625,532.8828,3
3240.645,430,65.9204,4416,5,4.34375,186.8398,181.7266,534.2188,3
3240.645,430,62.65664,4416,6,4.34375,186.8398,181.2891,534.6562,3
3240.645,430,62.02532,4416,6,4.34375,186.8398,179.4023,536.543,3
3240.645,430,58.66337,4448,5,4.34375,186.8398,178.457,537.4883,3
3240.645,430,56.5,4448,8,4.34375,186.8398,177.3086,538.6367,3
3240.645,430,55.80247,4448,5,4.34375,186.8398,176.8711,539.0742,3
3240.645,430,59.54774,4448,10,4.34375,186.8398,176.4336,539.5117,3
3240.645,430,63.58974,4448,12,4.34375,186.8398,177.4102,538.5352,3
3240.645,430,65.7289,4448,8,4.34375,186.8398,176.9805,538.9648,3
3240.645,430,66.32653,4448,5,4.34375,186.8398,176.5156,539.4297,3
3240.645,430,61.55844,4448,10,4.34375,186.8398,176.2969,539.6484,3
3240.645,430,67.01031,4448,7,4.34375,186.8398,179.9453,536.0,3
3240.645,430,65.40404,4448,8,4.34375,186.8398,179.0703,536.875,3
3240.645,430,62.6943,4448,4,4.34375,186.8398,178.3711,537.5742,3
3240.645,430,68.65285,4448,13,4.34375,186.8398,177.6875,538.2578,3
3240.645,430,67.60925,4448,11,4.34375,186.8398,176.3203,539.625,3
3240.645,428,66.49746,4448,4,4.34375,186.8398,175.1172,540.8281,3
3240.645,429,64.76684,4448,4,4.34375,186.8398,174.0508,541.8945,3
3240.645,429,67.01031,4448,9,4.34375,186.8398,178.4062,537.5391,3
3240.645,429,65.47315,4448,3,4.34375,186.8398,177.9688,537.9766,3
3240.645,429,66.07143,4448,6,4.34375,186.8398,177.3125,538.6328,3
3240.645,429,63.84615,4448,8,4.34375,186.8398,176.3828,539.5625,3
3240.645,429,67.7665,4448,10,4.34375,186.8398,174.7617,541.1836,3
3240.645,429,64.64646,4448,9,4.34375,186.8398,174.3047,541.6406,3
3240.645,429,68.5422,4448,12,4.34375,186.8398,178.9023,537.043,3
3240.645,429,67.67677,4448,16,4.34375,186.8398,177.0156,538.9297,3
3240.645,429,69.01763,4448,8,4.34375,186.8398,180.5156,535.4297,3
3240.645,429,69.62025,4448,4,4.351562,186.8398,179.5312,536.4141,3
3240.645,429,65.65657,4448,6,4.351562,186.8398,177.6992,538.2383,3
3240.645,429,66.16162,4448,10,4.351562,186.8398,177.2617,538.6758,3
3240.645,429,61.61616,4448,12,4.351562,186.8398,176.0859,539.8516,3
3240.645,429,60.401,4448,9,4.351562,186.8398,175.375,540.5625,3
3240.645,429,60.25,4448,13,4.351562,186.8398,174.0352,541.9023,3
3240.645,428,59.20398,4448,5,4.351562,186.8398,174.0625,541.875,3
3240.645,428,61.42506,4448,6,4.359375,186.8398,173.1914,542.7461,3
3240.645,428,52.21675,4448,12,4.359375,186.832,177.8867,538.0508,3
3240.645,428,50.62657,4448,11,4.359375,186.8398,182.5117,533.418,3
3240.645,428,58.67347,4448,9,4.359375,186.8398,180.8711,535.0586,3
3240.645,428,66.41221,4448,8,4.359375,186.8398,179.668,536.2617,3
3240.645,428,70.35176,4448,14,4.359375,186.8398,178.793,537.1367,3
3240.645,428,73.41772,4448,7,4.359375,186.8398,178.1836,537.7461,3
3240.645,428,68.43434,4448,13,4.359375,186.8398,176.5859,539.3438,3
3240.645,428,68.29897,4448,8,4.359375,186.8398,179.8281,536.1016,3
3240.645,428,63.61323,4448,14,4.359375,186.8398,178.2266,537.7031,3
3240.645,428,66.15776,4448,13,4.359375,186.8398,181.1836,534.7461,3
3240.645,428,67.60204,4448,11,4.359375,186.8398,179.3281,536.6016,3
3240.645,428,64.97462,4448,11,4.359375,186.8398,177.5078,538.4219,3
3240.645,428,66.23711,4448,8,4.359375,186.8398,177.2656,538.6641,3
3240.645,428,69.40874,4448,11,4.359375,186.8398,175.9492,539.9805,3
3240.645,428,68.26196,4448,8,4.359375,186.8398,179.3984,536.5312,3
3240.645,428,65.06329,4448,13,4.359375,186.8398,178.7422,537.1875,3
3240.645,428,66.58163,4448,9,4.359375,186.8398,177.8398,538.0898,3
3240.645,428,66.24041,4448,12,4.359375,186.8398,177.1602,538.7695,3
3240.645,428,67.94872,4448,8,4.359375,186.8398,176.2852,539.6445,3
3240.66,428,66.41414,4448,5,4.367188,186.8398,179.9727,535.957,3
3240.66,428,64.96164,4448,11,4.367188,186.8398,178.1406,537.7812,3
3240.645,428,66.58163,4448,14,4.367188,186.8398,176.7461,539.1758,3
3240.645,428,65.23929,4448,12,4.367188,186.8398,174.1758,541.7461,3
3240.645,428,68.52792,4448,10,4.367188,186.8398,173.793,542.1289,3
3240.645,428,65.3944,4448,14,4.367188,186.8398,178.043,537.8789,3
3240.645,428,67.59494,4448,9,4.367188,186.8398,176.4023,539.5195,3
3240.645,428,67.00252,4448,14,4.367188,186.8398,181.0508,534.8711,3
3240.645,428,69.7733,4448,6,4.367188,186.8398,178.9375,536.9844,3
3240.645,428,66.07595,4448,13,4.367188,186.8398,177.7891,538.1328,3
3240.645,428,68.34171,4448,9,4.367188,186.8398,176.6133,539.3086,3
3240.645,428,63.47607,4448,15,4.367188,186.8398,176.6953,539.2266,3
3240.645,428,60.34913,4448,14,4.367188,186.8398,175.7773,540.1445,3
3240.645,428,59.44584,4448,15,4.367188,186.8398,179.7188,536.2031,3
3240.645,428,55.71776,4448,10,4.367188,186.8398,179.5273,536.3945,3
3240.645,428,57.25,4448,9,4.367188,186.8398,178.8438,537.0781,3
3240.645,428,58.0402,4448,8,4.367188,186.8398,176.5195,539.4023,3
3240.645,428,62.8866,4448,13,4.367188,186.8398,175.8398,540.082,3
3240.645,428,67.59494,4480,12,4.367188,186.8398,175.4062,540.5156,3
3240.645,428,68.63753,4480,17,4.367188,186.8398,178.9805,536.9414,3
3240.645,428,69.84536,4480,7,4.367188,186.8398,178.8398,537.082,3
3240.645,428,70.35176,4480,11,4.367188,186.8398,182.2891,533.6328,3
3240.66,428,67.78351,4480,13,4.367188,186.8398,181.0859,534.8359,3
3240.645,428,63.33333,4480,12,4.367188,186.8398,180.4297,535.4922,3
3240.645,428,66.58228,4480,8,4.367188,186.8398,179.0352,536.8867,3
3240.645,428,67.60204,4480,7,4.367188,186.8398,177.4219,538.5,3
3240.645,428,68.01008,4480,12,4.367188,186.8398,176.9844,538.9375,3
3240.645,428,68.60759,4480,12,4.367188,186.8398,182.1445,533.7773,3
3240.645,428,68.87755,4480,8,4.367188,186.8398,180.9961,534.9258,3
3240.645,428,61.22449,4480,8,4.367188,186.8398,180.0508,535.8711,3
3240.645,428,67.25888,4480,12,4.367188,186.8398,179.3672,536.5547,3
3240.645,428,64.89899,4480,10,4.367188,186.8398,183.2227,532.6992,3
3240.645,428,66.58163,4480,8,4.367188,186.8398,181.1172,534.8047,3
3240.645,428,63.58974,4480,14,4.367188,186.8398,180.8984,535.0234,3
3240.645,427,67.17949,4480,15,4.375,186.8398,180.2422,535.6797,3
3240.645,427,69.01763,4480,9,4.375,186.832,179.0938,536.8281,3
3240.645,427,68.78173,4480,10,4.375,186.8398,177.9453,537.9688,3
3240.645,428,66.75063,4512,11,4.375,186.8398,176.8047,539.1094,3
3240.645,428,70.02519,4480,10,4.375,186.8398,175.6562,540.2578,3
3240.645,428,64.89899,4480,13,4.375,186.8398,175.9414,539.9727,3
3240.645,428,65.73604,4480,9,4.375,186.8398,174.5859,541.3281,3
3240.645,428,61.84539,4480,9,4.375,186.8398,183.1875,532.7266,3
3240.645,428,63.58974,4480,5,4.375,186.8398,181.8047,534.1094,3
3240.645,428,61.59601,4480,8,4.382812,186.8398,181.125,534.7891,3
3240.645,428,62.37624,4480,15,4.382812,186.8359,179.7031,536.207,3
3240.645,428,52.5,4480,10,4.382812,186.8398,178.3125,537.5938,3
3240.645,428,54.38596,4480,12,4.382812,186.8398,181.9531,533.9531,3
3240.645,428,59.48718,4448,8,4.382812,186.8398,181.0508,534.8555,3
3240.645,428,67.08861,4480,9,4.382812,186.8398,180.3945,535.5117,3
3240.645,428,68.95674,4480,10,4.382812,186.8398,178.5625,537.3438,3
3240.645,428,69.43005,4480,8,4.382812,186.8398,178.125,537.7812,3
3240.645,428,68.60759,4480,10,4.382812,186.8398,177.4414,538.4648,3
3240.645,428,67.25888,4480,8,4.382812,186.8398,180.1602,535.7461,3
3240.645,428,63.93862,4480,7,4.382812,186.8398,178.5469,537.3594,3
3240.645,428,70.36082,4480,11,4.382812,186.8398,177.6445,538.2617,3
3240.645,428,65.98465,4480,9,4.382812,186.8398,181.0078,534.8984,3
3240.645,428,68.5567,4480,8,4.382812,186.8398,180.3008,535.6055,3
3240.645,429,67.85714,4480,14,4.382812,186.8398,186.125,529.7812,3
3240.645,429,68.51385,4480,11,4.382812,186.8398,184.457,531.4492,3
3240.645,429,68.10127,4480,8,4.382812,186.8398,182.6094,533.2969,3
3240.645,429,64.01028,4480,10,4.382812,186.8398,181.6797,534.2266,3
3240.645,428,64.81013,4480,10,4.382812,186.8398,180.3125,535.5938,3
3240.645,428,69.05371,4480,13,4.382812,186.8398,179.1641,536.7422,3
3240.645,428,67.8481,4480,9,4.382812,186.8398,177.2656,538.6406,3
3240.645,428,64.72081,4480,6,4.382812,186.8398,176.1172,539.7891,3
3240.645,428,68.19338,4480,8,4.382812,186.8398,174.7188,541.1875,3
3240.645,428,63.86768,4480,7,4.382812,186.8398,175.2695,540.6367,3
3240.645,428,65.65657,4448,7,4.386719,186.8398,174.832,541.0742,3
3240.645,428,66.15776,4448,9,4.386719,186.8359,176.1172,539.7891,3
3240.645,428,67.9198,4448,7,4.386719,186.8398,175.3828,540.5195,3
3240.645,428,65.99496,4448,12,4.386719,186.8398,179.0703,536.832,3
3240.645,428,69.17293,4448,12,4.386719,186.8398,177.3906,538.5117,3
3240.645,428,65.07538,4448,5,4.386719,186.8398,177.4648,538.4375,3
3240.645,428,63.0,4448,11,4.386719,186.8398,179.9219,535.9805,3
3240.645,428,61.05528,4448,9,4.386719,186.8398,178.7656,537.1367,3
3240.645,428,55.58313,4448,6,4.386719,186.8398,181.7344,534.168,3
3240.645,428,55.44554,4448,13,4.386719,186.8398,180.1055,535.7969,3
3240.645,428,55.44304,4448,5,4.386719,186.8398,179.625,536.2773,3
3240.645,428,65.56122,4448,9,4.386719,186.8398,178.9727,536.9297,3
3240.645,428,65.05102,4448,7,4.386719,186.8398,182.6523,533.25,3
3240.645,428,68.87755,4448,9,4.386719,186.8398,181.2852,534.6172,3
3240.645,428,71.64557,4448,13,4.386719,186.8398,180.1641,535.7383,3
3240.645,428,70.07673,4448,5,4.386719,186.8398,179.2891,536.6133,3
3240.645,428,68.71795,4448,4,4.386719,186.8398,178.4141,537.4883,3
3240.645,428,66.32391,4448,5,4.386719,186.8398,177.2383,538.6641,3
3240.645,428,68.11224,4448,9,4.386719,186.8398,176.3086,539.5938,3
3240.645,428,69.05371,4448,12,4.386719,186.8398,175.1602,540.7422,3
3240.645,428,65.22843,4448,10,4.386719,186.8398,173.8008,542.1016,3
3240.645,428,69.40874,4448,12,4.386719,186.8398,177.8828,538.0195,3
3240.645,428,61.53846,4448,8,4.386719,186.8398,176.2461,539.6562,3
3240.645,428,66.5,4448,6,4.386719,186.8398,180.6289,535.2734,3
3240.645,428,63.10433,4448,11,4.386719,186.8398,178.9961,536.9062,3
3240.645,428,65.47315,4448,7,4.386719,186.8398,183.0156,532.8867,3
3240.645,428,66.32911,4448,9,4.386719,186.8398,181.3789,534.5234,3
3240.645,429,63.42711,4448,10,4.386719,186.8398,180.0117,535.8906,3
3240.645,429,62.65985,4448,4,4.386719,186.8398,179.3555,536.5469,3
3240.645,429,66.24365,4448,12,4.386719,186.8398,178.6719,537.2305,3
3240.645,429,66.49874,4448,9,4.386719,186.8398,177.4648,538.4375,3
3240.645,429,65.06329,4448,9,4.386719,186.8398,177.0938,538.8086,3
3240.645,429,64.8855,4448,8,4.386719,186.8398,176.6562,539.2461,3
3240.645,429,63.79747,4448,8,4.386719,186.8398,176.9258,538.9766,3
3240.645,429,64.81013,4448,14,4.386719,186.8398,176.2461,539.6562,3
3240.645,429,63.40852,4448,13,4.386719,186.8398,177.3047,538.5977,3
3240.645,429,62.40602,4448,15,4.386719,186.8398,175.7305,540.1719,3
3240.645,429,63.0,4448,8,4.386719,186.8398,179.9141,535.9883,3
3240.645,429,58.60349,4448,5,4.394531,186.8398,178.9961,536.9062,3
3240.645,429,58.41584,4448,6,4.394531,186.832,177.9062,537.9961,3
3240.645,429,55.47264,4448,9,4.394531,186.8398,181.0742,534.8203,3
3240.645,429,61.40351,4448,11,4.394531,186.8398,180.3906,535.5039,3
3240.66,429,68.20513,4448,14,4.394531,186.8398,178.8047,537.0898,3
3240.645,429,67.09512,4448,12,4.394531,186.8398,177.875,538.0195,3
3240.645,429,63.58974,4448,13,4.394531,186.8398,176.9727,538.9219,3
3240.645,429,64.8855,4480,10,4.394531,186.8398,176.7539,539.1406,3
3240.645,429,66.15776,4480,14,4.402344,186.8398,177.0977,538.7969,3
3240.645,429,67.69231,4480,10,4.410156,186.8398,180.3867,535.5,3
3240.645,429,68.70229,4480,12,4.410156,186.832,179.2656,536.6211,3
3240.645,429,67.26804,4480,15,4.410156,186.8398,178.3633,537.5156,3
3240.645,429,66.66667,4480,9,4.410156,186.8398,177.6523,538.2266,3
3240.645,429,67.34177,4480,11,4.410156,186.8398,177.4336,538.4453,3
3240.645,429,66.75192,4480,8,4.410156,186.8398,176.9961,538.8828,3
3240.66,429,68.0203,4480,12,4.410156,186.8398,176.7773,539.1016,3
3240.645,429,65.20619,4480,5,4.410156,186.8398,174.6445,541.2344,3
3240.645,429,68.27411,4480,6,4.410156,186.8398,178.9805,536.8984,3
3240.645,429,67.60204,4480,7,4.410156,186.8398,177.5898,538.2891,3
3240.645,429,68.76574,4480,14,4.410156,186.8398,177.1523,538.7266,3
3240.645,429,66.75192,4480,13,4.410156,186.8398,175.7305,540.1484,3
3240.645,428,66.15776,4480,10,4.410156,186.8398,175.5625,540.3164,3
3240.645,428,67.00508,4480,13,4.410156,186.8398,174.4492,541.4297,3
3240.645,428,67.00767,4480,8,4.410156,186.8398,174.4531,541.4258,3
3240.645,428,69.26952,4480,10,4.410156,186.8398,173.3555,542.5234,3
3240.645,428,69.62025,4480,15,4.410156,186.8398,181.0781,534.8008,3
3240.645,428,65.40404,4480,9,4.410156,186.8398,184.4844,531.3945,3
3241.395,429,64.82412,4480,11,4.410156,186.8398,182.3555,533.5234,3
3240.645,428,68.0203,4480,21,4.410156,186.8398,181.6719,534.207,3
3240.645,428,68.86076,4480,10,4.410156,186.8398,180.3047,535.5742,3
3240.645,428,67.51918,4480,11,4.410156,186.8398,179.8672,536.0117,3
3240.645,428,65.22843,4480,9,4.410156,186.8398,178.2812,537.5977,3
3240.645,428,68.20513,4480,12,4.410156,186.8398,177.4062,538.4727,3
3240.645,428,64.79592,4480,13,4.410156,186.8398,181.5898,534.2891,3
3240.645,428,66.66667,4480,8,4.410156,186.8398,179.5508,536.3281,3
3240.645,428,68.68687,4448,8,4.410156,186.8398,178.4297,537.4492,3
3240.645,428,65.90331,4448,9,4.417969,186.8398,177.9961,537.8828,3
3240.645,428,66.41414,4448,12,4.417969,186.832,176.8203,539.0586,3
3240.645,427,62.02532,4448,9,4.417969,186.8398,180.7617,535.1094,3
3240.645,427,67.59494,4448,7,4.417969,186.8398,180.0234,535.8477,3
3240.645,427,65.23929,4448,13,4.417969,186.8398,179.0938,536.7773,3
3240.645,427,65.3944,4448,11,4.417969,186.8398,178.875,536.9961,3
3240.645,427,65.5,4448,6,4.417969,186.8398,178.6562,537.2148,3
3240.645,427,62.90727,4448,9,4.417969,186.8398,178.4141,537.457,3
3240.645,427,63.09227,4448,14,4.417969,186.8398,181.6445,534.2266,3
3240.645,427,60.95718,4448,9,4.417969,186.8398,178.6094,537.2617,3
3240.645,427,60.75,4448,8,4.417969,186.8398,177.7109,538.1602,3
3240.645,427,54.34243,4448,8,4.417969,186.8398,177.0586,538.8125,3
3240.645,427,56.46766,4448,11,4.417969,186.8398,181.0898,534.7812,3
3240.645,427,61.22449,4448,13,4.417969,186.8398,179.7578,536.1133,3
3240.645,427,67.09184,4448,13,4.417969,186.8398,178.3633,537.5078,3
3240.645,427,64.15584,4480,17,4.417969,186.8398,176.7773,539.0938,3
3240.645,427,66.83805,4480,5,4.417969,186.8398,175.6016,540.2695,3
3240.645,427,66.41221,4480,13,4.417969,186.8398,178.8164,537.0547,3
3240.645,426,65.98465,4480,13,4.417969,186.8398,178.3789,537.4922,3
3240.66,426,68.70229,4480,15,4.417969,186.8398,176.9609,538.9102,3
3240.645,426,74.30025,4480,13,4.417969,186.8398,176.0859,539.7852,3
3240.645,426,68.36735,4480,16,4.417969,186.8398,179.0195,536.8516,3
3240.645,426,65.48223,4480,12,4.417969,186.8398,178.582,537.2891,3
3240.645,426,66.92112,4480,11,4.417969,186.8398,177.1602,538.7109,3
3240.645,426,66.41414,4480,13,4.417969,186.8398,176.0664,539.8047,3
3240.645,426,69.46565,4480,8,4.417969,186.8398,175.3828,540.4883,3
3240.645,426,66.75127,4480,8,4.417969,186.8398,175.2188,540.6523,3
3240.645,426,63.93862,4480,8,4.417969,186.8398,179.0156,536.8555,3
3240.645,426,68.78173,4480,10,4.417969,186.8398,177.3867,538.4844,3
3240.645,426,70.48346,4480,11,4.417969,186.8398,176.5117,539.3594,3
3240.645,426,67.8392,4480,9,4.417969,186.8398,175.8281,540.043,3
3240.645,427,65.40404,4480,9,4.417969,186.8398,179.2461,536.625,3
3240.645,427,67.25888,4480,14,4.417969,186.8398,178.3438,537.5273,3
3240.645,427,67.26343,4480,11,4.417969,186.8398,177.6328,538.2383,3
3240.645,427,65.23929,4480,6,4.417969,186.8398,176.2383,539.6328,3
3240.645,427,62.12121,4480,13,4.417969,186.8398,175.8008,540.0703,3
3240.645,427,64.98741,4480,10,4.417969,186.8398,179.875,535.9961,3
3240.645,427,65.66416,4480,11,4.417969,186.8398,179.9062,535.9648,3
3240.645,427,60.35354,4480,11,4.417969,186.8398,178.9883,536.8828,3
3240.645,427,61.25,4480,9,4.417969,186.8398,178.5234,537.3477,3
3240.645,427,57.5,4480,11,4.417969,186.8398,177.8398,538.0312,3
3240.645,427,53.34988,4480,10,4.425781,186.8398,177.4297,538.4414,3
3240.645,427,47.11779,4480,9,4.425781,186.832,176.5039,539.3672,3
3240.645,427,55.6962,4480,9,4.425781,186.8398,175.082,540.7812,3
3240.645,427,65.54404,4480,14,4.425781,186.8398,174.8633,541.0,3
3240.645,427,67.34694,4480,16,4.425781,186.8398,174.6992,541.1641,3
3240.645,427,70.40816,4480,11,4.425781,186.8398,174.043,541.8203,3
3240.645,427,66.15385,4480,10,4.425781,186.8398,173.3867,542.4766,3
3240.645,427,64.64646,4480,9,4.425781,186.8398,172.9492,542.9141,3
3240.645,428,66.24685,4480,13,4.425781,186.8398,174.3633,541.5,3
3240.645,428,64.45013,4480,13,4.425781,186.8398,178.5586,537.3047,3
3240.645,428,68.46154,4480,6,4.425781,186.8398,177.707,538.1562,3
3240.645,428,63.84615,4480,11,4.425781,186.8398,177.2695,538.5938,3
3240.645,428,62.9156,4480,14,4.425781,186.8398,176.6133,539.25,3
3240.645,428,71.79487,4480,11,4.425781,186.8398,176.1797,539.6836,3
3240.66,428,64.96164,4480,10,4.425781,186.8398,175.5234,540.3398,3
3240.645,428,66.92308,4480,8,4.425781,186.8398,175.332,540.5312,3
3240.645,428,66.32653,4480,9,4.425781,186.8398,179.4805,536.3828,3
3240.645,428,62.9156,4448,5,4.425781,186.8398,178.043,537.8203,3
3240.645,427,64.8855,4448,7,4.425781,186.8398,182.7188,533.1445,3
3240.645,427,65.31646,4448,10,4.425781,186.8398,181.3242,534.5391,3
3240.645,427,65.22843,4480,5,4.425781,186.8398,180.8594,535.0039,3
3240.645,427,65.89147,4480,4,4.425781,186.8398,179.957,535.9062,3
3240.645,427,63.19797,4480,9,4.425781,186.8398,178.7812,537.082,3
3240.645,427,68.01008,4480,12,4.425781,186.8398,182.9766,532.8867,3
3240.645,426,67.75,4480,11,4.425781,186.8398,181.0938,534.7695,3
3240.645,426,60.95718,4480,8,4.425781,186.8398,180.6562,535.207,3
3240.645,426,65.31646,4480,8,4.425781,186.8398,180.4375,535.4258,3
3240.645,426,64.1604,4480,9,4.425781,186.8398,179.5352,536.3281,3
3240.645,426,62.37374,4480,4,4.425781,186.8398,178.332,537.5312,3
3240.645,426,59.90099,4480,13,4.425781,186.8398,176.5,539.3633,3
3240.645,427,57.81638,4480,9,4.425781,186.8398,176.0625,539.8008,3
3240.645,427,55.25,4480,5,4.425781,186.8398,175.3789,540.4844,3
3240.645,427,55.13784,4480,3,4.425781,186.8398,175.8906,539.9727,3
3240.645,427,65.48223,4480,4,4.425781,186.8398,183.168,532.6953,3
3240.645,427,69.56522,4480,4,4.425781,186.8398,181.3398,534.5234,3
3240.645,427,67.35219,4480,7,4.425781,186.8398,181.0938,534.7695,3
3240.645,427,67.67677,4480,5,4.425781,186.8398,179.4531,536.4102,3
3240.645,427,67.09512,4480,5,4.425781,186.8398,178.3438,537.5195,3
3240.645,427,66.07143,4480,4,4.425781,186.8398,177.4141,538.4492,3
3240.645,427,67.17949,4480,13,4.425781,186.8398,177.1953,538.668,3
3240.645,427,63.91753,4480,9,4.425781,186.8398,176.2969,539.5664,3
3241.648,427,65.12821,4480,14,4.425781,186.8398,176.0781,539.7852,3
3241.648,427,65.56962,4480,11,4.425781,186.8398,175.1758,540.6875,3
3240.645,427,67.66917,4480,8,4.425781,186.8398,174.957,540.9062,3
3240.645,427,66.41026,4480,4,4.425781,186.8398,174.3008,541.5625,3
3240.645,427,66.49746,4480,6,4.425781,186.8398,173.8359,542.0273,3
3240.645,427,65.73604,4480,7,4.425781,186.8398,173.6172,542.2461,3
3240.66,427,69.05371,4480,8,4.425781,186.8398,178.0117,537.8516,3
3240.645,427,67.7665,4480,13,4.425781,186.8398,181.2422,534.6211,3
3240.645,427,70.05076,4480,8,4.425781,186.8398,180.3672,535.4961,3
3240.645,427,66.15776,4480,9,4.425781,186.8398,179.9297,535.9336,3
3240.645,427,61.73469,4480,8,4.425781,186.8398,179.7109,536.1523,3
3240.645,427,65.31646,4480,8,4.425781,186.8398,178.8359,537.0273,3
3240.645,427,66.24365,4480,11,4.425781,186.8398,178.1523,537.7109,3
3240.645,427,68.01008,4480,3,4.425781,186.8398,177.4688,538.3945,3
3240.645,427,65.49118,4480,16,4.425781,186.8398,181.8047,534.0586,3
3240.645,427,65.08728,4480,6,4.425781,186.8398,181.3398,534.5234,3
3240.645,427,64.0,4480,10,4.425781,186.8398,179.7109,536.1523,3
3240.645,427,62.28288,4480,7,4.433594,186.8398,178.0703,537.793,3
3240.645,427,60.5985,4480,11,4.433594,186.832,177.3594,538.5039,3
3240.645,427,58.51852,4480,17,4.433594,186.8398,176.6758,539.1797,3
3240.645,427,55.77889,4480,12,4.433594,186.8398,176.457,539.3984,3
3240.645,427,55.22388,4480,12,4.433594,186.8398,180.582,535.2734,3
3240.645,427,60.79404,4480,9,4.441406,186.8398,179.1875,536.668,3
3240.645,427,65.81633,4480,11,4.441406,194.1836,170.6289,537.875,3
3240.645,427,66.41221,4480,6,4.441406,194.2617,169.7266,538.6992,3
3240.645,427,68.04124,4480,10,4.441406,194.2617,168.3867,540.0391,3
3240.645,427,63.93862,4480,5,4.441406,194.2617,167.19531,541.2305,3
3240.645,427,64.94845,4480,9,4.441406,194.2617,166.51172,541.9141,3
3240.645,427,69.40874,4480,10,4.449219,194.2617,169.0234,539.4023,3
3240.645,427,66.66667,4480,11,4.449219,194.2617,168.832,539.5859,3
3240.645,427,66.58098,4480,12,4.449219,194.2617,167.9062,540.5117,3
3240.645,427,63.77551,4480,8,4.449219,194.2617,171.5703,536.8477,3
3240.645,427,64.79592,4480,7,4.449219,194.2617,170.8594,537.5586,3
3241.02,430,65.12821,4480,8,4.449219,194.2617,169.4375,538.9805,3
3240.645,427,64.97462,4480,4,4.449219,194.2617,173.3984,535.0195,3
3240.645,427,63.8191,4480,7,4.449219,194.2617,172.2227,536.1953,3
3240.645,427,64.69072,4480,10,4.449219,194.2617,171.7422,536.6758,3
3240.645,427,65.90909,4480,12,4.449219,194.2617,171.5234,536.8945,3
3240.645,427,68.70229,4480,11,4.449219,194.2617,170.1016,538.3164,3
3240.645,427,66.41026,4480,16,4.449219,194.2617,169.4219,538.9961,3
3240.645,427,63.10433,4480,9,4.449219,194.2617,168.7656,539.6523,3
3240.645,427,66.92112,4480,6,4.449219,194.2617,168.7656,539.6523,3
3240.645,427,67.25441000000001,4480,7,4.449219,194.2617,169.2305,539.1875,3
3240.645,427,63.86768,4480,7,4.449219,194.2617,169.3164,539.1016,3
3240.645,427,60.45918,4480,10,4.449219,194.2617,168.168,540.25,3
3240.645,427,66.16162,4480,14,4.449219,194.2617,167.73047,540.6875,3
3240.645,427,65.23929,4480,9,4.449219,194.2617,167.59766,540.8203,3
3240.645,427,64.81013,4480,6,4.449219,194.2617,167.16016,541.2578,3
3240.645,427,60.0,4480,15,4.449219,194.2617,167.43359,540.9844,3
3240.645,427,55.44554,4480,10,4.449219,194.2617,170.8633,537.5547,3
3240.645,427,57.72152,4480,12,4.449219,194.2617,169.9062,538.5117,3
3240.645,427,53.0,4480,10,4.449219,194.2617,168.9766,539.4414,3
3240.645,427,57.43073,4480,11,4.449219,194.2617,169.0312,539.3867,3
3240.645,427,62.30769,4480,7,4.457031,194.2617,167.63672,540.7812,3
3240.645,427,67.93893,4480,12,4.457031,194.2617,166.98438,541.4258,3
3240.645,427,67.85714,4480,8,4.457031,194.2617,171.1172,537.293,3
3240.645,427,67.09184,4480,5,4.457031,194.2617,174.5703,533.8398,3
3240.645,427,64.78149,4480,15,4.457031,194.2617,173.2305,535.1797,3
3240.645,427,64.78149,4480,9,4.457031,194.2617,172.0547,536.3555,3
3240.645,427,66.83805,4480,8,4.457031,194.2617,171.6172,536.793,3
3240.645,427,62.62887,4480,11,4.457031,194.2617,170.9336,537.4766,3
3240.645,427,69.56522,4480,14,4.457031,194.2617,169.5391,538.8711,3
3240.645,427,67.7665,4480,11,4.457031,194.4609,168.8594,539.3516,3
3240.645,427,65.15152,4480,13,4.457031,194.4609,169.1055,539.1055,3
3240.645,427,65.12821,4480,6,4.457031,194.4609,168.3945,539.8164,3
3240.645,427,63.26531,4480,14,4.457031,194.4609,167.957,540.2539,3
3240.645,427,69.54315,4480,10,4.464844,194.4609,167.26172,540.9492,3
3240.645,427,71.46465,4480,13,4.464844,194.4609,166.63672,541.5664,3
3240.645,427,67.77494,4480,8,4.464844,194.4609,166.41797,541.7852,3
3240.645,427,66.24041,4480,8,4.464844,194.4609,170.9609,537.2422,3
3240.645,427,64.3038,4480,13,4.464844,194.4609,172.082,536.1211,3
3240.645,427,64.98741,4480,12,4.464844,194.4609,170.3633,537.8398,3
3240.645,427,68.35443,4480,9,4.464844,194.4609,169.2148,538.9883,3
3240.645,427,69.03553,4480,10,4.464844,194.4609,173.2812,534.9219,3
3240.645,427,67.8481,4480,8,4.464844,194.4609,172.1094,536.0938,3
3240.645,427,64.5,4480,8,4.464844,194.4609,176.2422,531.9609,3
3240.645,428,65.73604,4480,12,4.464844,194.4609,175.1094,533.0938,3
3240.645,428,64.79592,4480,4,4.464844,194.4609,173.0078,535.1953,3
3240.645,428,61.26582,4480,9,4.464844,194.4609,172.0781,536.125,3
3240.645,428,58.72236,4480,6,4.464844,194.4609,170.4648,537.7383,3
3240.645,428,56.65025,4480,12,4.464844,194.4609,169.0742,539.1289,3
3240.645,428,57.78894,4448,9,4.464844,194.4609,166.96875,541.2344,3
3240.645,428,53.59801,4448,10,4.464844,194.4609,166.06641,542.1367,3
3240.645,428,60.71429,4448,8,4.464844,194.4609,165.41016,542.793,3
3240.645,428,69.54315,4448,8,4.464844,195.5352,168.6445,538.4844,3
3240.645,428,64.87179,4448,14,4.464844,195.5352,167.30469,539.8242,3
3240.645,428,63.35878,4448,5,4.464844,195.5352,165.66406,541.4648,3
3240.645,428,66.75127,4448,9,4.464844,195.5352,164.32422,542.8047,3
3240.645,428,65.12821,4448,11,4.472656,195.5352,163.88672,543.2422,3
3240.645,428,65.38462,4448,9,4.472656,195.5352,165.16406,541.957,3
3240.645,429,67.34694,4448,9,4.472656,195.5352,164.71484,542.4062,3
3240.645,429,66.07143,4448,9,4.472656,195.5352,163.33594,543.7852,3
3240.645,429,62.34097,4448,14,4.472656,195.5352,167.08594,540.0352,3
3240.645,429,68.60759,4448,8,4.480469,195.5352,167.42188,539.6992,3
3240.645,429,65.05102,4448,9,4.480469,195.5352,166.51953,540.5938,3
3240.645,429,69.2112,4448,8,4.480469,195.5352,166.08203,541.0312,3
3240.645,429,65.64103,4448,10,4.480469,195.5352,169.4922,537.6211,3
3242.57,429,66.75127,4448,10,4.480469,195.5352,167.8789,539.2344,3
3242.57,429,61.36364,4416,12,4.480469,195.5352,167.66016,539.4531,3
3242.57,429,65.03856,4416,12,4.480469,195.5352,168.2148,538.8984,3
3242.57,429,63.61323,4416,11,4.488281,195.5352,167.28516,539.8281,3
3242.57,429,65.31646,4448,12,4.488281,195.5273,171.3438,535.7695,3
3242.57,429,64.07035,4448,7,4.488281,195.5352,169.7031,537.4023,3
3240.645,429,66.83544,4480,10,4.488281,195.5352,168.9922,538.1133,3
3240.645,429,67.5,4480,11,4.488281,195.5352,167.59766,539.5078,3
3240.645,429,64.98741,4480,11,4.488281,195.5352,167.16016,539.9453,3
3240.645,429,65.22843,4480,9,4.488281,195.5352,166.46094,540.6445,3
3240.645,429,61.65414,4480,11,4.488281,195.5352,166.27344,540.832,3
3240.645,429,65.41353,4480,9,4.488281,195.5352,165.62109,541.4844,3
3240.645,429,62.68657,4480,12,4.488281,195.5352,165.35156,541.7539,3
3240.645,429,56.20253,4480,9,4.488281,195.5352,169.7773,537.3281,3
3240.645,429,54.79115,4480,14,4.488281,195.5352,169.5586,537.5469,3
3240.645,429,52.70936,4480,4,4.488281,195.5352,169.1211,537.9844,3
3240.645,429,54.61538,4480,9,4.488281,195.5352,167.72656,539.3789,3
3240.645,429,70.1005,4480,15,4.488281,195.5352,166.11328,540.9922,3
3240.645,429,67.25888,4480,7,4.488281,195.5352,164.25391,542.8516,3
3240.645,428,69.05371,4480,14,4.488281,195.5352,167.76562,539.3398,3
3240.645,428,69.36709,4480,15,4.488281,195.5664,170.9844,536.0898,3
3240.645,428,68.71795,4512,5,4.488281,195.5664,170.0586,537.0156,3
3240.645,428,65.30612,4512,8,4.488281,195.5664,173.7578,533.3164,3
3240.645,428,64.46701,4512,8,4.488281,195.5664,173.1016,533.9727,3
3240.645,428,68.10127,4512,15,4.488281,195.5664,172.9023,534.1719,3
3240.645,428,67.51269,4512,14,4.488281,195.5664,171.9727,535.1016,3
3240.645,428,64.81013,4512,10,4.488281,195.5664,171.2891,535.7852,3
3240.645,428,64.28571,4512,11,4.488281,195.5664,170.332,536.7422,3
3240.645,428,65.29563,4512,10,4.488281,195.5664,175.0039,532.0703,3
3240.645,428,66.75192,4480,22,4.488281,195.5664,173.3477,533.7266,3
3240.645,428,63.22418,4480,15,4.488281,195.5664,171.7617,535.3125,3
3240.645,428,71.02564,4480,5,4.488281,195.5664,170.3398,536.7344,3
3240.645,428,63.52041,4480,11,4.488281,195.5664,169.4375,537.6367,3
3240.645,428,67.08861,4480,9,4.488281,195.5664,168.9727,538.1016,3
3240.645,428,63.42711,4480,5,4.488281,195.5664,167.57812,539.4961,3
3240.645,428,65.32663,4480,5,4.488281,195.5664,173.1953,533.8789,3
3240.645,428,68.95674,4480,14,4.488281,195.5664,170.5977,536.4766,3
3240.645,428,66.83417,4480,9,4.488281,195.5664,169.9141,537.1602,3
3240.645,428,65.90909,4480,9,4.488281,195.5664,169.2578,537.8164,3
3240.645,428,63.26531,4448,9,4.496094,195.5664,169.0391,538.0352,3
3240.645,428,65.15152,4448,12,4.496094,195.5664,168.1406,538.9258,3
3240.645,428,63.8191,4448,16,4.496094,195.5664,166.25391,540.8125,3
3240.645,428,61.15288,4448,10,4.496094,195.5664,165.375,541.6914,3
3240.645,428,61.63366,4448,7,4.496094,195.5664,163.95703,543.1094,3
3240.66,428,56.46766,4448,10,4.496094,195.5664,168.4922,538.5742,3
3240.645,428,55.83127,4448,8,4.496094,195.5664,168.3008,538.7656,3
3240.645,428,57.9602,4448,5,4.496094,195.5664,168.4102,538.6562,3
3240.645,428,64.0,4448,6,4.496094,195.5664,168.5273,538.5391,3
3240.645,428,65.19481,4448,6,4.496094,195.5664,167.8164,539.25,3
3240.645,428,63.4715,4448,13,4.503906,195.5664,171.3906,535.6758,3
3240.645,428,67.09184,4448,5,4.503906,195.5586,170.707,536.3594,3
3240.645,428,64.10256,4448,7,4.503906,195.5664,170.0234,537.0352,3
3240.645,427,64.17526,4448,6,4.503906,195.5664,169.5859,537.4727,3
3240.645,427,69.26952,4448,6,4.503906,195.5664,174.3828,532.6758,3
3240.645,427,64.10256,4448,6,4.503906,195.5664,173.9961,533.0625,3
3240.645,427,64.45013,4480,12,4.503906,195.5664,172.1133,534.9453,3
3240.645,427,65.73604,4480,5,4.503906,195.582,170.4844,536.5586,3
3240.645,427,61.42132,4480,16,4.503906,195.582,170.0469,536.9961,3
3240.645,427,65.3944,4480,10,4.503906,195.582,169.1172,537.9258,3
3240.66,427,68.38046,4480,9,4.503906,195.582,167.9414,539.1016,3
3240.645,427,68.5422,4480,7,4.503906,195.582,170.9062,536.1367,3
3240.645,427,64.70588,4480,8,4.503906,195.582,169.2422,537.8008,3
3240.645,427,65.46392,4480,5,4.503906,195.582,167.8242,539.2188,3
3240.645,427,65.23929,4480,8,4.503906,195.582,165.69531,541.3477,3
3240.645,427,69.52141,4448,14,4.503906,195.582,164.60156,542.4414,3
3240.645,427,65.3944,4448,10,4.503906,195.582,163.94531,543.0977,3
3240.645,427,62.9156,4448,13,4.503906,195.582,163.72656,543.3164,3
3240.645,427,65.98465,4448,6,4.503906,195.582,167.19531,539.8477,3
3240.645,427,66.07595,4448,5,4.503906,195.582,166.75781,540.2852,3
3240.645,427,62.69036,4448,10,4.503906,195.582,166.27734,540.7656,3
3240.645,427,68.76574,4448,8,4.503906,195.582,165.89844,541.1445,3
3240.645,427,68.86076,4448,9,4.503906,195.582,164.80859,542.2344,3
3240.645,427,62.56281,4448,13,4.503906,195.582,168.9492,538.0938,3
3240.645,427,60.09975,4448,18,4.511719,195.582,168.0195,539.0234,3
3240.645,427,61.44279,4448,17,4.511719,195.582,167.12109,539.9141,3
3240.645,426,52.8536,4448,7,4.511719,195.582,166.0,541.0352,3
3240.645,426,55.16373,4480,15,4.511719,195.582,163.89844,543.1367,3
3240.645,426,61.46096,4480,10,4.511719,195.582,167.20703,539.8281,3
3240.645,426,66.06684,4480,11,4.511719,195.582,167.26172,539.7734,3
3240.66,426,68.0203,4480,11,4.511719,195.582,169.4688,537.5664,3
3240.645,426,70.84399,4480,12,4.535156,195.582,173.5312,533.5039,3
