face_landmarking_rpi_mem.committed_Committed_AS,face_landmarking_rpi_system.active_processes_active,face_landmarking_rpi_system.cpu_user,face_landmarking_rpi_system.file_nr_used_used,face_landmarking_rpi_system.processes_running,face_landmarking_rpi_system.ram_buffers,face_landmarking_rpi_system.ram_cached,face_landmarking_rpi_system.ram_free,face_landmarking_rpi_system.ram_used,Target
3230.188,423,55.15464,4352,8,3.054688,136.69922,177.6406,589.7344,10
3230.172,423,56.12245,4352,7,3.054688,136.69922,179.1836,588.1914,10
3230.188,423,63.96867,4352,9,3.054688,136.69922,176.7188,590.6562,10
3230.172,423,66.84073,4352,8,3.054688,136.69922,173.9922,593.3828,10
3230.172,423,62.43655,4352,8,3.054688,136.69922,177.4883,589.8867,10
3230.172,423,63.91753,4352,12,3.054688,136.69922,174.7539,592.6211,10
3230.172,423,57.88114,4352,7,3.054688,136.69922,177.9961,589.3789,10
3230.188,423,66.83673,4352,3,3.054688,136.69922,175.25,592.125,10
3230.188,423,61.18252,4352,8,3.054688,136.69922,174.1289,593.2461,10
3230.172,423,62.59542,4352,5,3.054688,136.94922,174.0469,593.0781,10
3230.172,422,65.05102,4352,3,2.5,134.19531,187.2891,583.1445,10
3230.172,422,61.01266,4352,10,2.5,134.19531,182.1094,588.3242,10
3230.172,422,63.61323,4352,6,2.5,134.19531,179.3633,591.0703,10
3230.188,422,69.23077,4352,9,2.5,134.19531,177.9688,592.4648,10
3230.172,422,64.96164,4352,9,2.503906,134.19531,176.1367,594.293,10
3230.172,422,57.98969,4352,6,2.503906,134.19531,178.75,591.6797,10
3230.172,422,66.40827,4320,6,2.503906,134.19531,176.7539,593.6758,10
3230.172,422,60.86957,4320,5,2.503906,134.19531,179.9375,590.4922,10
3230.172,422,60.5598,4320,12,2.503906,134.19531,181.5742,588.8555,10
3230.188,422,67.53247,4320,3,2.503906,134.19531,179.5234,590.9062,10
3230.172,422,57.88114,4320,9,2.503906,134.19531,177.7188,592.7109,10
3230.172,422,63.91753,4320,4,2.503906,134.19531,176.375,594.0547,10
3230.188,422,62.08651,4320,9,2.503906,134.19531,175.0703,595.3594,10
3230.172,422,62.37374,4320,7,2.503906,134.19531,177.5703,592.8594,10
3230.172,422,57.69231,4320,6,2.503906,134.19531,177.8945,592.5352,10
3230.172,422,57.4026,4320,9,2.503906,134.19531,176.6172,593.8125,10
3230.172,422,63.65979,4320,6,2.503906,134.19531,179.0898,591.3398,10
3230.188,422,59.23077,4320,4,2.503906,134.19531,177.9961,592.4336,10
3230.172,422,61.26582,4320,5,2.503906,134.19531,180.8672,589.5625,10
3230.172,422,53.67089,4320,9,2.503906,134.19531,183.0,587.4297,10
3230.172,422,54.82234,4320,9,2.503906,134.19531,180.7305,589.6992,10
3230.172,422,59.23077,4320,5,2.503906,134.19531,177.7344,592.6953,10
3230.188,422,58.61183,4320,3,2.503906,134.19531,181.5312,588.8984,10
3230.172,422,61.22449,4320,6,2.511719,134.19531,180.2227,590.1992,10
3230.172,422,60.96939,4320,9,2.511719,134.19531,177.4219,593.0,10
3230.172,422,65.54404,4320,4,2.511719,134.19531,175.5703,594.8516,10
3230.188,422,63.42711,4320,8,2.511719,134.19531,177.9727,592.4492,10
3230.188,422,63.86768,4320,4,2.511719,134.19531,183.0664,587.3555,10
3230.172,422,60.88083,4320,5,2.511719,134.19531,183.1992,587.2227,10
3230.172,422,63.56589,4320,7,2.511719,134.19531,181.8711,588.5508,10
3230.172,422,70.33248,4320,7,2.511719,134.19531,179.4102,591.0117,10
3230.172,422,58.86889,4320,5,2.511719,134.19531,178.0469,592.375,10
3230.172,422,62.7551,4352,4,2.511719,134.19531,179.1797,591.2422,10
3230.172,422,58.35476,4352,4,2.511719,134.19531,178.5703,591.8516,10
3230.188,422,62.14834,4352,4,2.511719,134.19531,183.0039,587.418,10
3230.172,422,61.73469,4352,6,2.519531,134.1875,178.2734,592.1484,10
3230.172,422,61.02564,4352,6,2.519531,134.19531,177.1523,593.2617,10
3230.188,422,60.20408,4352,6,2.519531,134.19531,176.0352,594.3789,10
3230.172,422,60.30928,4352,6,2.519531,134.19531,183.8125,586.6016,10
3230.188,422,64.10256,4352,5,2.519531,134.19531,182.5312,587.8828,10
3230.188,422,62.43523,4352,6,2.519531,134.19531,179.7266,590.6875,10
3230.172,422,63.79747,4352,8,2.519531,134.19531,176.5312,593.8828,10
3230.172,422,61.79487,4352,5,2.519531,134.19531,178.875,591.5391,10
3230.172,422,58.41837,4352,5,2.519531,134.19531,177.5742,592.8398,10
3230.188,422,65.02591,4352,5,2.527344,134.19531,179.3906,591.0156,10
3230.172,422,56.92308,4352,5,2.527344,134.19531,178.5742,591.832,10
3230.188,422,62.9156,4352,8,2.527344,134.19531,179.9023,590.5039,10
3230.172,422,55.75448,4352,7,2.527344,134.19531,178.0586,592.3477,10
3230.188,422,60.20408,4352,8,2.527344,134.19531,182.5273,587.8789,10
3230.172,420,59.03308,4352,6,2.527344,134.19531,180.2461,590.1602,10
3230.172,420,51.02564,4352,9,2.527344,134.19531,179.3711,591.0352,10
3230.188,420,54.98721,4352,4,2.527344,134.19531,176.6094,593.7969,10
3230.172,420,59.6401,4352,5,2.527344,134.19531,175.6836,594.7227,10
3230.172,420,66.92308,4352,7,2.527344,134.19531,179.7148,590.6914,10
3230.188,420,61.34021,4384,3,2.527344,134.19531,180.1289,590.2773,10
3230.172,420,65.73604,4384,5,2.527344,134.19531,177.5078,592.8984,10
3230.188,420,62.12121,4384,6,2.527344,134.19531,176.8789,593.5273,10
3230.172,420,61.59794,4384,4,2.527344,134.19531,176.6602,593.7461,10
3230.188,420,64.50777,4384,3,2.527344,134.19531,175.3789,595.0273,10
3230.188,420,71.57623,4384,8,2.527344,134.19531,173.5664,596.8398,10
3230.172,420,58.44156,4384,8,2.527344,134.19531,179.332,591.0742,10
3230.188,420,60.25641,4384,3,2.527344,134.19531,177.8008,592.6055,10
3230.172,420,64.59948,4384,5,2.527344,134.19531,175.9961,594.4102,10
3230.172,420,60.20672,4384,6,2.527344,134.19531,178.3203,592.0859,10
3230.172,420,62.59542,4384,5,2.527344,134.19531,175.6055,594.8008,10
3230.172,420,57.47423,4384,5,2.527344,134.19531,178.6328,591.7734,10
3230.188,420,62.30769,4384,9,2.527344,134.19531,181.5117,588.8945,10
3230.172,420,59.74359,4384,5,2.527344,134.19531,184.957,585.4492,10
3230.172,420,64.87179,4384,10,2.527344,134.19531,182.6758,587.7305,10
3230.172,420,55.89744,4384,8,2.527344,134.19531,180.0195,590.3867,10
3230.172,420,63.33333,4384,5,2.527344,134.19531,178.6836,591.7227,10
3230.172,420,66.49616,4384,6,2.527344,134.19531,176.3711,594.0352,10
3230.172,420,60.66838,4384,5,2.527344,134.19531,179.9023,590.5039,10
3230.172,420,66.66667,4384,6,2.527344,134.19531,182.7266,587.6797,10
3230.172,420,59.24051,4384,5,2.527344,134.19531,179.9375,590.4688,10
3230.172,420,59.79644,4384,10,2.527344,134.19531,181.2305,589.1758,10
3230.188,420,63.95939,4384,11,2.527344,134.19531,181.5039,588.9023,10
3230.188,420,61.0687,4384,9,2.527344,134.19531,180.1367,590.2695,10
3230.203,420,59.09091,4384,7,2.527344,134.19531,177.8008,592.6055,10
3230.203,420,58.64662,4384,7,2.527344,134.19531,178.9141,591.4922,10
3230.172,420,53.14861,4384,6,2.527344,134.19531,178.0391,592.3672,10
3230.172,420,64.26735,4384,5,2.527344,134.19531,185.1992,585.207,10
3230.188,420,60.82474,4384,8,2.535156,134.19531,181.9805,588.418,10
3230.188,420,61.22449,4384,4,2.535156,134.19531,179.6836,590.7148,10
3230.172,420,64.97462,4384,10,2.535156,134.19531,177.8516,592.5469,10
3230.172,420,61.12532,4384,5,2.535156,134.19531,177.207,593.1914,10
3230.188,420,65.64103,4384,5,2.535156,134.19531,176.582,593.8164,10
3230.188,420,63.0491,4352,11,2.535156,134.19531,180.1133,590.2852,10
3230.188,420,64.37659,4352,11,2.535156,134.19531,182.6016,587.7969,10
3230.172,420,56.09137,4352,4,2.535156,134.19531,181.2383,589.1602,10
3230.172,420,64.8855,4352,5,2.535156,134.19531,184.0156,586.3828,10
3230.172,420,61.36364,4352,5,2.535156,134.19531,182.1836,588.2148,10
3230.188,420,63.98964,4352,6,2.535156,134.19531,183.7109,586.6875,10
3230.172,420,59.23077,4352,5,2.542969,134.19531,181.4141,588.9766,10
3230.188,420,63.82429,4352,3,2.542969,134.19531,178.4336,591.957,10
3230.188,420,62.18274,4352,6,2.542969,134.19531,181.7539,588.6367,10
3230.172,420,57.47423,4352,8,2.542969,134.19531,177.9805,592.4102,10
3230.172,420,64.8855,4352,6,2.542969,134.19531,184.3516,586.0391,10
3230.172,420,58.82353,4352,10,2.542969,134.19531,182.0312,588.3594,10
3230.172,420,60.76923,4352,5,2.542969,134.28516,179.3398,590.9609,10
3230.188,420,60.30534,4352,10,2.542969,134.28516,178.2188,592.082,10
3230.188,420,60.35806,4352,4,2.542969,134.29688,176.1758,594.1133,10
3230.188,420,67.52577,4352,5,2.542969,134.29688,175.7617,594.5273,10
3230.188,420,62.2449,4352,9,2.542969,134.29688,178.8633,591.4258,10
3230.172,420,63.26531,4352,4,2.542969,134.29688,177.3047,592.9844,10
3230.172,420,58.97436,4352,8,2.542969,134.29688,182.043,588.2461,10
3230.172,420,59.69388,4352,7,2.542969,134.29688,180.9336,589.3555,10
3231.375,423,60.40609,4352,8,2.542969,134.29688,179.375,590.9141,10
3230.188,420,59.89848,4320,6,2.542969,134.29688,178.8086,591.4805,10
3230.172,420,57.32323,4352,6,2.542969,134.29688,176.0625,594.2266,10
3230.188,420,54.61538,4384,4,2.542969,134.29688,183.4922,586.7969,10
3230.172,420,61.73469,4384,7,2.542969,134.29688,180.9805,589.3086,10
3230.188,420,64.94845,4384,8,2.542969,134.29688,182.2227,588.0664,10
3230.172,420,64.96164,4384,14,2.542969,134.29688,180.6211,589.668,10
3230.172,420,61.38107,4384,11,2.542969,134.29688,179.2812,591.0078,10
3230.188,419,59.74026,4384,4,2.542969,134.29688,177.0117,593.2773,10
3230.172,419,58.07292,4384,6,2.542969,134.29688,180.7461,589.543,10
3230.172,419,58.09769,4384,5,2.542969,134.29688,177.875,592.4141,10
3230.188,419,65.56122,4416,8,2.542969,134.29688,175.7969,594.4922,10
3230.188,419,61.69666,4416,6,2.542969,134.29688,179.1367,591.1523,10
3230.188,420,67.17949,4416,6,2.542969,134.29688,182.4414,587.8477,10
3230.172,420,57.289,4416,6,2.550781,134.29688,180.6289,589.6523,10
3230.172,420,61.39896,4384,3,2.550781,134.29688,179.1328,591.1484,10
3230.172,420,64.94845,4384,7,2.550781,134.29688,181.6562,588.625,10
3230.172,420,61.89258,4384,6,2.550781,134.29688,179.8516,590.4297,10
3230.172,420,66.41026,4384,6,2.550781,134.29688,176.6797,593.6016,10
3230.172,420,60.05089,4384,5,2.550781,134.29688,185.4844,584.7969,10
3230.172,420,65.81633,4384,5,2.550781,134.29688,186.5078,583.7734,10
3230.172,420,61.38107,4384,6,2.550781,134.29688,184.6211,585.6602,10
3230.188,420,61.89258,4384,4,2.550781,134.29688,183.2539,587.0273,10
3230.188,420,63.33333,4384,7,2.550781,134.29688,182.3789,587.9023,10
3230.172,419,59.58549,4384,8,2.550781,134.29688,180.0977,590.1836,10
3230.172,419,68.79795,4384,11,2.550781,134.29688,178.5391,591.7422,10
3230.188,419,60.05089,4384,11,2.550781,134.29688,180.8438,589.4375,10
3230.188,419,67.34694,4384,7,2.550781,134.29688,176.9062,593.375,10
3230.172,419,57.39796,4384,4,2.550781,134.29688,184.9805,585.3008,10
3230.188,418,63.26531,4384,3,2.550781,134.29688,181.9922,588.2891,10
3230.188,418,58.48101,4352,5,2.550781,134.29688,179.6523,590.6289,10
3230.188,418,62.5641,4352,4,2.550781,134.29688,178.3125,591.9688,10
3230.172,418,57.07196,4352,6,2.550781,134.29688,177.25,593.0312,10
3230.172,418,54.96183,4352,3,2.550781,134.29688,184.3008,585.9805,10
3230.172,418,66.07143,4352,7,2.550781,134.29688,181.2383,589.043,10
3230.188,418,62.65985,4352,9,2.550781,134.29688,179.4336,590.8477,10
3230.172,418,56.63265,4352,5,2.550781,134.29688,182.5352,587.7461,10
3230.172,418,64.43299,4352,13,2.550781,134.29688,179.5117,590.7695,10
3230.188,418,61.75711,4352,7,2.550781,134.29688,178.2109,592.0703,10
3230.172,418,63.0102,4352,6,2.550781,134.29688,178.668,591.6133,10
3230.172,416,58.1864,4352,6,2.550781,134.29688,181.1094,589.1719,10
3230.172,416,68.46154,4352,8,2.550781,134.29688,182.7656,587.5156,10
3230.188,416,61.12532,4384,7,2.550781,134.29688,180.25,590.0312,10
3230.172,416,61.43959,4384,10,2.550781,134.29688,178.6914,591.5898,10
3230.188,416,65.03856,4384,11,2.550781,134.29688,180.0469,590.2344,10
3230.188,416,61.32316,4384,6,2.550781,134.29688,178.4609,591.8203,10
3230.172,416,67.78351,4384,11,2.550781,134.29688,182.4102,587.8711,10
3230.172,416,61.51899,4384,8,2.550781,134.29688,179.6797,590.6016,10
3230.172,416,64.50777,4384,3,2.550781,134.29688,186.0938,584.1875,10
3230.188,416,61.34021,4384,3,2.550781,134.29688,183.457,586.8242,10
3230.172,416,66.32124,4384,5,2.558594,134.29688,182.1172,588.1562,10
3230.188,416,68.04124,4384,7,2.558594,134.29688,180.7109,589.5625,10
3230.172,416,62.30769,4384,7,2.558594,134.29688,180.082,590.1914,10
3230.188,416,62.33766,4384,3,2.558594,134.29688,180.6914,589.582,10
3230.172,417,60.76923,4384,4,2.558594,134.29688,181.8359,588.4375,10
3230.188,417,59.84456,4384,8,2.558594,134.29688,179.8008,590.4727,10
3230.188,417,62.30769,4384,5,2.558594,134.29688,180.3789,589.8945,10
3230.172,416,62.14834,4352,7,2.558594,134.29688,181.9141,588.3594,10
3230.188,416,66.15385,4352,8,2.558594,134.29688,178.4414,591.832,10
3230.172,416,57.1066,4352,3,2.558594,134.29688,180.5938,589.6797,10
3230.172,417,58.0402,4352,5,2.558594,134.29688,180.6992,589.5742,10
3230.188,417,57.21519,4352,5,2.558594,134.29688,179.0859,591.1875,10
3230.172,417,56.4433,4352,10,2.558594,134.29688,179.8984,590.375,10
3230.188,417,55.15464,4352,3,2.566406,134.28906,178.5586,591.7148,10
3230.172,417,60.92545,4352,5,2.566406,134.29688,180.8281,589.4375,10
3230.172,417,63.75321,4352,12,2.566406,134.32812,178.543,591.6914,10
3230.172,417,61.34021,4352,7,2.566406,134.32812,176.3281,593.9062,10
3230.188,417,62.43523,4352,4,2.566406,134.32812,176.6562,593.5781,10
3230.188,417,61.57761,4352,8,2.566406,134.32812,179.1797,591.0547,10
3230.172,417,64.01028,4352,7,2.566406,134.32812,177.3516,592.8828,10
3230.172,418,62.08651,4352,9,2.566406,134.32812,176.4727,593.7617,10
3230.188,418,60.66838,4352,6,2.566406,134.32812,178.8633,591.3711,10
3230.172,418,61.79487,4352,5,2.566406,134.32812,176.1016,594.1328,10
3230.172,418,61.79487,4352,7,2.566406,134.32812,173.75,596.4844,10
3230.172,418,68.36735,4352,7,2.566406,134.32812,177.5703,592.6641,10
3230.188,418,60.66838,4352,5,2.566406,134.32812,174.8633,595.3711,10
3230.172,418,63.93862,4352,6,2.566406,134.32812,174.0234,596.2109,10
3230.172,418,62.7551,4352,11,2.566406,134.32812,180.8672,589.3672,10
3230.172,418,67.70026,4352,3,2.566406,134.32812,183.2461,586.9883,10
3230.172,418,59.68586,4352,5,2.566406,134.32812,181.2227,589.0117,10
3230.188,418,63.91753,4352,10,2.566406,134.32812,179.4297,590.8047,10
3230.188,418,66.75258,4352,5,2.566406,134.32812,177.668,592.5664,10
3230.172,418,60.61381,4352,10,2.566406,134.32812,182.4375,587.7969,10
3230.188,418,62.5,4352,5,2.566406,134.32812,179.7266,590.5078,10
3230.172,419,61.42132,4384,7,2.570312,134.32422,178.1133,592.1211,10
3230.172,419,60.56701,4384,5,2.570312,134.32812,179.75,590.4805,10
3230.172,419,64.10256,4384,8,2.570312,134.32812,178.6016,591.6289,10
3230.188,419,59.09091,4384,6,2.570312,134.32812,177.1172,593.1133,10
3230.172,419,66.14583,4384,5,2.570312,134.32812,179.668,590.5625,10
3230.172,419,59.54198,4384,6,2.570312,134.32812,182.0234,588.207,10
3230.172,419,60.92545,4384,4,2.570312,134.32812,183.3984,586.832,10
3230.172,419,57.21519,4384,3,2.570312,134.32812,180.6953,589.5352,10
3230.188,419,55.30303,4384,9,2.570312,134.32812,178.1289,592.1016,10
3230.172,419,61.73469,4384,6,2.570312,134.32812,176.3516,593.8789,10
3230.188,419,60.05089,4416,4,2.570312,134.32812,179.4141,590.8164,10
3230.172,419,58.67347,4416,8,2.585938,134.33594,177.7188,592.4883,10
3230.172,419,59.74359,4416,5,2.585938,134.33594,180.5977,589.6094,10
3230.172,419,61.38107,4416,5,2.585938,134.33594,179.125,591.082,10
3230.172,419,63.14433,4416,6,2.585938,134.33594,178.0312,592.1758,10
3230.188,419,64.70588,4416,8,2.585938,134.33594,181.0977,589.1094,10
3230.172,419,60.66838,4416,8,2.585938,134.33594,178.5312,591.6758,10
3230.172,419,61.1399,4416,8,2.585938,134.33594,176.2617,593.9453,10
3230.188,419,63.8191,4416,6,2.585938,134.33594,176.6992,593.5078,10
3230.188,419,59.23077,4416,4,2.585938,134.33594,174.168,596.0391,10
3230.188,419,59.32642,4416,12,2.585938,134.33594,181.082,589.125,10
3230.172,419,64.2132,4416,9,2.585938,134.33594,178.5117,591.6953,10
3230.172,419,61.08247,4416,8,2.585938,134.33594,177.6445,592.5625,10
3230.172,419,62.0155,4416,8,2.585938,134.33594,181.582,588.625,10
3230.172,419,58.52417,4416,7,2.585938,134.33594,183.3203,586.8867,10
3230.172,419,64.61538,4416,6,2.585938,134.33594,181.7891,588.418,10
3230.172,419,61.95373,4416,9,2.585938,134.33594,180.1484,590.0586,10
3230.172,419,63.73057,4416,10,2.585938,134.33594,183.4141,586.793,10
3230.188,419,65.80977,4416,8,2.585938,134.33594,180.8984,589.3086,10
3230.188,419,60.31332,4416,14,2.585938,134.33594,178.6016,591.6055,10
3230.172,419,60.71429,4416,5,2.585938,134.33594,181.3164,588.8906,10
3230.188,419,60.25974,4416,4,2.585938,134.33594,179.4844,590.7227,10
3230.188,419,67.51918,4416,6,2.585938,134.33594,182.9883,587.2188,10
3230.188,419,55.30303,4416,7,2.585938,134.33594,181.4648,588.7422,10
3230.188,419,62.8866,4416,9,2.585938,134.33594,183.0938,587.1133,10
3230.172,419,61.92893,4416,8,2.585938,134.33594,181.9453,588.2617,10
3230.188,419,57.54476,4416,6,2.585938,134.33594,178.9141,591.293,10
3230.172,419,58.75,4416,7,2.585938,134.33594,176.6602,593.5469,10
3230.172,419,56.2341,4416,7,2.585938,134.33594,184.1992,586.0078,10
3230.188,419,59.03308,4416,6,2.585938,134.33594,180.1953,590.0117,10
3230.172,419,64.2487,4416,6,2.585938,134.33594,182.9453,587.2617,10
3230.188,419,59.48718,4416,3,2.585938,134.33594,180.6523,589.5547,10
3230.172,419,59.54198,4416,4,2.59375,134.32812,179.0977,591.1094,10
3230.172,419,67.09184,4384,9,2.59375,134.33594,178.9297,591.2695,10
3230.188,419,64.96164,4384,6,2.59375,136.32031,175.4375,592.7773,10
3229.988,419,58.71795,4384,7,2.59375,136.32031,175.0352,593.1797,10
3229.973,420,62.6943,4384,8,2.59375,136.32031,173.4766,594.7383,10
3230.188,420,64.89899,4384,6,2.59375,136.32031,176.2812,591.9336,10
3230.188,420,59.59079,4384,5,2.59375,136.32031,174.7539,593.4609,10
3230.188,420,67.01031,4384,5,2.59375,136.32031,173.5,594.7148,10
3229.973,420,61.81818,4384,4,2.59375,136.41797,173.8672,594.25,10
3230.035,420,64.2487,4384,9,2.59375,139.37109,176.4219,588.7422,10
3230.035,420,64.2487,4384,6,2.59375,139.37109,174.2617,590.9023,10
3230.035,420,63.0491,4384,3,2.59375,139.37109,172.0508,593.1133,10
3230.035,420,62.5323,4384,14,2.59375,139.37109,173.0586,592.1055,10
3230.035,419,59.94832,4384,10,2.597656,139.37109,177.168,587.9922,10
3230.035,419,60.82474,4384,7,2.597656,139.37109,178.4844,586.6758,10
3234.785,422,55.61224,4384,10,0.953125,125.73438,175.4961,604.9453,10
3234.785,422,60.30534,4384,3,0.953125,125.74219,177.6328,602.8008,10
3234.785,422,11.450382,4384,2,0.9570312,125.74219,172.9648,607.4648,10
3234.996,423,1.758794,4384,2,0.8007812,125.53125,174.1523,606.6445,10
3206.211,423,6.615776,4384,2,0.7851562,125.40625,205.7812,575.1562,10
3213.797,422,50.51282,4352,5,0.8945312,127.0,189.543,589.6914,10
3210.309,422,56.55527,4352,7,0.9257812,126.96875,181.5469,597.6875,10
3200.043,422,60.61381,4352,7,0.9257812,127.78125,183.9141,594.5078,10
3200.043,422,56.07235,4352,4,0.9257812,127.85938,174.4023,603.9414,10
3200.859,422,61.12532,4352,9,0.9257812,128.07422,162.26172,615.8672,10
3192.988,422,59.43878,4352,9,0.921875,124.94531,167.55078,613.7109,10
3193.004,422,65.02591,4352,5,0.921875,125.13281,159.95703,621.1172,10
3203.43,422,64.45013,4352,6,0.921875,125.13281,143.44922,637.625,10
3203.445,422,60.05155,4352,3,0.921875,125.13672,141.71094,639.3594,10
3195.43,422,60.25316,4352,4,0.9296875,125.13672,151.83594,629.2266,10
3195.43,422,56.70103,4352,3,0.9296875,125.13672,153.19531,627.8672,10
3195.414,422,61.16751,4352,10,0.9296875,125.13672,150.65234,630.4102,10
3195.414,422,61.31579,4352,4,0.9296875,125.13672,149.07812,631.9844,10
3195.414,422,61.26582,4352,10,0.9296875,125.13672,152.30859,628.7539,10
3195.43,422,57.14286,4352,3,0.9296875,125.13672,150.51172,630.5508,10
3195.414,422,59.84655,4352,5,0.9296875,125.13672,151.78906,629.2734,10
3195.414,422,56.15385,4352,9,0.9296875,125.13672,150.17578,630.8867,10
3195.613,422,60.41131,4352,6,0.9296875,125.13672,149.08203,631.9805,10
3196.164,422,55.44304,4352,5,0.9296875,125.13672,147.45703,633.6055,10
3196.246,422,58.24742,4352,3,0.9296875,125.13672,148.04688,633.0156,10
3196.266,422,57.39796,4352,3,0.9296875,125.13672,150.83594,630.2266,10
3196.266,422,55.10204,4352,4,0.9296875,125.13672,152.26562,628.7969,10
3196.266,422,56.03015,4352,3,0.9296875,125.13672,149.19922,631.8633,10
3196.266,422,56.26598,4352,9,0.9296875,125.15234,152.66797,628.3789,10
3196.25,422,59.33504,4352,7,0.9296875,125.15234,149.41406,631.6328,10
3196.25,422,61.79487,4352,4,0.9296875,125.15234,147.85938,633.1875,10
3196.25,422,59.84655,4320,7,0.9296875,125.15234,146.10547,634.9414,10
3196.266,422,61.0687,4320,6,0.9296875,125.15234,147.28125,633.7656,10
3196.266,422,62.95337,4320,5,0.9296875,125.15234,145.53125,635.5156,10
3196.051,422,58.52417,4320,5,0.9296875,125.15234,146.83203,634.2148,10
3196.625,425,60.76923,4320,8,0.9296875,125.15234,145.07422,635.9727,10
3196.25,422,61.53846,4320,6,1.0625,125.15234,148.08984,632.8242,10
3196.266,422,60.46512,4320,3,1.0625,125.15234,149.94922,630.9648,10
3196.266,422,59.58549,4320,8,1.0625,125.15234,148.08984,632.8242,10
3196.035,422,58.13953,4320,3,1.0625,125.15234,146.77734,634.1367,10
3196.051,422,62.08651,4320,10,1.0625,125.15234,148.37109,632.543,10
3196.25,422,56.41026,4320,5,1.078125,125.14453,145.12891,635.7773,10
3196.25,422,57.58355,4320,6,1.078125,125.15234,154.40234,626.4961,10
3196.266,422,62.59542,4320,7,1.078125,125.15234,151.65234,629.2461,10
3196.234,422,57.25389,4320,6,1.078125,125.15234,150.53516,630.3633,10
3196.266,422,64.94845,4320,3,1.078125,125.15234,151.39844,629.5,10
3196.266,422,59.12596,4320,10,1.078125,125.15234,148.63672,632.2617,10
3196.266,422,54.49871,4320,4,1.078125,125.15234,150.99609,629.9023,10
3196.066,422,60.51282,4320,3,1.078125,125.18359,147.76953,633.0977,10
3196.25,422,57.50636,4352,4,1.078125,125.18359,146.86719,634.0,10
3196.266,422,58.44156,4352,8,1.078125,125.18359,150.11719,630.75,10
3196.266,422,64.45013,4352,5,1.078125,125.18359,151.80859,629.0586,10
3196.25,422,57.21649,4352,3,1.078125,125.18359,149.75781,631.1094,10
3196.266,422,62.5641,4352,4,1.078125,125.18359,147.50391,633.3633,10
3196.25,422,57.46835,4352,8,1.078125,125.18359,149.91406,630.9531,10
3196.035,422,56.34518,4352,4,1.0859375,125.18359,147.67188,633.1875,10
3196.25,422,52.48756,4384,6,1.0859375,125.18359,151.20312,629.6562,10
3196.25,422,50.76923,4384,7,1.0859375,125.19922,148.71094,632.1328,10
3196.051,422,60.41131,4384,5,1.0859375,125.19922,148.54688,632.2969,10
3196.25,422,62.17617,4384,10,1.0859375,125.19922,146.16797,634.6758,10
3196.25,422,60.66838,4384,13,1.0859375,125.19922,148.48438,632.3594,10
3196.266,422,62.40409,4384,9,1.0859375,125.21875,151.5,629.3242,10
3196.051,422,59.53608,4384,7,1.0859375,125.21875,149.64062,631.1836,10
3196.25,422,61.46096,4384,9,1.0859375,125.21875,148.32812,632.4961,10
3196.25,422,59.23077,4384,5,1.0859375,125.21875,150.125,630.6992,10
3196.25,422,58.65633,4384,3,1.0976562,125.20703,151.77344,629.0508,10
3196.25,422,62.40409,4384,7,1.0976562,125.21875,147.29297,633.5195,10
3196.25,422,58.46154,4384,8,1.0976562,125.21875,144.72266,636.0898,10
3196.266,422,58.50515,4384,3,1.1015625,125.21875,149.36719,631.4414,10
3196.25,422,58.74674,4384,8,1.1015625,125.21875,147.75391,633.0547,10
3196.266,422,56.99482,4384,8,1.1015625,125.21875,150.67188,630.1367,10
3196.25,422,57.10594,4384,8,1.1015625,125.21875,150.26562,630.543,10
3196.25,422,58.58586,4384,7,1.1015625,125.21875,147.91406,632.8945,10
3196.25,422,57.58355,4384,3,1.1015625,125.21875,151.20312,629.6055,10
3196.266,422,62.40409,4384,6,1.1015625,125.26172,147.74219,633.0234,10
3196.25,422,59.89717,4352,5,1.109375,125.25391,145.91016,634.8555,10
3196.266,422,63.29114,4352,7,1.109375,125.26172,145.61328,635.1445,10
3196.035,422,58.33333,4352,9,1.109375,125.26172,144.54688,636.2109,10
3196.051,422,61.9898,4352,4,1.109375,125.26172,147.35938,633.3984,10
3196.035,422,59.38303,4352,6,1.109375,125.26172,144.81641,635.9414,10
3196.25,422,57.58355,4352,3,1.109375,125.26172,147.41016,633.3477,10
3196.25,422,59.48718,4352,13,1.109375,125.26172,150.84766,629.9102,10
3196.25,422,54.84694,4352,3,1.109375,125.26172,147.78516,632.9727,10
3196.266,422,58.09769,4352,7,1.125,125.67188,145.99219,634.3398,10
3196.25,422,57.78894,4352,7,1.125,125.67188,148.82422,631.5078,10
3196.266,422,58.56777,4352,3,1.125,125.67188,146.3125,634.0195,10
3196.25,422,55.41562,4352,14,1.125,125.67188,148.90625,631.4258,10
3196.25,422,52.26131,4352,6,1.125,125.67188,147.07812,633.2539,10
3196.25,422,58.44156,4352,8,1.125,125.67188,145.30078,635.0312,10
3196.25,422,63.42711,4352,5,1.1328125,125.66406,143.55469,636.7773,10
3196.266,422,58.80829,4352,7,1.1328125,125.67578,147.28906,633.0312,10
3196.25,422,61.12532,4352,5,1.1328125,125.70703,148.36719,631.9219,10
3196.051,422,55.97964,4352,12,1.1328125,125.70703,146.59375,633.6953,10
3196.25,422,60.0,4352,6,1.1328125,125.73438,145.00781,635.2539,10
3196.25,422,60.15228,4352,12,1.1328125,125.73828,149.41406,630.8438,10
3196.25,422,59.12596,4352,3,1.1328125,125.78125,147.61328,632.6016,10
3196.25,422,62.30769,4352,9,1.1328125,125.78125,151.13281,629.082,10
3196.25,422,56.36364,4352,14,1.1523438,125.83203,150.29688,629.8477,10
3196.254,422,56.99482,4352,7,1.1523438,125.83203,148.71875,631.4258,10
3196.254,422,58.39793,4352,6,1.1523438,125.83203,151.78906,628.3555,10
3196.254,422,62.2108,4352,14,1.1523438,125.83203,149.27344,630.8711,10
3196.27,422,59.54198,4352,8,1.1523438,125.83203,147.49609,632.6484,10
3196.254,422,61.57761,4352,9,1.1523438,125.83203,150.02344,630.1211,10
3196.055,422,57.84062,4352,3,1.1523438,125.92578,147.27734,632.7734,10
3196.039,422,60.15424,4352,10,1.1523438,125.92578,145.01172,635.0391,10
3196.039,422,58.71795,4352,6,1.1523438,125.92578,146.88281,633.168,10
3196.039,422,60.15424,4384,17,1.1523438,125.92578,149.44141,630.6094,10
3196.238,422,62.8866,4384,7,1.1523438,125.92578,151.30469,628.7461,10
3196.27,422,59.33504,4384,3,1.1523438,125.92578,148.58984,631.4609,10
3196.254,422,57.94872,4384,5,1.1523438,125.92578,150.875,629.1758,10
3196.254,422,57.84062,4384,9,1.1523438,125.92578,149.26172,630.7891,10
3196.039,422,53.72751,4384,5,1.1523438,125.92578,153.51172,626.5391,10
3196.039,422,57.47423,4384,8,1.1523438,125.92578,148.82422,631.2266,10
3196.039,422,56.70886,4384,6,1.1523438,125.92578,146.77344,633.2773,10
3196.055,422,57.86802,4384,9,1.1523438,125.92578,145.0,635.0508,10
3196.254,422,56.37755,4384,3,1.1523438,125.92578,148.58203,631.4688,10
3196.27,422,53.84615,4384,4,1.1523438,125.92578,151.69531,628.3555,10
3196.254,422,49.62025,4384,5,1.1523438,125.92578,149.58984,630.4609,10
3196.27,422,58.09769,4384,3,1.1601562,125.92578,146.87109,633.1719,10
3196.039,422,56.51042,4384,6,1.1601562,125.92578,145.25781,634.7852,10
3196.039,422,62.21662,4384,8,1.1796875,125.91797,143.28906,636.7422,10
3196.039,422,59.48718,4384,7,1.1796875,125.93359,142.71484,637.3008,10
3196.039,422,62.07792,4384,12,1.1796875,125.93359,152.20312,627.8125,10
3196.039,422,58.61183,4384,5,1.1796875,125.93359,150.20703,629.8086,10
3196.254,422,61.75711,4352,8,1.1796875,125.93359,147.74609,632.2695,10
3196.254,422,64.94845,4352,7,1.1796875,125.93359,146.20312,633.8125,10
3196.27,422,59.43878,4352,5,1.1796875,125.93359,145.76562,634.25,10
3196.254,422,62.5323,4352,9,1.1796875,125.93359,143.15234,636.8633,10
3196.27,422,58.13953,4352,8,1.1796875,125.93359,148.51172,631.5039,10
3196.07,422,60.35806,4352,10,1.1796875,125.93359,150.80859,629.207,10
3196.27,422,56.47668,4352,3,1.1796875,125.93359,149.23438,630.7812,10
3196.254,422,56.2341,4352,6,1.1796875,125.93359,147.89453,632.1211,10
3196.254,422,61.75711,4352,8,1.1796875,125.93359,146.33594,633.6797,10
3196.27,422,60.61381,4352,11,1.1796875,125.93359,144.28516,635.7305,10
3196.27,422,61.63683,4352,6,1.1796875,125.93359,142.07422,637.9414,10
3196.27,422,62.5641,4352,6,1.1796875,125.93359,150.0625,629.9531,10
3196.254,422,57.289,4352,8,1.1796875,125.93359,147.30078,632.7148,10
3196.254,422,59.12596,4352,7,1.1796875,125.93359,146.45312,633.5625,10
3196.254,422,61.59794,4352,6,1.1796875,125.93359,145.00781,635.0078,10
3196.254,422,59.89717,4320,13,1.1796875,125.93359,148.37891,631.6367,10
3196.254,422,60.35806,4320,3,1.1796875,125.93359,146.35547,633.6602,10
3196.254,422,61.34021,4320,4,1.1796875,125.93359,152.92969,627.0859,10
3196.254,422,56.66667,4320,9,1.1796875,125.98047,150.58984,629.3789,10
3196.27,422,61.63683,4320,5,1.1796875,125.98047,149.05859,630.9102,10
3196.254,422,60.0,4320,6,1.1796875,125.98047,147.47266,632.4961,10
3196.039,422,55.32995,4320,8,1.1796875,125.98047,146.125,633.8438,10
3196.254,422,55.0,4320,6,1.1796875,125.98047,146.78906,633.1797,10
3196.254,422,52.91139,4320,10,1.1796875,125.98047,144.08203,635.8867,10
3196.254,422,61.79487,4320,6,1.1796875,125.98047,152.44141,627.5273,10
3196.254,422,60.6357,4352,10,1.1796875,125.98047,149.51562,630.4531,10
3196.254,422,66.313,4352,5,1.1796875,126.0,149.46875,630.4805,10
3196.254,422,60.15424,4352,7,1.1796875,126.0,148.57812,631.3711,10
3196.27,422,60.82474,4352,8,1.1796875,126.0,145.35547,634.5938,10
3196.254,422,60.82474,4352,7,1.1796875,126.0,143.08594,636.8633,10
3196.254,422,58.61183,4352,7,1.1796875,126.0,143.94531,636.0039,10
3196.27,422,61.43959,4352,3,1.1796875,126.0,149.96875,629.9805,10
3196.254,422,58.88325,4352,6,1.1796875,126.0,148.16406,631.7852,10
3196.254,422,57.1066,4352,7,1.1796875,126.0,145.83984,634.1094,10
3196.27,422,58.24742,4352,6,1.1796875,126.0,146.56641,633.3828,10
3196.27,422,59.43152,4352,7,1.1796875,126.0,148.17188,631.7773,10
3196.254,422,56.70103,4352,7,1.1796875,126.03125,150.94531,628.9727,10
3196.254,422,66.66667,4352,7,1.1796875,126.03125,148.35156,631.5664,10
3196.27,422,60.0,4352,5,1.1796875,126.03125,151.89062,628.0273,10
3196.27,422,61.65803,4384,6,1.1796875,126.03125,149.14062,630.7773,10
3196.254,422,58.39793,4384,4,1.1835938,126.02734,147.30859,632.6094,10
3196.27,422,56.6416,4384,7,1.1835938,126.03125,146.16016,633.7539,10
3196.254,423,64.34109,4384,7,1.1835938,126.03125,143.89062,636.0234,10
3196.781,423,61.34021,4384,5,1.1835938,126.03125,146.05469,633.8594,10
3196.797,423,61.95373,4384,4,1.1835938,126.03125,145.66406,634.25,10
3196.781,423,60.0,4384,9,1.1835938,126.03125,148.55469,631.3594,10
3196.781,423,57.90816,4384,9,1.1835938,126.03125,146.20312,633.7109,10
3196.781,423,62.34097,4384,10,1.1835938,126.03906,143.03125,636.875,10
3196.797,423,58.92857,4384,4,1.1835938,126.03906,146.17578,633.7305,10
3196.566,423,56.2341,4384,4,1.1914062,126.03125,144.75781,635.1484,10
3196.781,423,62.98201,4384,6,1.1914062,126.03906,142.95312,636.9453,10
3196.801,423,57.14286,4384,7,1.1914062,126.03906,147.42578,632.4727,10
3196.785,423,55.03876,4384,10,1.1914062,126.03906,147.90234,631.9961,10
3196.801,423,51.1509,4384,7,1.1914062,126.03906,144.43359,635.4648,10
3196.785,423,59.53608,4384,8,1.1914062,126.03906,142.69531,637.2031,10
3196.785,423,62.5641,4384,8,1.1914062,126.03906,150.14453,629.7539,10
3196.785,423,53.76623,4384,5,1.1914062,126.03906,148.49219,631.4062,10
3196.879,423,61.3577,4352,5,1.1914062,126.03906,144.71875,635.1797,10
3196.863,423,58.13953,4352,6,1.1914062,126.03906,149.65234,630.2461,10
3196.648,423,57.03125,4352,11,1.1914062,126.03906,148.09766,631.8008,10
3196.648,423,63.14433,4352,10,1.1914062,126.03906,146.53906,633.3594,10
3196.648,423,56.59898,4384,8,1.1914062,126.03906,145.48047,634.418,10
3196.648,423,58.71795,4384,8,1.1914062,126.03906,151.05469,628.8438,10
3196.648,423,56.1039,4384,6,1.1914062,126.03906,149.00781,630.8906,10
3196.863,423,58.67347,4384,10,1.1914062,126.03906,152.02344,627.875,10
3196.863,423,59.27835,4384,11,1.1914062,126.03906,149.00391,630.8945,10
3196.863,423,58.76289,4384,5,1.1914062,126.03906,147.12109,632.7773,10
3196.879,423,57.4359,4384,3,1.1914062,126.03906,144.58984,635.3086,10
3196.664,423,61.69666,4384,10,1.1914062,126.03906,143.6875,636.2109,10
3196.648,423,60.41667,4384,4,1.1914062,126.03906,144.78906,635.1094,10
3196.648,423,57.69231,4384,6,1.1914062,126.03906,144.64844,635.25,10
3196.648,423,57.50636,4384,7,1.1992188,126.03125,147.00781,632.8906,10
3196.648,423,58.82353,4384,6,1.1992188,126.03906,151.75,628.1406,10
3197.469,426,61.9171,4384,10,1.1992188,126.03906,148.23828,631.6523,10
3196.648,423,55.9194,4384,6,1.1992188,126.03906,147.14453,632.7461,10
3196.664,423,64.70588,4384,7,1.1992188,126.03906,146.85547,633.0352,10
3196.664,423,59.43878,4384,6,1.1992188,126.03906,148.72656,631.1641,10
3196.648,423,52.82051,4384,5,1.2070312,126.03125,145.23047,634.6602,10
3196.648,423,59.33504,4384,7,1.2070312,126.03906,140.03906,639.8438,10
3196.648,423,57.72152,4384,6,1.2070312,126.03906,143.74219,636.1406,10
3196.664,423,57.47423,4384,4,1.2070312,126.03906,143.08594,636.7969,10
3196.648,423,56.88776,4384,3,1.2070312,126.03906,150.13672,629.7461,10
3196.664,423,52.23097,4384,5,1.2070312,126.03906,146.57031,633.3125,10
3196.648,423,54.49871,4384,6,1.2070312,126.03906,148.95703,630.9258,10
3196.664,423,56.70103,4384,4,1.2070312,126.03906,148.05469,631.8281,10
3196.648,423,57.88114,4384,8,1.2070312,126.03906,146.28906,633.5938,10
3196.664,423,64.84375,4384,8,1.2070312,126.03906,142.81641,637.0664,10
3196.648,423,55.89744,4384,10,1.2070312,126.03906,147.11719,632.7656,10
3196.664,423,56.63265,4384,3,1.2070312,126.03906,144.39844,635.4844,10
3196.648,423,59.34343,4384,14,1.2070312,126.03906,142.83984,637.043,10
3196.664,423,58.65633,4384,8,1.2070312,126.03906,145.34766,634.5352,10
3196.664,424,60.20151,4384,5,1.2070312,126.03906,148.67969,631.2031,10
3196.648,424,56.4433,4384,3,1.2070312,126.03906,149.87891,630.0039,10
3196.648,424,58.58586,4384,6,1.2070312,126.03906,147.85547,632.0273,10
3196.648,424,60.51282,4384,7,1.2070312,126.03906,149.50391,630.3789,10
3196.648,424,58.26972,4384,3,1.2070312,126.03906,146.48047,633.4023,10
3196.664,424,68.29897,4384,16,1.2070312,126.03906,148.68359,631.1992,10
3196.664,424,59.07928,4384,7,1.2070312,126.03906,145.70703,634.1758,10
3196.664,424,60.88083,4384,7,1.2148438,126.03906,143.66797,636.207,10
3196.648,424,58.76289,4384,7,1.2148438,126.05469,151.79688,628.0625,10
3196.648,424,56.85279,4384,3,1.2148438,126.05469,148.58594,631.2734,10
3196.664,424,62.8866,4384,7,1.2148438,126.05469,147.27734,632.582,10
3196.648,424,56.06061,4384,5,1.2148438,126.05469,147.16016,632.6992,10
3196.648,422,56.73575,4384,6,1.2148438,126.05469,148.58203,631.2773,10
3196.648,423,61.79487,4384,8,1.2148438,126.05469,146.10156,633.7578,10
3196.648,423,60.35806,4384,11,1.2148438,126.05469,148.80469,631.0547,10
3196.648,423,62.2739,4352,9,1.2148438,126.05469,147.24609,632.6133,10
3196.664,423,56.12245,4352,5,1.2148438,126.05469,150.45312,629.4062,10
3196.664,423,57.54476,4352,7,1.2148438,126.05469,149.21094,630.6484,10
3196.664,423,56.62338,4352,7,1.2148438,126.05469,149.89844,629.9609,10
3196.648,423,55.61224,4352,8,1.2148438,126.05469,148.09375,631.7656,10
3196.664,423,56.09137,4352,3,1.2148438,126.05469,150.85547,629.0039,10
3196.648,423,55.52764,4352,14,1.2148438,126.05469,148.83594,631.0234,10
3196.664,423,53.57143,4352,4,1.2148438,126.05469,155.32812,624.5312,10
3196.664,423,61.30653,4352,4,1.2148438,126.05469,152.35938,627.5,10
3196.648,423,58.35476,4352,8,1.2148438,126.05469,149.76562,630.0938,10
3196.664,423,62.14834,4352,5,1.2148438,126.05469,147.6875,632.1719,10
3196.648,423,62.53165,4352,6,1.2148438,126.05469,146.13281,633.7266,10
3196.648,423,60.0,4352,4,1.2148438,126.05469,144.78906,635.0703,10
3196.664,422,55.81395,4352,4,1.2148438,126.05469,144.96094,634.8984,10
3196.664,421,61.49871,4352,3,1.2148438,126.05469,143.65234,636.207,10
3196.648,422,55.07614,4352,8,1.2148438,126.05469,146.93359,632.9258,10
3196.664,422,61.75711,4352,5,1.2148438,126.05469,145.62109,634.2383,10
3196.664,422,64.69072,4352,3,1.2148438,126.05469,153.73047,626.1289,10
3196.648,422,57.21649,4352,6,1.2226562,126.05469,150.8125,629.0391,10
3196.648,422,61.08247,4352,11,1.2226562,126.05469,149.47656,630.375,10
3196.648,422,60.20408,4352,8,1.2226562,126.05469,147.91797,631.9336,10
3196.648,422,58.13953,4352,6,1.2226562,126.05469,146.26172,633.5898,10
3196.664,422,62.17617,4352,7,1.2226562,126.05469,145.28125,634.5703,10
3196.664,422,57.65306,4352,4,1.2226562,126.05469,143.94141,635.9102,10
3196.664,422,62.72494,4352,3,1.2226562,126.05469,146.4375,633.4141,10
3196.648,422,56.41026,4352,9,1.2226562,126.05469,145.78125,634.0703,10
3196.664,422,62.43523,4352,6,1.2226562,126.05469,143.01953,636.832,10
3196.648,422,62.33766,4352,4,1.2226562,126.05469,140.80078,639.0508,10
3196.664,422,57.86802,4352,7,1.2226562,126.05469,145.58594,634.2656,10
3196.648,422,66.58098,4352,5,1.2226562,126.05469,146.79297,633.0586,10
3196.664,422,57.84062,4352,3,1.2226562,126.05469,150.25,629.6016,10
3196.664,422,57.98969,4352,5,1.2226562,126.05469,148.17188,631.6797,10
3196.664,422,58.37563,4352,8,1.2226562,126.05469,147.51562,632.3359,10
3196.664,422,57.64411,4352,6,1.2226562,126.05469,145.71484,634.1367,10
3196.648,422,57.39796,4352,12,1.2226562,126.05469,144.37891,635.4727,10
3196.648,422,55.18987,4352,9,1.2304688,126.05469,147.04297,632.8008,10
3196.648,422,49.87406,4352,7,1.2304688,126.05469,150.69531,629.1484,10
3196.648,422,55.05051,4352,11,1.2304688,126.05469,149.13672,630.707,10
3196.648,422,60.72351,4352,11,1.2304688,126.05469,152.73438,627.1094,10
3196.648,422,54.75578,4352,6,1.2304688,126.05469,149.49219,630.3516,10
3196.664,423,60.45918,4352,4,1.2304688,126.05469,147.08594,632.7578,10
3196.648,423,59.23077,4352,4,1.2304688,126.07031,146.76953,633.0586,10
3196.664,423,63.37662,4352,3,1.2304688,126.07031,148.98828,630.8398,10
3196.648,423,57.90816,4384,5,1.2304688,126.07031,151.50391,628.3242,10
3196.648,423,58.67347,4352,5,1.2304688,126.07031,148.76953,631.0586,10
3196.648,423,61.47959,4352,5,1.2304688,126.07031,150.62109,629.207,10
3196.863,423,60.05089,4352,12,1.2304688,126.07031,150.92969,628.8984,10
3196.863,423,63.30749,4352,3,1.2304688,126.07031,147.39062,632.4375,10
3196.863,423,64.17526,4352,8,1.2304688,126.07031,151.05078,628.7773,10
3196.863,423,58.13953,4352,9,1.2304688,126.07031,148.76562,631.0625,10
3196.863,423,62.43655,4352,12,1.2304688,126.07031,150.60547,629.2227,10
3196.863,423,55.55556,4352,3,1.2304688,126.07031,148.52734,631.3008,10
3196.863,423,59.64467,4352,5,1.2304688,126.07031,145.76562,634.0625,10
3196.863,423,62.7551,4352,8,1.2304688,126.07031,147.84766,631.9805,10
3196.863,423,57.06941,4352,6,1.2304688,126.07031,146.00391,633.8242,10
3196.879,423,60.92545,4352,9,1.2304688,126.07031,148.66406,631.1641,10
3196.879,423,59.32642,4352,6,1.2304688,126.07031,146.83203,632.9961,10
3196.863,423,57.61421,4352,3,1.2304688,126.07031,144.33203,635.4961,10
3196.879,423,62.08651,4352,4,1.2382812,126.07031,147.29297,632.5273,10
3196.863,423,57.32648,4352,6,1.2382812,126.07031,145.5,634.3203,10
3196.879,423,60.30928,4352,3,1.2382812,126.07031,149.10938,630.7109,10
3196.863,423,56.2982,4352,6,1.2382812,126.07031,146.75781,633.0625,10
3196.879,423,61.09661,4352,4,1.2382812,126.07031,148.5625,631.2578,10
3196.863,422,61.46096,4352,11,1.2382812,126.07031,150.65234,629.168,10
3196.863,422,55.47074,4352,3,1.2382812,126.07031,148.84766,630.9727,10
3196.879,422,55.32995,4352,7,1.2382812,126.07031,147.06641,632.7539,10
3196.863,422,51.53061,4352,5,1.2382812,126.07031,144.79688,635.0234,10
3196.863,422,52.30769,4352,6,1.2382812,126.07031,143.73438,636.0859,10
3196.863,422,60.46512,4352,7,1.2382812,126.07031,151.05469,628.7656,10
3196.664,422,59.32642,4352,3,1.2382812,126.07031,149.75391,630.0664,10
3196.648,422,57.47423,4352,3,1.2382812,126.07031,147.42188,632.3984,10
3196.648,422,62.5641,4352,4,1.2382812,126.07031,154.05469,625.7656,10
3196.648,422,59.74684,4352,7,1.2382812,126.07031,151.78906,628.0312,10
3196.664,422,57.62274,4352,3,1.2382812,126.07031,150.23047,629.5898,10
3196.664,422,55.52764,4352,3,1.2382812,126.07031,148.15234,631.668,10
3196.664,422,58.82353,4352,4,1.2382812,126.07031,146.13281,633.6875,10
3196.648,422,61.73469,4352,6,1.2382812,126.07031,149.46875,630.3516,10
3196.648,422,57.98969,4352,6,1.2382812,126.07031,151.83594,627.9844,10
3196.648,422,64.52442,4352,9,1.2382812,126.07031,150.5,629.3203,10
3196.664,419,61.02564,4352,11,1.2382812,126.07031,147.98438,631.8359,10
3196.648,419,58.03109,4352,7,1.2382812,126.07031,145.16797,634.6523,10
3196.648,419,58.24742,4352,6,1.2382812,126.07031,150.15234,629.668,10
3196.664,419,64.94845,4352,9,1.2382812,126.07031,146.94141,632.8789,10
3196.648,419,59.03308,4352,6,1.2382812,126.07031,146.28516,633.5352,10
3196.664,419,63.35079,4352,7,1.2382812,126.07031,145.10938,634.7109,10
3196.664,419,58.62944,4352,4,1.2382812,126.07031,149.59375,630.2266,10
3196.648,419,55.78406,4352,5,1.2382812,126.07031,148.01172,631.8086,10
3196.664,419,62.7907,4352,13,1.2382812,126.07031,150.46484,629.3555,10
3196.648,419,55.03876,4352,5,1.2382812,126.07031,148.89062,630.9297,10
3196.664,419,60.10363,4352,4,1.2382812,126.07031,151.46094,628.3594,10
3196.648,419,62.05128,4352,8,1.2382812,126.07031,150.30078,629.5195,10
3196.664,419,59.48718,4352,3,1.2382812,126.07031,148.76953,631.0508,10
3196.648,419,61.43959,4384,4,1.2382812,126.07031,151.02734,628.793,10
3196.648,419,59.54198,4384,6,1.2382812,126.07031,149.22656,630.5938,10
3196.648,419,56.07235,4384,5,1.2382812,126.07031,147.59766,632.2227,10
3196.648,419,58.37563,4384,5,1.2382812,126.07031,147.02344,632.7969,10
3196.664,419,60.05155,4384,6,1.2382812,126.07031,145.48828,634.332,10
3196.648,419,56.26598,4384,4,1.2382812,126.07031,148.08984,631.7305,10
3196.648,419,63.0102,4384,12,1.2382812,126.07031,145.13672,634.6836,10
3196.664,419,55.24297,4384,11,1.2382812,126.07031,144.49219,635.3281,10
3196.664,419,56.4557,4384,6,1.2382812,126.07031,147.77344,632.0469,10
3196.648,419,56.31313,4384,6,1.2382812,126.07031,146.48828,633.332,10
3196.648,419,54.56853,4384,9,1.2382812,126.07031,149.40234,630.418,10
3196.648,419,54.93671,4384,8,1.2382812,126.07031,148.09766,631.7227,10
3196.664,419,50.88608,4384,4,1.2382812,126.07031,150.86719,628.9531,10
3196.648,419,56.77749,4384,5,1.2460938,126.07031,151.87109,627.9414,10
3196.648,419,64.85788,4384,12,1.2460938,126.07031,148.86719,630.9453,10
3196.648,419,56.70103,4384,7,1.2460938,126.07031,149.55859,630.2539,10
3196.648,419,60.35806,4384,4,1.2460938,126.07031,150.35547,629.457,10
3196.863,419,57.65306,4384,8,1.2460938,126.07031,147.32031,632.4922,10
3196.863,419,55.26992,4384,7,1.2460938,126.07031,144.77734,635.0352,10
3196.863,419,63.33333,4384,9,1.2460938,126.07031,143.44141,636.3711,10
3196.664,419,56.88776,4384,6,1.2539062,126.0625,146.81641,632.9961,10
3196.648,419,57.98969,4384,9,1.2539062,126.07031,149.05859,630.7461,10
3196.863,419,55.58376,4384,6,1.2539062,126.07031,147.30859,632.4961,10
3196.863,419,62.05128,4384,8,1.2539062,126.07031,146.70703,633.0977,10
3196.863,419,59.27835,4384,13,1.2539062,126.07031,151.67969,628.125,10
3196.648,419,59.79644,4384,7,1.2539062,126.07031,150.77734,629.0273,10
3196.648,419,57.36041,4384,11,1.2539062,126.07031,149.60156,630.2031,10
3196.648,419,63.11688,4384,6,1.2539062,126.07031,151.48047,628.3242,10
3196.664,420,57.55208,4384,5,1.2539062,126.15625,150.33203,629.3867,10
3196.648,420,60.81425,4384,5,1.2539062,126.15625,149.40234,630.3164,10
3196.664,420,65.20619,4384,5,1.2539062,126.15625,150.60156,629.1172,10
3196.648,420,59.03308,4384,13,1.2539062,126.15625,148.56641,631.1523,10
3196.664,420,57.36434,4384,3,1.2539062,126.15625,150.45312,629.2656,10
3196.648,420,61.39896,4384,16,1.2539062,126.15625,151.58984,628.1289,10
3196.664,420,59.33504,4384,10,1.2539062,126.15625,149.10156,630.6172,10
3196.664,420,61.08247,4384,9,1.2539062,126.15625,146.99609,632.7227,10
3196.648,420,54.84694,4384,7,1.2539062,126.15625,149.10938,630.6094,10
3196.664,420,55.75,4384,9,1.2539062,126.15625,148.96094,630.7578,10
3196.648,420,58.20513,4384,3,1.2539062,126.15625,156.0,623.7188,10
3196.648,420,56.63265,4384,7,1.2539062,126.15625,152.79688,626.9219,10
3196.648,420,53.41772,4384,9,1.2539062,126.15625,149.73828,629.9805,10
3196.648,420,56.70886,4384,5,1.2539062,126.15625,151.67578,628.043,10
3196.648,420,54.4757,4384,7,1.2539062,126.15625,148.44922,631.2695,10
3196.648,420,60.61381,4384,7,1.2539062,126.15625,146.12891,633.5898,10
3196.648,420,58.37563,4384,11,1.2539062,126.15625,145.22656,634.4922,10
3196.648,420,59.27835,4384,6,1.2539062,126.15625,143.47656,636.2422,10
3196.664,420,62.95337,4384,6,1.2539062,126.15625,145.61328,634.1055,10
3196.664,420,58.65633,4384,5,1.2539062,126.15625,145.19922,634.5195,10
3196.648,420,55.9194,4384,8,1.2539062,126.15625,143.45312,636.2656,10
3196.648,421,63.02083,4384,6,1.2539062,126.15625,151.77344,627.9453,10
3196.664,421,57.69231,4384,4,1.2539062,126.15625,149.32812,630.3906,10
3196.648,421,60.25641,4384,4,1.2539062,126.15625,145.625,634.0938,10
3196.648,421,63.91753,4384,6,1.2539062,126.15625,146.03516,633.6836,10
3196.664,421,61.34021,4384,4,1.2539062,126.15625,150.01562,629.7031,10
3196.648,421,61.22449,4384,9,1.2539062,126.15625,147.69141,632.0273,10
3196.664,421,58.97436,4384,3,1.2539062,126.15625,146.32812,633.3906,10
3196.664,421,64.28571,4352,7,1.2539062,126.15625,145.75,633.9688,10
3196.648,421,59.17313,4352,13,1.2539062,126.15625,144.65234,635.0664,10
3196.664,421,60.61381,4352,4,1.2539062,126.15625,143.50391,636.2148,10
3196.648,421,56.4433,4352,10,1.2539062,126.15625,151.31641,628.4023,10
3196.648,421,61.63683,4352,6,1.2539062,126.15625,152.75,626.9688,10
3196.648,421,57.69231,4352,8,1.2617188,126.15625,151.19141,628.5195,10
3196.848,421,65.22843,4352,11,1.2617188,126.15625,148.78516,630.9258,10
3196.879,421,62.2739,4352,13,1.2617188,126.15625,151.15234,628.5586,10
3196.879,421,56.84755,4352,7,1.2617188,126.15625,152.25781,627.4531,10
3196.68,421,61.83206,4352,3,1.2617188,126.15625,149.22656,630.4844,10
3196.648,421,59.58549,4384,5,1.2617188,126.15625,148.54297,631.168,10
3196.648,421,60.15228,4384,8,1.2617188,126.15625,147.36719,632.3438,10
3196.648,421,63.35878,4384,6,1.2617188,126.15625,147.49219,632.2188,10
3196.879,421,54.59184,4384,8,1.2617188,126.15625,145.49609,634.2148,10
3196.863,421,51.41388,4384,7,1.2617188,126.15625,143.5,636.2109,10
3196.863,421,52.16285,4384,7,1.2617188,126.15625,145.25781,634.4531,10
3196.863,421,58.56777,4384,9,1.2617188,126.15625,148.02734,631.6836,10
3196.879,421,62.78481,4384,4,1.2617188,126.15625,151.55078,628.1602,10
3196.68,421,58.50515,4384,5,1.2617188,126.15625,149.94141,629.7695,10
3196.648,421,53.98458,4384,11,1.2617188,126.15625,148.62891,631.082,10
3196.648,421,60.25641,4384,5,1.2617188,126.15625,146.60547,633.1055,10
3196.664,421,59.79644,4384,3,1.2617188,126.15625,148.01953,631.6914,10
3196.648,421,63.52041,4384,5,1.2617188,126.15625,145.99609,633.7148,10
3196.664,421,61.81818,4384,7,1.2617188,126.15625,143.4375,636.2734,10
3196.664,421,60.92545,4384,3,1.2695312,126.14844,142.34375,637.3672,10
3196.664,421,63.10433,4384,3,1.2695312,126.16406,144.99609,634.6992,10
3196.664,421,59.53608,4384,5,1.2695312,126.16406,146.80859,632.8867,10
3196.648,421,59.89717,4384,10,1.2695312,126.16406,145.52734,634.168,10
3196.863,421,61.12532,4384,5,1.2695312,126.16406,147.13672,632.5586,10
3196.863,421,59.32642,4384,5,1.2695312,126.16406,148.33594,631.3594,10
3196.879,421,57.47423,4384,3,1.2695312,126.16406,146.33984,633.3555,10
3196.879,421,60.35806,4384,6,1.2773438,126.16406,144.49609,635.1914,10
3196.863,421,56.52174,4384,7,1.2773438,126.16406,148.91016,630.7773,10
3196.879,421,63.93862,4384,4,1.2773438,126.16406,144.4375,635.25,10
3196.863,421,54.78036,4384,3,1.2773438,126.16406,144.24219,635.4453,10
3196.863,421,56.36364,4384,4,1.2773438,126.16406,142.17578,637.5117,10
3196.848,421,64.35897,4384,7,1.2773438,126.16406,144.38281,635.3047,10
3196.863,421,55.49872,4384,6,1.2773438,126.16406,146.46094,633.2266,10
3196.879,421,63.93862,4384,3,1.2773438,126.16406,144.95703,634.7305,10
3196.879,421,60.1023,4384,10,1.2773438,126.16406,153.17969,626.5078,10
3196.664,421,55.49872,4384,3,1.2773438,126.16406,148.48438,631.2031,10
3196.867,421,62.7551,4384,9,1.2773438,126.16406,146.70703,632.9805,10
3196.867,421,56.31313,4384,10,1.2773438,126.16406,144.64453,635.043,10
3196.867,421,59.79644,4384,8,1.2773438,126.16406,148.48047,631.207,10
3196.867,421,51.25628,4384,11,1.2773438,126.16406,146.12891,633.5586,10
3196.867,421,53.78788,4384,7,1.2773438,126.16406,149.96484,629.7227,10
3196.867,421,57.47423,4384,8,1.2773438,126.16406,152.5625,627.125,10
3196.867,421,56.4433,4384,5,1.2773438,126.16406,149.70703,629.9805,10
3196.883,421,61.47959,4384,3,1.2773438,126.16406,146.42578,633.2617,10
3196.668,421,59.17313,4384,6,1.2773438,126.16406,144.85938,634.8281,10
3196.668,421,59.68992,4384,4,1.2773438,126.16406,147.16797,632.5195,10
3196.668,421,65.46392,4384,6,1.2773438,126.16406,145.56641,634.1211,10
3196.883,421,59.84456,4384,7,1.2773438,126.16406,144.48828,635.1992,10
3196.867,421,54.82234,4384,5,1.2773438,126.16406,147.79297,631.8945,10
3196.867,421,59.84456,4384,4,1.2773438,126.16406,150.27734,629.4102,10
3196.883,421,61.53846,4384,8,1.2773438,126.16406,147.35156,632.3359,10
3196.867,421,55.86735,4384,9,1.2773438,126.16406,145.54688,634.1406,10
3196.867,421,58.13953,4384,6,1.2773438,126.16406,143.74609,635.9414,10
3196.867,421,59.59079,4384,6,1.2773438,126.16406,146.40234,633.2852,10
3196.867,421,63.61323,4384,7,1.2773438,126.16406,142.73828,636.9492,10
3196.867,421,62.33766,4352,9,1.2773438,126.16406,146.83594,632.8516,10
3196.867,421,59.28753,4384,8,1.2773438,126.16406,145.41797,634.2695,10
3196.867,421,59.89717,4384,5,1.2773438,126.16406,147.86328,631.8242,10
3196.867,421,55.83756,4384,8,1.2773438,126.16406,148.91406,630.7734,10
3196.668,421,61.57761,4384,6,1.2773438,126.16406,150.51562,629.1719,10
3196.867,421,55.89744,4384,11,1.2773438,126.16406,148.10938,631.5781,10
3196.883,421,61.2987,4384,9,1.2773438,126.16406,145.84375,633.8438,10
3196.883,421,63.0102,4384,7,1.2773438,126.16406,147.64844,632.0391,10
3196.668,421,59.17313,4384,7,1.2773438,126.16406,146.91406,632.7734,10
3196.867,421,59.84456,4384,12,1.2773438,126.16406,149.74609,629.9414,10
3196.867,421,58.97436,4384,6,1.2773438,126.16406,151.86719,627.8203,10
3196.867,421,54.26357,4384,10,1.2773438,126.16406,150.0625,629.625,10
3196.867,421,59.94898,4384,7,1.2773438,126.16406,147.57422,632.1133,10
3196.867,421,53.57143,4384,8,1.2773438,126.16406,151.55859,628.1289,10
3196.883,421,57.1066,4384,4,1.2773438,126.16406,149.03125,630.6562,10
3196.867,421,48.23232,4384,4,1.2773438,126.16406,151.3125,628.375,10
3196.867,421,53.06122,4384,5,1.2773438,126.16406,147.56641,632.1211,10
3196.867,421,65.89744,4384,10,1.2773438,126.16406,145.3125,634.375,10
3196.867,421,58.80829,4384,6,1.2773438,126.16406,144.21875,635.4688,10
3196.867,421,60.30534,4384,10,1.2773438,126.16406,142.90625,636.7812,10
3196.867,421,57.77202,4384,7,1.2773438,126.16406,141.97656,637.7109,10
3196.883,421,56.52174,4384,10,1.2773438,126.16406,141.05469,638.6328,10
3196.883,421,66.15385,4384,5,1.2773438,126.16406,145.97656,633.7109,10
3196.883,421,56.48855,4384,4,1.2773438,126.16406,143.97266,635.7148,10
3196.867,421,60.30534,4384,8,1.2773438,126.16406,146.19531,633.4922,10
3196.867,421,62.98201,4384,6,1.2851562,126.15625,147.93359,631.7539,10
3196.867,421,55.03876,4384,7,1.2851562,126.16406,146.375,633.3047,10
3196.883,421,60.1023,4384,4,1.2851562,126.16406,145.31641,634.3633,10
3196.867,421,64.94845,4384,8,1.2851562,126.16406,151.73438,627.9453,10
3196.883,421,58.41837,4384,3,1.2851562,126.16406,152.57422,627.1055,10
3196.867,421,63.30749,4384,8,1.2851562,126.16406,148.83984,630.8398,10
3196.883,421,60.61381,4384,5,1.2851562,126.16406,148.97656,630.7031,10
3196.867,421,57.10594,4384,8,1.2851562,126.16406,146.71094,632.9688,10
3196.867,421,62.72494,4384,4,1.2851562,126.16406,144.00391,635.6758,10
3196.652,422,55.97964,4384,7,1.2851562,126.16406,143.375,636.3047,10
3196.652,421,60.35354,4384,6,1.2851562,126.16406,147.15234,632.5273,10
3196.668,421,60.46512,4384,5,1.2851562,126.16406,150.60547,629.0742,10
3196.668,421,58.05627,4384,8,1.2929688,126.16406,149.06641,630.6055,10
3196.652,421,63.23907,4384,8,1.2929688,126.16406,146.79688,632.875,10
3196.652,421,55.64103,4384,7,1.2929688,126.16406,146.16797,633.5039,10
3196.652,421,57.58355,4384,6,1.2929688,126.16406,149.66016,630.0117,10
3196.668,421,63.23907,4384,3,1.2929688,126.16406,149.56641,630.1055,10
3196.652,421,54.84694,4384,3,1.2929688,126.16406,147.51562,632.1562,10
3196.652,421,58.26972,4384,5,1.2929688,126.16406,144.53516,635.1367,10
3196.652,421,56.60848,4384,14,1.2929688,126.16406,143.19531,636.4766,10
3196.668,421,48.62155,4384,8,1.3007812,126.1875,141.85938,637.7812,10
3196.668,421,57.46835,4384,3,1.3007812,126.1875,146.05469,633.5859,10
3196.652,421,56.2982,4384,5,1.3007812,126.1875,147.35938,632.2812,10
3196.668,421,62.14834,4384,4,1.3007812,126.1875,143.85547,635.7852,10
3196.652,421,63.17136,4384,6,1.3007812,126.1875,148.48828,631.1523,10
3196.652,420,60.56701,4384,7,1.3007812,126.1875,149.77734,629.8633,10
3196.652,420,58.71795,4384,9,1.3007812,126.1875,147.27734,632.3633,10
3196.668,420,62.43655,4384,9,1.3007812,126.1875,147.39844,632.2422,10
3196.652,420,55.6701,4384,5,1.3007812,126.1875,145.16016,634.4805,10
3196.668,420,61.85567,4352,3,1.3007812,126.1875,147.87891,631.7617,10
3196.652,420,62.37113,4352,4,1.3007812,126.1875,150.08984,629.5508,10
3196.867,420,57.55208,4352,10,1.3007812,126.1875,147.78125,631.8594,10
3196.867,420,58.01527,4352,8,1.3007812,126.1875,145.75781,633.8828,10
3196.883,420,60.30534,4352,7,1.3007812,126.1875,144.44531,635.1953,10
3196.652,420,58.65633,4352,5,1.3007812,126.1875,143.84766,635.793,10
3196.867,420,65.22843,4352,6,1.3007812,126.1875,146.79688,632.8438,10
3196.867,420,57.06941,4352,7,1.3007812,126.1875,150.83984,628.8008,10
3196.668,420,60.30928,4352,4,1.3007812,126.1875,148.32422,631.3164,10
3196.668,420,61.75711,4352,4,1.3007812,126.1875,150.69141,628.9492,10
3196.652,420,55.75448,4352,5,1.3007812,126.1875,146.98438,632.6562,10
3196.652,420,61.18252,4352,7,1.3007812,126.1875,153.49609,626.1445,10
3196.652,420,55.64103,4352,9,1.3007812,126.1875,151.66797,627.9727,10
3196.652,420,56.77749,4352,9,1.3007812,126.1875,148.90625,630.7344,10
3196.652,420,65.80977,4352,7,1.3007812,126.1875,146.63672,633.0039,10
3196.668,420,56.37755,4352,4,1.3007812,126.1875,143.33203,636.3086,10
3196.867,420,57.53769,4352,6,1.3007812,126.1875,146.57031,633.0703,10
3196.867,420,58.33333,4352,7,1.3007812,126.1875,148.83203,630.8086,10
3196.684,420,54.40806,4352,3,1.3007812,126.1875,148.01172,631.6289,10
3196.652,420,56.99746,4352,7,1.3007812,126.1875,150.55469,629.0859,10
3196.668,420,56.20253,4352,4,1.3007812,126.1875,149.67969,629.9609,10
3196.668,420,53.26371,4352,6,1.3007812,126.1875,147.91406,631.7266,10
3196.652,420,60.35806,4352,6,1.3007812,126.1875,145.62109,634.0195,10
3196.652,420,57.66234,4352,4,1.3007812,126.1875,151.45703,628.1836,10
3196.652,420,62.0155,4384,7,1.3007812,126.1875,153.27344,626.3672,10
3196.652,420,58.77863,4384,7,1.3007812,126.1875,154.76953,624.8711,10
3196.652,420,59.28753,4384,11,1.3007812,126.1875,151.48828,628.1523,10
3196.867,420,60.25974,4384,12,1.3007812,126.1875,148.96094,630.6797,10
3196.883,420,56.77749,4384,6,1.3007812,126.1875,146.69141,632.9492,10
3196.867,420,56.18557,4384,5,1.3007812,126.1875,144.91406,634.7266,10
3196.652,419,60.30534,4384,8,1.3007812,126.1875,142.89062,636.75,10
3196.652,419,58.16327,4384,8,1.3007812,126.1875,145.69141,633.9492,10
3196.668,419,62.6943,4384,3,1.3007812,126.1875,148.46094,631.1797,10
3196.652,419,56.88776,4384,4,1.3007812,126.1875,146.66016,632.9805,10
3196.652,419,56.4557,4384,8,1.3007812,126.1875,149.25391,630.3867,10
3196.867,419,64.63104,4384,5,1.3007812,126.1875,147.42188,632.2188,10
3196.867,419,57.55208,4384,6,1.3007812,126.1875,149.21094,630.4297,10
3196.867,420,63.98964,4384,6,1.3007812,126.1875,145.73438,633.9062,10
3196.867,420,60.72351,4384,8,1.3007812,126.1875,143.19531,636.4453,10
3196.867,420,52.55102,4384,11,1.3007812,126.1875,152.07422,627.5664,10
3196.867,420,57.58355,4384,8,1.3007812,126.1875,148.29688,631.3438,10
3196.867,420,54.49871,4384,3,1.3007812,126.1875,151.08984,628.5508,10
3196.867,420,61.18252,4384,4,1.3007812,126.1875,148.07031,631.5703,10
3196.883,420,56.88776,4384,3,1.3007812,126.1875,146.23828,633.4023,10
3196.867,420,60.56701,4384,14,1.3007812,126.1875,144.70703,634.9336,10
3196.867,420,62.27848,4384,12,1.3007812,126.1875,142.90625,636.7344,10
3196.883,419,60.50633,4384,9,1.3007812,126.1875,151.34766,628.293,10
3196.867,419,58.62944,4384,8,1.3007812,126.1875,151.50781,628.1328,10
3196.883,419,57.36434,4384,6,1.3007812,126.1875,148.55469,631.0859,10
3196.867,419,53.67089,4384,8,1.3007812,126.1875,146.96875,632.6719,10
3196.668,419,56.37755,4384,3,1.3007812,126.1875,145.38281,634.2578,10
3196.867,419,51.76768,4384,12,1.3007812,126.1875,148.47656,631.1641,10
3196.867,419,56.77749,4384,11,1.3007812,126.1875,150.30859,629.332,10
3196.883,420,65.12821,4384,4,1.3085938,126.17969,148.03906,631.6016,10
3196.867,420,59.24051,4384,9,1.3085938,126.1875,145.79688,633.8359,10
3196.867,420,56.26598,4384,6,1.3085938,126.1875,144.19922,635.4336,10
3196.668,420,63.40206,4384,4,1.3085938,126.1875,143.15625,636.4766,10
3196.668,420,57.46835,4384,10,1.3085938,126.1875,146.39453,633.2383,10
3196.883,420,59.59079,4384,4,1.3085938,126.1875,147.53125,632.1016,10
3196.867,420,56.84755,4384,8,1.3085938,126.1875,146.4375,633.1953,10
3196.883,420,62.1134,4384,6,1.3164062,126.1875,147.50781,632.1172,10
3196.883,420,59.64467,4384,5,1.3164062,126.1875,151.53516,628.0898,10
3196.883,420,57.06941,4384,10,1.3164062,126.1875,149.27734,630.3477,10
3196.867,420,61.34021,4384,3,1.3164062,126.1875,147.22656,632.3984,10
3196.867,420,58.09769,4384,6,1.3164062,126.1875,145.64062,633.9844,10
3196.867,420,62.1134,4384,8,1.3164062,126.1875,143.40234,636.2227,10
3196.867,420,59.53608,4384,6,1.3164062,126.1875,150.94922,628.6758,10
3196.867,420,55.58376,4384,7,1.3164062,126.1875,147.49219,632.1328,10
3196.883,420,61.59794,4384,7,1.3164062,126.1875,148.84375,630.7812,10
3196.883,420,61.22449,4384,4,1.3164062,126.1875,146.32812,633.2969,10
3196.867,420,58.41837,4384,5,1.3164062,126.1875,144.25,635.375,10
3196.883,420,60.67708,4384,3,1.3164062,126.1875,142.14062,637.4844,10
3196.668,420,60.15424,4384,5,1.3164062,126.1875,146.21875,633.4062,10
3196.867,420,57.36041,4384,5,1.3164062,126.1875,147.83203,631.793,10
3196.883,420,63.61323,4384,4,1.3164062,126.1875,145.26172,634.3633,10
3196.867,420,60.30151,4384,8,1.3164062,126.1875,144.22266,635.4023,10
3196.867,420,58.31202,4384,8,1.3164062,126.1875,141.65234,637.9727,10
3196.867,420,60.20408,4384,9,1.3164062,126.1875,145.42188,634.2031,10
3196.883,420,55.41562,4384,3,1.3164062,126.1875,142.41406,637.2109,10
3196.883,420,58.71795,4384,3,1.3164062,126.1875,144.79688,634.8281,10
3196.867,420,52.30769,4384,4,1.3164062,126.1875,148.46875,631.1562,10
3196.867,420,51.01523,4384,5,1.3164062,126.1875,145.43359,634.1914,10
3196.867,420,62.2108,4384,5,1.3164062,126.1875,143.20312,636.4219,10
3196.867,420,59.33504,4384,10,1.3164062,126.1875,141.89844,637.7266,10
3196.867,420,59.6401,4384,3,1.3164062,126.1875,146.51172,633.1133,10
3196.883,420,64.0625,4384,13,1.3164062,126.1875,145.36328,634.2617,10
3196.883,420,60.0,4384,4,1.3164062,126.1875,148.26953,631.3555,10
3196.867,420,60.15228,4384,10,1.3164062,126.1875,146.24609,633.3789,10
3196.883,420,59.38303,4384,7,1.3164062,126.1875,148.34766,631.2773,10
3196.867,420,53.64583,4384,10,1.3164062,126.1875,146.77734,632.8477,10
3196.867,420,61.42132,4384,4,1.3164062,126.1875,147.23828,632.3867,10
3196.652,420,61.51832,4384,5,1.3164062,126.1875,149.98047,629.6445,10
3196.668,420,63.86768,4384,8,1.3164062,126.1875,145.64062,633.9844,10
3196.668,420,57.77202,4384,8,1.3164062,126.1875,150.00781,629.6172,10
3196.652,420,55.75448,4384,7,1.3164062,126.1875,148.66797,630.957,10
3196.652,420,66.15385,4384,8,1.3164062,126.1875,150.54688,629.0781,10
3196.852,420,57.80051,4384,9,1.3164062,126.1875,147.55469,632.0703,10
3196.867,420,57.65306,4384,4,1.3164062,126.1875,145.77734,633.8477,10
3196.867,420,61.47959,4384,3,1.3242188,126.1875,148.83984,630.7773,10
3196.867,420,58.82353,4384,8,1.3242188,126.1875,147.12109,632.4961,10
3196.867,420,59.79644,4384,8,1.3242188,126.1875,149.73047,629.8867,10
3196.668,420,56.743,4384,5,1.3242188,126.1875,146.96875,632.6484,10
3196.652,420,59.11458,4384,12,1.3242188,126.1875,144.87891,634.7383,10
3196.668,420,59.28753,4384,4,1.3242188,126.1875,145.31641,634.3008,10
3196.668,420,56.52174,4384,4,1.3242188,126.1875,146.99219,632.625,10
3196.652,420,57.06941,4384,9,1.3242188,126.1875,149.75,629.8672,10
3196.883,420,60.0,4384,7,1.3242188,126.1875,147.94531,631.6719,10
3196.883,420,60.60606,4384,8,1.3242188,126.1875,150.30469,629.3125,10
3196.883,420,57.25191,4384,7,1.3242188,126.1875,148.53906,631.0781,10
3196.883,420,54.45293,4384,3,1.3242188,126.1875,145.78906,633.8281,10
3196.668,420,52.0202,4384,10,1.3242188,126.1875,149.90234,629.7148,10
3196.652,420,48.85496,4384,8,1.3242188,126.1875,150.97656,628.6406,10
3196.883,420,57.58355,4384,8,1.3242188,126.1875,148.18359,631.4336,10
3196.867,420,62.69036,4384,5,1.3242188,126.1875,150.78125,628.8359,10
3196.867,420,59.48718,4352,7,1.3242188,126.1875,152.5625,627.0547,10
3196.883,420,60.66838,4352,5,1.3242188,126.1875,149.80078,629.8164,10
3196.883,420,64.34109,4352,8,1.3242188,126.1875,148.46094,631.1562,10
3196.883,420,57.32648,4352,5,1.3242188,126.1875,144.50781,635.1094,10
3196.867,420,63.26531,4352,3,1.3242188,126.1875,142.29297,637.3242,10
3196.883,420,55.49872,4352,4,1.3242188,126.1875,144.70703,634.9102,10
3196.867,420,55.61224,4352,5,1.3242188,126.1875,148.19141,631.4258,10
3196.652,420,61.9898,4352,11,1.3242188,126.1875,150.50391,629.1133,10
3196.867,420,60.05155,4352,6,1.3320312,126.1875,147.16797,632.4414,10
3196.883,420,58.91473,4352,5,1.3320312,126.1875,149.28906,630.3203,10
3196.867,420,60.71429,4352,6,1.3320312,126.1875,147.48828,632.1211,10
3196.652,420,56.55527,4352,5,1.3320312,126.1875,145.71094,633.8984,10
3196.883,420,60.98191,4352,8,1.3320312,126.1875,148.67578,630.9336,10
3196.867,420,54.71204,4352,5,1.3320312,126.1875,146.43359,633.1758,10
3196.652,420,58.73418,4352,4,1.3398438,126.1875,143.83984,635.7617,10
3196.652,420,62.8866,4352,8,1.3398438,126.1875,146.18359,633.418,10
3196.668,420,54.73146,4352,3,1.3398438,126.1875,148.02734,631.5742,10
3196.668,420,62.46787,4352,4,1.3398438,126.1875,150.27734,629.3242,10
3196.652,420,57.36041,4352,5,1.3398438,126.1875,148.25391,631.3477,10
3196.652,420,57.94872,4352,5,1.3398438,126.1875,146.71875,632.8828,10
3196.652,420,61.38107,4352,7,1.3398438,126.23047,144.82031,634.7383,10
3196.652,420,58.56777,4352,4,1.3398438,126.23047,142.05859,637.5,10
3196.652,420,58.62944,4352,7,1.3398438,126.23047,146.24609,633.3125,10
3196.652,420,57.14286,4352,8,1.3398438,126.23047,149.49609,630.0625,10
3196.668,420,58.71795,4352,9,1.3398438,126.23047,151.09375,628.4648,10
3196.668,420,54.68354,4352,3,1.3398438,126.23047,148.28906,631.2695,10
3196.652,420,53.18066,4352,9,1.3398438,126.23047,150.6875,628.8711,10
3196.668,420,52.30769,4352,5,1.3398438,126.23047,147.24609,632.3125,10
3196.668,420,63.14433,4352,6,1.3398438,126.23047,145.00391,634.5547,10
3196.652,420,58.7013,4352,11,1.3398438,126.23047,148.5625,630.9961,10
3196.652,420,58.71795,4352,11,1.3398438,126.23047,149.62891,629.9297,10
3196.652,420,60.1023,4352,7,1.3398438,126.23047,146.69141,632.8672,10
3196.668,420,56.81818,4352,4,1.3398438,126.23047,144.85938,634.6992,10
3196.652,420,63.52041,4352,5,1.3398438,126.23047,145.24219,634.3164,10
3196.652,420,61.43959,4352,6,1.3398438,126.23047,148.48828,631.0703,10
3196.668,420,62.7551,4320,3,1.3398438,126.23047,146.89453,632.6641,10
3196.668,420,62.82051,4320,5,1.3476562,126.23047,149.60156,629.9492,10
3196.652,420,55.86735,4320,14,1.3476562,126.23047,145.64062,633.9102,10
3196.652,420,58.62944,4320,5,1.3476562,126.23047,149.30859,630.2422,10
3196.652,420,64.01028,4352,14,1.3476562,126.23047,149.8125,629.7383,10
3196.652,420,58.56777,4352,8,1.3476562,126.23047,147.71875,631.832,10
3196.668,420,63.23907,4352,10,1.3476562,126.23047,146.125,633.4258,10
3196.668,420,58.86889,4352,7,1.3476562,126.23047,144.13672,635.4141,10
3196.652,420,56.41026,4352,5,1.3476562,126.23047,146.8125,632.7383,10
3196.668,420,63.5443,4352,3,1.3476562,126.23047,149.92969,629.6211,10
3196.652,420,63.0102,4352,6,1.3476562,126.23047,152.65234,626.8984,10
3196.668,420,58.71795,4352,6,1.3476562,126.23047,148.57812,630.9727,10
3196.652,419,64.10256,4352,7,1.3476562,126.23047,150.5,629.0508,10
3196.652,419,55.78406,4352,3,1.3476562,126.23047,147.66016,631.8906,10
3196.668,419,62.65985,4352,4,1.3476562,126.23047,145.83203,633.7188,10
3196.668,419,59.07928,4352,8,1.3476562,126.23047,147.03516,632.5156,10
3196.668,419,54.93671,4352,4,1.3476562,126.23047,150.65625,628.8945,10
3196.668,419,63.26531,4352,5,1.3476562,126.23047,146.19141,633.3594,10
3196.668,419,58.18182,4352,5,1.3476562,126.23047,148.29688,631.2539,10
3196.668,419,58.98734,4352,7,1.3476562,126.23047,150.94141,628.6094,10
3196.668,419,55.18987,4352,3,1.3476562,126.23047,151.77734,627.7734,10
3196.668,419,54.96183,4352,8,1.3476562,126.23047,148.69922,630.8516,10
3196.652,419,55.52699,4352,3,1.3476562,126.23047,149.47656,630.0742,10
3196.652,419,60.40609,4352,5,1.3476562,126.23047,147.17969,632.3711,10
3196.652,419,61.38107,4352,8,1.3476562,126.23047,144.94141,634.6094,10
3196.668,419,62.5974,4352,6,1.3476562,126.23047,148.44141,631.1094,10
3196.652,419,58.59375,4352,7,1.3554688,126.22266,151.25391,628.2969,10
3196.652,419,59.23077,4352,9,1.3554688,126.23047,149.44922,630.0938,10
3196.652,419,61.43959,4352,9,1.3554688,126.23047,147.67188,631.8711,10
3196.652,419,56.99746,4352,5,1.3554688,126.23047,146.35938,633.1836,10
3196.652,419,56.99746,4352,5,1.3554688,126.23047,150.21094,629.332,10
3196.668,419,59.33504,4352,8,1.3554688,126.23047,150.31641,629.2266,10
3196.668,419,56.99746,4352,5,1.3632812,126.22266,147.30859,632.2344,10
3196.668,419,59.18367,4352,8,1.3632812,126.23047,146.1875,633.3477,10
3196.652,419,58.29016,4352,7,1.3632812,126.23047,144.84766,634.6875,10
3196.652,419,58.05627,4352,7,1.3632812,126.23047,149.02344,630.5117,10
3196.652,419,61.9898,4352,10,1.3632812,126.23047,150.78516,628.75,10
3196.652,419,57.98969,4352,6,1.3632812,126.23047,148.99219,630.543,10
3196.652,419,56.48855,4352,5,1.3632812,126.23047,151.07422,628.4609,10
3196.652,419,58.88325,4352,6,1.3632812,126.23047,149.21875,630.3164,10
3196.652,419,58.09769,4352,5,1.3632812,126.23047,147.38672,632.1484,10
3196.652,419,62.82051,4352,8,1.3632812,126.23047,149.05859,630.4766,10
3196.652,419,60.46512,4352,4,1.3632812,126.23047,144.55078,634.9844,10
3196.668,419,59.38303,4352,7,1.3632812,126.23047,146.38281,633.1523,10
3196.652,419,60.20672,4352,6,1.3710938,126.34766,148.8125,630.5977,10
3196.668,418,63.0102,4352,4,1.3710938,126.34766,151.65234,627.7578,10
3196.652,418,57.21519,4352,7,1.3710938,126.34766,149.26953,630.1406,10
3197.758,418,59.74684,4352,7,1.3710938,126.34766,151.58203,627.8281,10
3197.758,418,55.72519,4352,9,1.3710938,126.34766,148.10938,631.3008,10
3197.758,418,58.77863,4352,5,1.3710938,126.34766,147.0,632.4102,10
3197.758,418,56.4433,4352,6,1.3710938,126.34766,149.47656,629.9336,10
3197.758,418,49.87013,4352,10,1.3710938,126.34766,147.39844,632.0117,10
3197.773,418,55.49872,4352,4,1.3710938,126.34766,145.59375,633.8164,10
3197.758,418,58.39793,4352,8,1.3710938,126.34766,147.58203,631.8281,10
3197.758,418,62.8866,4352,7,1.3710938,126.34766,150.32031,629.0898,10
3197.758,418,58.97436,4352,12,1.3710938,126.34766,153.79688,625.6133,10
3195.836,418,56.25,4352,7,1.3710938,126.34766,151.30078,628.1094,10
3195.836,418,59.33504,4320,5,1.3710938,126.34766,148.54297,630.8672,10
3195.852,418,58.54922,4320,7,1.3710938,126.34766,145.5625,633.8477,10
3195.836,418,58.35476,4320,6,1.3710938,126.34766,148.24219,631.168,10
3195.852,418,62.5974,4320,7,1.3710938,126.34766,151.26172,628.1484,10
3195.836,418,60.45918,4320,5,1.3710938,126.34766,148.56641,630.8438,10
3195.836,418,56.73575,4320,6,1.3710938,126.34766,147.00781,632.4023,10
3195.852,418,59.23077,4320,6,1.3710938,126.34766,149.84766,629.5625,10
3195.836,418,56.99746,4320,4,1.3710938,126.34766,147.07422,632.3359,10
3195.836,418,62.2108,4320,9,1.3710938,126.34766,149.19141,630.2188,10
3195.836,418,60.35806,4320,10,1.3710938,126.34766,147.14453,632.2656,10
3195.852,418,58.65633,4320,3,1.3710938,126.34766,148.96484,630.4453,10
3195.852,418,59.94832,4320,9,1.3710938,126.34766,147.65234,631.7578,10
3195.836,419,56.39687,4320,5,1.3789062,126.35547,146.33984,633.0547,10
3195.852,420,60.30928,4320,3,1.3789062,126.35547,148.5625,630.832,10
3195.836,420,57.77202,4320,7,1.3789062,126.35547,151.94531,627.4492,10
3196.051,420,58.50515,4320,8,1.3789062,126.35547,149.16016,630.2344,10
3196.051,420,60.51282,4320,8,1.3789062,126.35547,146.82031,632.5742,10
3196.051,420,56.07235,4320,8,1.3867188,126.35547,144.49609,634.8906,10
3201.184,420,60.05089,4352,3,1.3867188,126.35547,139.71484,639.6719,10
3201.168,420,63.52041,4352,10,1.3867188,126.35547,139.06641,640.3203,10
3201.168,420,59.12596,4352,10,1.3867188,126.35547,137.01562,642.3711,10
3201.184,420,62.1134,4352,3,1.3867188,126.35547,139.98828,639.3984,10
3200.953,420,51.65394,4352,6,1.3867188,126.35547,138.42969,640.957,10
3200.953,420,49.36387,4352,10,1.3867188,126.35547,137.36328,642.0234,10
3200.953,420,51.53061,4352,5,1.3867188,126.35547,138.4375,640.9492,10
3201.184,421,53.7859,4352,6,1.3867188,126.35547,137.34375,642.043,10
3201.184,421,62.8866,4352,7,1.3867188,126.35547,135.84375,643.543,10
3201.168,422,56.58915,4352,10,1.3867188,126.35547,140.09766,639.2891,10
3201.168,422,59.02062,4384,8,1.3867188,126.35547,142.79297,636.5938,10
3201.168,422,61.02564,4384,5,1.3867188,126.35547,139.95312,639.4336,10
3201.168,422,58.61183,4384,5,1.3867188,126.35547,141.33203,638.0547,10
3200.984,422,56.84755,4384,3,1.3867188,126.35547,144.33984,635.0469,10
3201.168,422,57.86802,4384,10,1.3867188,126.35547,145.82422,633.5625,10
3201.168,422,54.21995,4384,9,1.3867188,126.35547,143.75781,635.6289,10
3201.168,422,59.84655,4384,5,1.3867188,126.35547,140.47656,638.9102,10
3201.168,422,61.95373,4384,7,1.3867188,126.35547,137.25,642.1367,10
3201.168,422,55.55556,4384,5,1.3867188,126.35547,140.55078,638.8359,10
3201.168,422,61.39896,4384,5,1.3867188,126.35547,143.51172,635.875,10
3201.168,422,61.59794,4384,7,1.3867188,126.35547,142.37891,637.0078,10
3201.184,422,61.1399,4384,4,1.3867188,126.35547,144.84375,634.543,10
3201.168,422,60.77922,4384,7,1.3867188,126.35547,141.375,638.0117,10
3200.969,422,60.0,4384,4,1.3867188,126.35547,140.03516,639.3516,10
3200.969,422,62.2449,4384,6,1.3867188,126.35547,145.375,634.0117,10
3200.953,422,61.47959,4384,7,1.3867188,126.35547,143.30859,636.0781,10
3200.953,422,54.10256,4384,5,1.3867188,126.35547,142.37891,637.0078,10
3200.953,422,63.40206,4384,8,1.3867188,126.35547,140.14844,639.2383,10
3200.969,422,58.96104,4384,6,1.3867188,126.35547,142.65625,636.7305,10
3200.953,422,61.34021,4384,6,1.3867188,126.35547,141.07031,638.3164,10
3201.168,422,55.94937,4384,8,1.3867188,126.35547,143.61328,635.7734,10
3201.184,422,61.1399,4352,8,1.3867188,126.35547,142.47656,636.9102,10
3201.168,422,59.79381,4352,3,1.3867188,126.35547,140.48047,638.9062,10
3201.168,422,58.0402,4352,8,1.3867188,126.35547,138.75391,640.6328,10
3200.969,422,61.75711,4352,4,1.3867188,126.35547,138.875,640.5117,10
3200.953,422,51.78571,4352,8,1.3867188,126.35547,141.69531,637.6914,10
3200.969,422,50.89514,4352,3,1.3867188,126.35547,145.36328,634.0234,10
3201.184,422,56.15385,4352,9,1.3867188,126.35547,143.85156,635.5352,10
3201.168,422,58.13953,4352,6,1.3867188,126.35547,142.48438,636.9023,10
3201.168,422,60.98191,4352,3,1.3945312,126.34766,140.46094,638.9258,10
3201.168,422,61.22449,4352,8,1.3945312,126.35547,143.77734,635.6016,10
3200.953,422,58.26972,4352,9,1.3945312,126.35547,142.61719,636.7617,10
3201.184,422,61.89258,4352,3,1.3945312,126.35547,140.55469,638.8242,10
3201.168,422,59.89717,4352,5,1.3945312,126.35547,138.23047,641.1484,10
3201.184,422,60.35806,4352,3,1.3945312,126.35547,143.91016,635.4688,10
3201.184,422,60.10363,4352,6,1.3945312,126.35547,140.25391,639.125,10
3201.184,422,58.05627,4352,5,1.3945312,126.35547,143.27344,636.1055,10
3201.168,422,58.97436,4352,5,1.3945312,126.35547,139.77734,639.6016,10
3201.168,422,65.47315,4352,5,1.3945312,126.35547,143.04688,636.332,10
3201.168,422,58.20513,4352,6,1.3945312,126.35547,141.16016,638.2188,10
3201.184,422,58.56777,4352,5,1.3945312,126.35547,146.63672,632.7422,10
3201.168,422,60.41131,4352,8,1.3945312,126.35547,143.58594,635.793,10
3200.953,421,61.59794,4352,11,1.3945312,126.35547,142.79297,636.5859,10
3200.953,421,60.62176,4352,6,1.3945312,126.35547,144.67578,634.7031,10
3200.969,421,54.4757,4352,3,1.3945312,126.35547,140.88672,638.4922,10
3200.953,421,55.92784,4352,3,1.3945312,126.35547,138.61719,640.7617,10
3200.969,421,59.38303,4352,3,1.3945312,126.35547,142.5625,636.8164,10
3200.953,421,58.88325,4352,6,1.4023438,126.35547,139.78906,639.582,10
3200.953,421,60.20408,4352,5,1.4023438,126.35547,137.54688,641.8242,10
3200.953,421,56.85279,4352,5,1.4023438,126.35938,141.3125,638.0547,10
3200.969,421,58.20513,4352,5,1.4023438,126.35938,141.73438,637.6328,10
3200.953,421,59.33504,4352,7,1.4023438,126.35938,143.42188,635.9453,10
3200.969,421,57.14286,4352,4,1.4023438,126.35938,140.63281,638.7344,10
3201.184,421,59.59079,4352,3,1.4023438,126.35938,138.36328,641.0039,10
3201.168,421,56.4557,4352,5,1.4023438,126.35938,137.54688,641.8203,10
3201.168,421,51.51515,4352,9,1.4023438,126.35938,141.54297,637.8242,10
3201.168,421,55.05051,4384,6,1.4023438,126.35938,139.82422,639.543,10
3201.168,421,55.89744,4384,6,1.4023438,126.35938,141.41406,637.9531,10
3201.168,421,56.2341,4384,6,1.4023438,126.35938,145.33594,634.0312,10
3201.168,421,64.96164,4384,10,1.4023438,126.35938,147.07031,632.2969,10
3201.168,421,57.14286,4416,8,1.4023438,126.35938,144.51172,634.8555,10
3201.168,421,67.52577,4416,6,1.4023438,126.35938,142.98047,636.3867,10
3201.184,420,58.71795,4416,11,1.4023438,126.35938,140.71094,638.6562,10
3201.184,420,60.71429,4416,10,1.4023438,126.35938,138.90625,640.4609,10
3201.168,420,64.72081,4416,12,1.4023438,126.35938,138.49609,640.8711,10
3201.168,420,59.48718,4384,8,1.4023438,126.35938,141.66797,637.6992,10
3201.184,420,63.93862,4384,3,1.4023438,126.35938,148.31641,631.0508,10
3201.168,420,57.98969,4384,9,1.4023438,126.35938,144.96875,634.3984,10
3201.184,420,57.61421,4384,4,1.4023438,126.35938,143.4375,635.9297,10
3201.168,420,62.33766,4384,15,1.4023438,126.35938,145.39453,633.9727,10
3201.168,420,59.22078,4384,5,1.4023438,126.35938,141.46094,637.9062,10
3201.184,420,64.52442,4384,4,1.4023438,126.35938,139.71094,639.6562,10
3201.168,421,62.34097,4384,5,1.4023438,126.35938,141.72656,637.6406,10
3201.184,421,61.92893,4384,4,1.4023438,126.35938,143.71875,635.6484,10
3201.168,421,60.66838,4384,11,1.4023438,126.35938,142.60547,636.7617,10
3201.168,421,58.09769,4384,11,1.4023438,126.35938,140.97266,638.3945,10
3201.168,421,60.40609,4384,11,1.4023438,126.35938,139.91797,639.4492,10
3201.168,421,58.46154,4384,6,1.4023438,126.35938,143.68359,635.6836,10
3201.168,421,60.36269,4384,14,1.4023438,126.35938,145.67969,633.6875,10
3201.168,421,62.5641,4384,5,1.4023438,126.35938,144.53125,634.8359,10
3201.168,421,60.45918,4384,7,1.4023438,126.35938,142.27344,637.0938,10
3201.168,421,57.73196,4384,9,1.4023438,126.35938,140.66016,638.707,10
3201.168,421,65.21739,4384,10,1.4023438,126.35938,139.29688,640.0703,10
3201.168,421,54.15617,4384,6,1.4023438,126.35938,143.35547,636.0117,10
3201.184,421,56.01023,4384,3,1.4023438,126.35938,141.52344,637.8438,10
3201.168,421,55.77889,4384,7,1.4023438,126.35938,142.625,636.7422,10
3201.168,421,55.94937,4384,9,1.4023438,126.35938,145.00781,634.3594,10
3201.184,421,62.17617,4384,8,1.4023438,126.35938,141.08594,638.2812,10
3201.168,421,57.51295,4384,10,1.4023438,126.35938,139.25781,640.1094,10
3201.184,421,57.80051,4384,3,1.4023438,126.35938,141.65234,637.7148,10
3200.953,421,61.03896,4384,5,1.4023438,126.35938,140.28516,639.082,10
3200.953,421,57.94872,4384,6,1.4023438,126.35938,137.74609,641.6211,10
3200.953,421,63.14433,4384,8,1.4023438,126.35938,136.89062,642.4766,10
3200.953,421,61.9171,4384,6,1.4023438,126.35938,145.0625,634.3047,10
3200.953,421,58.88325,4384,8,1.4101562,126.35938,142.08203,637.2773,10
3200.953,421,63.40206,4384,5,1.4101562,126.35938,143.96094,635.3984,10
3201.168,421,60.51282,4384,6,1.4101562,126.35938,141.22656,638.1328,10
3201.168,421,62.18274,4384,6,1.4101562,126.35938,137.98828,641.3711,10
3201.184,421,56.77749,4384,3,1.4101562,126.35938,140.31641,639.043,10
3201.184,421,58.97436,4384,4,1.4101562,126.35938,137.35156,642.0078,10
3201.184,421,62.6943,4352,10,1.4101562,126.35938,140.32422,639.0352,10
3201.152,421,59.48718,4352,6,1.4101562,126.35938,138.99609,640.3633,10
3201.168,421,58.7013,4352,5,1.4101562,126.35938,137.27344,642.0859,10
3201.184,420,62.37113,4352,5,1.4101562,126.35938,140.59766,638.7617,10
3201.184,420,58.7013,4352,10,1.4101562,126.35938,144.56641,634.793,10
3201.184,420,59.33504,4352,3,1.4101562,126.35938,142.31641,637.043,10
3200.969,420,61.32316,4352,6,1.4101562,126.35938,146.125,633.2344,10
3200.953,420,60.0,4352,9,1.4101562,126.35938,142.625,636.7344,10
3201.184,420,63.77551,4352,3,1.4101562,126.35938,138.88281,640.4766,10
3201.184,420,62.5641,4352,5,1.4101562,126.35938,138.03516,641.3242,10
3200.984,420,62.43655,4352,8,1.4101562,126.35938,144.70312,634.6562,10
3200.953,420,59.69388,4352,6,1.4101562,126.35938,140.53516,638.8242,10
3200.953,420,59.27835,4352,6,1.4101562,126.35938,138.92188,640.4375,10
3200.953,420,58.56777,4352,9,1.4101562,126.35938,137.36719,641.9922,10
3200.953,420,52.68542,4352,7,1.4101562,126.35938,138.30078,641.0586,10
3200.969,420,50.76531,4352,3,1.4101562,126.35938,140.20703,639.1523,10
3201.184,420,55.01285,4352,5,1.4101562,126.35938,143.88672,635.4727,10
3201.168,420,53.35052,4352,10,1.4101562,126.35938,144.85156,634.5078,10
3201.184,420,62.33766,4352,9,1.4101562,126.35938,142.06641,637.293,10
3200.953,420,60.10363,4352,6,1.4101562,126.35938,140.01562,639.3438,10
3200.969,420,59.53608,4352,3,1.4101562,126.35938,143.34766,636.0117,10
3200.969,420,61.51899,4352,8,1.4101562,126.35938,141.32422,638.0352,10
3200.953,420,58.7013,4352,3,1.4101562,126.35938,138.83594,640.5234,10
3200.969,420,61.65803,4352,3,1.4101562,126.35938,144.625,634.7344,10
3201.168,419,57.69231,4384,7,1.4101562,126.35938,142.79297,636.5664,10
3201.168,419,59.74684,4384,7,1.4101562,126.35938,147.09375,632.2656,10
3200.984,419,63.75321,4384,7,1.4101562,126.35938,144.52344,634.8359,10
3200.953,419,59.12596,4384,6,1.4101562,126.35938,143.35156,636.0078,10
3201.168,419,61.57761,4384,6,1.4101562,126.35938,142.20312,637.1562,10
3201.168,419,65.47315,4384,10,1.4101562,126.35938,144.20703,635.1523,10
3201.184,419,61.9171,4384,3,1.4101562,126.35938,139.80859,639.5508,10
3201.152,419,62.2739,4384,5,1.4101562,126.35938,138.27734,641.082,10
3201.184,419,59.43878,4384,4,1.4101562,126.35938,147.5,631.8594,10
3201.168,419,58.67347,4384,7,1.4101562,126.35938,142.29688,637.0625,10
3201.168,419,61.67513,4384,15,1.4101562,126.35938,139.94531,639.4141,10
3201.168,419,61.1399,4384,12,1.4101562,126.35938,139.26172,640.0977,10
3200.969,419,58.24742,4384,12,1.4101562,126.35938,141.75781,637.6016,10
3201.168,419,64.72081,4384,7,1.4101562,126.35938,144.03125,635.3281,10
3201.168,419,62.43523,4384,6,1.4101562,126.35938,145.33984,634.0195,10
3201.184,420,62.43655,4384,10,1.4101562,126.35938,142.32031,637.0391,10
3200.969,419,58.09769,4384,4,1.4101562,126.35938,140.48828,638.8711,10
3200.953,419,57.25191,4384,5,1.4101562,126.35938,139.80469,639.5547,10
3200.953,420,58.88325,4384,9,1.4101562,126.35938,137.51172,641.8477,10
3200.969,420,58.73418,4384,5,1.4101562,126.35938,141.24609,638.1133,10
3200.953,420,54.79798,4384,7,1.4101562,126.35938,140.18359,639.1758,10
3200.953,420,56.48855,4384,7,1.4101562,126.35938,142.86328,636.4961,10
3201.168,420,52.71318,4384,6,1.4101562,126.35938,140.10547,639.2539,10
3201.184,420,58.76289,4384,4,1.4179688,126.35938,137.62109,641.7305,10
3201.184,420,60.10101,4384,3,1.4179688,126.35938,139.85547,639.4961,10
3201.184,420,58.97436,4384,5,1.4179688,126.35938,142.82422,636.5273,10
3201.184,420,65.12821,4384,3,1.4179688,126.35938,145.41016,633.9414,10
3201.168,420,57.32648,4384,5,1.4179688,126.41406,144.45312,634.8438,10
3201.168,420,62.5641,4384,6,1.4179688,126.41406,142.00781,637.2891,10
3200.953,420,61.63683,4384,6,1.4179688,126.41406,137.86328,641.4336,10
3201.168,420,56.92308,4384,6,1.4179688,126.41406,136.9375,642.3594,10
3201.168,420,55.69948,4384,5,1.4179688,126.41406,140.76953,638.5273,10
3201.168,420,60.6599,4384,4,1.4257812,126.41016,144.48047,634.8125,10
3200.953,419,61.01266,4384,5,1.4257812,126.41406,146.14453,633.1445,10
3200.969,419,61.12532,4384,6,1.4257812,126.41406,141.67578,637.6133,10
3200.953,419,56.55527,4384,7,1.4257812,126.41406,139.65234,639.6367,10
3200.953,419,60.05089,4384,9,1.4257812,126.41406,138.77734,640.5117,10
3200.969,419,66.23377,4384,9,1.4257812,126.41406,137.6875,641.6016,10
3200.953,419,58.13953,4384,6,1.4257812,126.41406,140.71094,638.5781,10
3200.953,419,57.44125,4384,9,1.4257812,126.41406,139.60156,639.6875,10
3200.953,419,61.92893,4384,13,1.4257812,126.41406,141.89453,637.3945,10
3200.969,419,57.80051,4384,5,1.4257812,126.41406,140.33594,638.9531,10
3201.168,420,61.02564,4384,8,1.4257812,126.41406,141.18359,638.1055,10
3201.168,420,58.01527,4384,8,1.4257812,126.41406,139.17188,640.1172,10
3201.168,420,57.10594,4384,8,1.4257812,126.41406,138.53516,640.7539,10
3200.953,420,63.95939,4384,7,1.4335938,126.41406,141.72266,637.5586,10
3200.953,420,56.95876,4384,13,1.4335938,126.41406,139.95312,639.3281,10
3200.953,420,60.1023,4384,6,1.4335938,126.41406,140.26562,639.0156,10
3200.969,420,55.61224,4384,4,1.4335938,126.41406,143.32812,635.9531,10
3200.953,420,58.08081,4384,7,1.4335938,126.41406,141.5,637.7812,10
3200.953,420,56.26598,4384,8,1.4335938,126.41406,139.23438,640.0469,10
3200.953,420,52.86783,4384,10,1.4335938,126.41406,136.94141,642.3398,10
3200.953,420,53.5533,4384,4,1.4335938,126.41406,141.41406,637.8672,10
3200.969,420,64.97462,4352,6,1.4335938,126.41406,144.70703,634.5742,10
3200.953,420,56.63265,4352,3,1.4335938,126.41406,141.69922,637.582,10
3200.953,420,63.17136,4352,7,1.4414062,126.41406,142.25,637.0234,10
3200.953,420,56.88312,4352,5,1.4414062,126.41406,138.75,640.5234,10
3200.953,420,59.84655,4352,6,1.4414062,126.41406,146.23438,633.0391,10
3200.953,420,59.74026,4352,6,1.4414062,126.41406,143.85938,635.4141,10
3200.969,420,56.92308,4352,4,1.4414062,126.41406,140.3125,638.9609,10
3200.953,420,58.61183,4352,5,1.4414062,126.41406,142.60938,636.6641,10
3200.969,421,66.66667,4352,8,1.4414062,126.41406,139.625,639.6484,10
3200.969,421,57.32648,4352,7,1.4414062,126.41406,137.87109,641.4023,10
3201.152,421,62.8866,4352,8,1.4414062,126.41406,135.79688,643.4766,10
3201.168,421,59.17313,4352,8,1.4414062,126.41406,137.44141,641.832,10
3201.184,421,59.03308,4352,3,1.4414062,126.41406,135.11719,644.1562,10
3200.953,421,58.88325,4352,8,1.4414062,126.41406,133.96484,645.3086,10
3200.969,421,56.2982,4352,3,1.4414062,126.41406,146.93359,632.3398,10
3200.953,421,62.05128,4352,10,1.4414062,126.41406,143.36719,635.9062,10
3201.152,421,59.53608,4352,7,1.4414062,126.41406,140.83984,638.4336,10
3201.168,421,55.6701,4352,6,1.4414062,126.41406,139.96484,639.3086,10
3201.184,421,64.78149,4352,6,1.4414062,126.41406,138.44531,640.8281,10
3201.184,421,62.40409,4352,9,1.4414062,126.41406,137.14062,642.1328,10
3201.168,421,58.77863,4352,4,1.4414062,126.41406,136.34766,642.9258,10
3201.168,421,62.5,4352,6,1.4414062,126.41406,141.19141,638.082,10
3201.168,421,61.61616,4352,7,1.4414062,126.41406,142.01953,637.2539,10
3201.168,421,60.71429,4352,9,1.4414062,126.41406,139.17578,640.0977,10
3201.168,421,59.43152,4352,6,1.4414062,126.41406,140.76953,638.5039,10
3201.184,421,60.81425,4352,3,1.4414062,126.41406,143.84375,635.4297,10
3201.168,421,55.75448,4352,6,1.4414062,126.41406,142.72266,636.5508,10
3201.168,421,57.82828,4352,7,1.4414062,126.41406,141.62891,637.6445,10
3201.168,421,59.07928,4352,3,1.4414062,126.41406,140.48438,638.7891,10
3201.184,421,53.58974,4352,4,1.4414062,126.41406,138.66797,640.6055,10
3201.168,421,56.20253,4352,7,1.4414062,126.41406,140.74609,638.5273,10
3201.184,421,60.46512,4384,4,1.4492188,126.41406,143.38281,635.8828,10
3201.168,421,55.6701,4384,6,1.4492188,126.41406,140.63672,638.6289,10
3201.152,421,60.71429,4384,3,1.4492188,126.41406,141.60547,637.6602,10
3201.184,421,53.72751,4384,5,1.4492188,126.41406,144.89062,634.375,10
3201.168,421,56.2341,4384,6,1.4492188,126.41406,142.57031,636.6953,10
3201.168,421,58.13953,4384,7,1.4492188,126.41406,141.23047,638.0352,10
3200.969,421,58.12183,4384,6,1.4492188,126.41406,144.96484,634.3008,10
3200.953,421,62.5641,4384,7,1.4492188,126.42969,142.67969,636.5703,10
3200.953,421,60.05222,4384,7,1.4492188,126.42969,140.80469,638.4453,10
3200.953,421,60.82474,4384,12,1.4492188,126.42969,139.03125,640.2188,10
3200.969,421,64.08269,4384,3,1.4492188,126.42969,136.76172,642.4883,10
3200.953,421,60.92545,4384,9,1.4492188,126.42969,138.57031,640.6797,10
3200.969,421,60.76923,4384,3,1.4492188,126.42969,141.51953,637.7305,10
3200.953,421,60.46512,4384,8,1.4492188,126.42969,141.63672,637.6133,10
3200.969,421,55.32995,4384,5,1.4492188,126.42969,139.33984,639.9102,10
3200.969,421,62.72494,4384,3,1.4492188,126.42969,141.96094,637.2891,10
3200.969,421,58.16327,4384,3,1.4492188,126.42969,140.16797,639.082,10
3200.953,421,59.17313,4352,6,1.453125,126.42969,141.96875,637.2773,10
3201.168,421,61.59794,4352,5,1.453125,126.42969,143.75391,635.4922,10
3201.168,421,57.73196,4352,6,1.453125,126.42969,141.94922,637.2969,10
3201.168,421,61.01266,4352,11,1.453125,126.42969,140.41797,638.8281,10
3200.969,421,59.43878,4352,7,1.453125,126.42969,137.65625,641.5898,10
3201.152,421,57.73196,4352,5,1.453125,126.42969,140.67578,638.5703,10
3201.168,421,61.42132,4352,6,1.453125,126.42969,138.1875,641.0586,10
3201.168,421,57.289,4352,7,1.453125,126.42969,139.74219,639.5039,10
3201.184,421,59.49367,4352,4,1.453125,126.42969,138.91797,640.3281,10
3201.168,421,55.41562,4352,6,1.453125,126.42969,138.25391,640.9922,10
3201.168,421,53.04569,4352,7,1.453125,126.42969,136.97266,642.2734,10
3200.984,421,58.33333,4352,4,1.453125,126.42969,141.94531,637.3008,10
3200.953,421,56.743,4352,4,1.453125,126.42969,142.24219,637.0039,10
3200.953,422,56.95876,4352,6,1.453125,126.42969,141.36719,637.8789,10
3200.953,422,63.84615,4352,7,1.4609375,126.42188,148.22656,631.0195,10
3201.168,422,61.01266,4352,7,1.4609375,126.42969,144.24609,634.9922,10
3201.168,422,59.17313,4352,6,1.4609375,126.42969,141.48438,637.7539,10
3201.168,422,56.1039,4352,6,1.4609375,126.42969,139.46484,639.7734,10
3200.953,422,57.39796,4352,6,1.4609375,126.42969,142.01562,637.2227,10
3201.168,422,65.80977,4352,6,1.4609375,126.42969,140.26953,638.9688,10
3201.168,422,61.0687,4352,8,1.4609375,126.42969,138.90234,640.3359,10
3201.168,422,56.39687,4352,4,1.4609375,126.42969,141.41016,637.8281,10
3200.969,422,60.77922,4352,3,1.4609375,126.42969,138.88281,640.3555,10
3200.953,422,58.33333,4352,8,1.4609375,126.42969,142.16016,637.0781,10
3200.953,422,61.24031,4352,6,1.4609375,126.42969,140.32812,638.9102,10
3200.953,422,62.0603,4352,8,1.4609375,126.42969,143.33203,635.9062,10
3200.969,422,58.12183,4352,9,1.4609375,126.42969,146.16016,633.0781,10
3200.969,422,58.39793,4352,4,1.4609375,126.42969,142.69141,636.5469,10
3200.969,422,55.84416,4352,3,1.4609375,126.42969,140.10938,639.1289,10
3201.168,422,60.25641,4352,5,1.4609375,126.42969,138.03125,641.207,10
3201.184,422,58.92857,4352,8,1.4609375,126.42969,145.6875,633.5508,10
3201.184,422,53.62694,4352,4,1.4609375,126.42969,143.83203,635.4062,10
3201.969,425,61.95373,4352,7,1.4765625,136.70703,131.22656,637.7188,10
3200.969,422,56.09137,4352,7,1.4765625,136.91016,129.13281,639.6094,10
3201.168,423,62.72494,4352,9,1.4765625,136.91016,138.05469,630.6875,10
3201.168,423,57.84062,4352,5,1.4765625,136.91016,133.07031,635.6719,10
3201.184,423,55.55556,4352,6,1.4765625,136.91016,131.24219,637.5,10
3201.168,423,63.19797,4352,11,1.4765625,136.91016,130.36719,638.375,10
3200.953,423,57.36434,4352,5,1.484375,136.90234,128.58984,640.1523,10
3200.953,423,53.18066,4352,4,1.484375,136.91016,131.17578,637.5586,10
3201.168,423,51.8797,4352,7,1.484375,136.91016,129.125,639.6094,10
3201.184,423,58.35476,4352,13,1.484375,136.91016,127.05078,641.6836,10
3201.168,423,64.78149,4384,10,1.484375,136.91016,132.76562,635.9688,10
3201.168,423,59.28753,4384,3,1.484375,136.91016,134.98438,633.75,10
3200.984,423,61.42132,4384,9,1.484375,136.91016,131.21094,637.5234,10
3200.953,423,62.76042,4384,11,1.4921875,136.91016,128.91797,639.8086,10
3200.953,423,60.51948,4384,7,1.4921875,136.91016,132.63281,636.0938,10
3200.969,423,59.6401,4384,7,1.4921875,136.91016,134.42969,634.2969,10
3200.953,423,59.89848,4384,12,1.4921875,136.91016,136.26172,632.4648,10
3200.969,423,56.81234,4384,5,1.4921875,136.91016,133.94922,634.7773,10
3200.953,423,60.82474,4384,5,1.4921875,136.91016,131.17969,637.5469,10
3200.953,423,56.36364,4384,8,1.4921875,136.91016,128.91016,639.8164,10
3200.953,423,61.57761,4384,14,1.4921875,136.91016,131.5,637.2266,10
3200.953,423,62.81407,4384,5,1.4921875,136.91016,128.80859,639.918,10
3200.953,423,61.08247,4384,8,1.4921875,136.91016,127.46875,641.2578,10
3200.953,423,61.32316,4384,9,1.4921875,136.91016,128.9375,639.7891,10
3200.953,423,58.37563,4384,10,1.4921875,136.91016,131.53906,637.1875,10
3200.953,423,59.27835,4384,7,1.4921875,136.91016,132.48047,636.2461,10
3200.969,423,59.89717,4384,7,1.4921875,136.91016,134.33203,634.3945,10
3200.953,423,56.58915,4384,12,1.4921875,136.91016,132.52734,636.1992,10
3200.953,423,58.61183,4384,9,1.4921875,136.91016,130.75,637.9766,10
3200.969,423,61.49871,4384,13,1.4921875,136.91016,129.19531,639.5312,10
3200.953,423,58.05627,4384,5,1.4921875,136.91016,131.48438,637.2422,10
3200.953,421,59.32642,4384,5,1.4921875,136.91016,128.96875,639.7578,10
3200.953,421,54.45293,4384,5,1.4921875,136.91016,127.62891,641.0977,10
3200.969,421,60.15228,4384,11,1.4921875,136.91016,126.75391,641.9727,10
3200.953,421,56.2341,4384,8,1.4921875,136.91016,130.66016,638.0664,10
3200.953,421,59.28753,4384,7,1.4921875,136.91016,131.23047,637.4961,10
3200.969,421,55.89744,4384,3,1.4921875,136.91016,129.45703,639.2695,10
3200.953,421,57.64411,4384,3,1.4921875,136.91016,127.44531,641.2812,10
3200.953,421,52.77778,4384,5,1.4921875,136.91016,136.62109,632.1055,10
3200.953,421,61.59794,4384,7,1.4921875,136.91016,133.31641,635.4102,10
3200.953,421,57.54476,4384,5,1.4921875,136.91016,131.01953,637.707,10
3200.953,421,58.82353,4384,6,1.4921875,136.91016,128.20703,640.5195,10
3200.953,421,60.82474,4384,5,1.4921875,136.91016,130.69531,638.0312,10
3200.953,421,60.92545,4384,6,1.4921875,136.91016,128.42969,640.2969,10
3200.953,421,58.61183,4384,6,1.4921875,136.91016,130.02734,638.6992,10
3200.953,421,64.17526,4384,8,1.4921875,136.91016,128.00391,640.7227,10
3200.969,421,62.0155,4384,7,1.4921875,136.91016,132.72266,636.0039,10
3200.953,419,59.89717,4384,6,1.4921875,136.91016,130.48438,638.2422,10
3200.953,419,57.25389,4384,4,1.4921875,136.91016,131.61328,637.1133,10
3200.953,419,58.61183,4352,5,1.4921875,136.91016,133.94531,634.7812,10
3200.953,419,61.7801,4352,4,1.4921875,136.91016,131.83594,636.8906,10
3200.953,419,54.24165,4352,8,1.4921875,136.91016,130.44141,638.2852,10
3200.953,419,57.98969,4352,11,1.5,136.90234,127.57031,641.1562,10
3200.953,419,58.35476,4352,7,1.5,136.91016,134.98047,633.7383,10
3200.953,419,58.61183,4352,5,1.5,136.91016,131.72656,636.9922,10
3201.168,419,62.5323,4352,5,1.5,136.91016,128.69141,640.0273,10
3201.168,419,58.41837,4352,10,1.5,136.91016,127.29688,641.4219,10
3201.184,419,60.46512,4352,8,1.5,136.91016,132.47656,636.2422,10
3200.969,419,62.98201,4384,6,1.5,136.91016,130.92188,637.7969,10
3200.953,419,57.94872,4384,6,1.5,136.91016,130.51172,638.207,10
3200.969,419,63.11688,4384,3,1.5,136.91016,133.23828,635.4805,10
3200.953,419,61.08247,4384,6,1.5,136.91016,132.625,636.0938,10
3200.969,419,62.8866,4384,5,1.5,136.91016,131.28516,637.4336,10
3201.184,419,60.51282,4384,4,1.5,136.91016,132.90625,635.8125,10
3201.184,419,53.09278,4384,8,1.5,136.91016,130.08984,638.6289,10
3201.168,419,53.35052,4384,6,1.5,136.91016,132.34375,636.375,10
3201.168,419,58.92857,4384,7,1.5,136.91016,128.89844,639.8203,10
3201.168,419,57.94872,4384,10,1.5,136.91016,127.58594,641.1328,10
3201.168,419,52.94118,4384,10,1.5,136.91016,130.06641,638.6523,10
3201.184,419,55.97964,4384,6,1.5,136.91016,131.95703,636.7617,10
3200.953,419,59.03308,4384,8,1.5,136.91016,129.17188,639.5469,10
3200.969,420,63.14433,4352,7,1.5,136.91016,131.80469,636.9141,10
3201.168,420,56.04113,4384,5,1.5,136.91016,133.78906,634.9297,10
3201.168,420,63.0102,4384,9,1.5,136.91016,133.62891,635.0898,10
3201.184,420,55.61224,4384,7,1.5,136.91016,131.16406,637.5547,10
3200.953,420,60.20672,4384,10,1.5,136.91016,133.79688,634.9219,10
3200.953,420,59.53608,4384,4,1.5,136.91016,135.41016,633.3086,10
3201.184,420,60.72351,4384,5,1.5,136.91016,131.50391,637.2148,10
3201.184,420,59.17313,4384,4,1.5,136.91016,132.78125,635.9375,10
3201.168,420,63.58974,4384,6,1.5,136.91016,129.82812,638.8906,10
3201.184,420,55.81395,4384,12,1.5,136.91016,132.61719,636.1016,10
3201.184,420,62.0155,4384,3,1.5,136.91016,130.33203,638.3867,10
3201.184,420,60.20408,4384,6,1.5,136.91016,130.84375,637.875,10
3201.168,420,54.77387,4384,8,1.5,136.91016,129.05078,639.668,10
3201.184,420,64.50777,4384,6,1.5,136.91016,130.19922,638.5195,10
3201.168,420,59.02062,4384,8,1.5,136.91016,131.05469,637.6641,10
3200.984,420,57.77202,4384,3,1.5,136.91016,128.25391,640.4648,10
3201.152,420,59.68992,4384,7,1.5,136.91016,132.125,636.5938,10
3201.168,420,60.56701,4384,5,1.5,136.91016,132.73438,635.9844,10
3201.168,421,64.03061,4384,5,1.5,136.91016,129.01562,639.7031,10
3201.168,421,59.38303,4384,8,1.5,136.91016,132.48828,636.2305,10
3201.168,421,58.71795,4384,6,1.5,136.91016,131.59766,637.1211,10
3201.184,422,62.9156,4384,12,1.5,136.91016,135.53906,633.1797,10
3201.168,422,58.54922,4384,8,1.5,136.91016,131.35156,637.3672,10
3201.168,422,58.31202,4384,7,1.5,136.91016,128.39844,640.3203,10
3201.168,422,56.70103,4384,8,1.5,136.91016,127.05859,641.6602,10
3201.168,422,56.52174,4384,7,1.5,136.91016,130.02344,638.6953,10
3201.168,422,54.52261,4384,10,1.5,136.91016,132.875,635.8438,10
3201.184,422,51.78571,4384,6,1.5,136.91016,133.84766,634.8711,10
3201.168,422,60.15424,4384,8,1.5,136.91016,132.48047,636.2383,10
3201.168,422,54.84694,4384,9,1.5,136.91016,129.08984,639.6289,10
3201.184,422,60.5598,4384,9,1.5,136.91016,132.45703,636.2617,10
3201.184,422,61.59794,4384,9,1.5,136.91016,134.625,634.0938,10
3200.984,422,57.36041,4384,10,1.5,136.91016,132.18359,636.5352,10
3201.168,422,56.01023,4384,8,1.5,136.91016,130.37891,638.3398,10
3201.184,421,61.95373,4384,5,1.5,136.91016,127.86719,640.8516,10
3201.168,421,56.84755,4384,6,1.5,136.91016,130.5,638.2188,10
3201.184,421,62.34097,4384,4,1.5,136.91016,134.73828,633.9805,10
3201.184,421,59.33504,4384,5,1.5,136.91016,131.17188,637.5469,10
3201.168,421,56.81818,4384,9,1.5,136.91016,134.14844,634.5703,10
3200.969,421,64.01028,4384,3,1.5,136.91016,136.07812,632.6406,10
3200.953,421,55.44041,4384,5,1.5,136.91016,133.05859,635.6602,10
3200.953,421,62.08651,4384,7,1.5,136.91016,134.30469,634.4141,10
3200.953,421,59.12596,4384,10,1.5078125,136.91016,135.73828,632.9727,10
3200.953,421,59.53608,4384,7,1.5078125,136.91016,133.71484,634.9961,10
3200.969,421,56.95876,4384,3,1.5078125,136.91016,136.18359,632.5273,10
3200.953,421,56.18557,4384,6,1.5078125,136.91016,132.59766,636.1133,10
3200.969,421,58.16327,4384,10,1.5078125,136.91016,129.82422,638.8867,10
3200.969,421,59.84655,4384,3,1.5078125,136.91016,128.51172,640.1992,10
3200.969,421,57.25389,4384,11,1.5078125,136.91016,125.94141,642.7695,10
3200.953,421,57.4359,4384,7,1.5078125,136.91016,133.73047,634.9805,10
3200.953,421,59.18367,4384,5,1.5078125,136.91016,135.89453,632.8164,10
3200.953,422,60.0,4384,8,1.515625,136.90234,132.23047,636.4805,10
3200.953,421,60.92545,4352,3,1.515625,136.91016,130.39844,638.3047,10
3200.953,421,53.21337,4352,5,1.515625,136.91016,125.72266,642.9805,10
3200.969,421,59.33504,4352,10,1.515625,136.91016,132.63672,636.0664,10
3200.953,421,54.4757,4384,6,1.515625,136.91016,131.26562,637.4375,10
3200.953,421,53.47044,4384,9,1.515625,136.91016,128.11328,640.5898,10
3200.969,421,50.88608,4384,4,1.515625,136.91016,130.96484,637.7383,10
3200.953,420,63.19797,4384,6,1.515625,136.91016,129.45703,639.2461,10
3200.953,421,61.24031,4384,8,1.515625,136.91016,132.30859,636.3945,10
3200.953,421,62.46787,4384,7,1.515625,136.91016,134.45312,634.25,10
3200.953,421,59.74359,4384,14,1.515625,136.91016,131.44531,637.2578,10
3200.969,421,59.07928,4384,3,1.515625,136.91016,129.36719,639.3359,10
3200.953,421,62.62626,4384,5,1.515625,136.91016,132.00781,636.6953,10
3200.953,421,57.62274,4384,6,1.515625,136.91016,133.79688,634.9062,10
3200.953,421,55.29716,4384,8,1.515625,136.91016,131.99609,636.707,10
3200.969,421,60.0,4384,3,1.515625,136.91016,130.46484,638.2383,10
3200.953,421,60.51282,4384,8,1.515625,136.91016,136.94922,631.7539,10
3200.969,421,61.85567,4384,7,1.5234375,136.90234,132.76562,635.9375,10
3200.969,421,59.09091,4384,5,1.5234375,136.91016,131.89062,636.8047,10
3200.953,421,60.66838,4384,8,1.5234375,136.91016,131.32422,637.3711,10
3200.953,421,62.2108,4384,8,1.5234375,136.91016,129.73828,638.957,10
3200.953,421,58.71795,4384,9,1.5234375,136.91016,127.90625,640.7891,10
3200.953,421,56.26598,4384,7,1.5234375,136.91016,126.35547,642.3398,10
3200.969,421,63.82429,4384,7,1.5234375,136.91016,128.80469,639.8906,10
3201.168,421,58.16327,4384,5,1.5234375,136.91016,130.19141,638.5039,10
3201.168,421,58.71795,4384,3,1.5234375,136.91016,127.18359,641.5117,10
3201.184,421,62.08651,4384,3,1.5234375,136.91016,125.59766,643.0977,10
3201.168,421,62.2449,4384,4,1.5234375,136.91016,127.17969,641.5156,10
3201.168,421,58.46154,4384,3,1.5234375,136.91016,130.82422,637.8711,10
3200.953,421,60.35806,4384,7,1.5234375,136.91016,133.11719,635.5781,10
3200.969,421,58.50515,4384,9,1.5234375,136.91016,130.33594,638.3594,10
3200.953,421,60.75949,4384,8,1.5234375,136.91016,133.32812,635.3672,10
3200.953,421,57.50636,4384,5,1.5234375,136.91016,131.69922,636.9961,10
3200.969,421,60.75949,4384,5,1.5234375,136.91016,130.28125,638.4141,10
3200.953,421,55.10204,4384,8,1.5234375,136.91016,131.96875,636.7266,10
3200.953,421,53.0303,4352,12,1.5234375,136.91016,128.70312,639.9922,10
3200.969,421,53.29949,4352,4,1.53125,136.91016,127.21875,641.4688,10
3200.953,421,57.03325,4352,8,1.53125,136.91016,131.61328,637.0742,10
3200.969,421,59.43878,4352,7,1.53125,136.91016,130.78516,637.9023,10
3200.969,421,60.51282,4352,7,1.53125,136.91016,134.10938,634.5781,10
3200.953,421,58.22785,4352,8,1.53125,136.91016,133.23438,635.4531,10
3200.969,421,57.14286,4352,8,1.53125,136.91016,135.99609,632.6914,10
3200.953,421,61.79487,4352,13,1.53125,136.91016,133.375,635.3125,10
3200.969,421,60.71429,4352,8,1.53125,136.91016,131.09375,637.5938,10
3200.969,421,59.33504,4352,3,1.53125,136.91016,128.57812,640.1094,10
3200.953,421,58.16327,4352,5,1.53125,136.91016,137.59375,631.0938,10
3200.969,421,60.82474,4352,5,1.53125,136.91016,133.39453,635.293,10
3200.969,421,62.1134,4352,4,1.53125,136.91016,133.26562,635.4219,10
3200.969,421,55.61358,4352,5,1.53125,136.91016,131.60156,637.0859,10
3200.953,421,57.17949,4352,4,1.53125,136.91016,129.57812,639.1094,10
3200.953,421,59.48052,4352,9,1.53125,136.91016,132.25781,636.4297,10
3200.953,421,56.12245,4352,8,1.53125,136.91016,130.42578,638.2617,10
3200.953,421,57.289,4352,7,1.53125,136.91016,127.71875,640.9688,10
3200.953,421,61.53846,4352,12,1.53125,136.91016,125.64062,643.0469,10
3200.953,421,57.94872,4352,6,1.53125,136.91016,125.53125,643.1562,10
3200.953,421,62.2108,4352,7,1.53125,136.91016,127.27734,641.4102,10
3200.969,421,55.58442,4352,3,1.53125,136.91016,129.17578,639.5117,10
3200.953,421,58.69018,4352,10,1.53125,136.91016,128.25391,640.4336,10
3200.969,421,59.48052,4352,7,1.53125,136.91016,131.55859,637.1289,10
3200.953,421,58.12183,4352,8,1.53125,136.91016,130.19531,638.4922,10
3200.969,421,55.18135,4352,3,1.53125,136.91016,128.34766,640.3398,10
3200.953,421,59.03308,4352,8,1.53125,136.91016,129.41406,639.2734,10
3200.969,421,56.41026,4352,3,1.53125,136.91016,133.81641,634.8711,10
3200.969,421,57.10723,4352,3,1.53125,136.91016,129.62109,639.0664,10
3200.953,421,50.87282,4352,3,1.53125,136.91016,132.42188,636.2656,10
3200.953,421,53.5533,4352,5,1.53125,136.91016,131.46484,637.2227,10
3200.953,421,52.94118,4352,7,1.53125,136.91016,129.14062,639.5469,10
3200.969,421,57.21649,4320,10,1.53125,136.91016,132.89844,635.7891,10
3200.953,421,59.68992,4320,6,1.53125,136.91016,131.53125,637.1562,10
3200.953,421,60.15228,4352,5,1.53125,136.91016,128.96094,639.7266,10
3200.969,421,61.55844,4352,5,1.5390625,136.91016,133.05859,635.6211,10
3200.969,421,61.34021,4352,6,1.5390625,136.91016,130.26953,638.4102,10
3200.953,419,58.35476,4352,8,1.5390625,136.91016,128.6875,639.9922,10
3200.953,419,56.84755,4352,6,1.5390625,136.91016,135.52344,633.1562,10
3200.953,419,60.86957,4352,7,1.5390625,136.91016,133.77344,634.9062,10
3200.969,419,58.65633,4352,4,1.5390625,136.91016,129.50781,639.1719,10
3200.953,419,62.1134,4352,3,1.5390625,136.91016,131.58594,637.0938,10
3200.969,419,56.26598,4352,5,1.5390625,136.91016,129.85156,638.8281,10
3200.953,419,52.94118,4352,6,1.5390625,136.91016,128.26562,640.4141,10
3200.953,419,60.51282,4352,10,1.5390625,136.91016,131.46484,637.2148,10
3200.969,419,55.86735,4352,3,1.5390625,136.91016,129.22656,639.4531,10
3200.953,419,55.41237,4352,9,1.5390625,136.91016,127.88672,640.793,10
3200.953,419,58.56777,4352,6,1.5390625,136.91016,130.72266,637.957,10
3200.953,419,58.20513,4352,5,1.5390625,136.91016,128.45703,640.2227,10
3200.953,419,71.24682,4352,16,1.5390625,136.91016,134.22266,634.457,10
3200.953,419,73.9899,4352,7,1.5390625,136.91016,131.35938,637.3203,10
3200.953,419,60.15228,4352,7,1.5390625,136.91016,129.59375,639.0859,10
3200.953,418,71.71717,4352,16,1.5390625,136.91016,127.39453,641.2852,10
3200.953,418,71.09974,4320,8,1.5390625,136.91016,129.21094,639.4688,10
3200.953,418,71.82045,4320,13,1.5390625,136.91016,135.05469,633.625,10
3200.953,418,70.22901,4320,10,1.5390625,136.91016,133.19531,635.4844,10
3200.953,418,72.40506,4320,7,1.546875,136.90234,130.57031,638.1094,10
3200.953,418,65.23929,4320,14,1.546875,136.91016,128.57422,640.0977,10
3200.953,418,64.05063,4320,11,1.546875,136.91016,137.35156,631.3203,10
3200.953,418,60.60606,4320,13,1.546875,136.91016,132.82031,635.8516,10
3200.953,418,62.5,4320,15,1.546875,136.91016,134.94531,633.7266,10
3200.953,418,67.25888,4320,12,1.546875,136.91016,130.18359,638.4883,10
3200.953,418,75.32134,4320,7,1.546875,136.91016,127.77734,640.8945,10
3200.953,418,72.93814,4320,8,1.546875,136.91016,127.28516,641.3867,10
3200.953,418,72.30769,4320,10,1.546875,136.91016,132.23047,636.4414,10
3200.953,418,72.19388,4320,9,1.546875,136.91016,133.01953,635.6523,10
3200.953,418,72.82051,4320,15,1.546875,136.91016,130.44922,638.2227,10
3200.953,418,69.94949,4320,9,1.546875,136.91016,127.52344,641.1484,10
3200.953,418,74.30025,4320,17,1.546875,136.91016,130.44922,638.2227,10
3200.953,418,74.93671,4320,12,1.546875,136.91016,131.70312,636.9688,10
3200.953,418,73.73737,4352,12,1.546875,136.91016,129.70312,638.9688,10
3200.953,418,71.5736,4352,13,1.546875,136.91016,129.19531,639.4766,10
3200.953,418,71.97943,4352,9,1.546875,136.91016,135.14453,633.5273,10
3200.953,418,71.82741,4352,8,1.546875,136.91016,131.94531,636.7266,10
3200.953,418,71.97943,4352,8,1.546875,136.91016,128.96484,639.707,10
3200.969,418,72.75064,4352,8,1.546875,136.91016,128.95703,639.7148,10
3200.953,418,57.21649,4352,10,1.546875,136.91016,131.53516,637.1367,10
3200.953,418,60.25641,4352,10,1.546875,136.91016,132.40625,636.2656,10
3200.953,418,72.05128,4352,10,1.546875,136.91016,129.97266,638.6992,10
3200.953,418,61.53846,4352,3,1.546875,136.91016,127.27734,641.3945,10
3200.953,418,59.18367,4352,5,1.546875,136.91016,129.31641,639.3555,10
3200.953,418,61.79487,4352,5,1.546875,136.91016,132.08203,636.5898,10
3200.953,418,60.41131,4352,6,1.546875,136.91016,129.88281,638.7891,10
3200.969,418,59.69388,4352,13,1.5546875,136.90234,130.28125,638.3906,10
3200.953,418,67.43003,4352,7,1.5546875,136.91016,128.72266,639.9414,10
3200.953,418,72.79597,4352,15,1.5546875,136.91016,126.34766,642.3164,10
3200.953,418,70.9596,4352,10,1.5546875,136.91016,127.88672,640.7773,10
3200.969,417,65.81633,4352,10,1.5546875,136.91016,129.04297,639.6211,10
3200.969,417,64.1604,4352,9,1.5546875,136.91016,129.77734,638.8867,10
3200.953,417,53.43511,4352,6,1.5546875,136.91016,129.21875,639.4453,10
3200.969,417,57.98969,4352,5,1.5546875,136.91016,131.57031,637.0938,10
3200.953,417,51.88917,4352,11,1.5546875,136.91016,129.02734,639.6367,10
3200.969,417,58.7013,4352,7,1.5546875,136.91016,127.93359,640.7305,10
3200.953,417,60.57441,4352,3,1.5546875,136.91016,130.98047,637.6836,10
3200.969,417,57.73196,4352,6,1.5546875,136.91016,129.17969,639.4844,10
3200.953,417,58.50515,4352,9,1.5546875,136.91016,127.62109,641.043,10
3200.953,417,69.97455,4352,12,1.5546875,136.91016,129.30078,639.3633,10
3200.953,417,71.86701,4352,12,1.5546875,136.91016,135.99609,632.668,10
3200.953,417,65.20619,4352,7,1.5546875,136.91016,132.60938,636.0547,10
3200.953,417,59.48718,4352,7,1.5546875,136.91016,129.0625,639.6016,10
3200.953,417,62.5,4352,9,1.5546875,136.91016,126.875,641.7891,10
3200.953,417,74.0458,4352,13,1.5546875,136.9375,125.42578,643.2109,10
3200.953,417,72.08122,4352,9,1.5625,136.9375,130.13281,638.4961,10
3200.953,417,75.44304,4352,9,1.5625,136.9375,129.14844,639.4805,10
3200.953,417,73.52185,4352,9,1.5625,136.9375,129.59766,639.0312,10
3200.953,417,73.60406,4352,12,1.5625,136.9375,129.46875,639.1602,10
3200.953,417,73.35025,4352,9,1.5625,136.9375,128.07812,640.5508,10
3200.953,417,74.61538,4352,10,1.5625,136.9375,131.02344,637.6055,10
3200.953,417,70.22901,4352,12,1.5625,136.9375,130.63281,637.9961,10
3200.953,417,72.26463,4352,7,1.5625,136.9375,133.71484,634.9141,10
3200.953,417,74.11168,4352,10,1.5625,136.9375,130.32031,638.3086,10
3200.953,417,70.51282,4352,5,1.5625,136.9375,132.76562,635.8633,10
3200.953,418,71.89873,4384,11,1.5625,136.9375,129.51172,639.1172,10
3200.953,418,71.64557,4384,11,1.5625,136.9375,127.46484,641.1641,10
3200.953,418,71.42857,4384,9,1.5625,136.9375,134.55469,634.0742,10
3200.953,418,71.10553,4384,14,1.5625,136.9375,130.67188,637.957,10
3200.953,418,70.30457,4384,13,1.5625,136.9375,133.55469,635.0742,10
3200.953,418,66.33166,4384,12,1.5625,136.9375,127.92188,640.707,10
3200.953,418,66.58163,4384,15,1.5625,136.9375,129.92188,638.707,10
3200.953,418,60.0,4384,9,1.5625,136.9375,132.39453,636.2344,10
3200.953,419,60.85859,4384,9,1.5625,136.9375,129.52344,639.1055,10
3200.953,419,70.02519,4384,15,1.5625,136.9375,126.625,642.0039,10
3200.953,419,72.91139,4384,15,1.5625,136.9375,128.49609,640.1328,10
3200.953,419,71.20823,4384,10,1.5625,136.9375,129.25,639.3789,10
3200.953,419,68.46154,4384,11,1.5625,136.9375,133.0,635.6289,10
3200.969,419,71.24682,4384,8,1.5625,136.9375,135.1875,633.4414,10
3200.953,419,56.21762,4384,10,1.5703125,136.92969,132.39844,636.2305,10
3200.953,419,69.09548,4384,10,1.5703125,136.9375,130.13672,638.4844,10
3200.953,419,70.25641,4384,11,1.5703125,136.9375,133.13672,635.4844,10
3200.953,419,73.40153,4384,11,1.5703125,136.9375,130.94141,637.6797,10
3200.953,419,74.55471,4384,13,1.5703125,136.9375,127.59375,641.0273,10
3200.953,419,69.64286,4384,8,1.5703125,136.9375,126.0625,642.5586,10
3200.953,419,70.02519,4352,6,1.5703125,136.9375,136.78906,631.832,10
3201.457,419,72.26463,4352,9,1.5703125,136.9375,132.66016,635.9609,10
3201.457,419,74.0458,4352,11,1.5703125,136.9375,129.98047,638.6406,10
3200.953,419,72.01018,4352,11,1.5703125,136.9375,131.39844,637.2227,10
3200.953,418,72.56858,4352,10,1.5703125,136.9375,127.92578,640.6953,10
3200.953,418,71.02564,4352,10,1.5703125,136.9375,123.79297,644.8281,10
3200.953,418,74.1688,4352,9,1.5703125,136.9375,132.85547,635.7656,10
3200.953,418,71.20823,4352,16,1.5703125,136.9375,130.80469,637.8164,10
3200.953,418,72.40506,4352,9,1.5703125,136.9375,132.85547,635.7656,10
3200.953,418,72.72727,4352,9,1.5703125,137.03516,131.05078,637.4727,10
3200.953,418,73.68421,4352,13,1.5703125,137.0625,133.83203,634.6641,10
3200.953,418,73.23232,4352,9,1.5703125,137.0625,131.50781,636.9883,10
3200.953,418,72.40506,4352,12,1.578125,137.0625,135.85547,632.6328,10
3200.953,418,73.09645,4352,7,1.578125,137.0625,132.875,635.6133,10
3200.953,418,73.21429,4352,8,1.578125,137.0625,129.94922,638.5391,10
3200.953,418,66.33166,4352,9,1.578125,137.0625,132.84766,635.6406,10
3200.953,418,66.08479,4352,13,1.578125,137.0625,134.02344,634.4648,10
3200.953,418,61.5,4352,14,1.578125,137.0625,131.31641,637.1719,10
3200.953,418,62.78481,4352,12,1.578125,137.0625,129.83594,638.6523,10
3200.953,418,71.42857,4352,8,1.578125,137.0625,132.08203,636.4062,10
3200.953,417,74.93606,4352,9,1.578125,137.0625,132.16016,636.3281,10
3200.953,417,73.67089,4352,8,1.578125,137.0625,128.98828,639.5,10
3200.953,417,73.14578,4352,12,1.578125,137.0625,127.70703,640.7812,10
3200.953,417,75.06297,4352,11,1.578125,137.0625,125.57812,642.9102,10
3200.953,417,74.7449,4352,7,1.578125,137.0625,126.68359,641.8047,10
3200.953,417,72.12276,4352,8,1.578125,137.0625,129.03125,639.457,10
3200.953,417,70.63291,4352,10,1.578125,137.0625,129.76172,638.7266,10
3200.953,417,73.62924,4352,8,1.578125,137.0625,131.99609,636.4922,10
3200.953,417,72.91139,4352,13,1.578125,137.0625,128.55078,639.9375,10
3200.953,417,73.65729,4352,12,1.578125,137.0625,125.35156,643.1367,10
3201.168,417,66.32653,4352,4,1.578125,137.0625,126.95703,641.5312,10
3201.168,417,57.54476,4352,6,1.578125,137.0625,126.63281,641.8555,10
3201.168,417,72.5641,4352,13,1.578125,137.0625,129.0625,639.4258,10
3201.168,417,74.23469,4352,10,1.578125,137.0625,135.27734,633.2109,10
3200.953,417,73.28244,4352,10,1.578125,137.0625,131.42188,637.0664,10
3200.953,417,69.30946,4352,9,1.578125,137.0625,129.64453,638.8438,10
3201.184,417,59.74359,4352,12,1.578125,137.0625,132.60547,635.8828,10
3201.168,417,62.62887,4352,5,1.578125,137.0625,130.04297,638.4453,10
3201.184,417,58.61183,4352,10,1.578125,137.0625,127.83984,640.6484,10
3201.168,417,57.50636,4352,4,1.578125,137.0625,127.00781,641.4805,10
3201.168,417,68.28645,4352,17,1.578125,137.0625,133.53125,634.957,10
3201.168,417,70.9596,4352,14,1.5859375,137.0625,135.52344,632.957,10
3200.984,417,70.05076,4352,12,1.5859375,137.0625,132.37891,636.1016,10
3201.168,417,64.43299,4352,4,1.5859375,137.0625,128.78125,639.6992,10
3201.184,417,55.86735,4384,5,1.5859375,137.0625,126.98047,641.5,10
3201.184,417,59.03308,4384,4,1.5859375,137.0625,128.65625,639.8242,10
3201.168,417,55.52699,4384,7,1.5859375,137.0625,132.1875,636.293,10
3200.969,417,48.20513,4384,4,1.5859375,137.0625,131.08594,637.3945,10
3200.969,417,58.1864,4384,5,1.5859375,137.0625,131.27734,637.2031,10
3200.953,417,58.29016,4384,9,1.5859375,137.0625,129.91406,638.5664,10
3200.953,417,58.09769,4384,6,1.5859375,137.0625,129.03906,639.4414,10
3200.969,417,59.94764,4384,9,1.5859375,137.0625,126.16797,642.3125,10
3200.953,417,54.33673,4384,11,1.5859375,137.0625,124.70312,643.7773,10
3200.953,417,56.26598,4384,11,1.5859375,137.0625,126.57422,641.9062,10
3200.953,417,61.24031,4384,9,1.5859375,137.0625,129.56641,638.9141,10
3200.953,417,57.14286,4384,6,1.5859375,137.0625,127.76172,640.7188,10
3200.953,417,60.50633,4384,8,1.5859375,137.0625,134.60156,633.8789,10
3200.969,417,56.26598,4384,4,1.5859375,137.0625,130.39453,638.0859,10
3200.953,417,57.90816,4384,5,1.5859375,137.0625,131.97266,636.5078,10
3200.953,417,62.43655,4384,9,1.5859375,137.0625,129.42969,639.0508,10
3200.953,417,63.84615,4384,8,1.5859375,137.0625,127.43359,641.0469,10
3200.969,417,59.74026,4384,3,1.5859375,137.0625,133.35547,635.125,10
3200.953,417,65.48223,4384,8,1.5859375,137.0625,130.69141,637.7891,10
3200.969,417,59.38303,4384,4,1.5859375,137.0625,128.66797,639.8125,10
3200.953,417,71.3198,4384,15,1.5859375,137.0625,126.67188,641.8086,10
3200.953,417,71.13924,4384,6,1.5859375,137.0625,134.64062,633.8398,10
3200.953,417,75.0,4384,15,1.5859375,137.0625,132.95703,635.5234,10
3201.168,417,62.82051,4384,14,1.5859375,137.0625,131.15234,637.3281,10
3201.168,417,71.28205,4384,10,1.5859375,137.0625,129.15625,639.3242,10
3201.168,417,71.53652,4384,9,1.5859375,137.0625,126.88672,641.5938,10
3200.953,417,74.55919,4384,13,1.5859375,137.0625,126.80078,641.6797,10
3200.953,417,71.06599,4384,15,1.5859375,137.0625,130.96484,637.5156,10
3200.953,417,71.42857,4384,9,1.5859375,137.0625,128.18359,640.2969,10
3200.953,417,68.68687,4384,8,1.5859375,137.0625,130.17188,638.3086,10
3200.953,417,68.09045,4384,12,1.5859375,137.0625,133.63281,634.8477,10
3200.953,417,64.1604,4384,8,1.5859375,137.0625,131.85547,636.625,10
3200.953,417,57.50636,4384,5,1.5859375,137.0625,127.4375,641.043,10
3200.969,417,61.59794,4384,6,1.5859375,137.0625,131.51953,636.9609,10
3200.953,417,60.76923,4384,5,1.5859375,137.0625,127.02344,641.457,10
3200.953,417,59.28753,4384,4,1.5859375,137.0625,129.74219,638.7383,10
3200.953,417,58.96104,4384,7,1.5859375,137.0625,133.16797,635.3125,10
3200.953,417,69.25065,4384,13,1.5859375,137.0625,130.92188,637.5586,10
3200.953,417,72.63427,4384,8,1.5859375,137.0625,133.49219,634.9883,10
3200.953,417,71.13924,4384,13,1.5859375,137.0625,130.59375,637.8867,10
3200.953,417,72.82051,4384,14,1.5859375,137.0625,128.10547,640.375,10
3200.953,417,72.33503,4384,14,1.5859375,137.0625,125.42578,643.0547,10
3200.953,416,71.06599,4384,10,1.5859375,137.0625,127.45312,641.0273,10
3200.953,416,74.80916,4384,6,1.5859375,137.0625,133.46094,635.0195,10
3200.953,416,71.28463,4384,12,1.5859375,137.0625,131.0,637.4805,10
3200.953,416,70.48346,4384,11,1.5859375,137.0625,129.125,639.3555,10
3200.953,416,71.46465,4384,12,1.5859375,137.0625,127.375,641.1055,10
3200.969,416,68.71795,4384,5,1.5859375,137.0625,128.51172,639.9688,10
3200.969,416,61.63683,4384,5,1.5859375,137.0625,132.49609,635.9844,10
3200.953,416,59.68992,4384,10,1.5859375,137.0625,130.19922,638.2812,10
3200.953,416,61.83206,4384,8,1.5859375,137.0625,128.61328,639.8672,10
3200.953,416,61.80905,4384,12,1.59375,137.0625,132.11328,636.3594,10
3202.172,419,64.08978,4384,10,1.59375,137.0625,133.53906,634.9336,10
3200.953,416,55.24297,4384,5,1.59375,137.0625,130.28516,638.1875,10
3200.953,416,62.34414,4384,12,1.59375,137.0625,131.9375,636.5352,10
3200.953,416,68.44784,4384,11,1.59375,137.0625,129.14844,639.3242,10
3200.953,416,71.86701,4384,11,1.59375,137.0625,130.26172,638.2109,10
3200.953,416,74.55471,4384,10,1.59375,137.0625,126.66797,641.8047,10
3200.953,416,60.0,4384,8,1.59375,137.0625,130.01562,638.457,10
3200.969,416,64.94845,4384,7,1.59375,137.0625,133.77344,634.6992,10
3200.969,416,56.77083,4384,7,1.59375,137.0625,131.01172,637.4609,10
3200.969,416,62.34097,4384,7,1.59375,137.0625,133.8125,634.6602,10
3200.953,416,57.98969,4384,5,1.59375,137.0625,131.51562,636.957,10
3200.953,416,56.66667,4384,9,1.59375,137.0625,128.51953,639.9531,10
3200.953,417,60.9375,4384,5,1.59375,137.0625,131.22656,637.2461,10
3200.969,417,58.61183,4384,10,1.59375,137.0625,128.94531,639.5273,10
3200.953,417,62.46787,4384,6,1.59375,137.0625,127.82422,640.6484,10
3200.953,417,56.58915,4384,10,1.59375,137.0625,126.01953,642.4531,10
3200.969,417,58.71795,4384,10,1.59375,137.0625,124.73828,643.7344,10
3200.953,417,58.82353,4384,8,1.6015625,137.0625,128.1875,640.2773,10
3200.953,417,63.91753,4384,8,1.6015625,137.0625,130.77344,637.6914,10
3200.969,417,72.84264,4384,9,1.6015625,137.0625,133.42188,635.043,10
3201.168,417,58.46154,4384,10,1.6015625,137.0625,129.98047,638.4844,10
3201.168,417,74.23469,4384,7,1.6015625,137.0625,131.12891,637.3359,10
3201.168,416,69.13265,4384,8,1.6015625,137.0625,128.88672,639.5781,10
3200.953,416,70.30457,4384,13,1.6015625,137.0625,131.66406,636.8008,10
3200.953,416,72.58883,4384,10,1.6015625,137.0625,133.21094,635.2539,10
3200.953,416,64.83791,4384,7,1.6015625,137.0625,129.51953,638.9453,10
3200.969,416,62.05128,4384,3,1.6015625,137.0625,131.04297,637.4219,10
3200.953,416,57.54476,4384,5,1.6015625,137.0625,128.24219,640.2227,10
3200.953,416,67.09184,4384,11,1.6015625,137.0625,124.19531,644.2695,10
3200.969,416,68.26196,4384,14,1.6015625,137.0625,130.23438,638.2305,10
3200.953,416,63.70558,4384,8,1.6015625,137.0625,131.44531,637.0195,10
3200.953,416,59.89975,4384,10,1.6015625,137.0625,128.27344,640.1914,10
3200.953,416,64.0,4384,16,1.6015625,137.0625,129.03125,639.4336,10
3200.953,416,70.33248,4384,14,1.6015625,137.0625,130.36719,638.0977,10
3200.953,416,71.61125,4384,9,1.6015625,137.0625,127.33594,641.1289,10
3200.953,416,70.95116,4384,14,1.6015625,137.0625,128.64844,639.8164,10
3200.969,416,66.58098,4384,6,1.6015625,137.0625,129.81641,638.6484,10
3200.953,416,63.75321,4384,10,1.6015625,137.0625,128.69531,639.7695,10
3200.953,416,72.95918,4384,11,1.6015625,137.0625,130.77344,637.6914,10
3200.953,416,74.80916,4384,12,1.6015625,137.0625,133.23047,635.2344,10
3200.953,416,71.9697,4384,12,1.6015625,137.0625,131.72656,636.7383,10
3200.953,416,68.95674,4384,12,1.6015625,137.0625,132.77734,635.6875,10
3200.953,416,75.57841,4384,12,1.6015625,137.0625,130.04688,638.418,10
3200.953,416,72.01018,4384,9,1.6015625,137.0625,133.0625,635.4023,10
3200.953,416,71.68367,4384,10,1.6015625,137.0625,129.91797,638.5469,10
3200.953,416,71.64948,4384,13,1.6015625,137.0625,131.44141,637.0234,10
3200.953,416,70.73791,4384,11,1.6015625,137.0625,129.52344,638.9414,10
3200.953,416,73.79135,4384,7,1.6015625,137.0625,130.67188,637.793,10
3201.152,416,65.7289,4384,7,1.6015625,137.0625,128.86719,639.5977,10
3201.184,416,60.41131,4384,3,1.6015625,137.0625,127.07812,641.3867,10
3201.168,416,69.97455,4352,14,1.6015625,137.0625,130.18359,638.2812,10
3201.168,416,73.33333,4352,7,1.6015625,137.0625,131.9375,636.5273,10
3200.953,416,71.64557,4352,11,1.6015625,137.0625,127.67188,640.793,10
3200.953,416,69.92288,4320,15,1.6015625,137.0625,130.08984,638.375,10
3200.953,416,68.03069,4320,9,1.6015625,137.0625,131.9375,636.5273,10
3200.969,416,63.77551,4352,3,1.6015625,137.0625,130.16797,638.2969,10
3200.969,416,58.11518,4352,9,1.6015625,137.0625,133.00781,635.457,10
3200.969,416,55.18987,4352,3,1.6015625,137.0625,130.96094,637.5039,10
3200.953,416,60.41131,4352,6,1.6015625,137.0625,132.67188,635.793,10
3200.969,416,57.1066,4352,3,1.6015625,137.0625,134.60156,633.8633,10
3200.969,416,58.43829,4352,6,1.6015625,137.0625,131.85156,636.6133,10
3200.953,416,53.90428,4384,3,1.6015625,137.0625,129.08984,639.375,10
3200.953,416,52.52525,4384,4,1.6015625,137.0625,127.77734,640.6875,10
3200.969,416,56.77749,4384,4,1.6015625,137.0625,129.44141,639.0234,10
3200.969,416,57.4026,4384,4,1.6015625,137.0625,127.66406,640.8008,10
3200.969,416,58.7013,4384,3,1.6015625,137.0625,125.83594,642.6289,10
3200.953,416,61.79487,4384,12,1.609375,137.0625,128.19141,640.2656,10
3200.953,416,63.95939,4384,7,1.609375,137.0625,131.85938,636.5977,10
3200.953,416,73.09645,4384,16,1.609375,137.0625,129.92969,638.5273,10
3200.953,416,76.39594,4384,11,1.609375,137.0625,130.37891,638.0781,10
3200.953,416,73.58974,4384,13,1.609375,137.0625,127.72656,640.7305,10
3200.953,416,69.56522,4384,10,1.609375,137.0625,125.37891,643.0781,10
3200.953,416,67.51918,4384,14,1.609375,137.0625,127.92578,640.5312,10
3200.953,416,72.89003,4384,12,1.609375,137.0625,129.85938,638.5977,10
3200.953,416,75.6962,4384,9,1.609375,137.0625,131.74219,636.7148,10
3200.953,416,72.77354,4384,6,1.609375,137.0625,130.34766,638.1094,10
3200.953,416,71.39241,4384,11,1.609375,137.0625,127.23438,641.2227,10
3200.953,416,71.93878,4384,11,1.609375,137.0625,129.35547,639.1016,10
3200.953,416,73.04786,4384,15,1.609375,137.0625,128.69922,639.7578,10
3200.953,416,71.24682,4384,10,1.609375,137.0625,131.71484,636.7422,10
3200.953,416,72.70408,4384,11,1.609375,137.0625,134.75391,633.7031,10
3200.969,416,73.79135,4384,7,1.609375,137.0625,130.37891,638.0781,10
3200.953,416,69.54315,4384,6,1.609375,137.0625,128.32812,640.1289,10
3200.953,416,72.89003,4384,15,1.609375,137.0625,130.67188,637.7852,10
3200.953,416,72.65823,4384,17,1.609375,137.0625,128.48438,639.9727,10
3200.953,416,74.68354,4384,9,1.609375,137.0625,133.95703,634.5,10
3200.953,416,72.51908,4384,12,1.609375,137.0625,130.10156,638.3555,10
3200.953,416,70.48346,4384,8,1.6171875,137.0625,127.03516,641.4141,10
3200.953,416,68.26196,4384,12,1.6171875,137.0625,129.67578,638.7734,10
3200.953,416,71.03275,4352,10,1.6171875,137.0625,131.53516,636.9141,10
3200.953,416,66.0804,4384,13,1.6171875,137.0625,129.92188,638.5273,10
3200.953,416,61.19403,4384,7,1.6171875,137.0625,124.10156,644.3477,10
3200.953,416,64.14141,4384,12,1.6171875,137.0625,124.43359,644.0156,10
3200.953,417,69.7201,4384,15,1.6171875,137.0625,127.44141,641.0078,10
3200.953,418,69.54315,4384,7,1.6171875,137.0625,131.12109,637.3281,10
3200.953,418,71.93878,4384,9,1.6171875,137.0625,132.53906,635.9102,10
3200.969,418,69.7201,4384,7,1.6171875,137.0625,132.83984,635.6094,10
3200.969,418,55.52699,4384,8,1.6171875,137.07812,134.53906,633.8945,10
3200.969,418,59.38303,4384,3,1.6171875,137.07812,131.51953,636.9141,10
3200.953,418,58.05627,4384,11,1.6171875,137.07812,135.41797,633.0156,10
3200.953,418,70.28424,4384,10,1.6171875,137.07812,132.09766,636.3359,10
3200.953,418,68.27411,4384,15,1.6171875,137.07812,127.14844,641.2852,10
3200.953,418,70.17995,4384,13,1.6171875,137.07812,128.15234,640.2812,10
3200.953,419,69.7201,4384,7,1.6171875,137.07812,130.48438,637.9492,10
3200.953,419,73.33333,4384,15,1.6171875,137.07812,132.5625,635.8711,10
3200.953,419,71.75573,4384,10,1.6171875,137.07812,129.17188,639.2617,10
3200.953,419,74.8072,4384,13,1.6171875,137.07812,134.34766,634.0859,10
3200.953,419,73.02799,4384,14,1.6171875,137.07812,130.92969,637.5039,10
3200.953,419,74.74747,4384,12,1.6171875,137.07812,128.25,640.1836,10
3200.953,419,72.9798,4384,8,1.6171875,137.07812,130.35156,638.082,10
3200.953,419,72.91139,4384,9,1.6171875,137.07812,126.96094,641.4727,10
3200.953,419,71.79487,4384,13,1.6171875,137.07812,130.13672,638.2969,10
3200.953,419,72.1519,4384,16,1.6171875,137.07812,128.46484,639.9688,10
3200.953,419,70.66327,4384,7,1.6171875,137.07812,135.125,633.3086,10
3200.953,419,68.92231,4384,12,1.6171875,137.07812,132.19922,636.2344,10
3200.953,419,70.12658,4384,10,1.6171875,137.07812,128.75391,639.6797,10
3200.953,419,69.05371,4384,9,1.6171875,137.07812,131.25781,637.1758,10
3201.957,419,68.60759,4384,13,1.6171875,137.07812,132.71094,635.7227,10
3201.957,419,68.57855,4384,12,1.6171875,137.07812,128.88281,639.5508,10
3200.953,419,64.98741,4384,8,1.625,137.07812,128.16406,640.2617,10
3200.953,419,64.72081,4384,12,1.625,137.08594,130.95703,637.4609,10
3200.953,419,60.0,4384,14,1.625,137.08594,128.00391,640.4141,10
3200.953,419,68.01008,4384,13,1.625,137.08594,126.00781,642.4102,10
3200.953,419,70.81218,4384,7,1.625,137.08594,129.23828,639.1797,10
3200.953,419,70.69409,4384,12,1.625,137.08594,125.0,643.418,10
3200.953,419,72.77354,4384,8,1.625,137.08594,128.39453,640.0234,10
3200.953,419,73.16456,4352,9,1.625,137.08594,129.80859,638.6094,10
3200.953,419,75.18987,4352,10,1.625,137.08594,126.66406,641.7539,10
3200.953,419,72.95918,4352,13,1.625,137.08594,128.625,639.793,10
3200.953,419,70.80103,4352,8,1.625,137.08594,124.90625,643.5117,10
3200.953,419,73.40153,4352,11,1.6328125,137.08594,132.00391,636.4062,10
3200.953,419,71.86701,4352,10,1.6328125,137.08594,127.82031,640.5898,10
3200.953,419,70.66327,4352,11,1.6328125,137.08594,123.91016,644.5,10
3200.953,419,72.30769,4352,7,1.6328125,137.08594,126.23047,642.1797,10
3200.953,419,73.85787,4384,9,1.6328125,137.08594,133.42188,634.9883,10
3200.953,419,73.26478,4384,13,1.6328125,137.08594,130.90625,637.5039,10
3200.953,419,71.17347,4384,14,1.6328125,137.08594,131.77344,636.6367,10
3200.953,419,72.79597,4384,14,1.6328125,137.08594,128.82031,639.5898,10
3200.953,419,71.61125,4384,14,1.6328125,137.08594,131.46094,636.9492,10
3200.953,419,62.05128,4384,8,1.6328125,137.08594,134.14062,634.2695,10
3200.953,419,68.29897,4384,13,1.640625,137.08594,134.81641,633.5859,10
3200.953,419,71.39175,4384,13,1.640625,137.08594,130.41406,637.9883,10
3200.953,419,72.47475,4384,12,1.640625,137.08594,127.89844,640.5039,10
3200.953,419,69.52141,4384,9,1.640625,137.16406,132.19922,636.125,10
3200.953,419,72.37852,4384,10,1.640625,137.16406,134.78906,633.5352,10
3200.953,419,70.07673,4384,13,1.640625,137.16406,131.36719,636.957,10
3200.969,419,55.58376,4384,3,1.640625,137.16406,130.76172,637.5625,10
3200.969,419,60.82474,4384,6,1.640625,137.16406,131.05078,637.2734,10
3200.953,419,57.64411,4384,5,1.640625,137.16406,134.05078,634.2734,10
3200.953,419,58.56777,4384,13,1.640625,137.16406,131.86328,636.4609,10
3200.953,419,63.22418,4384,14,1.640625,137.16406,133.55078,634.7734,10
3200.953,419,61.71285,4384,9,1.640625,137.16406,129.61328,638.7109,10
3200.953,419,64.32161,4352,11,1.640625,137.16406,128.05859,640.2656,10
3200.953,419,70.30457,4352,9,1.640625,137.20703,133.95312,634.3281,10
3200.953,419,70.69409,4352,9,1.640625,137.20703,129.79688,638.4844,10
3200.953,419,72.01018,4352,8,1.640625,137.20703,127.39062,640.8906,10
3200.953,419,73.17708,4352,9,1.640625,137.20703,129.60547,638.6758,10
3200.953,419,71.50127,4352,10,1.6484375,137.20703,129.07031,639.2031,10
3200.953,419,71.10553,4352,10,1.6484375,137.20703,128.00391,640.2695,10
3200.953,419,73.58974,4352,9,1.6484375,137.20703,128.70312,639.5703,10
3200.953,419,71.86701,4352,10,1.6484375,137.20703,126.26953,642.0039,10
3200.953,419,71.89873,4352,10,1.6484375,137.20703,127.49219,640.7812,10
3200.953,419,71.02564,4352,7,1.6484375,137.20703,133.03906,635.2344,10
3200.953,419,71.50127,4352,8,1.6484375,137.35938,127.77344,640.3477,10
3200.953,419,73.60406,4352,13,1.6484375,137.35938,129.77734,638.3438,10
3200.953,419,75.89744,4352,10,1.6484375,137.35938,130.76172,637.3594,10
3200.953,419,69.52141,4352,17,1.6484375,137.35938,132.59766,635.5234,10
3200.953,419,70.30457,4352,10,1.6484375,137.35938,129.17969,638.9414,10
3200.953,419,68.78173,4352,13,1.6484375,137.35938,129.99219,638.1289,10
3200.953,419,68.75,4352,13,1.6484375,137.35938,128.21484,639.9062,10
3200.953,419,70.20202,4352,13,1.6484375,137.35938,129.66406,638.457,10
3200.953,419,70.02519,4352,7,1.6484375,137.35938,127.80859,640.3125,10
3200.953,419,63.29114,4352,9,1.6484375,137.39453,129.38672,638.6992,10
3200.953,419,60.85859,4352,13,1.6484375,137.39453,127.10156,640.9844,10
3200.953,419,62.34414,4352,9,1.6484375,137.39453,128.90625,639.1797,10
3200.953,419,66.24365,4352,9,1.6484375,137.39453,126.71875,641.3672,10
3200.953,419,71.3198,4352,14,1.6484375,137.39453,127.95312,640.1328,10
3200.953,419,71.53846,4352,13,1.6484375,137.39453,129.83984,638.2461,10
3200.953,419,72.58883,4352,13,1.6484375,137.39453,126.72266,641.3633,10
3200.953,419,69.76744,4352,12,1.6484375,137.39453,127.99609,640.0898,10
3200.953,419,69.89796,4352,8,1.6484375,137.39453,128.89453,639.1914,10
3200.969,419,68.57143,4352,3,1.6484375,137.39453,129.09375,638.9922,10
3200.969,419,60.20672,4352,6,1.6484375,137.39453,130.17969,637.9062,10
3200.953,419,52.35602,4352,5,1.6484375,137.39453,127.16016,640.9258,10
3200.953,419,58.86889,4352,4,1.6484375,137.39453,133.80078,634.2852,10
3200.953,419,70.99237,4352,13,1.6484375,137.39453,130.68359,637.4023,10
3200.953,418,73.5369,4352,11,1.6484375,137.39453,131.91016,636.1758,10
3200.953,418,74.8731,4352,9,1.6484375,137.39453,128.65625,639.4297,10
3200.953,418,72.70408,4352,13,1.6484375,137.39453,125.07422,643.0117,10
3200.953,418,72.89003,4352,20,1.6484375,137.39453,128.38672,639.6992,10
3200.969,418,72.54408,4352,8,1.6484375,137.39453,131.98047,636.1055,10
3200.953,418,71.5736,4352,9,1.6484375,137.39453,132.26562,635.8203,10
3200.953,417,74.3073,4352,11,1.6484375,137.39453,128.35547,639.7305,10
3200.953,417,73.33333,4352,14,1.6484375,137.39453,129.59766,638.4883,10
3200.953,417,72.22222,4352,8,1.6484375,137.39453,128.58594,639.5,10
3200.953,417,73.73737,4352,3,1.6484375,137.39453,130.85156,637.2344,10
3200.953,417,70.22901,4352,8,1.6484375,137.39453,133.19531,634.8906,10
3200.953,417,72.95918,4352,14,1.6484375,137.39453,129.39453,638.6914,10
3200.953,417,72.63427,4384,6,1.6484375,137.39453,134.55078,633.5352,10
3200.953,417,71.02564,4384,8,1.6484375,137.39453,128.72656,639.3594,10
3200.953,417,69.26952,4384,13,1.6484375,137.39453,126.94922,641.1367,10
3200.953,417,66.32653,4384,8,1.6484375,137.39453,124.38281,643.7031,10
3200.953,417,65.90909,4384,13,1.6484375,137.39453,131.99609,636.0898,10
3200.953,417,63.15789,4416,15,1.6484375,137.39453,129.54297,638.543,10
3200.953,417,60.45918,4416,9,1.6484375,137.39453,136.16797,631.918,10
3200.953,417,64.14141,4416,9,1.65625,137.39453,133.03125,635.0469,10
3200.953,417,72.95918,4416,8,1.65625,137.39453,129.55859,638.5195,10
3201.152,417,69.50904,4416,7,1.65625,137.39453,131.67578,636.4023,10
3201.168,417,62.2449,4416,10,1.65625,137.39453,128.23438,639.8438,10
3201.168,417,72.58883,4416,8,1.65625,137.39453,129.875,638.2031,10
3200.969,417,60.62176,4416,6,1.65625,137.39453,126.66797,641.4102,10
3200.953,418,60.0,4416,8,1.65625,137.39453,130.39453,637.6836,10
3200.953,418,71.79487,4416,7,1.65625,137.39453,127.6875,640.3906,10
3200.953,418,71.71717,4416,6,1.65625,137.39453,130.71094,637.3672,10
3200.953,418,72.72727,4416,10,1.65625,137.39453,127.48438,640.5938,10
3200.969,418,70.02584,4416,4,1.65625,137.39453,125.13281,642.9453,10
3200.953,418,60.30928,4416,9,1.65625,137.39453,128.10547,639.9727,10
3200.969,418,62.40409,4416,11,1.65625,137.39453,130.625,637.4531,10
3200.969,418,59.17313,4416,4,1.65625,137.39453,133.17969,634.8984,10
3200.953,418,69.92288,4416,7,1.65625,137.39453,130.25391,637.8242,10
3200.953,418,72.26463,4416,13,1.65625,137.39453,128.91406,639.1641,10
3200.953,418,61.75711,4416,5,1.65625,137.39453,130.80078,637.2773,10
3200.969,418,64.63104,4416,5,1.65625,137.39453,130.96875,637.1094,10
3200.969,418,60.9375,4416,8,1.65625,137.39453,129.74219,638.3359,10
3200.953,418,59.84655,4416,6,1.65625,137.39453,126.40625,641.6719,10
3200.953,418,55.32468,4416,11,1.65625,137.39453,125.3125,642.7656,10
3200.953,418,68.01008,4416,11,1.65625,137.39453,127.55469,640.5234,10
3200.953,418,69.7733,4416,7,1.6640625,137.39453,135.53516,632.5352,10
3200.953,418,68.43434,4416,13,1.6640625,137.39453,132.30078,635.7695,10
3200.953,418,69.42356,4416,11,1.6640625,137.39453,128.47266,639.5977,10
3200.953,418,70.73791,4416,12,1.6640625,137.39453,125.99219,642.0781,10
3200.953,418,66.33416,4416,14,1.6640625,137.39453,127.16797,640.9023,10
3200.953,418,65.83541,4416,10,1.6640625,137.39453,129.35547,638.7148,10
3200.969,418,67.41855,4416,7,1.6640625,137.39453,128.51953,639.5508,10
3200.969,418,55.61224,4416,8,1.6640625,137.39453,130.77344,637.2969,10
3200.953,418,55.55556,4416,12,1.6640625,137.39453,128.94141,639.1289,10
3200.953,418,64.78149,4416,5,1.6640625,137.39453,131.00781,637.0625,10
3200.953,418,60.05089,4416,7,1.6640625,137.39453,127.56641,640.5039,10
3200.953,418,60.66838,4416,8,1.6640625,137.39453,125.57422,642.4961,10
3200.953,418,60.91371,4416,5,1.6640625,137.39453,128.60547,639.4648,10
3200.953,418,58.16327,4416,9,1.6640625,137.39453,130.07031,638.0,10
3200.969,418,73.09645,4416,8,1.6640625,137.39453,131.44531,636.625,10
3200.953,418,58.22785,4416,5,1.6640625,137.39453,132.80469,635.2656,10
3200.953,418,62.59542,4416,6,1.6640625,137.39453,129.93359,638.1367,10
3200.953,418,59.07928,4416,8,1.6640625,137.39453,126.76172,641.3086,10
3200.953,418,58.97436,4416,12,1.6640625,137.39453,127.91016,640.1602,10
3200.953,418,58.31202,4416,7,1.6679688,137.39453,129.99609,638.0703,10
3200.953,418,60.25641,4416,8,1.6679688,137.39453,127.75,640.3164,10
3200.953,418,60.56701,4416,3,1.691406,137.39453,126.46875,641.5742,10
3200.969,419,60.05155,4416,7,1.691406,137.39453,128.40234,639.6406,10
3200.953,419,65.90331,4416,6,1.691406,137.39453,130.46484,637.5781,10
3200.953,419,70.30457,4416,12,1.691406,137.39453,127.73828,640.3047,10
3200.953,419,71.09974,4416,7,1.691406,137.39453,128.83594,639.207,10
3200.969,419,60.1023,4416,9,1.691406,137.39453,126.53906,641.5039,10
3200.953,419,61.28205,4416,5,1.691406,137.39453,129.19922,638.8438,10
3200.953,419,54.96183,4416,7,1.691406,137.39453,135.75391,632.2891,10
3200.969,419,66.75127,4416,7,1.691406,137.39453,132.76562,635.2773,10
3200.969,419,55.83756,4416,3,1.691406,137.39453,130.74219,637.3008,10
3200.953,419,58.67347,4384,12,1.691406,137.39453,132.35156,635.6914,10
3200.953,419,59.94898,4384,8,1.691406,137.39453,130.53125,637.5117,10
3200.953,419,58.76289,4384,6,1.691406,137.39453,127.71875,640.3242,10
3200.969,419,61.86869,4384,8,1.691406,137.39453,126.16016,641.8828,10
3200.953,419,57.03518,4384,8,1.691406,137.39453,130.86328,637.1797,10
3200.953,419,54.06091,4352,11,1.691406,137.39453,128.88281,639.1602,10
3200.953,419,61.77215,4352,7,1.691406,137.39453,131.71875,636.3242,10
3200.953,419,56.99746,4352,7,1.691406,137.39453,134.47266,633.5703,10
3200.953,419,55.58442,4352,4,1.691406,137.39453,132.42578,635.6172,10
3200.953,419,71.93878,4352,11,1.691406,137.39453,129.45703,638.5859,10
3200.953,419,74.55013,4352,13,1.691406,137.39453,126.39453,641.6484,10
3200.953,419,68.46154,4352,8,1.691406,137.39453,134.70312,633.3398,10
3201.168,419,59.89717,4352,5,1.691406,137.39453,131.4375,636.6055,10
3201.168,419,68.10127,4352,13,1.691406,137.39453,129.57812,638.4648,10
3201.168,419,73.91304,4352,10,1.691406,137.39453,131.92578,636.1172,10
3200.953,419,60.0,4352,9,1.691406,137.39453,128.42578,639.6172,10
3200.953,419,62.33766,4352,5,1.691406,137.39453,127.76953,640.2734,10
3200.953,419,63.30749,4352,16,1.691406,137.39453,126.42969,641.6133,10
3200.969,419,66.49485,4352,3,1.691406,137.39453,132.37891,635.6641,10
3200.953,419,64.17526,4352,11,1.691406,137.39453,128.71484,639.3281,10
3200.953,419,56.99482,4352,8,1.691406,137.39453,135.1875,632.8555,10
3200.953,419,60.81425,4352,7,1.691406,137.39453,131.8125,636.2305,10
3200.953,419,62.2108,4352,8,1.691406,137.39453,131.67578,636.3672,10
3200.953,419,58.56777,4352,8,1.691406,137.39453,129.65234,638.3906,10
3200.953,419,70.73791,4384,12,1.691406,137.39453,126.45703,641.5859,10
3200.953,419,72.91139,4384,9,1.691406,137.39453,124.92969,643.1133,10
3200.953,419,71.90722,4384,9,1.691406,137.39453,133.09766,634.9453,10
3200.953,418,74.05542,4384,11,1.691406,137.39453,129.40625,638.6367,10
3200.953,419,73.09645,4384,8,1.691406,137.39453,132.01172,636.0312,10
3200.953,419,71.13924,4384,10,1.691406,137.39453,127.89453,640.1484,10
3200.953,419,66.91919,4384,9,1.691406,137.39453,125.57422,642.4688,10
3200.969,419,60.5598,4384,9,1.6992189999999998,137.38672,127.375,640.668,10
3201.168,419,64.63104,4384,14,1.6992189999999998,137.39453,125.25,642.7852,10
3201.168,419,66.49746,4384,13,1.6992189999999998,137.39453,128.12109,639.9141,10
3200.969,419,63.29114,4384,9,1.6992189999999998,137.39453,125.53516,642.5,10
3200.953,419,54.56853,4384,5,1.6992189999999998,137.39453,127.00781,641.0273,10
3200.953,419,53.28283,4384,6,1.6992189999999998,137.39453,125.17969,642.8555,10
3200.969,419,65.12821,4384,4,1.6992189999999998,137.39453,130.97656,637.0586,10
3200.953,419,66.49616,4384,11,1.6992189999999998,137.39453,134.27344,633.7617,10
3200.953,419,69.44444,4384,12,1.707031,137.39453,135.61328,632.4141,10
3200.953,419,69.30946,4384,17,1.707031,137.39453,131.75781,636.2695,10
3200.969,419,64.35897,4384,3,1.707031,137.39453,129.50391,638.5234,10
3200.953,419,61.0687,4384,5,1.707031,137.39453,127.75781,640.2695,10
3200.953,419,60.25974,4384,12,1.707031,137.39453,125.73438,642.293,10
3200.953,419,72.51908,4384,14,1.707031,137.39453,131.53516,636.4922,10
3200.953,419,64.94845,4384,7,1.707031,137.39453,128.66406,639.3633,10
3200.969,420,68.99225,4384,4,1.707031,137.39453,126.66797,641.3594,10
3200.969,420,59.33504,4384,3,1.707031,137.39453,128.50391,639.5234,10
3200.953,420,58.22785,4384,6,1.707031,137.39453,127.64062,640.3867,10
3200.953,420,70.22901,4384,13,1.707031,137.39453,130.92188,637.1055,10
3200.953,420,74.1688,4384,13,1.707031,137.39453,130.67188,637.3555,10
3200.953,420,70.99237,4384,11,1.707031,137.39453,131.62109,636.4062,10
3200.953,420,68.03069,4384,3,1.707031,137.39453,129.44141,638.5859,10
3200.969,420,64.69072,4384,4,1.707031,137.39453,127.64453,640.3828,10
3200.969,420,58.76289,4384,5,1.707031,137.39453,126.52734,641.5,10
3200.969,419,60.30928,4384,4,1.707031,137.39453,128.64844,639.3789,10
3200.969,419,59.12596,4384,5,1.707031,137.39453,126.77344,641.2539,10
3200.953,419,60.76923,4384,6,1.707031,137.39453,124.91406,643.1133,10
3200.953,419,63.30749,4384,6,1.707031,137.39453,127.94531,640.082,10
3200.953,419,59.84655,4384,5,1.707031,137.39453,126.60547,641.4219,10
3200.969,419,54.61538,4384,3,1.707031,137.39453,129.14453,638.8828,10
3200.969,419,62.98201,4384,3,1.707031,137.39453,126.34375,641.6836,10
3200.953,418,59.23077,4384,3,1.707031,137.39453,132.88281,635.1445,10
3200.969,418,58.79397,4384,4,1.707031,137.39453,135.19141,632.8359,10
3200.953,418,50.76142,4384,8,1.707031,137.39453,132.66016,635.3672,10
3200.953,418,49.74619,4384,7,1.707031,137.39453,129.92969,638.0977,10
3200.969,418,55.16373,4384,6,1.707031,137.39453,128.34375,639.6836,10
3200.969,418,51.16279,4384,8,1.707031,137.39453,131.04297,636.9844,10
3200.969,418,63.91753,4384,3,1.707031,137.39453,132.93359,635.0938,10
3200.953,418,57.88114,4384,4,1.707031,137.39453,130.85938,637.168,10
3200.953,418,60.05089,4384,5,1.707031,137.39453,129.82031,638.207,10
3200.969,418,61.89258,4384,7,1.707031,137.39453,127.79297,640.2344,10
3200.953,418,67.09845,4384,11,1.707031,137.39453,130.34375,637.6836,10
3200.953,418,70.84399,4384,13,1.707031,137.39453,129.78906,638.2383,10
3200.953,418,74.4898,4384,6,1.707031,137.39453,126.92969,641.0977,10
3200.953,418,71.61125,4384,7,1.707031,137.39453,125.15234,642.875,10
3200.953,418,65.90909,4384,8,1.707031,137.39453,126.46484,641.5625,10
3200.953,418,70.40816,4384,9,1.707031,137.39453,124.50391,643.5234,10
3200.953,418,75.64103,4384,12,1.707031,137.39453,131.09766,636.9297,10
3200.953,418,70.87629,4384,11,1.707031,137.39453,129.15625,638.8711,10
3200.953,418,71.13924,4384,10,1.7148439999999998,137.38672,133.61719,634.4102,10
3200.953,418,73.07692,4384,11,1.7148439999999998,137.39453,134.41406,633.6055,10
3200.953,418,73.5369,4352,17,1.7148439999999998,137.39453,131.81641,636.2031,10
3200.953,418,74.1688,4352,10,1.7148439999999998,137.39453,128.78125,639.2383,10
3200.953,418,70.37975,4352,13,1.7148439999999998,137.39453,130.94531,637.0742,10
3200.953,418,72.77354,4384,8,1.7148439999999998,137.39453,129.62109,638.3984,10
3200.953,418,74.0458,4384,7,1.7148439999999998,137.39453,128.08984,639.9297,10
3200.953,418,73.85787,4384,9,1.7148439999999998,137.39453,130.27734,637.7422,10
3200.953,418,69.89796,4384,15,1.7148439999999998,137.39453,133.25391,634.7656,10
3200.953,418,76.26263,4384,11,1.7148439999999998,137.39453,134.21094,633.8086,10
3200.953,418,73.5,4384,17,1.7148439999999998,137.39453,132.65234,635.3672,10
3200.953,418,73.68421,4384,17,1.7148439999999998,137.39453,127.32031,640.6992,10
3200.953,418,70.66327,4384,13,1.7148439999999998,137.39453,128.58203,639.4375,10
3200.953,418,65.31646,4384,5,1.7148439999999998,137.39453,130.68359,637.3359,10
3200.953,418,59.13706,4384,4,1.7148439999999998,137.39453,127.46875,640.5508,10
3200.969,418,54.45293,4384,5,1.7148439999999998,137.39453,126.15625,641.8633,10
3200.953,418,47.57033,4384,7,1.722656,137.38672,127.65234,640.3672,10
3200.953,418,57.17949,4384,8,1.722656,137.39453,130.02734,637.9844,10
3200.953,418,63.23907,4384,6,1.722656,137.39453,127.34766,640.6641,10
3200.953,418,59.38303,4384,5,1.722656,137.39453,131.89062,636.1211,10
3200.969,418,61.53846,4384,6,1.722656,137.39453,130.26562,637.7461,10
3200.953,418,57.1066,4384,10,1.722656,137.39453,128.67969,639.332,10
3200.969,418,64.52442,4384,8,1.722656,137.39453,130.60938,637.4023,10
3200.969,418,55.86735,4384,3,1.722656,137.39453,128.85938,639.1523,10
3200.953,418,58.82353,4384,5,1.722656,137.39453,127.08203,640.9297,10
3200.953,418,62.8866,4384,6,1.722656,137.39453,125.75391,642.2578,10
3200.969,418,58.52417,4384,14,1.722656,137.39453,130.30469,637.707,10
3200.969,418,66.83938,4384,3,1.722656,137.39453,132.33984,635.6719,10
3200.953,418,59.38303,4352,11,1.722656,137.39453,132.38281,635.6289,10
3200.969,418,58.13953,4352,4,1.7304689999999998,137.39453,134.42969,633.5742,10
3200.969,418,60.10499,4352,3,1.7304689999999998,137.39453,131.29688,636.707,10
3200.953,418,55.92784,4352,11,1.7304689999999998,137.39453,129.23047,638.7734,10
3200.953,418,60.72351,4352,7,1.7304689999999998,137.39453,126.66406,641.3398,10
3200.953,418,73.97959,4352,7,1.7304689999999998,137.39453,129.17578,638.8281,10
3200.953,418,72.65823,4384,13,1.7304689999999998,137.39453,126.22266,641.7812,10
3200.953,418,69.54315,4384,14,1.7304689999999998,137.39453,128.53906,639.4648,10
3200.953,418,63.93862,4384,7,1.7304689999999998,137.39453,132.35938,635.6445,10
3200.953,419,64.70588,4384,8,1.7304689999999998,137.39453,128.85938,639.1445,10
3200.953,420,70.66327,4384,14,1.7304689999999998,137.39453,128.69922,639.3047,10
3200.953,420,72.29219,4384,15,1.7304689999999998,137.39453,130.19922,637.8047,10
3200.953,420,71.71717,4384,8,1.7304689999999998,137.39453,131.92969,636.0742,10
3200.953,420,71.3198,4384,17,1.7304689999999998,137.39453,129.6875,638.3164,10
3200.953,420,71.3198,4384,15,1.7304689999999998,137.39453,128.67578,639.3281,10
3200.953,420,65.74307,4384,11,1.738281,137.39453,134.98047,633.0156,10
3200.953,420,59.85037,4384,13,1.738281,137.39453,132.71484,635.2812,10
3200.953,420,60.35806,4384,7,1.738281,137.39453,130.29297,637.7031,10
3200.953,420,53.65239,4384,4,1.738281,137.39453,128.03125,639.9648,10
3200.953,420,56.70886,4384,6,1.738281,137.39453,127.63281,640.3633,10
3200.969,420,58.41837,4384,4,1.738281,137.39453,129.14453,638.8516,10
3200.953,420,60.40609,4384,6,1.738281,137.39453,131.91406,636.082,10
3200.969,420,55.24297,4384,5,1.738281,137.39453,130.49219,637.5039,10
3200.953,420,65.80311,4384,9,1.738281,137.39453,124.15234,643.8438,10
3200.953,420,58.35476,4384,6,1.738281,137.39453,128.92969,639.0664,10
3200.953,420,71.89873,4384,9,1.738281,137.39453,127.64453,640.3516,10
3200.969,420,75.25253,4384,11,1.738281,137.39453,128.23438,639.7617,10
3200.969,420,64.93506000000001,4384,5,1.738281,137.39453,126.02344,641.9727,10
3200.953,420,58.29016,4384,8,1.738281,137.39453,127.33984,640.6562,10
3200.953,420,62.23958,4384,5,1.738281,137.39453,132.76953,635.2266,10
3200.953,420,64.45013,4384,7,1.738281,137.39453,130.69141,637.3047,10
3200.953,420,58.05627,4384,13,1.738281,137.39453,127.4375,640.5586,10
3200.969,420,56.63265,4384,6,1.738281,137.39453,125.37891,642.6172,10
3200.953,418,61.28205,4384,7,1.738281,137.39453,129.94531,638.0508,10
3200.969,418,68.78173,4384,4,1.738281,137.39453,131.16406,636.832,10
3200.969,418,59.74359,4384,5,1.738281,137.39453,128.83984,639.1562,10
3200.953,418,73.55164,4384,15,1.738281,137.39453,129.43359,638.5625,10
3200.953,418,71.82741,4384,10,1.738281,137.39453,131.25391,636.7422,10
3200.953,418,71.28205,4384,12,1.738281,137.39453,128.08203,639.9141,10
3200.953,418,64.2132,4384,6,1.738281,137.39453,131.03516,636.9609,10
3200.953,418,60.98191,4384,9,1.738281,137.39453,132.16797,635.8281,10
3200.969,418,59.68992,4384,6,1.738281,137.39453,131.40625,636.5898,10
3200.953,418,58.09769,4384,9,1.738281,137.39453,133.41797,634.5781,10
3200.953,418,56.85279,4384,6,1.738281,137.39453,129.70312,638.293,10
3200.953,418,61.46096,4384,10,1.738281,137.39453,132.0625,635.9336,10
3200.953,418,58.69018,4384,8,1.738281,137.39453,130.47656,637.5195,10
3200.969,418,60.95718,4352,4,1.738281,137.39453,130.23047,637.7656,10
3200.953,418,55.77889,4352,7,1.738281,137.39453,131.02344,636.9727,10
3200.953,418,57.25191,4352,12,1.738281,137.39453,128.70312,639.293,10
3200.969,418,57.58355,4352,8,1.738281,137.39453,126.49219,641.5039,10
3200.953,417,58.59375,4352,7,1.738281,137.39453,129.24609,638.75,10
3200.953,417,59.38303,4352,6,1.753906,137.37891,126.70312,641.293,10
3200.953,417,57.47423,4384,8,1.753906,137.40234,126.37891,641.5938,10
3200.953,417,66.31854,4384,9,1.753906,137.40234,130.43359,637.5391,10
3200.953,417,60.15228,4384,6,1.753906,137.40234,132.5,635.4727,10
3200.953,417,61.19792,4384,3,1.753906,137.40234,129.95703,638.0156,10
3200.969,417,60.86957,4384,9,1.753906,137.40234,129.49219,638.4805,10
3200.969,417,55.55556,4384,6,1.753906,137.40234,128.61719,639.3555,10
3201.168,417,64.70588,4384,7,1.753906,137.40234,127.30469,640.668,10
3201.184,417,59.74684,4384,8,1.753906,137.40234,126.70312,641.2695,10
3201.184,417,64.08269,4384,7,1.753906,137.40234,126.60547,641.3672,10
3201.184,417,61.69666,4384,4,1.753906,137.40234,125.76172,642.2109,10
3201.168,417,58.71795,4384,7,1.753906,137.40234,129.8125,638.1602,10
3200.953,417,61.36364,4384,7,1.753906,137.40234,131.28125,636.6914,10
3200.953,417,59.84456,4384,5,1.753906,137.40234,128.98438,638.9883,10
3200.953,417,58.26972,4384,5,1.753906,137.40234,126.91016,641.0625,10
3200.953,417,64.03061,4384,6,1.753906,137.40234,134.07422,633.8984,10
3200.953,417,55.72917,4384,5,1.753906,137.40234,131.54688,636.4258,10
3200.953,417,66.24365,4384,6,1.753906,137.40234,129.07422,638.8984,10
3200.969,417,57.66234,4384,10,1.753906,137.40234,127.98047,639.9922,10
3200.953,417,52.05128,4384,5,1.753906,137.40234,127.76172,640.2109,10
3200.969,417,69.56522,4384,6,1.7617189999999998,137.40234,131.63281,636.332,10
3200.969,417,56.2341,4384,7,1.7617189999999998,137.40234,130.5,637.4648,10
3200.953,417,54.45293,4384,8,1.7617189999999998,137.40234,128.37109,639.5938,10
3200.953,417,58.91473,4384,4,1.7617189999999998,137.40234,126.75781,641.207,10
3200.953,417,56.67506,4384,6,1.7617189999999998,137.40234,124.96484,643.0,10
3200.953,417,54.52261,4384,9,1.7617189999999998,137.40234,123.87109,644.0938,10
3200.969,417,56.70886,4384,3,1.7617189999999998,137.40234,132.45312,635.5117,10
3200.969,417,60.70529,4384,11,1.7617189999999998,137.40234,133.625,634.3398,10
3200.969,417,60.46512,4384,10,1.7617189999999998,137.40234,131.38281,636.582,10
3200.953,417,57.90816,4384,4,1.7617189999999998,137.40234,129.09766,638.8672,10
3200.953,417,71.09974,4384,8,1.7617189999999998,137.40234,126.50391,641.4609,10
3200.953,417,76.38191,4384,13,1.7617189999999998,137.40234,127.73828,640.2266,10
3200.953,417,71.79487,4384,11,1.769531,137.40234,130.86328,637.0938,10
3200.953,417,76.20253,4384,9,1.769531,137.40234,126.98438,640.9727,10
3200.953,417,72.44898,4384,17,1.769531,137.40234,128.40625,639.5508,10
3200.953,417,71.9697,4384,18,1.769531,137.40234,126.84766,641.1094,10
3200.953,417,72.19388,4384,7,1.769531,137.40234,128.85938,639.0977,10
3200.953,417,72.47475,4384,18,1.769531,137.40234,129.21094,638.7461,10
3200.953,417,70.99237,4384,13,1.769531,137.40234,132.57031,635.3867,10
3200.953,417,71.64557,4384,7,1.769531,137.40234,129.75391,638.2031,10
3200.953,417,69.23077,4384,7,1.769531,137.40234,127.97656,639.9805,10
3200.953,417,70.22901,4384,14,1.769531,137.40234,130.16797,637.7891,10
3200.953,417,67.43003,4384,13,1.769531,137.40234,128.28125,639.6758,10
3200.953,417,70.81218,4384,6,1.769531,137.40234,125.60156,642.3555,10
3200.953,417,67.09512,4384,11,1.769531,137.40234,128.44141,639.5156,10
3200.953,417,71.82741,4384,14,1.769531,137.40234,127.18359,640.7734,10
3200.953,417,72.91139,4384,7,1.769531,137.40234,128.82031,639.1367,10
3200.953,417,68.38046,4384,8,1.769531,137.40234,130.58594,637.3711,10
3200.953,417,69.05371,4384,12,1.769531,137.40234,128.85156,639.1055,10
3200.953,417,71.03275,4384,10,1.769531,137.40234,134.48828,633.4688,10
3200.953,417,70.91837,4384,13,1.769531,137.40234,131.50781,636.4492,10
3200.953,417,72.36181,4384,9,1.769531,137.40234,128.80078,639.1562,10
3200.953,417,72.58883,4384,17,1.769531,137.40234,130.66797,637.2891,10
3200.953,417,69.03553,4384,11,1.769531,137.40234,126.97656,640.9805,10
3200.953,417,68.60759,4384,13,1.769531,137.40234,131.93359,636.0234,10
3200.953,417,61.75,4384,16,1.769531,137.40234,129.22656,638.7305,10
3200.953,417,59.45274,4384,11,1.7773439999999998,137.40234,125.60156,642.3477,10
3200.953,417,68.79795,4384,10,1.7773439999999998,137.40234,128.25781,639.6914,10
3200.953,417,71.3198,4384,10,1.7773439999999998,137.40234,125.65625,642.293,10
3200.953,417,70.30457,4384,11,1.7773439999999998,137.40234,126.9375,641.0117,10
3200.953,417,74.61929,4384,9,1.7773439999999998,137.40234,128.84375,639.1055,10
3200.953,417,74.10256,4384,8,1.7773439999999998,137.40234,131.22266,636.7266,10
3200.953,417,69.13265,4384,6,1.7773439999999998,137.40234,129.63672,638.3125,10
3200.953,418,74.17722,4384,7,1.7773439999999998,137.40234,127.61328,640.3359,10
3200.953,418,72.1519,4384,11,1.7773439999999998,137.40234,128.48828,639.4609,10
3200.953,418,70.40816,4384,7,1.7773439999999998,137.40234,125.80859,642.1406,10
3200.953,418,67.60204,4384,11,1.785156,137.40234,133.91016,634.0312,10
3200.953,418,71.97943,4384,10,1.785156,137.40234,131.77734,636.1641,10
3200.953,418,74.61538,4384,13,1.785156,137.40234,125.48828,642.4531,10
3200.953,418,71.39175,4384,11,1.785156,137.40234,122.25781,645.6836,10
3200.953,418,70.48346,4384,10,1.785156,137.40234,129.85547,638.0859,10
3200.953,418,69.57606,4384,15,1.785156,137.40234,131.26172,636.6797,10
3200.953,418,71.53846,4384,16,1.785156,137.40234,128.80078,639.1406,10
3200.953,418,70.76923,4384,13,1.785156,137.40234,130.92969,637.0117,10
3200.953,418,71.03275,4384,10,1.785156,137.40234,132.38281,635.5586,10
3200.953,418,72.77354,4384,11,1.785156,137.40234,127.26953,640.6719,10
3200.953,418,72.37852,4384,8,1.785156,137.40234,125.03906,642.9023,10
3200.953,418,71.06599,4384,10,1.785156,137.40234,124.05859,643.8828,10
3200.953,418,69.97455,4384,17,1.785156,137.40234,127.57031,640.3711,10
3200.953,418,67.51269,4384,11,1.785156,137.40234,128.28906,639.6523,10
3200.953,418,69.74359,4384,13,1.785156,137.40234,125.66797,642.2734,10
3200.953,418,69.84925,4384,12,1.785156,137.40234,126.24219,641.6992,10
3200.953,418,69.38776,4384,13,1.785156,137.40234,128.44141,639.5,10
3200.969,418,66.32911,4384,3,1.785156,137.40234,131.71094,636.2305,10
3200.953,418,59.34343,4384,14,1.789062,137.39844,127.54297,640.3984,10
3200.953,418,63.25,4384,19,1.789062,137.40234,123.87891,644.0586,10
3200.953,418,57.82828,4384,11,1.789062,137.40234,129.56641,638.3711,10
3200.953,418,68.26196,4384,11,1.789062,137.40234,125.82031,642.1172,10
3200.953,418,72.68041,4384,11,1.789062,137.40234,126.47266,641.4648,10
3200.953,418,73.97959,4384,12,1.789062,137.40234,126.98047,640.957,10
3200.953,418,72.22222,4384,9,1.796875,137.39453,125.94141,641.9961,10
3200.953,418,71.06599,4384,9,1.796875,137.40234,129.35938,638.5703,10
3200.953,418,73.60406,4384,8,1.796875,137.40234,130.30859,637.6211,10
3200.953,418,72.58883,4384,17,1.796875,137.40234,127.4375,640.4922,10
3200.953,418,73.09645,4384,16,1.796875,137.40234,131.13672,636.793,10
3200.953,418,74.87179,4384,12,1.796875,137.40234,127.77344,640.1562,10
3200.953,418,72.91139,4384,9,1.796875,137.40234,126.00781,641.9219,10
3200.953,417,68.78173,4384,12,1.796875,137.40234,125.0,642.9297,10
3200.953,417,69.48718,4384,8,1.796875,137.40234,126.96094,640.9688,10
3200.953,417,71.61125,4384,12,1.796875,137.40234,126.55078,641.3789,10
3200.953,417,72.09302,4384,11,1.796875,137.40234,133.17578,634.7539,10
3200.953,417,71.5736,4384,12,1.796875,137.40234,134.53125,633.3984,10
3200.953,417,71.93878,4384,10,1.796875,137.40234,130.34766,637.582,10
3200.953,417,69.94949,4352,12,1.796875,137.40234,128.16016,639.7695,10
3200.953,417,69.68912,4352,5,1.796875,137.40234,130.29297,637.6367,10
3200.953,417,67.34177,4352,8,1.796875,137.40234,131.55469,636.375,10
3200.953,417,70.48346,4352,12,1.796875,137.40234,129.54297,638.3867,10
3200.953,417,73.46939,4352,8,1.796875,137.40234,130.82812,637.1016,10
3200.953,417,71.75573,4352,14,1.796875,137.40234,131.08203,636.8477,10
3200.953,417,70.07673,4352,7,1.796875,137.40234,128.15625,639.7734,10
3200.953,417,71.82741,4352,21,1.796875,137.40234,126.35156,641.5781,10
3200.953,417,69.74359,4352,11,1.796875,137.40234,124.30078,643.6289,10
3201.184,417,65.80977,4352,7,1.796875,137.40234,126.21875,641.7109,10
3201.168,417,66.66667,4352,9,1.796875,137.40234,127.77734,640.1523,10
3201.168,417,63.35878,4352,6,1.796875,137.40234,129.625,638.3047,10
3200.953,417,56.01966,4352,10,1.796875,137.40234,129.67578,638.2539,10
3200.953,417,59.35162,4352,16,1.804688,137.40234,125.42188,642.5,10
3200.953,417,70.42607,4352,9,1.804688,137.40234,129.13672,638.7852,10
3200.953,417,71.35678,4352,13,1.804688,137.40234,125.49609,642.4258,10
3200.953,417,72.44898,4352,12,1.804688,137.40234,128.77344,639.1484,10
3200.953,417,72.49357,4352,6,1.804688,137.40234,134.57422,633.3477,10
3200.953,417,73.58974,4352,10,1.804688,137.40234,132.52344,635.3984,10
3200.953,418,73.97959,4352,9,1.804688,137.42188,130.03516,637.8672,10
3200.953,418,72.49357,4352,6,1.804688,137.42188,128.23047,639.6719,10
3200.953,418,72.19388,4352,9,1.804688,137.42188,131.25391,636.6484,10
3200.953,418,73.48485,4352,10,1.804688,137.42188,127.42578,640.4766,10
3200.969,418,72.12276,4352,11,1.804688,137.42188,134.45703,633.4453,10
3200.953,418,74.43038,4352,12,1.804688,137.42188,131.06641,636.8359,10
3200.953,418,70.0,4352,16,1.804688,137.42188,128.51953,639.3828,10
3200.953,418,71.50259,4352,12,1.804688,137.42188,129.75,638.1523,10
3200.953,418,70.37975,4352,16,1.804688,137.42188,128.19531,639.707,10
3200.953,418,69.13265,4352,11,1.804688,137.42188,135.66406,632.2383,10
3200.953,418,70.51282,4352,12,1.804688,137.42188,130.98828,636.9141,10
3200.953,419,67.25888,4352,10,1.804688,137.42188,127.26953,640.6328,10
3200.969,419,73.92405,4352,8,1.804688,137.42188,129.11719,638.7852,10
3200.953,419,57.94872,4352,8,1.804688,137.42188,125.92188,641.9805,10
3200.953,419,58.76289,4352,7,1.804688,137.42188,123.91016,643.9922,10
3200.953,419,68.11224,4352,9,1.804688,137.42188,131.16406,636.7383,10
3200.953,419,69.44444,4384,8,1.804688,137.42188,128.29297,639.6094,10
3200.953,419,62.14834,4384,9,1.804688,137.42188,132.375,635.5273,10
3200.953,419,64.87179,4384,6,1.804688,137.42188,126.26562,641.6367,10
3200.953,419,68.26196,4384,12,1.804688,137.42188,129.21875,638.6836,10
3200.953,419,69.38776,4384,9,1.804688,137.42188,131.79688,636.1055,10
3200.953,419,62.87879,4384,14,1.804688,137.42188,133.12109,634.7812,10
3200.953,419,64.07035,4384,9,1.804688,137.42188,128.41406,639.4883,10
3200.953,419,59.95025,4384,8,1.8125,137.42188,129.51562,638.3789,10
3200.953,418,60.09975,4384,10,1.8125,137.42188,129.84375,638.0508,10
3200.953,418,69.79695,4384,13,1.8125,137.42188,131.0625,636.832,10
3200.953,418,71.24682,4384,9,1.8125,137.42188,128.82031,639.0742,10
3200.953,418,72.84264,4384,12,1.8125,137.42188,126.57812,641.3164,10
3200.953,418,69.3299,4384,12,1.8125,137.42188,130.34766,637.5469,10
3200.953,418,69.69697,4384,9,1.8125,137.42188,131.75391,636.1406,10
3200.953,419,71.42857,4384,8,1.8125,137.42188,129.26562,638.6289,10
3200.953,419,70.40816,4384,8,1.8125,137.42188,129.90625,637.9883,10
3200.953,420,71.13924,4384,12,1.8125,137.42188,130.1875,637.707,10
3200.953,420,74.48454,4384,10,1.8125,137.42188,128.73828,639.1562,10
3200.953,420,70.54264,4384,7,1.8125,137.42188,128.17578,639.7188,10
3200.953,420,74.30025,4384,8,1.8125,137.42188,130.07812,637.8164,10
3200.953,420,74.10256,4384,12,1.8125,137.42188,131.21094,636.6836,10
3200.953,420,70.95116,4384,11,1.8125,137.42188,132.38672,635.5078,10
3200.953,420,73.67089,4384,13,1.820312,137.42188,133.94531,633.9414,10
3200.953,420,71.50127,4384,11,1.820312,137.42188,129.76172,638.125,10
3200.953,420,72.30769,4352,6,1.820312,137.42188,128.14844,639.7383,10
3200.953,420,69.62025,4352,8,1.820312,137.42188,127.71094,640.1758,10
3200.953,420,73.67089,4352,16,1.820312,137.42188,128.80859,639.0781,10
3200.953,420,73.60406,4352,9,1.820312,137.42188,128.53125,639.3555,10
3200.953,420,74.87437,4352,10,1.820312,137.42188,133.91797,633.9688,10
3200.953,420,72.40506,4352,14,1.820312,137.42188,129.76172,638.125,10
3200.953,420,71.86701,4352,9,1.820312,137.42188,127.32812,640.5586,10
3200.953,420,69.56522,4352,13,1.820312,137.42188,124.86719,643.0195,10
3200.953,420,69.36709,4352,11,1.820312,137.42188,132.69531,635.1914,10
3200.953,420,69.11392,4352,11,1.820312,137.42188,128.28125,639.6055,10
3200.953,420,68.5,4352,10,1.820312,137.42188,130.04688,637.8398,10
3200.953,420,67.66917,4352,13,1.820312,137.42188,127.33984,640.5469,10
3200.953,420,64.66165,4352,10,1.820312,137.42188,122.61328,645.2734,10
3200.953,420,60.90226,4352,9,1.828125,137.42188,125.98438,641.8945,10
3200.953,420,59.69773,4352,13,1.828125,137.48438,124.46484,643.3516,10
3200.953,420,70.07673,4352,18,1.828125,137.48438,124.35156,643.4648,10
3200.953,420,72.70408,4352,12,1.828125,137.48438,121.76562,646.0508,10
3200.953,420,74.49495,4352,13,1.828125,137.48438,132.66406,635.1523,10
3200.953,420,71.24682,4352,15,1.828125,137.48438,129.77344,638.043,10
3200.953,420,70.9596,4352,10,1.828125,137.48438,127.91406,639.9023,10
3200.953,420,69.48718,4352,12,1.828125,137.48438,125.94531,641.8711,10
3200.953,420,72.05128,4352,9,1.828125,137.48438,127.95703,639.8594,10
3200.953,420,71.68367,4352,11,1.828125,137.48438,124.78516,643.0312,10
3200.953,420,70.55838,4352,10,1.828125,137.48438,123.01562,644.8008,10
3200.953,420,72.09302,4352,10,1.828125,137.48438,129.57031,638.2461,10
3200.953,420,69.13265,4352,10,1.828125,137.48438,128.88672,638.9297,10
3200.953,420,75.44304,4352,11,1.828125,137.48438,124.73047,643.0859,10
3200.969,420,72.84264,4352,13,1.828125,137.48438,122.80469,645.0117,10
3200.953,420,61.43959,4352,6,1.828125,137.48438,125.94141,641.875,10
3200.969,420,61.84211,4352,5,1.828125,137.48438,127.21094,640.6055,10
3200.969,420,57.47423,4352,4,1.828125,137.48438,126.52734,641.2891,10
3200.953,420,59.84655,4352,5,1.828125,137.48438,128.07422,639.7422,10
3201.168,420,61.73469,4352,9,1.828125,137.48438,125.59766,642.2188,10
3201.184,420,60.25641,4352,3,1.828125,137.48438,131.96875,635.8477,10
3201.168,420,61.8799,4352,6,1.828125,137.48438,129.90234,637.9141,10
3200.953,420,55.83756,4352,9,1.828125,137.48438,127.66016,640.1562,10
3200.953,420,67.17557,4352,9,1.828125,137.48438,125.9375,641.8789,10
3200.953,420,68.70229,4352,12,1.828125,137.48438,133.64844,634.168,10
3200.953,420,63.0102,4352,6,1.828125,137.48438,129.4375,638.3789,10
3200.953,420,68.44784,4352,12,1.828125,137.48438,126.61719,641.1992,10
3200.953,420,69.54315,4352,10,1.828125,137.48438,129.65234,638.1641,10
3200.953,420,66.83417,4352,12,1.828125,137.48438,129.72266,638.0938,10
3200.953,420,65.83541,4352,13,1.828125,137.48438,129.20312,638.6133,10
3200.953,420,64.8855,4352,9,1.828125,137.48438,127.39844,640.418,10
3200.953,420,64.07035,4352,10,1.828125,137.48438,128.31641,639.5,10
3200.953,420,72.08122,4352,10,1.828125,137.48438,130.21875,637.5977,10
3201.168,420,62.7907,4352,5,1.828125,137.48438,128.44531,639.3711,10
3201.168,420,61.34021,4352,7,1.828125,137.48438,132.44141,635.375,10
3201.168,420,67.67677,4352,7,1.828125,137.48438,129.51562,638.3008,10
3201.168,420,71.75573,4352,11,1.828125,137.48438,129.51562,638.3008,10
3200.953,420,73.84615,4352,14,1.828125,137.48438,130.28906,637.5273,10
3200.953,420,73.02799,4352,12,1.828125,137.48438,131.46484,636.3516,10
3200.953,420,61.28205,4352,9,1.828125,137.48438,129.61719,638.1992,10
3200.953,420,66.49351,4352,7,1.828125,137.48438,127.18359,640.6328,10
3200.953,420,60.45918,4352,8,1.828125,137.48438,129.40625,638.4102,10
3200.953,420,59.58549,4352,9,1.828125,137.48438,127.60156,640.2148,10
3200.953,420,58.71795,4352,12,1.828125,137.48438,124.60547,643.2109,10
3200.953,420,61.38107,4352,19,1.828125,137.48438,123.78516,644.0312,10
3200.953,420,72.19388,4352,10,1.828125,137.48438,134.98047,632.8359,10
3200.953,420,77.66497,4352,12,1.828125,137.48438,131.01562,636.8008,10
3200.953,420,72.84264,4352,14,1.828125,137.48438,133.12891,634.6875,10
3200.953,420,72.44898,4352,13,1.828125,137.48438,130.01953,637.7969,10
3200.953,420,71.31783,4352,11,1.828125,137.48438,129.92578,637.8906,10
3200.953,420,66.49616,4352,9,1.828125,137.48438,132.53125,635.2852,10
3200.953,420,58.35476,4352,5,1.828125,137.48438,129.05859,638.7578,10
3201.168,420,64.87179,4352,15,1.828125,137.48438,127.73828,640.0781,10
3201.168,420,72.01018,4352,10,1.828125,137.48438,130.125,637.6914,10
3201.168,420,72.6817,4352,10,1.828125,137.48438,131.39062,636.4258,10
3200.969,420,63.82429,4352,4,1.835938,137.47656,126.92188,640.8945,10
3200.953,420,68.60759,4352,12,1.835938,137.48438,133.70312,634.1055,10
3200.953,420,70.48346,4352,9,1.835938,137.48438,130.3125,637.4961,10
3200.953,420,66.41414,4352,8,1.835938,137.48438,127.85156,639.957,10
3200.953,420,61.9403,4352,11,1.835938,137.48438,130.18359,637.625,10
3200.953,420,55.44554,4352,10,1.835938,137.48438,129.00781,638.8008,10
3200.953,420,58.26972,4352,9,1.835938,137.48438,124.42578,643.3828,10
3200.953,420,71.42857,4352,10,1.835938,137.48438,132.90234,634.9062,10
3200.953,420,73.00771,4352,9,1.835938,137.48438,130.60547,637.2031,10
3200.953,420,71.13924,4352,9,1.835938,137.48438,127.70703,640.1016,10
3200.953,420,71.64948,4352,9,1.835938,137.48438,125.89844,641.9102,10
3200.953,420,71.46465,4352,12,1.835938,137.48438,128.26172,639.5469,10
3200.969,420,70.66327,4352,13,1.84375,137.47656,134.64062,633.168,10
3200.953,421,70.05076,4352,14,1.84375,137.48438,132.39844,635.4023,10
3200.953,421,69.30946,4352,9,1.84375,137.48438,129.00781,638.793,10
3200.953,421,73.41772,4352,15,1.84375,137.48438,127.20312,640.5977,10
3200.953,421,71.50127,4352,8,1.84375,137.48438,125.25,642.5508,10
3200.953,421,74.61538,4352,10,1.84375,137.48438,134.50391,633.2969,10
3200.953,421,71.06599,4352,10,1.84375,137.48438,130.15625,637.6445,10
3200.953,421,75.1269,4352,16,1.84375,137.48438,131.57031,636.2305,10
3200.953,421,72.30769,4352,14,1.84375,137.48438,128.91797,638.8828,10
3200.953,421,73.65729,4352,9,1.84375,137.48438,130.54297,637.2578,10
3200.953,421,72.95918,4352,13,1.84375,137.48438,131.86328,635.9375,10
3200.953,421,74.68354,4352,7,1.84375,137.48438,131.57812,636.2227,10
3200.953,421,71.24682,4352,10,1.84375,137.48438,128.625,639.1758,10
3200.953,421,71.28463,4352,9,1.84375,137.48438,127.03906,640.7617,10
3200.953,421,71.75573,4352,12,1.84375,137.48438,125.35156,642.4492,10
3200.953,421,72.08122,4384,10,1.84375,137.48438,129.07812,638.7227,10
3200.953,421,71.25,4384,14,1.84375,137.48438,130.00391,637.7969,10
3200.953,420,66.24041,4384,4,1.84375,137.48438,129.32031,638.4805,10
3200.953,420,66.91919,4384,11,1.84375,137.48438,127.21484,640.5859,10
3200.969,419,60.92545,4384,3,1.84375,137.48438,128.65625,639.1445,10
3200.969,419,64.97462,4384,11,1.84375,137.48438,125.16797,642.6328,10
3200.953,419,61.83206,4384,12,1.84375,137.48438,128.51562,639.2852,10
3200.953,419,52.05128,4384,3,1.84375,137.48438,127.17969,640.6211,10
3200.969,419,51.52284,4384,5,1.84375,137.48438,134.29297,633.5078,10
3200.969,419,53.86598,4384,4,1.84375,137.48438,131.10938,636.6914,10
3200.953,419,57.55208,4384,8,1.84375,137.48438,128.04688,639.7539,10
3200.953,419,59.07928,4384,6,1.84375,137.48438,132.83203,634.9688,10
3200.953,419,58.20513,4384,8,1.84375,137.48438,129.08594,638.7148,10
3200.969,419,64.35897,4384,3,1.84375,137.48438,125.83203,641.9688,10
3200.969,419,61.92893,4384,3,1.84375,137.48438,128.66016,639.1406,10
3200.953,419,57.32648,4384,3,1.84375,137.48438,127.32031,640.4805,10
3200.953,420,60.56701,4384,10,1.84375,137.48438,125.67969,642.1211,10
3200.953,420,63.58974,4384,12,1.84375,137.48438,125.07812,642.7227,10
3200.953,420,73.28244,4384,7,1.84375,137.48438,122.86328,644.9375,10
3200.953,420,71.13402,4384,12,1.84375,137.48438,124.82031,642.9805,10
3200.953,420,68.47545,4384,4,1.84375,137.48438,130.54688,637.2539,10
3200.969,420,70.9596,4384,11,1.84375,137.48438,128.30469,639.4961,10
3200.953,420,71.75573,4384,11,1.84375,137.48438,126.34766,641.4531,10
3200.953,420,71.10553,4384,13,1.84375,137.48438,132.97266,634.8281,10
3200.953,420,70.20202,4384,11,1.84375,137.48438,127.63672,640.1641,10
3200.953,420,70.48346,4384,8,1.84375,137.48438,131.69531,636.1055,10
3200.953,420,69.43005,4384,9,1.84375,137.48438,130.54688,637.2539,10
3200.953,420,70.20202,4384,11,1.84375,137.48438,131.72656,636.0742,10
3200.953,421,69.66581,4384,10,1.84375,137.48438,134.33594,633.4648,10
3200.953,421,69.62025,4384,15,1.84375,137.48438,131.83203,635.9688,10
3200.953,421,73.04786,4384,9,1.84375,137.48438,133.45312,634.3477,10
3200.953,421,69.87342,4384,13,1.84375,137.48438,130.00781,637.793,10
3200.969,421,69.74359,4384,10,1.84375,137.48438,127.49219,640.3086,10
3200.953,421,58.88325,4384,7,1.84375,137.48438,125.24219,642.5586,10
3200.953,421,63.5443,4384,12,1.984375,137.48438,128.875,638.7852,10
3200.953,421,64.66165,4384,14,1.984375,137.48438,129.4375,638.2227,10
3200.953,421,67.08861,4384,9,1.984375,137.48438,131.54297,636.1172,10
3200.953,421,63.43284,4384,10,1.992188,137.48438,129.0,638.6523,10
3201.773,423,59.25,4352,13,1.992188,137.48438,125.55469,642.0977,10
3200.953,421,56.81818,4384,5,1.992188,137.48438,126.91406,640.7383,10
3200.953,421,65.64103,4384,6,1.992188,137.48438,123.96484,643.6875,10
3200.969,421,68.81443,4384,3,1.992188,137.48438,125.56641,642.0859,10
3200.953,421,63.58974,4384,9,1.992188,137.48438,129.44531,638.207,10
3200.953,421,67.86632,4384,9,1.992188,137.48438,128.08984,639.5625,10
3200.953,421,62.5974,4384,5,1.992188,137.48438,131.65234,636.0,10
3200.953,421,60.25641,4384,9,1.992188,137.48438,129.32812,638.3242,10
3200.953,421,62.37113,4384,10,1.992188,137.48438,131.76562,635.8867,10
3200.953,421,61.89258,4384,8,1.992188,137.48438,129.66016,637.9922,10
3200.953,421,58.33333,4384,5,1.992188,137.48438,129.44141,638.2109,10
3200.969,421,60.98191,4384,10,1.992188,137.48438,127.80859,639.8438,10
3200.953,421,56.2341,4384,6,1.992188,137.48438,125.97656,641.6758,10
3200.953,421,51.92802,4384,9,1.992188,137.48438,124.08984,643.5625,10
3200.953,421,67.7665,4384,8,1.992188,137.48438,127.01953,640.6328,10
3200.953,421,72.26463,4384,13,1.992188,137.48438,129.80859,637.8438,10
3200.953,421,72.68041,4352,11,1.992188,137.48438,130.24609,637.4062,10
3200.969,421,58.1864,4352,4,1.992188,137.48438,128.25391,639.3984,10
3200.953,421,61.9171,4320,3,1.992188,137.48438,126.13281,641.5195,10
3200.953,421,61.85567,4320,13,1.992188,137.48438,125.44922,642.2031,10
3200.953,421,71.21212,4320,12,1.992188,137.48438,129.29688,638.3555,10
3200.953,421,71.28205,4320,9,1.992188,137.48438,130.55469,637.0977,10
3200.953,421,72.40506,4352,8,1.992188,137.48438,128.75,638.9023,10
3200.953,421,71.8593,4352,10,1.992188,137.48438,131.00781,636.6445,10
3200.969,421,71.24682,4352,10,1.992188,137.48438,128.46484,639.1875,10
3200.953,421,59.59079,4352,7,1.992188,137.48438,125.78906,641.8633,10
3200.953,422,58.05627,4352,6,1.992188,137.48438,127.84375,639.8086,10
3200.953,422,58.20513,4352,6,1.992188,137.48438,125.94141,641.7109,10
3200.969,422,63.03797,4352,5,1.992188,137.48438,127.97266,639.6797,10
3200.953,422,60.81425,4352,12,1.992188,137.48438,125.05078,642.6016,10
3200.953,422,61.11111,4352,9,1.992188,137.48438,123.125,644.5273,10
3200.953,422,67.25441000000001,4352,13,2.007812,137.46875,128.31641,639.3359,10
3200.953,422,72.12276,4352,8,2.007812,137.48438,131.36328,636.2734,10
3200.953,422,62.9156,4352,16,2.007812,137.48438,129.125,638.5117,10
3200.953,422,68.47545,4352,9,2.007812,137.48438,125.81641,641.8203,10
3200.953,422,69.89796,4352,12,2.007812,137.48438,126.70312,640.9336,10
3200.953,422,70.66327,4352,10,2.007812,137.48438,126.32031,641.3164,10
3200.953,422,75.1269,4352,16,2.007812,137.48438,128.15625,639.4805,10
3200.953,422,72.12276,4352,6,2.007812,137.48438,124.41406,643.2227,10
3200.953,422,70.9596,4352,9,2.007812,137.48438,132.87891,634.7578,10
3200.953,422,72.63427,4352,11,2.007812,137.48438,129.30078,638.3359,10
3200.953,422,72.91139,4352,7,2.007812,137.48438,129.13672,638.5,10
3200.953,422,73.73737,4352,12,2.007812,137.48438,126.35156,641.2852,10
3200.953,422,72.42268,4352,8,2.007812,137.48438,124.85156,642.7852,10
3200.953,422,72.75064,4352,13,2.007812,137.48438,127.86719,639.7695,10
3200.953,422,72.26463,4352,16,2.007812,137.48438,125.95312,641.6836,10
3200.953,422,70.55838,4384,15,2.007812,137.48438,128.71484,638.9219,10
3200.953,422,71.82741,4384,9,2.007812,137.48438,125.05469,642.582,10
3200.953,422,71.24682,4384,15,2.007812,137.48438,122.15234,645.4844,10
3200.969,422,68.27411,4384,9,2.007812,137.48438,129.07031,638.5664,10
3200.953,422,71.28463,4384,19,2.015625,137.47656,128.84766,638.7891,10
3200.953,422,70.63291,4384,15,2.015625,137.48438,125.49609,642.1328,10
3200.953,422,70.87629,4384,11,2.015625,137.48438,127.28906,640.3398,10
3200.953,422,68.18182,4384,10,2.015625,137.48438,124.08984,643.5391,10
3200.953,422,69.13265,4384,11,2.015625,137.48438,123.51953,644.1094,10
3200.953,422,68.0203,4384,10,2.015625,137.48438,126.62891,641.0,10
3200.953,422,64.83791,4384,14,2.015625,137.48438,125.40234,642.2266,10
3200.953,422,64.64646,4384,12,2.015625,137.48438,131.26172,636.3672,10
3200.953,422,63.79747,4384,7,2.015625,137.48438,127.67969,639.9492,10
3200.953,422,58.10474,4384,8,2.015625,137.48438,123.80078,643.8281,10
3200.953,422,60.91371,4384,11,2.015625,137.48438,129.46875,638.1602,10
3200.953,422,66.32124,4352,10,2.015625,137.48438,133.19141,634.4375,10
3200.953,422,69.13265,4352,6,2.015625,137.48438,128.57031,639.0586,10
3200.953,422,69.48718,4352,12,2.015625,137.48438,125.17969,642.4492,10
3200.953,422,74.1688,4352,12,2.015625,137.48438,132.57031,635.0586,10
3200.953,422,70.76923,4352,15,2.015625,137.48438,128.41406,639.2148,10
3200.953,422,72.91139,4352,14,2.015625,137.48438,126.15234,641.4766,10
3200.953,422,71.93878,4352,16,2.015625,137.48438,125.13281,642.4961,10
3200.953,422,71.28205,4352,14,2.015625,137.48438,130.27344,637.3555,10
3200.953,422,69.61039,4352,11,2.015625,137.48438,128.03125,639.5977,10
3200.953,422,70.61856,4352,9,2.015625,137.48438,126.00781,641.6211,10
3200.953,422,69.58763,4352,10,2.015625,137.48438,132.26562,635.3633,10
3200.969,422,71.90722,4352,14,2.015625,137.48438,127.83594,639.793,10
3200.953,422,69.56522,4352,8,2.015625,137.48438,133.63672,633.9922,10
3200.953,422,76.03093,4384,14,2.015625,137.48438,130.375,637.2539,10
3200.953,422,70.61856,4384,14,2.023438,137.48438,134.39453,633.2266,10
3200.953,422,68.79795,4384,8,2.023438,137.48438,131.38672,636.2344,10
3200.953,422,71.79487,4384,12,2.023438,137.48438,128.57031,639.0508,10
3200.953,422,72.40506,4384,12,2.023438,137.48438,125.64844,641.9727,10
3200.953,422,70.0,4384,13,2.023438,137.48438,130.50391,637.1172,10
3200.953,421,71.3198,4384,10,2.023438,137.48438,127.06641,640.5547,10
3200.953,421,73.5369,4384,12,2.023438,137.48438,127.10547,640.5156,10
3200.953,421,71.93878,4384,16,2.023438,137.48438,129.46094,638.1602,10
3200.953,421,69.38776,4384,10,2.023438,137.48438,126.26172,641.3594,10
3200.953,421,67.8481,4384,10,2.023438,137.48438,124.07422,643.5469,10
3200.953,421,69.74359,4384,7,2.023438,137.48438,125.34375,642.2773,10
3200.953,421,70.02519,4384,8,2.023438,137.48438,127.28516,640.3359,10
3200.953,421,63.5443,4384,9,2.023438,137.48438,127.78906,639.832,10
3200.953,421,64.57286,4384,13,2.023438,137.48438,128.29297,639.3281,10
3200.953,421,61.0,4384,10,2.023438,137.48438,125.36719,642.2539,10
3200.953,421,61.47959,4384,10,2.023438,137.48438,129.02734,638.5938,10
3200.953,421,69.36709,4384,15,2.023438,137.48438,126.33203,641.2891,10
3200.953,421,71.39175,4384,7,2.023438,137.48438,134.12109,633.5,10
3200.953,421,71.3555,4384,9,2.023438,137.48438,130.15625,637.4648,10
3200.953,421,71.06599,4384,10,2.023438,137.48438,126.76562,640.8555,10
3200.953,421,71.05943,4384,11,2.023438,137.48438,124.33203,643.2891,10
3200.953,421,71.28205,4384,10,2.023438,137.48438,126.60547,641.0156,10
3200.953,421,72.22222,4384,11,2.03125,137.48438,123.87109,643.7422,10
3200.953,421,75.89744,4384,12,2.03125,137.48438,126.51172,641.1016,10
3200.953,421,71.79487,4384,4,2.03125,137.48438,130.14844,637.4648,10
3200.953,421,72.26463,4384,14,2.03125,137.48438,131.44531,636.168,10
3200.953,421,70.95116,4384,11,2.03125,137.48438,127.62891,639.9844,10
3200.953,421,71.64948,4384,8,2.03125,137.48438,123.69531,643.918,10
3200.953,421,71.39241,4384,11,2.03125,137.48438,125.94531,641.668,10
3200.953,421,70.76923,4384,6,2.03125,137.48438,132.16016,635.4531,10
3200.953,421,71.61125,4384,15,2.03125,137.48438,128.98828,638.625,10
3200.953,421,73.14578,4384,14,2.03125,137.48438,127.80469,639.8086,10
3200.953,421,74.61929,4384,12,2.03125,137.48438,130.73047,636.8828,10
3200.953,421,74.0458,4384,13,2.03125,137.48438,126.46094,641.1523,10
3200.953,421,70.0,4384,13,2.03125,137.48438,132.85938,634.7539,10
3200.953,421,71.93878,4352,8,2.03125,137.48438,127.58203,640.0312,10
3200.953,421,68.8946,4352,13,2.03125,137.48438,130.10938,637.5039,10
3200.953,421,70.91837,4352,8,2.03125,137.48438,126.96484,640.6484,10
3200.953,421,70.20202,4352,8,2.03125,137.48438,133.48047,634.1328,10
3200.953,421,69.7201,4352,12,2.03125,137.48438,129.67969,637.9336,10
3200.953,421,65.99496,4352,7,2.03125,137.48438,126.91797,640.6953,10
3200.953,421,67.75,4384,9,2.039062,137.48438,129.6875,637.918,10
3200.953,421,66.66667,4384,11,2.039062,137.48438,127.71875,639.8867,10
3200.953,421,65.65657,4384,8,2.039062,137.48438,125.50391,642.1016,10
3200.953,421,60.94527,4384,11,2.039062,137.48438,125.50781,642.0977,10
3200.953,421,61.61616,4384,19,2.039062,137.48438,124.41797,643.1875,10
3200.953,421,58.33333,4384,20,2.039062,137.48438,127.19531,640.4102,10
3200.969,421,65.64885,4384,13,2.046875,137.47656,129.36328,638.2422,10
3200.953,421,67.52577,4384,8,2.046875,137.48438,131.08594,636.5117,10
3201.898,424,69.40874,4384,9,2.046875,137.48438,129.68359,637.9141,10
3200.953,421,70.66327,4384,8,2.046875,137.48438,133.61328,633.9844,10
3200.953,422,68.87755,4384,9,2.046875,137.76172,130.41406,636.9062,10
3200.953,422,72.12276,4384,12,2.046875,137.76172,125.62891,641.6914,10
3200.953,422,71.93878,4384,15,2.046875,137.76172,128.5625,638.7578,10
3200.953,422,71.21212,4384,10,2.046875,137.76172,126.375,640.9453,10
3200.953,421,73.14578,4384,15,2.046875,137.76172,124.10938,643.2109,10
3200.953,421,72.70408,4384,8,2.046875,137.76172,126.07031,641.25,10
3200.953,421,70.10309,4384,11,2.046875,137.76172,132.99609,634.3242,10
3200.953,421,71.57623,4384,11,2.046875,137.76172,129.63281,637.6875,10
3200.953,421,71.42857,4384,9,2.046875,137.76172,124.30469,643.0156,10
3200.953,421,71.20823,4384,14,2.046875,137.76172,131.07812,636.2422,10
3200.953,421,69.56522,4384,14,2.046875,137.76172,127.19531,640.125,10
3200.953,421,73.00771,4384,8,2.046875,137.76172,124.29688,643.0234,10
3200.953,421,67.78351,4384,12,2.046875,137.76172,125.46484,641.8555,10
3200.953,421,72.40506,4384,11,2.046875,137.76172,128.10938,639.2109,10
3200.953,421,74.61929,4384,12,2.046875,137.76172,129.37891,637.9414,10
3200.953,421,70.45455,4384,15,2.046875,137.76172,124.49609,642.8242,10
3200.953,421,69.7201,4384,14,2.046875,137.76172,124.94141,642.3789,10
3200.953,421,71.83463,4384,6,2.046875,137.76172,128.99219,638.3281,10
3200.953,421,69.46565,4352,10,2.054688,137.76172,128.33594,638.9766,10
3200.953,421,68.5422,4352,11,2.054688,137.76172,129.28125,638.0312,10
3200.953,421,69.05371,4352,7,2.054688,137.76172,126.79297,640.5195,10
3200.953,422,68.87755,4352,11,2.054688,137.76172,124.33203,642.9805,10
3200.953,422,70.73791,4352,15,2.054688,137.76172,126.51562,640.7969,10
3200.953,422,71.78841,4352,11,2.054688,137.76172,129.28906,638.0234,10
3200.953,422,69.26952,4352,11,2.054688,137.76172,129.73438,637.5781,10
3200.953,422,69.52141,4352,16,2.054688,137.76172,130.57422,636.7383,10
3200.953,422,66.58098,4352,14,2.054688,137.76172,128.37109,638.9414,10
3200.953,423,66.07143,4352,9,2.054688,137.76172,125.19922,642.1133,10
3200.953,423,66.16162,4352,14,2.054688,137.76172,129.07812,638.2344,10
3200.953,423,67.17172,4352,7,2.054688,137.76172,124.64453,642.668,10
3200.953,423,62.40602,4352,11,2.054688,137.76172,128.01172,639.3008,10
3200.953,423,57.93451,4352,10,2.054688,137.76172,125.25,642.0625,10
3200.953,423,58.33333,4352,9,2.054688,137.76172,125.45312,641.8594,10
3200.953,423,66.83417,4352,17,2.054688,137.76172,122.99219,644.3203,10
3200.953,423,68.63753,4352,12,2.054688,137.76172,130.125,637.1875,10
3200.953,423,72.89003,4352,9,2.054688,137.76172,131.33594,635.9766,10
3200.953,421,71.20823,4352,17,2.054688,137.76172,129.09375,638.2188,10
3200.953,421,67.08861,4384,12,2.0625,137.76953,125.66797,641.6289,10
3200.953,422,70.91837,4384,11,2.0625,137.83594,133.16797,634.0625,10
3200.953,422,70.07673,4416,11,2.0625,137.83594,127.31641,639.9141,10
3200.953,422,70.10309,4416,10,2.0625,137.83594,124.33594,642.8945,10
3200.953,422,70.40816,4416,10,2.0625,137.83594,124.83594,642.3945,10
3200.953,422,70.07673,4416,8,2.0625,137.83594,126.48047,640.75,10
3200.953,422,70.84399,4416,11,2.070312,137.83594,128.08203,639.1406,10
3200.953,422,68.12339,4416,12,2.070312,137.83594,129.03906,638.1836,10
3200.953,422,73.18296,4416,13,2.070312,137.83594,126.15234,641.0703,10
3200.953,422,72.5,4416,13,2.070312,137.83594,121.86328,645.3594,10
3200.953,422,70.64935,4416,13,2.070312,137.83594,127.73828,639.4844,10
3200.953,422,70.58824,4416,13,2.070312,137.83594,129.0,638.2227,10
3200.953,422,68.79795,4416,11,2.070312,137.83594,127.00391,640.2188,10
3200.953,422,69.13265,4416,11,2.078125,137.83594,125.66406,641.5508,10
3202.113,424,70.73791,4416,13,2.179688,137.83203,128.32031,638.7969,10
3200.953,422,71.42857,4384,7,2.179688,137.83984,128.82031,638.2891,10
3200.953,422,69.89796,4384,8,2.179688,137.83984,129.35938,637.75,10
3200.953,422,69.07216,4384,7,2.179688,137.83984,134.41797,632.6914,10
3200.953,422,68.65285,4384,11,2.179688,137.83984,129.50781,637.6016,10
3200.953,422,68.82793,4384,13,2.179688,137.83984,126.25391,640.8555,10
3200.953,422,68.70229,4384,8,2.179688,137.83984,125.0,642.1094,10
3200.953,422,73.67089,4384,9,2.179688,137.83984,128.10156,639.0078,10
3200.953,422,67.17557,4384,8,2.1875,137.83203,124.48047,642.6289,10
3200.953,422,66.24685,4384,13,2.1875,137.83984,124.04688,643.0547,10
3200.953,422,72.01018,4352,8,2.195312,137.83984,126.89844,640.1953,10
3201.168,422,72.40506,4352,16,2.195312,137.83984,127.67578,639.418,10
3201.168,422,64.72081,4352,8,2.195312,137.83984,124.69922,642.3945,10
3201.168,422,70.12658,4352,14,2.195312,137.83984,128.26562,638.8281,10
3200.953,422,65.65657,4352,15,2.195312,137.83984,125.86328,641.2305,10
3200.953,423,66.75,4352,13,2.210938,137.83984,124.85156,642.2266,10
3200.953,423,62.7204,4352,15,2.210938,137.83984,127.02734,640.0508,10
3200.953,423,63.75,4384,15,2.210938,137.83984,126.64844,640.4297,10
3200.953,423,68.60759,4384,9,2.210938,137.83984,123.69141,643.3867,10
3200.953,423,70.40816,4384,13,2.210938,137.83984,126.32031,640.7578,10
3200.953,423,69.82097,4384,13,2.210938,137.83984,124.70703,642.3711,10
3201.152,423,76.27551,4384,10,2.210938,137.83984,126.60547,640.4727,10
3201.168,423,53.72751,4384,4,2.210938,137.83984,125.38281,641.6953,10
3201.168,423,63.77551,4384,5,2.210938,137.83984,126.90625,640.1719,10
3201.168,423,68.8946,4384,3,2.21875,137.83984,124.67578,642.3945,10
3201.168,423,56.66667,4384,6,2.21875,137.83984,127.27344,639.7969,10
3201.168,423,58.61183,4384,4,2.21875,137.83984,126.14062,640.9297,10
3201.184,423,68.70229,4384,11,2.21875,137.83984,124.11719,642.9531,10
3200.969,423,59.31759,4384,4,2.21875,137.83984,127.82812,639.2422,10
3200.953,423,64.96164,4384,9,2.21875,137.83984,129.94141,637.1289,10
3200.953,423,71.3198,4384,10,2.21875,137.83984,132.58203,634.4883,10
3200.953,422,71.79487,4384,14,2.234375,137.83984,128.64453,638.4102,10
3200.969,422,72.65823,4384,12,2.234375,137.83984,126.42969,640.625,10
3200.953,422,70.51282,4384,14,2.234375,137.83984,129.66016,637.3945,10
3200.953,422,72.44898,4384,10,2.234375,137.83984,125.78906,641.2656,10
3200.953,422,72.37852,4384,6,2.234375,137.83984,127.00391,640.0508,10
3200.953,422,68.68687,4352,7,2.234375,137.83984,129.70312,637.3516,10
3200.953,422,70.40816,4352,6,2.234375,137.83984,129.375,637.6797,10
3200.953,422,69.54315,4352,9,2.234375,137.83984,127.59766,639.457,10
3200.953,422,70.95116,4352,13,2.234375,137.83984,127.27734,639.7773,10
3200.953,422,73.29975,4352,17,2.234375,137.83984,126.85547,640.1992,10
3200.969,422,69.66581,4352,11,2.234375,137.83984,129.45703,637.5977,10
3200.953,422,63.4715,4352,5,2.234375,137.83984,124.875,642.1797,10
3200.953,422,61.08247,4352,13,2.234375,137.83984,132.96094,634.0938,10
3200.953,422,64.78149,4352,9,2.234375,137.83984,129.24219,637.8125,10
3201.168,422,57.289,4352,10,2.234375,137.83984,126.62109,640.4336,10
3201.184,422,58.37563,4352,4,2.234375,137.83984,125.58203,641.4727,10
3201.184,422,58.97436,4352,7,2.242188,137.83984,128.30859,638.7383,10
3200.953,422,59.33504,4352,10,2.242188,137.83984,130.66406,636.3828,10
3200.953,422,57.50636,4352,7,2.242188,137.83984,128.12109,638.9258,10
3200.969,422,57.65306,4352,4,2.242188,137.83984,125.82812,641.2188,10
3200.953,422,58.77863,4352,8,2.242188,137.83984,128.03516,639.0117,10
3200.953,422,63.43284,4352,13,2.242188,137.83984,125.35938,641.6875,10
3200.969,422,62.87879,4352,13,2.242188,137.83984,127.85938,639.1875,10
3200.953,422,53.18066,4352,7,2.242188,137.83984,128.75,638.2969,10
3200.953,422,65.64103,4352,14,2.242188,137.83984,126.96875,640.0781,10
3200.953,422,74.4898,4352,16,2.242188,137.83984,127.4375,639.6094,10
3200.953,422,72.77354,4352,12,2.242188,137.83984,129.92969,637.1172,10
3200.953,422,73.96907,4352,7,2.242188,137.83984,123.85938,643.1875,10
3200.953,422,72.33503,4352,14,2.242188,137.83984,123.35547,643.6914,10
3200.953,422,75.94937,4352,8,2.242188,137.83984,125.76562,641.2812,10
3200.953,422,71.24682,4352,10,2.242188,137.83984,128.64062,638.4062,10
3200.953,422,69.66581,4352,9,2.242188,137.83984,126.125,640.9219,10
3200.953,422,74.43038,4352,13,2.242188,137.83984,132.1875,634.8594,10
3200.953,422,68.95674,4352,10,2.25,137.83984,128.83594,638.2031,10
3200.953,422,75.38071,4352,10,2.25,137.83984,126.62109,640.418,10
3200.953,422,71.24682,4352,21,2.25,137.83984,123.25391,643.7852,10
3200.953,422,72.22222,4352,12,2.25,137.83984,126.0625,640.9766,10
3200.953,422,74.74747,4352,5,2.25,137.83984,127.59375,639.4453,10
3200.953,422,73.72449,4352,10,2.25,137.83984,125.54297,641.4961,10
3200.953,422,71.50259,4352,8,2.25,137.83984,125.08203,641.957,10
3200.953,422,72.91139,4352,14,2.25,137.83984,124.85156,642.1875,10
3200.953,422,72.86432,4352,10,2.25,137.83984,123.25391,643.7852,10
3200.953,422,74.80916,4352,13,2.25,137.83984,118.84375,648.1953,10
3200.953,422,74.87179,4352,11,2.25,137.83984,122.94922,644.0898,10
3200.953,422,73.60406,4352,16,2.25,137.83984,122.65234,644.3867,10
3200.953,422,68.71795,4352,12,2.25,137.83984,129.46875,637.5703,10
3200.953,422,69.19192,4352,11,2.25,137.83984,128.64453,638.3945,10
3200.953,422,72.44898,4352,9,2.257812,137.83984,130.37109,636.6602,10
3200.953,422,66.83673,4352,5,2.257812,137.83984,131.75,635.2812,10
3200.953,422,71.06599,4352,9,2.257812,137.83984,132.36328,634.668,10
3200.953,422,70.17544,4352,16,2.257812,137.83984,129.65625,637.375,10
3200.953,422,73.0,4352,11,2.257812,137.83984,126.84375,640.1875,10
3200.969,422,70.17544,4352,18,2.257812,137.83984,128.69141,638.3398,10
3200.953,421,63.65915,4352,19,2.257812,137.83984,126.37891,640.6523,10
3200.953,421,65.15152,4352,12,2.257812,137.83984,132.33594,634.6953,10
3200.953,421,62.12121,4352,11,2.257812,137.83984,128.67188,638.3594,10
3200.953,421,60.95718,4352,8,2.257812,137.83984,129.39062,637.6406,10
3200.953,421,62.15539,4352,9,2.257812,137.83984,126.89062,640.1406,10
3200.953,421,71.28205,4352,11,2.257812,137.83984,128.21094,638.8203,10
3200.953,421,71.5736,4352,13,2.257812,137.83984,128.46094,638.5703,10
3200.953,421,71.24682,4384,12,2.257812,137.83984,128.03125,639.0,10
3200.969,421,71.02564,4384,6,2.257812,137.83984,130.52344,636.5078,10
3200.953,421,61.95373,4384,7,2.257812,137.83984,128.44922,638.582,10
3200.969,421,54.4757,4384,5,2.257812,137.83984,127.11328,639.918,10
3200.953,421,59.84655,4384,6,2.257812,137.83984,121.59766,645.4336,10
3200.969,421,58.20513,4384,3,2.257812,137.83984,128.30078,638.7305,10
3200.953,421,60.15424,4384,9,2.257812,137.83984,126.98828,640.043,10
3200.953,421,62.43523,4384,3,2.257812,137.83984,128.0,639.0312,10
3200.953,421,57.25389,4384,8,2.257812,137.83984,129.20703,637.8242,10
3200.969,421,57.88114,4384,4,2.257812,137.83984,131.77344,635.2578,10
3200.953,421,60.66838,4384,4,2.257812,137.83984,129.75,637.2812,10
3201.168,421,61.19792,4384,8,2.257812,137.83984,127.50781,639.5234,10
3201.184,421,61.9171,4384,10,2.257812,137.83984,125.64844,641.3828,10
3201.184,421,61.1399,4352,5,2.257812,137.83984,128.86328,638.168,10
3200.953,421,56.18557,4352,9,2.257812,137.83984,127.03125,640.0,10
3200.953,421,58.97436,4352,3,2.257812,137.83984,124.24219,642.7891,10
3200.953,421,58.82353,4352,6,2.257812,137.83984,122.4375,644.5938,10
3200.969,421,61.38107,4352,9,2.257812,137.83984,126.94531,640.0859,10
3200.953,421,57.80051,4352,3,2.257812,137.83984,129.41797,637.6133,10
3200.969,422,59.79381,4352,5,2.257812,137.83984,126.65625,640.375,10
3200.953,422,57.06941,4352,5,2.257812,137.83984,128.36328,638.668,10
3200.953,422,55.86735,4352,9,2.257812,137.83984,126.55859,640.4727,10
3200.953,422,70.22901,4352,17,2.257812,137.83984,125.19141,641.8398,10
3200.953,422,72.2365,4352,12,2.257812,137.83984,130.92969,636.1016,10
3200.969,422,72.63427,4352,13,2.257812,137.83984,128.66016,638.3711,10
3200.953,420,71.06599,4352,8,2.257812,137.83984,126.47266,640.5586,10
3200.953,420,71.82741,4352,15,2.257812,137.83984,123.51953,643.5117,10
3200.953,420,72.05128,4352,5,2.257812,137.83984,125.96094,641.0703,10
3200.953,420,64.70588,4352,5,2.257812,137.83984,125.96094,641.0703,10
3200.953,420,63.63636,4352,12,2.257812,137.83984,122.05078,644.9805,10
3200.953,420,60.95718,4352,13,2.257812,137.83984,124.49219,642.5391,10
3200.953,420,58.5,4352,13,2.257812,137.83984,122.52344,644.5078,10
3200.953,420,63.95939,4352,8,2.257812,137.83984,128.97266,638.0586,10
3200.953,420,71.61125,4352,12,2.257812,137.83984,127.21094,639.8203,10
3200.953,420,73.40153,4384,11,2.257812,137.83984,124.01172,643.0195,10
3200.953,420,72.05128,4384,11,2.257812,137.83984,127.82812,639.2031,10
3200.953,420,74.17722,4384,9,2.257812,137.83984,125.33984,641.6914,10
3200.953,420,75.19182,4384,11,2.257812,137.83984,124.08594,642.9453,10
3200.953,420,74.23469,4384,9,2.257812,137.83984,127.94141,639.0898,10
3200.953,420,68.21705,4384,4,2.257812,137.83984,128.19922,638.832,10
3200.969,420,59.79112,4352,9,2.257812,137.83984,131.73828,635.293,10
3200.953,420,60.1023,4384,4,2.257812,137.83984,127.60156,639.4297,10
3200.953,420,55.83756,4384,12,2.257812,137.83984,125.52344,641.5078,10
3200.953,420,66.66667,4384,8,2.257812,137.83984,132.70703,634.3242,10
3200.953,420,72.63427,4384,16,2.257812,137.83984,130.19141,636.8398,10
3200.953,420,71.10553,4384,16,2.257812,137.83984,128.08594,638.9453,10
3200.953,420,72.95918,4384,10,2.257812,137.83984,126.96094,640.0703,10
3200.953,420,74.0458,4384,12,2.257812,137.83984,125.1875,641.8438,10
3200.953,420,72.77354,4384,9,2.257812,137.83984,127.49609,639.5352,10
3200.953,420,70.15306,4384,9,2.257812,137.83984,123.12109,643.9102,10
3200.953,420,71.3198,4384,12,2.257812,137.83984,124.90625,642.125,10
3200.953,420,61.51899,4384,5,2.257812,137.83984,125.71094,641.3203,10
3200.953,420,57.94872,4384,9,2.257812,137.83984,124.50781,642.5234,10
3200.953,420,73.40153,4384,16,2.257812,137.83984,127.74219,639.2891,10
3200.953,420,70.61856,4384,13,2.257812,137.83984,125.96484,641.0664,10
3202.078,423,70.88608,4384,14,2.257812,137.83984,126.625,640.4062,10
3200.953,420,73.00771,4384,9,2.257812,137.83984,133.65234,633.3789,10
3200.953,420,75.0,4384,11,2.265625,137.83984,129.51172,637.5117,10
3200.953,419,60.45918,4384,6,2.265625,137.83984,132.91797,634.1055,10
3200.953,419,61.49871,4384,14,2.265625,137.83984,128.39453,638.6289,10
3200.953,419,62.9156,4384,6,2.265625,137.83984,125.85156,641.1719,10
3200.969,419,59.09091,4384,4,2.265625,137.83984,123.85547,643.168,10
3200.969,419,59.89848,4384,3,2.265625,137.83984,121.83594,645.1875,10
3200.953,419,59.94962,4384,12,2.265625,137.83984,125.50391,641.5195,10
3200.953,419,59.43878,4384,8,2.265625,137.83984,126.23438,640.7891,10
3200.953,419,53.92405,4384,8,2.265625,137.83984,128.72266,638.3008,10
3200.969,419,53.58974,4384,5,2.265625,137.83984,126.46484,640.5586,10
3200.953,419,56.26598,4384,8,2.265625,137.83984,124.93359,642.0898,10
3200.953,419,60.88083,4384,6,2.265625,137.83984,123.59375,643.4297,10
3200.969,419,60.35806,4384,3,2.265625,137.83984,122.0625,644.9609,10
3201.184,419,62.6943,4384,6,2.265625,137.83984,124.78125,642.2422,10
3201.184,419,62.98201,4384,7,2.265625,137.83984,131.1875,635.8359,10
3201.184,419,57.17949,4384,8,2.265625,137.83984,128.13672,638.8867,10
3201.168,419,50.3876,4384,4,2.265625,137.83984,125.36328,641.6602,10
3201.168,419,60.76923,4384,3,2.265625,137.83984,123.28906,643.7344,10
3200.969,419,54.98721,4384,7,2.265625,137.83984,125.66406,641.3594,10
3200.953,420,50.25641,4384,7,2.265625,137.83984,129.05078,637.9727,10
3200.953,420,63.49614,4384,8,2.265625,137.83984,124.19531,642.8281,10
3200.953,420,61.63683,4384,9,2.265625,137.83984,125.85938,641.1641,10
3200.953,420,64.05063,4384,7,2.265625,137.83984,123.40625,643.6172,10
3200.953,420,56.88312,4384,3,2.265625,137.83984,126.31641,640.707,10
3200.953,420,58.03109,4384,6,2.265625,137.83984,128.48047,638.543,10
3201.184,420,64.52442,4384,4,2.265625,137.83984,129.36328,637.6602,10
3201.184,420,57.10594,4384,3,2.265625,137.83984,125.86328,641.1602,10
3201.184,420,64.03061,4384,10,2.265625,137.83984,124.55078,642.4727,10
3200.953,420,58.65633,4384,5,2.265625,137.83984,123.67578,643.3477,10
3200.953,420,57.4359,4384,8,2.265625,137.83984,125.80078,641.2227,10
3200.969,420,62.62887,4384,9,2.265625,137.83984,128.06641,638.957,10
3200.969,420,54.26357,4384,5,2.265625,137.83984,126.67188,640.3516,10
3200.969,420,62.17617,4384,11,2.265625,137.83984,130.58594,636.4375,10
3200.969,420,58.03109,4352,10,2.265625,137.83984,128.53516,638.4883,10
3201.152,420,60.51282,4352,8,2.265625,137.83984,128.66797,638.3555,10
3201.168,420,61.0687,4352,9,2.265625,137.83984,132.31641,634.707,10
3201.168,420,66.24041,4352,6,2.265625,137.83984,129.08594,637.9375,10
3201.168,420,68.67168,4352,14,2.265625,137.83984,126.19141,640.832,10
3200.953,420,68.27411,4320,12,2.265625,137.83984,127.14453,639.8789,10
3200.953,420,66.83417,4320,9,2.265625,137.83984,129.77344,637.25,10
3200.969,420,64.8855,4320,9,2.265625,137.83984,127.0,640.0234,10
3200.953,420,59.10224,4320,8,2.265625,137.83984,129.51953,637.5039,10
3200.953,420,50.0,4320,5,2.265625,137.83984,126.5625,640.4609,10
3200.953,420,43.7659,4320,4,2.265625,137.83984,126.07031,640.9531,10
3200.953,420,63.56589,4320,5,2.265625,137.83984,133.02734,633.9961,10
3200.953,420,60.51282,4320,6,2.265625,137.83984,129.29688,637.7266,10
3200.969,420,60.20672,4320,4,2.265625,137.83984,131.08594,635.9375,10
3200.953,420,60.20408,4320,7,2.265625,137.83984,128.57031,638.4531,10
3200.969,420,60.05222,4320,3,2.265625,137.83984,129.9375,637.0859,10
3200.969,420,61.57761,4320,3,2.265625,137.83984,126.69531,640.3281,10
3200.969,420,55.35714,4320,3,2.265625,137.83984,129.78906,637.2344,10
3200.953,420,59.43152,4384,8,2.265625,137.83984,127.03125,639.9922,10
3200.953,420,59.17313,4384,6,2.265625,137.83984,129.28516,637.7383,10
3200.953,420,58.52417,4384,5,2.265625,137.83984,127.26172,639.7617,10
3200.969,420,55.89744,4384,4,2.265625,137.83984,129.94922,637.0742,10
3200.953,420,61.24031,4384,12,2.265625,137.83984,128.14453,638.8789,10
3200.969,420,64.52442,4384,12,2.265625,137.83984,125.62891,641.3945,10
3200.969,420,58.77863,4384,5,2.265625,137.83984,124.34766,642.6758,10
3200.953,420,55.41237,4384,6,2.265625,137.83984,123.75391,643.2695,10
3200.953,420,61.47959,4384,9,2.265625,137.83984,130.41797,636.6055,10
3201.168,420,61.15288,4384,13,2.265625,137.83984,132.23828,634.7852,10
3201.168,420,70.76923,4384,9,2.265625,137.83984,129.23047,637.793,10
3201.168,421,60.72351,4384,6,2.265625,137.83984,130.03125,636.9922,10
3200.969,421,63.75321,4384,7,2.28125,137.83984,127.44922,639.5586,10
3201.184,421,56.48855,4352,5,2.296875,137.83984,130.51953,636.4727,10
3201.184,421,56.15385,4352,4,2.296875,137.83984,128.16797,638.8242,10
3201.184,421,58.73418,4352,5,2.296875,137.83984,126.80469,640.1875,10
3200.953,421,67.17557,4352,9,2.296875,137.83984,126.65234,640.3398,10
3200.969,421,60.96939,4352,4,2.296875,137.83984,131.92578,635.0664,10
3200.953,421,56.04113,4352,11,2.296875,137.83984,128.90625,638.0859,10
3200.953,421,64.87179,4352,3,2.296875,137.83984,126.44531,640.5469,10
3200.953,421,57.80051,4352,8,2.296875,137.83984,124.36719,642.625,10
3200.953,421,59.24051,4352,9,2.296875,137.83984,127.83203,639.1602,10
3200.953,421,61.20907,4352,7,2.296875,137.83984,125.14844,641.8438,10
3200.969,421,64.54082,4352,7,2.296875,137.83984,124.36328,642.6289,10
3200.953,421,56.34518,4352,9,2.296875,137.83984,127.78125,639.2109,10
3200.953,421,52.91139,4352,10,2.296875,137.83984,131.49219,635.5,10
3200.969,421,53.28283,4352,3,2.296875,137.83984,129.44531,637.5469,10
3200.953,421,56.34518,4352,9,2.296875,137.83984,130.42188,636.5703,10
3200.969,421,56.62338,4352,8,2.296875,137.83984,126.9375,640.0547,10
3200.953,421,60.05155,4352,10,2.304688,137.83203,130.26953,636.7227,10
3200.953,421,60.86957,4352,8,2.304688,137.83984,128.875,638.1094,10
3200.969,421,60.46512,4352,4,2.304688,137.83984,126.79688,640.1875,10
3200.953,421,62.7551,4352,9,2.304688,137.83984,124.9375,642.0469,10
3200.969,421,58.20513,4352,6,2.304688,137.83984,128.16797,638.8164,10
3200.969,421,64.87179,4352,5,2.304688,137.83984,126.08984,640.8945,10
3200.969,421,60.0,4352,4,2.304688,137.83984,123.37109,643.6133,10
3200.969,421,56.26598,4352,3,2.304688,137.83984,130.33984,636.6445,10
3200.953,421,59.48718,4352,11,2.304688,137.83984,129.01172,637.9727,10
3200.969,421,57.32648,4352,9,2.304688,137.83984,132.08984,634.8945,10
3200.969,421,56.4557,4352,4,2.304688,137.83984,129.96875,637.0156,10
3200.953,421,60.68602,4352,7,2.304688,137.83984,126.19531,640.7891,10
3200.953,421,59.58549,4352,8,2.304688,137.83984,124.91016,642.0742,10
3200.953,421,60.62176,4352,8,2.304688,137.83984,124.03906,642.9453,10
3200.953,421,59.12596,4352,8,2.304688,137.83984,127.89453,639.0898,10
3200.969,421,60.96939,4352,3,2.304688,137.83984,126.12109,640.8633,10
3200.953,421,58.26972,4352,5,2.3125,137.83594,129.125,637.8555,10
3200.953,421,56.04113,4352,9,2.3125,137.83984,127.30469,639.6719,10
3200.953,421,59.6401,4352,6,2.3125,137.83984,130.08984,636.8867,10
3200.953,421,58.05627,4352,10,2.3125,137.83984,128.02734,638.9492,10
3200.953,421,58.86889,4352,5,2.3125,137.83984,130.03516,636.9414,10
3200.953,421,61.28205,4352,3,2.3125,137.83984,126.34766,640.6289,10
3200.953,421,60.35806,4352,8,2.3125,137.83984,123.33984,643.6367,10
3200.969,421,60.51282,4352,7,2.3125,137.83984,123.45312,643.5234,10
3200.953,421,56.4433,4352,4,2.3125,137.83984,131.28906,635.6875,10
3200.953,421,54.98721,4352,8,2.3125,137.83984,129.25,637.7266,10
3200.969,421,62.7551,4352,7,2.320312,137.83984,127.03906,639.9297,10
3200.953,421,57.76081,4352,7,2.320312,137.83984,128.41797,638.5508,10
3200.953,421,56.92308,4352,3,2.320312,137.83984,126.10938,640.8594,10
3200.23,420,56.52174,4352,9,2.320312,137.83984,123.62109,643.3477,10
3200.953,421,52.64484,4384,9,2.320312,137.85156,121.95312,645.0039,10
3200.953,421,55.58376,4384,5,2.320312,137.86328,129.81641,637.1289,10
3200.969,421,57.36434,4384,9,2.320312,137.86328,126.79688,640.1484,10
3200.953,421,56.81234,4384,5,2.320312,137.86328,126.63672,640.3086,10
3200.969,421,59.79381,4384,4,2.320312,137.86328,130.44922,636.4961,10
3200.953,421,56.55527,4384,9,2.320312,137.86328,125.07812,641.8672,10
3200.969,420,58.37563,4384,3,2.328125,137.86328,126.00781,640.9297,10
3200.969,420,60.96939,4384,6,2.328125,137.86328,123.02734,643.9102,10
3200.953,420,55.97964,4384,5,2.328125,137.86328,129.41406,637.5234,10
3200.969,420,62.40409,4384,3,2.328125,137.86328,126.21484,640.7227,10
3200.953,420,56.92308,4384,4,2.328125,137.86328,124.46484,642.4727,10
3200.953,420,59.59596,4384,8,2.328125,137.86328,127.51953,639.418,10
3200.953,420,61.79487,4384,4,2.328125,137.86328,126.39844,640.5391,10
3200.953,420,60.20408,4384,9,2.34375,137.86328,124.10547,642.8164,10
3200.953,420,63.28125,4384,4,2.34375,137.86328,131.38672,635.5352,10
3200.969,420,60.51282,4384,8,2.34375,137.86328,129.25391,637.668,10
3200.953,420,55.6962,4384,10,2.34375,137.86328,126.47656,640.4453,10
3200.953,420,62.2739,4384,6,2.34375,137.86328,129.23828,637.6836,10
3200.969,420,57.36434,4384,3,2.34375,137.86328,125.51953,641.4023,10
3200.953,420,60.15424,4384,5,2.34375,137.86328,128.79297,638.1289,10
3200.953,420,61.81818,4384,4,2.34375,137.86328,130.47266,636.4492,10
3200.953,420,59.89717,4384,5,2.34375,137.86328,128.89844,638.0234,10
3200.969,419,63.86768,4384,5,2.34375,137.86328,129.85938,637.0625,10
3200.969,419,61.43959,4384,4,2.34375,137.86328,127.05078,639.8711,10
3200.953,419,62.76042,4384,5,2.34375,137.86328,125.90625,641.0156,10
3200.953,420,64.12214,4384,5,2.34375,137.86328,127.82031,639.1016,10
3200.969,420,61.18252,4384,3,2.34375,137.86328,130.42578,636.4961,10
3200.969,420,63.0102,4384,6,2.34375,137.86328,127.92188,639.0,10
3200.953,420,56.743,4384,4,2.351562,137.85547,127.04688,639.875,10
3200.953,420,57.03518,4384,8,2.351562,137.86328,125.48047,641.4336,10
3200.953,420,58.73418,4384,6,2.351562,137.86328,128.35938,638.5547,10
3200.953,420,59.6401,4384,6,2.351562,137.86328,126.82812,640.0859,10
3200.953,420,58.92857,4384,4,2.351562,137.86328,126.33594,640.5781,10
3200.969,421,54.56853,4384,6,2.351562,137.86328,124.50781,642.4062,10
3200.969,421,53.61596,4384,6,2.351562,137.86328,127.69141,639.2227,10
3200.953,422,54.73146,4384,9,2.351562,137.86328,125.83203,641.082,10
3200.953,422,63.84615,4384,4,2.351562,137.86328,130.80469,636.1094,10
3200.953,422,59.13706,4384,5,2.351562,137.86328,128.04297,638.8711,10
3200.953,422,58.50515,4384,9,2.351562,137.86328,130.04297,636.8711,10
3200.969,421,65.22843,4384,3,2.351562,137.86328,127.73047,639.1836,10
3200.969,421,57.66234,4384,5,2.351562,137.86328,125.0,641.9141,10
3200.969,421,61.81818,4384,5,2.351562,137.86328,128.08984,638.8242,10
3200.953,421,59.79381,4384,9,2.351562,137.86328,124.64453,642.2695,10
3200.953,421,58.46154,4384,9,2.351562,137.86328,127.32422,639.5898,10
3200.969,421,63.07692,4384,3,2.351562,137.86328,125.54688,641.3672,10
3200.953,421,59.44584,4384,6,2.351562,137.86328,123.49609,643.418,10
3200.953,421,55.41237,4384,6,2.351562,137.86328,127.28516,639.6289,10
3200.969,421,62.8866,4384,7,2.351562,137.86328,124.5,642.4141,10
3200.953,421,55.78406,4384,6,2.351562,137.86328,123.1875,643.7266,10
3200.953,421,60.15424,4384,5,2.359375,137.86328,125.39453,641.5117,10
3200.953,421,59.02062,4384,6,2.359375,137.86328,124.00391,642.9023,10
3200.953,421,59.84456,4384,5,2.359375,137.86328,132.15625,634.75,10
3200.953,421,63.52041,4384,5,2.359375,137.86328,128.61719,638.2891,10
3200.953,421,52.80612,4352,3,2.359375,137.86328,127.63281,639.2734,10
3200.953,421,63.19797,4352,8,2.359375,137.86328,129.58203,637.3242,10
3200.969,421,59.43878,4352,5,2.359375,137.86328,125.95703,640.9492,10
3200.953,421,68.70229,4352,9,2.359375,137.86328,125.21875,641.6875,10
3200.953,421,74.1688,4352,11,2.359375,137.86328,126.73438,640.1719,10
3200.953,421,63.35878,4352,8,2.359375,137.86328,129.22266,637.6836,10
3200.953,421,62.82051,4352,6,2.359375,137.86328,126.98047,639.9258,10
3200.953,421,58.05627,4352,9,2.359375,137.86328,123.76562,643.1406,10
3200.953,421,59.6401,4352,6,2.359375,137.86328,128.06641,638.8398,10
3200.969,421,57.76081,4352,4,2.359375,137.86328,128.19531,638.7109,10
3200.953,421,58.37563,4352,3,2.359375,137.86328,126.12109,640.7852,10
3200.969,421,60.20408,4320,4,2.359375,137.86328,122.89453,644.0117,10
3200.953,421,53.18066,4320,7,2.359375,137.86328,121.58203,645.3242,10
3200.953,421,53.18066,4320,8,2.359375,137.86328,129.51172,637.3945,10
3200.953,421,57.46835,4320,7,2.359375,137.86328,125.76562,641.1406,10
3200.953,421,52.06186,4320,8,2.359375,137.86328,128.63672,638.2695,10
3200.969,421,57.65306,4352,3,2.359375,137.86328,127.33984,639.5664,10
3200.969,421,59.74359,4352,5,2.359375,137.86328,127.64062,639.2656,10
3200.953,421,61.85567,4352,7,2.359375,137.86328,125.58984,641.3164,10
3200.953,421,72.44898,4352,16,2.359375,137.86328,128.87109,638.0352,10
3200.953,421,71.86701,4352,12,2.359375,137.86328,127.75781,639.1484,10
3200.969,421,74.55471,4352,14,2.359375,137.86328,122.92188,643.9844,10
3200.953,421,63.21244,4352,8,2.359375,137.86328,121.41797,645.4883,10
3200.953,421,58.09769,4352,4,2.359375,137.86328,127.17188,639.7344,10
3200.953,421,54.96183,4352,8,2.359375,137.86328,125.28125,641.625,10
3200.953,421,61.63683,4352,5,2.359375,137.86328,122.85547,644.0508,10
3200.969,421,59.84655,4352,8,2.359375,137.86328,133.60156,633.3047,10
3200.953,421,59.17313,4352,8,2.359375,137.86328,130.12891,636.7773,10
3200.969,421,64.87179,4352,3,2.359375,137.86328,128.84375,638.0625,10
3200.969,421,60.86957,4352,8,2.359375,137.86328,126.51953,640.3867,10
3200.953,421,71.72237,4352,12,2.359375,137.86328,130.09766,636.8086,10
3200.953,421,71.5736,4352,13,2.359375,137.86328,125.45312,641.4531,10
3200.953,421,75.64103,4352,10,2.359375,137.86328,128.10156,638.8047,10
3200.969,421,74.3073,4352,12,2.359375,137.86328,130.22656,636.6797,10
3200.953,421,72.0403,4352,14,2.359375,137.86328,132.60547,634.3008,10
3200.953,421,73.79135,4352,14,2.359375,137.86328,129.59766,637.3086,10
3200.953,421,73.60406,4352,8,2.359375,137.86328,125.22656,641.6797,10
3200.953,421,72.9798,4352,10,2.375,137.85938,124.32422,642.5703,10
3200.953,421,72.95918,4352,9,2.375,137.86328,132.80859,634.082,10
3200.969,421,71.05943,4352,4,2.375,137.86328,128.03906,638.8516,10
3200.969,421,60.0,4352,7,2.375,137.86328,126.39844,640.4922,10
3200.953,421,60.5598,4352,7,2.375,137.86328,126.10938,640.7812,10
3200.953,421,61.36364,4352,5,2.375,137.86328,124.79688,642.0938,10
3200.953,421,68.12339,4352,9,2.375,137.86328,122.55469,644.3359,10
3200.953,421,66.75063,4384,8,2.375,137.86328,133.24219,633.6484,10
3200.953,421,63.13131,4384,16,2.375,137.86328,129.59375,637.2969,10
3200.969,421,59.24051,4384,3,2.375,137.86328,125.98438,640.9062,10
3200.953,421,55.41562,4384,10,2.382812,137.85547,122.34375,644.5469,10
3201.152,421,47.60705,4384,11,2.382812,137.86328,122.14844,644.7344,10
3201.168,421,61.75711,4384,5,2.382812,137.86328,123.29297,643.5898,10
3201.168,421,77.49361,4384,8,2.382812,137.86328,129.14453,637.7383,10
3200.953,421,70.58824,4384,11,2.382812,137.86328,131.54297,635.3398,10
3200.953,421,71.39175,4384,8,2.382812,137.86328,128.14062,638.7422,10
3200.953,421,73.33333,4384,8,2.382812,137.86328,125.67969,641.2031,10
3200.953,421,71.79487,4384,9,2.382812,137.86328,127.84766,639.0352,10
3200.969,421,63.33333,4384,6,2.382812,137.86328,124.47266,642.4102,10
3200.953,421,66.58098,4384,11,2.382812,137.86328,123.71094,643.1719,10
3200.953,421,67.17949,4384,9,2.382812,137.86328,125.18359,641.6992,10
3200.953,421,70.61856,4352,16,2.382812,137.86328,126.62109,640.2617,10
3200.953,421,72.30769,4352,7,2.382812,137.86328,124.37891,642.5039,10
3200.953,421,70.69409,4352,9,2.382812,137.86328,126.40234,640.4805,10
3200.969,421,72.47475,4352,7,2.382812,137.86328,128.84766,638.0352,10
3200.953,421,71.5736,4352,10,2.382812,137.86328,130.67188,636.2109,10
3200.953,421,75.19182,4352,15,2.382812,137.86328,127.67969,639.2031,10
3200.953,421,71.28205,4352,8,2.382812,137.86328,126.86719,640.0156,10
3200.953,421,71.93878,4352,15,2.382812,137.86328,122.125,644.7578,10
3200.953,421,71.75573,4352,7,2.382812,137.86328,120.67578,646.207,10
3200.953,421,69.89796,4352,12,2.382812,137.86328,124.0,642.8828,10
3200.953,421,68.63753,4352,10,2.382812,137.86328,127.29688,639.5859,10
3200.953,421,71.28205,4352,9,2.382812,137.86328,123.17188,643.7109,10
3200.953,421,70.25641,4352,8,2.382812,137.86328,125.04297,641.8398,10
3200.953,421,70.99237,4352,10,2.382812,137.86328,127.48828,639.3945,10
3200.953,421,66.32391,4352,4,2.382812,137.86328,126.09375,640.7891,10
3200.969,421,69.44444,4384,10,2.382812,137.86328,124.51172,642.3711,10
3200.953,421,60.46512,4384,10,2.386719,137.85938,123.5625,643.3203,10
3200.953,421,57.03325,4384,5,2.386719,137.87109,129.97656,636.8945,10
3200.953,421,55.83756,4384,6,2.386719,137.87109,127.92578,638.9453,10
3200.953,421,67.00767,4384,11,2.386719,137.87109,125.48047,641.3906,10
3200.953,421,64.97462,4384,11,2.386719,137.87109,126.75,640.1211,10
3200.953,421,61.65414,4384,6,2.386719,137.87109,132.16016,634.7109,10
3200.953,421,61.19403,4384,9,2.394531,137.87109,127.69141,639.1719,10
3200.953,421,62.72494,4384,12,2.394531,137.87109,127.32422,639.5391,10
3200.953,421,70.48346,4384,17,2.394531,137.87109,127.33594,639.5273,10
3200.953,421,68.97436,4384,9,2.394531,137.87109,124.82031,642.043,10
3200.953,421,72.22222,4384,11,2.394531,137.87109,127.25781,639.6055,10
3201.168,421,65.38462,4384,4,2.394531,137.87109,124.98828,641.875,10
3201.184,421,60.88083,4384,3,2.394531,137.87109,123.40234,643.4609,10
3201.168,421,69.74359,4384,13,2.394531,137.87109,120.44922,646.4141,10
3200.953,421,75.2551,4384,12,2.394531,137.87109,128.75391,638.1094,10
3200.953,421,73.5369,4384,15,2.394531,137.87109,129.03516,637.8281,10
3200.953,421,68.95674,4384,11,2.394531,137.87109,126.32812,640.5352,10
3200.953,421,68.47545,4384,7,2.394531,137.87109,124.52344,642.3398,10
3200.953,422,60.46512,4384,4,2.394531,137.87109,123.62109,643.2422,10
3200.953,422,69.7201,4384,9,2.394531,137.87109,126.0625,640.8008,10
3200.953,422,71.46465,4384,10,2.394531,137.87109,131.03516,635.8281,10
3200.953,422,72.33503,4384,10,2.394531,137.87109,127.79688,639.0664,10
3200.953,422,71.50127,4384,5,2.394531,137.87109,125.99219,640.8711,10
3200.953,422,74.36548,4384,11,2.394531,137.87109,123.11328,643.75,10
3200.953,422,72.16495,4384,16,2.394531,137.87109,124.61328,642.25,10
3200.953,422,72.08122,4384,12,2.394531,137.87109,122.32031,644.543,10
3200.953,422,73.28244,4384,16,2.394531,137.87109,128.60547,638.2578,10
3200.953,422,71.42857,4384,12,2.394531,137.87109,130.25391,636.6094,10
3200.953,422,72.91139,4384,9,2.394531,137.87109,126.09766,640.7656,10
3200.953,422,69.03553,4384,8,2.394531,137.87109,128.39844,638.4648,10
3200.953,422,70.40816,4384,10,2.394531,137.87109,125.58203,641.2812,10
3200.953,422,69.87342,4384,10,2.394531,137.87109,131.80859,635.0547,10
3200.953,422,70.52897,4384,9,2.394531,137.87109,128.55469,638.3086,10
3200.953,422,67.08861,4384,9,2.394531,137.87109,129.15234,637.7109,10
3200.953,422,68.36735,4384,8,2.394531,137.87109,128.97656,637.8867,10
3200.953,422,69.11392,4384,9,2.394531,137.87109,129.63281,637.2305,10
3200.953,422,66.83805,4384,7,2.394531,137.87109,130.77344,636.0898,10
3200.953,422,58.08081,4384,4,2.394531,137.87109,128.50781,638.3555,10
3200.969,422,58.26972,4384,4,2.394531,137.87109,124.54297,642.3203,10
3200.953,422,52.53807,4352,3,2.394531,137.87109,128.12109,638.7422,10
3200.969,422,54.49871,4352,9,2.402344,137.87109,128.48828,638.3672,10
3200.969,422,52.44216,4352,3,2.402344,137.87109,127.14844,639.707,10
3200.953,422,58.16327,4352,6,2.402344,137.87109,125.37109,641.4844,10
3200.969,422,60.92545,4352,4,2.402344,137.87109,128.14844,638.707,10
3200.953,422,60.81425,4352,7,2.402344,137.87109,126.76953,640.0859,10
3200.953,422,66.40827,4352,8,2.402344,137.87109,129.03516,637.8203,10
3200.953,422,72.89003,4352,8,2.402344,137.87109,126.6875,640.168,10
3200.953,422,72.05128,4352,10,2.402344,137.87109,129.21094,637.6445,10
3200.953,422,75.0,4352,14,2.402344,137.87109,125.99219,640.8633,10
3200.953,422,72.35142,4352,11,2.410156,137.86328,126.60938,640.2461,10
3200.969,422,57.14286,4352,5,2.410156,137.9375,129.98828,636.793,10
3200.953,422,71.28205,4352,11,2.410156,137.9375,127.67969,639.1016,10
3200.953,422,72.16495,4352,13,2.410156,137.9375,124.28906,642.4922,10
3200.953,422,71.8593,4352,13,2.410156,137.9375,121.62109,645.1602,10
3200.953,422,72.08122,4352,7,2.410156,137.9375,128.92188,637.8594,10
3200.953,422,74.68031,4352,12,2.410156,137.9375,126.53125,640.25,10
3200.953,422,74.1688,4352,13,2.410156,137.9375,126.55469,640.2266,10
3200.953,422,74.93671,4352,10,2.410156,137.9375,129.21094,637.5703,10
3200.953,422,72.1519,4384,10,2.410156,137.9375,124.53516,642.2461,10
3200.953,422,72.1519,4384,14,2.410156,137.9375,123.11328,643.668,10
3200.953,422,73.79135,4384,13,2.410156,137.9375,134.10547,632.6758,10
3200.953,422,71.93878,4384,9,2.410156,137.9375,130.21094,636.5703,10
3200.953,422,73.41772,4384,12,2.410156,137.9375,127.49219,639.2891,10
3200.953,422,71.09974,4384,8,2.410156,137.9375,125.49609,641.2852,10
3200.953,422,70.45455,4384,13,2.425781,137.9375,130.69531,636.0703,10
3200.953,422,72.89003,4384,14,2.425781,137.9375,126.98047,639.7852,10
3200.953,422,68.35443,4384,11,2.425781,137.9375,123.50781,643.2578,10
3200.953,422,68.10127,4384,13,2.425781,137.9375,124.89453,641.8711,10
3200.953,422,69.69697,4384,12,2.425781,137.9375,126.05078,640.7148,10
3200.953,422,67.66917,4384,10,2.425781,137.9375,122.39844,644.3672,10
3200.953,422,63.97985,4384,6,2.425781,137.9375,123.74609,643.0195,10
3200.953,422,60.98765,4384,15,2.425781,137.9375,126.56641,640.1992,10
3200.953,422,61.61616,4384,13,2.425781,137.9375,128.67969,638.0859,10
3200.953,422,63.26531,4384,12,2.425781,137.9375,126.71094,640.0547,10
3200.953,422,72.12276,4384,12,2.425781,137.9375,128.70312,638.0625,10
3200.953,422,69.30946,4384,15,2.425781,137.9375,124.09766,642.668,10
3200.953,422,72.49357,4384,11,2.425781,137.9375,121.66797,645.0977,10
3200.953,422,68.8946,4384,12,2.425781,137.9375,126.36328,640.4023,10
3200.953,422,71.21212,4384,9,2.425781,137.9375,123.45312,643.3125,10
3200.953,422,70.66327,4384,8,2.425781,137.9375,122.07422,644.6914,10
3200.969,422,70.22901,4384,4,2.425781,137.9375,125.83594,640.9297,10
3200.969,422,58.03109,4384,4,2.425781,137.9375,124.46875,642.2969,10
3200.953,422,59.74359,4384,6,2.425781,137.9375,128.16406,638.6016,10
3200.953,422,72.01018,4352,8,2.425781,137.9375,128.08984,638.6758,10
3200.953,421,73.77892,4352,9,2.425781,137.9375,128.33984,638.4258,10
3200.953,421,70.51282,4352,10,2.425781,137.9375,125.38672,641.3789,10
3200.953,421,55.61224,4352,10,2.425781,137.9375,124.07422,642.6914,10
3200.953,421,72.08122,4352,8,2.425781,137.9375,122.25391,644.5117,10
3200.969,421,72.89003,4352,8,2.425781,137.9375,127.16797,639.5977,10
3200.969,421,59.02062,4352,6,2.425781,137.9375,125.88672,640.8789,10
3201.973,421,60.5598,4352,17,2.425781,137.9375,122.87891,643.8867,10
3201.957,421,58.71795,4352,7,2.425781,137.9375,126.73438,640.0312,10
3201.957,421,73.46939,4352,13,2.425781,137.9375,127.47266,639.293,10
3200.953,421,70.51282,4352,12,2.425781,137.95312,125.61328,641.1367,10
3200.953,421,69.74359,4352,9,2.425781,137.95312,122.25,644.5,10
3200.953,421,70.63291,4352,14,2.425781,137.95312,128.24609,638.5039,10
3200.953,421,70.25641,4352,12,2.425781,137.95312,124.59375,642.1562,10
3200.953,421,68.62245,4352,9,2.425781,137.95312,126.78125,639.9688,10
3200.953,421,69.2112,4320,7,2.425781,137.95312,124.26562,642.4844,10
3200.953,421,72.0403,4352,13,2.425781,137.95312,121.32031,645.4297,10
3200.953,421,69.01763,4352,13,2.425781,137.95312,129.46484,637.2852,10
3200.953,421,66.66667,4352,14,2.425781,137.95312,129.19531,637.5547,10
3200.953,421,65.31646,4352,8,2.425781,137.95312,125.3125,641.4375,10
3200.953,421,63.13131,4352,10,2.433594,137.95312,123.26172,643.4805,10
3200.953,421,59.94898,4352,12,2.433594,137.95312,121.89844,644.8438,10
3200.953,421,61.40351,4352,15,2.449219,137.9375,122.93359,643.8086,10
3200.953,421,71.42857,4352,14,2.449219,137.95312,123.20703,643.5195,10
3201.168,421,73.48485,4352,10,2.449219,137.95312,126.0625,640.6641,10
3201.168,421,75.0,4352,15,2.449219,137.95312,126.80469,639.9219,10
3201.168,421,70.81218,4352,12,2.449219,137.95312,128.56641,638.1602,10
3200.953,421,72.86822,4384,12,2.449219,137.95312,125.85938,640.8672,10
3200.953,421,73.23232,4352,11,2.449219,137.95312,126.69141,640.0352,10
3200.953,421,71.86701,4352,7,2.449219,137.95312,126.59375,640.1328,10
3200.953,421,73.79135,4352,11,2.457031,137.94531,123.35547,643.3711,10
3200.953,421,74.17722,4352,8,2.457031,137.95312,120.89453,645.8242,10
3200.953,421,74.61929,4352,12,2.457031,137.95312,124.03906,642.6797,10
3200.953,421,72.84264,4352,11,2.457031,137.95312,126.38281,640.3359,10
3200.953,421,76.9821,4352,16,2.457031,137.95312,123.48438,643.2344,10
3200.953,421,74.68031,4352,6,2.457031,137.95312,122.82812,643.8906,10
3200.953,421,70.40816,4352,10,2.457031,137.95312,120.17578,646.543,10
3200.953,421,73.92405,4352,10,2.457031,137.95312,126.66406,640.0547,10
3200.969,421,74.93606,4352,18,2.457031,137.95312,127.81641,638.9023,10
3200.953,421,74.42455,4352,10,2.457031,137.95312,124.61719,642.1016,10
3200.953,421,68.78173,4352,10,2.457031,137.95312,121.66406,645.0547,10
3200.953,421,67.60204,4352,8,2.457031,137.95312,125.0,641.7188,10
3200.953,420,72.82051,4352,19,2.457031,137.95312,127.39844,639.3203,10
3200.953,420,68.70229,4352,9,2.457031,137.95312,125.14453,641.5742,10
3200.953,420,70.91837,4352,14,2.457031,137.95312,127.44922,639.2695,10
3200.953,420,72.58883,4352,12,2.457031,137.95312,124.74219,641.9766,10
3200.953,420,65.35433,4352,5,2.457031,137.95312,123.64844,643.0703,10
3200.969,420,65.06329,4352,3,2.457031,137.95312,120.94141,645.7773,10
3201.184,420,64.17526,4352,3,2.457031,137.95312,123.45703,643.2617,10
3201.168,420,61.22449,4352,7,2.457031,137.95312,127.38281,639.3359,10
3201.168,420,61.1399,4352,6,2.457031,137.95312,124.69141,642.0273,10
3201.168,420,57.5,4352,10,2.457031,137.95312,124.30859,642.4102,10
3201.184,420,60.6599,4352,5,2.457031,137.95312,126.92969,639.7891,10
3201.184,420,56.88776,4352,4,2.457031,137.95312,125.5625,641.1562,10
3201.168,420,50.63291,4352,5,2.457031,137.95312,129.6875,637.0312,10
3200.953,420,54.98721,4352,4,2.457031,137.95312,125.86328,640.8555,10
3200.953,420,60.0,4352,9,2.457031,137.95312,127.57812,639.1406,10
3201.168,420,67.34694,4352,11,2.457031,137.95312,124.66406,642.0547,10
3201.168,420,66.92506,4352,12,2.457031,137.95312,128.11719,638.6016,10
3200.953,420,70.36082,4352,4,2.457031,137.95312,125.76953,640.9492,10
3200.953,420,69.23077,4352,11,2.464844,137.95312,123.25391,643.457,10
3200.953,420,70.58824,4352,10,2.464844,137.95312,127.91797,638.793,10
3200.953,420,70.99237,4352,9,2.464844,137.95312,130.76172,635.9492,10
3201.168,420,55.07614,4384,9,2.464844,137.95312,128.62891,638.082,10
3201.168,420,63.21244,4384,5,2.464844,137.95312,126.30859,640.4023,10
3201.184,420,68.63753,4384,6,2.464844,137.95312,124.24219,642.4688,10
3201.168,420,61.11111,4384,8,2.464844,137.95312,131.625,635.0859,10
3201.168,420,61.83206,4384,4,2.464844,137.95312,128.32031,638.3906,10
3201.168,420,59.22078,4384,12,2.464844,137.95312,127.41797,639.293,10
3201.168,420,62.02532,4384,8,2.464844,137.95312,126.10547,640.6055,10
3201.184,420,64.17526,4384,9,2.464844,137.95312,125.21484,641.4961,10
3201.168,420,58.97436,4384,7,2.464844,137.95312,123.65625,643.0547,10
3201.168,420,60.15424,4384,20,2.464844,137.95312,126.97656,639.7344,10
3201.184,420,70.07673,4384,5,2.464844,137.95312,128.32812,638.3828,10
3201.168,420,57.10594,4384,9,2.464844,137.95312,126.03125,640.6797,10
3201.168,420,61.47959,4384,7,2.464844,137.95312,130.08984,636.6211,10
3201.184,420,58.12183,4384,3,2.464844,137.95312,127.70312,639.0078,10
3201.168,420,62.2739,4384,8,2.464844,137.95312,125.16406,641.5469,10
3201.168,420,57.10594,4384,6,2.464844,137.95312,122.63281,644.0781,10
3201.184,420,60.0,4384,3,2.464844,137.95312,122.72656,643.9844,10
3201.168,420,57.65306,4384,6,2.464844,137.95312,126.98828,639.7227,10
3201.168,420,56.77749,4384,5,2.464844,137.95312,125.14453,641.5664,10
3201.168,420,60.61381,4384,7,2.464844,137.95312,122.80859,643.9023,10
3201.168,420,55.66751,4384,4,2.464844,137.95312,126.75,639.9609,10
3201.184,420,54.12371,4384,6,2.464844,137.95312,129.49609,637.2148,10
3200.969,420,58.01527,4384,4,2.464844,137.95312,127.21875,639.4922,10
3200.953,420,50.90439,4384,7,2.464844,137.95312,125.35938,641.3516,10
3200.969,420,58.54271,4384,3,2.464844,137.95312,124.48438,642.2266,10
3200.969,420,58.91473,4384,4,2.464844,137.95312,123.14453,643.5664,10
3200.969,420,56.04113,4384,4,2.464844,137.95312,127.03906,639.6719,10
3201.184,420,60.35806,4384,3,2.464844,137.95312,129.85156,636.8594,10
3201.168,420,58.05627,4352,6,2.464844,137.95312,128.00391,638.707,10
3201.168,420,60.25974,4352,10,2.464844,137.95312,126.41797,640.293,10
3201.184,420,60.91371,4352,8,2.464844,137.95312,125.02344,641.6875,10
3200.969,420,57.289,4352,6,2.464844,137.95312,122.51172,644.1992,10
3200.953,420,55.46875,4352,4,2.464844,137.95312,121.20703,645.5039,10
3201.184,420,64.59948,4352,6,2.464844,137.95312,122.30078,644.4102,10
3201.168,420,57.32648,4384,4,2.464844,137.95312,126.55078,640.1602,10
3201.184,420,65.47315,4384,3,2.464844,137.95312,128.62891,638.082,10
3201.168,420,58.92857,4384,4,2.464844,137.95312,126.55469,640.1562,10
3201.168,420,59.12596,4384,6,2.472656,137.95312,125.03516,641.668,10
3201.168,420,68.81443,4384,7,2.472656,137.95312,124.53516,642.168,10
3201.168,420,58.12183,4384,7,2.472656,137.95312,128.41016,638.293,10
3201.184,421,63.58974,4384,5,2.472656,137.95312,128.6875,638.0156,10
3201.184,421,57.65306,4384,10,2.472656,137.95312,125.15234,641.5508,10
3201.168,421,56.47668,4384,4,2.472656,137.95312,124.27734,642.4258,10
3201.184,421,62.62887,4384,5,2.472656,137.95312,126.14844,640.5547,10
3201.168,421,53.45269,4384,4,2.472656,137.95312,130.02734,636.6758,10
3201.184,421,63.98964,4384,3,2.472656,137.95312,127.32031,639.3828,10
3201.184,421,57.14286,4384,9,2.472656,137.95312,125.98047,640.7227,10
3201.168,421,59.59079,4384,9,2.472656,137.95312,124.4375,642.2656,10
3201.184,421,58.20513,4384,7,2.472656,137.95312,125.45703,641.2461,10
3201.168,421,54.35897,4384,10,2.472656,137.95312,128.76953,637.9336,10
3200.953,421,57.289,4384,7,2.472656,137.95312,125.1875,641.5156,10
3201.184,421,57.4359,4384,8,2.472656,137.95312,123.54688,643.1562,10
3201.184,421,61.80905,4384,16,2.472656,137.95312,130.63672,636.0664,10
3201.168,421,60.45918,4384,10,2.472656,137.95312,127.42578,639.2773,10
3201.168,421,65.41353,4384,12,2.480469,137.95312,124.70312,641.9922,10
3201.168,421,55.27638,4384,8,2.480469,137.95312,124.26562,642.4297,10
3201.168,421,47.19388,4384,7,2.480469,137.95312,122.92578,643.7695,10
3201.184,421,57.76081,4384,5,2.480469,137.95312,126.14844,640.5469,10
3201.184,421,58.77863,4384,6,2.480469,137.95312,129.02734,637.668,10
3201.184,421,61.85567,4384,3,2.480469,137.95312,125.10547,641.5898,10
3201.184,421,59.03308,4384,5,2.480469,137.95312,122.61719,644.0781,10
3200.953,419,57.58355,4384,10,2.480469,137.95312,129.32031,637.375,10
3201.168,419,58.56777,4384,5,2.480469,137.95312,127.49219,639.2031,10
3201.168,419,56.73575,4384,7,2.480469,137.95312,129.74609,636.9492,10
3201.184,419,63.68286,4384,6,2.480469,137.95312,126.98438,639.7109,10
3201.168,419,56.92308,4384,7,2.480469,137.95312,125.85938,640.8359,10
3201.168,419,55.24297,4384,6,2.480469,137.95312,130.26172,636.4336,10
3201.184,419,61.02564,4384,6,2.480469,137.95312,126.02344,640.6719,10
3201.168,419,54.35897,4384,6,2.480469,137.95312,129.17188,637.5234,10
3201.184,419,62.05128,4384,3,2.480469,137.95312,130.58203,636.1133,10
3201.168,419,60.96939,4384,6,2.480469,137.95312,128.54297,638.1523,10
3201.168,419,59.6401,4384,7,2.480469,137.95312,126.41797,640.2773,10
3201.168,419,63.07692,4384,4,2.480469,137.95312,124.88281,641.8125,10
3201.168,419,59.89717,4384,3,2.480469,137.95312,124.05469,642.6406,10
3201.184,419,62.8866,4384,5,2.480469,137.95312,126.62891,640.0664,10
3201.168,419,59.18367,4384,7,2.480469,137.95312,127.64453,639.0508,10
3201.184,419,57.90816,4384,5,2.480469,137.95312,129.78516,636.9102,10
3201.168,418,58.88325,4384,9,2.480469,137.95312,127.29688,639.3984,10
3200.953,418,60.77922,4384,8,2.480469,137.95312,126.1875,640.5078,10
3200.953,418,54.38144,4352,6,2.480469,137.95312,129.33984,637.3555,10
3201.168,418,64.46701,4352,9,2.480469,137.95312,126.61719,640.0781,10
3201.168,418,60.61381,4352,7,2.480469,137.95312,130.26562,636.4297,10
3201.168,418,66.58163,4352,3,2.480469,137.95312,127.56641,639.1289,10
3201.168,418,60.61381,4352,9,2.480469,137.95312,128.82031,637.875,10
3201.168,419,57.94872,4352,15,2.480469,137.95312,125.51172,641.1836,10
3201.168,419,63.35878,4352,6,2.480469,137.95312,128.26562,638.4297,10
3201.184,419,61.30653,4352,5,2.480469,137.95312,126.46094,640.2344,10
3201.168,419,53.57143,4352,9,2.480469,137.95312,125.77734,640.918,10
3200.953,419,50.88608,4352,7,2.480469,137.95312,123.97266,642.7227,10
3200.953,419,53.33333,4352,6,2.480469,137.95312,127.26172,639.4336,10
3200.969,419,63.0102,4352,4,2.480469,137.95312,124.73047,641.9648,10
3201.168,419,62.2108,4352,8,2.480469,137.95312,123.55469,643.1406,10
3201.168,419,57.77202,4352,8,2.480469,137.95312,126.32812,640.3672,10
3201.168,419,60.25641,4352,9,2.480469,137.95312,125.375,641.3203,10
3201.168,419,63.4715,4352,5,2.480469,137.95312,131.76953,634.9258,10
3201.168,419,63.75321,4352,10,2.480469,137.95312,129.91016,636.7852,10
3201.184,419,58.01527,4352,4,2.480469,137.95312,127.86328,638.832,10
3201.168,419,59.32642,4352,6,2.480469,137.95312,124.53906,642.1562,10
3201.168,419,57.17949,4352,5,2.480469,137.95312,133.5625,633.1328,10
3201.168,419,64.12214,4352,8,2.480469,137.95312,129.35156,637.3438,10
3201.168,418,58.29016,4352,9,2.480469,137.95312,131.53125,635.1641,10
3201.184,418,57.32323,4352,3,2.480469,137.95312,128.79688,637.8984,10
3201.168,418,61.63683,4352,6,2.488281,137.95312,127.67578,639.0117,10
3201.168,418,58.56777,4352,10,2.488281,137.95312,125.85547,640.832,10
3201.168,418,59.02062,4352,8,2.488281,137.95312,128.3125,638.375,10
3201.168,418,56.1039,4352,7,2.488281,137.95312,129.88281,636.8047,10
3201.168,418,59.03308,4352,9,2.488281,137.95312,129.19922,637.4883,10
3201.184,418,66.66667,4384,4,2.488281,137.95312,127.17578,639.5117,10
3201.168,418,54.45293,4384,4,2.488281,137.95312,125.86328,640.8242,10
3201.168,418,64.03061,4384,14,2.488281,137.95312,127.78906,638.8984,10
3201.184,418,60.91371,4384,4,2.488281,137.95312,125.95703,640.7305,10
3201.168,418,62.18274,4384,6,2.488281,137.95312,124.58984,642.0977,10
3201.168,418,61.89258,4384,7,2.488281,137.95312,124.20703,642.4805,10
3201.168,418,68.87755,4384,7,2.488281,137.95312,129.45703,637.2305,10
3201.168,418,59.39086,4384,8,2.488281,137.95312,127.1875,639.5,10
3201.184,418,65.82278,4384,11,2.488281,137.95312,125.38672,641.3008,10
3201.184,418,54.89691,4384,3,2.488281,137.95312,123.11719,643.5703,10
3201.168,418,56.81818,4384,6,2.488281,137.95312,121.53125,645.1562,10
3201.168,418,56.56566,4384,8,2.488281,137.95312,122.19141,644.4961,10
3201.184,418,53.0303,4384,3,2.488281,137.95312,122.05469,644.6328,10
3201.184,418,53.43511,4384,9,2.488281,137.95312,129.53516,637.1523,10
3201.184,418,52.31959,4384,9,2.488281,137.95312,128.38672,638.3008,10
3201.184,418,60.86957,4384,8,2.488281,137.95312,125.88281,640.8047,10
3201.184,418,60.15424,4384,6,2.488281,137.95312,125.14844,641.5391,10
3201.184,418,67.26804,4384,5,2.488281,137.95312,132.66016,634.0273,10
3201.184,418,58.7013,4384,6,2.488281,137.95312,128.89844,637.7891,10
3201.152,418,55.89744,4384,11,2.488281,137.95312,126.32812,640.3594,10
3201.168,418,60.75949,4384,4,2.488281,137.95312,124.51172,642.1758,10
3201.168,418,57.58355,4384,5,2.488281,137.95312,123.25391,643.4336,10
3201.184,418,63.17136,4384,3,2.488281,137.95312,122.13672,644.5508,10
3201.184,418,62.14834,4384,6,2.488281,137.95312,130.27734,636.4102,10
3201.184,418,61.53846,4384,8,2.488281,137.95312,126.73828,639.9492,10
3201.184,418,62.59542,4384,4,2.488281,137.95312,123.29297,643.3945,10
3201.168,418,58.20513,4384,7,2.488281,137.95312,127.65625,639.0312,10
3201.168,418,63.0102,4384,8,2.496094,137.94531,124.92188,641.7656,10
3201.168,418,54.00517,4384,7,2.496094,137.95312,123.60938,643.0703,10
3201.184,418,59.33504,4384,4,2.496094,137.95312,122.29688,644.3828,10
3201.184,418,60.92545,4384,4,2.496094,137.95312,125.01562,641.6641,10
3201.168,418,57.90816,4384,7,2.496094,137.95312,129.05469,637.625,10
3201.184,418,60.67708,4384,4,2.496094,137.95312,128.03516,638.6445,10
3201.168,418,61.95373,4384,4,2.496094,137.95312,129.80469,636.875,10
3201.168,418,57.17884,4384,4,2.496094,137.95312,126.76953,639.9102,10
3201.168,418,68.47545,4384,6,2.496094,137.95312,124.5625,642.1172,10
3201.184,418,67.60204,4384,5,2.496094,137.95312,127.19531,639.4844,10
3201.184,418,61.42132,4384,13,2.496094,137.95312,125.36719,641.3125,10
3201.168,418,57.54476,4384,5,2.496094,137.95312,127.90625,638.7734,10
3201.168,418,58.41837,4384,6,2.503906,137.94531,126.78516,639.8945,10
3201.168,418,57.76081,4384,8,2.503906,137.95312,125.19922,641.4727,10
3201.168,418,61.85567,4384,3,2.503906,137.95312,122.89062,643.7812,10
3201.168,418,57.93451,4352,9,2.503906,137.95312,122.37109,644.3008,10
3201.184,418,54.06091,4352,3,2.503906,137.95312,121.54688,645.125,10
3201.168,418,53.57143,4352,10,2.503906,137.95312,124.86719,641.8047,10
3200.953,418,59.70149,4352,8,2.503906,137.95312,122.76172,643.9102,10
3200.953,418,55.78406,4352,11,2.503906,137.95312,122.44141,644.2305,10
3201.168,418,62.40209,4352,4,2.503906,137.95312,129.51953,637.1523,10
3201.184,418,64.19437,4352,4,2.503906,137.95312,127.01562,639.6562,10
3201.184,418,60.56701,4352,9,2.503906,137.95312,131.76562,634.9062,10
3201.168,418,59.24051,4352,3,2.503906,137.95312,129.44531,637.2266,10
3201.168,418,61.95373,4352,6,2.503906,137.95312,127.64062,639.0312,10
3201.184,418,58.92857,4352,3,2.503906,137.95312,126.08203,640.5898,10
3201.168,418,58.65633,4352,8,2.503906,137.95312,127.69531,638.9766,10
3201.168,418,66.32391,4352,8,2.503906,137.95312,130.89844,635.7734,10
3201.168,418,58.22785,4352,5,2.503906,137.95312,133.20312,633.4688,10
3201.168,419,61.51899,4352,8,2.503906,137.95312,129.03516,637.6367,10
3201.184,419,55.75448,4352,3,2.503906,137.95312,126.51953,640.1523,10
3201.184,419,58.91473,4352,5,2.503906,137.95312,129.76953,636.9023,10
3201.184,419,58.67347,4352,3,2.503906,137.95312,127.69141,638.9805,10
3201.184,419,69.82097,4352,13,2.503906,137.95312,130.42188,636.25,10
3201.168,419,60.51282,4352,6,2.511719,137.95312,128.42578,638.2383,10
3201.168,419,55.03876,4352,3,2.511719,137.95312,129.54297,637.1211,10
3201.168,419,65.12821,4352,4,2.511719,137.95312,126.78516,639.8789,10
3201.168,419,61.42132,4352,4,2.511719,137.95312,125.28125,641.3828,10
3201.172,419,59.94898,4352,8,2.511719,137.95312,125.18359,641.4805,10
3201.172,417,61.73469,4352,11,2.511719,137.95312,127.91016,638.7539,10
3201.188,417,63.35878,4352,8,2.511719,137.95312,130.02734,636.6367,10
3200.957,417,55.38462,4352,7,2.511719,137.95312,127.16797,639.4961,10
3200.957,417,54.36409,4352,13,2.511719,137.95312,124.59766,642.0664,10
3200.973,417,52.19638,4352,3,2.519531,137.94531,126.02734,640.6367,10
3200.957,417,56.15385,4352,7,2.519531,137.95312,129.03516,637.6211,10
3201.172,417,59.02062,4352,8,2.519531,137.95312,132.23828,634.418,10
3201.188,417,61.3577,4352,6,2.519531,137.95312,128.84375,637.8125,10
3201.172,417,61.75711,4352,9,2.519531,137.95312,126.96875,639.6875,10
3200.957,417,58.92857,4352,10,2.519531,137.95312,126.09375,640.5625,10
3200.957,418,54.78036,4352,6,2.519531,137.95312,124.51172,642.1445,10
3200.957,418,60.0,4352,5,2.519531,137.95312,122.67969,643.9766,10
3200.957,418,57.98969,4352,8,2.519531,137.95312,121.99609,644.6602,10
3200.973,418,61.9171,4352,15,2.519531,137.95312,121.69531,644.9609,10
3200.957,418,59.69388,4352,12,2.519531,137.95312,119.34375,647.3125,10
3200.957,418,60.0,4352,10,2.519531,137.95312,129.25781,637.3984,10
3200.957,418,60.56701,4352,7,2.519531,137.95312,132.51172,634.1445,10
3200.957,418,57.4359,4352,10,2.519531,137.95312,128.27344,638.3828,10
3200.957,418,58.52417,4352,8,2.519531,137.95312,125.51172,641.1445,10
3200.973,418,69.89796,4352,9,2.519531,137.95312,124.63672,642.0195,10
3200.957,418,56.01023,4352,5,2.519531,137.95312,124.19922,642.457,10
3200.957,418,60.40609,4352,6,2.519531,137.95312,124.0625,642.5938,10
3200.957,419,54.92228,4352,6,2.519531,137.95312,124.91406,641.7422,10
3200.957,419,63.75321,4352,10,2.519531,137.95312,124.33984,642.3164,10
3200.973,419,58.56777,4352,3,2.519531,137.95312,127.41016,639.2461,10
3200.957,419,55.95855,4352,6,2.519531,137.95312,129.00391,637.6523,10
3200.957,419,63.52041,4352,5,2.519531,137.95312,130.79297,635.8633,10
3200.957,419,57.94872,4352,6,2.519531,137.95312,128.5,638.1562,10
3201.188,419,63.23907,4352,5,2.519531,137.95312,125.98438,640.6719,10
3201.172,419,54.59184,4352,8,2.519531,137.95312,124.42578,642.2305,10
3200.973,419,57.97468,4384,7,2.519531,137.95312,127.58984,639.0664,10
3200.957,419,62.82051,4384,5,2.519531,137.95312,130.37109,636.2852,10
3200.957,419,55.6391,4384,8,2.519531,137.95312,128.26562,638.3906,10
3200.973,419,55.97964,4384,3,2.519531,137.95312,129.09766,637.5586,10
3200.973,419,56.17128,4384,5,2.519531,137.95312,126.10156,640.5547,10
3200.957,418,53.31633,4384,6,2.519531,137.95312,124.73828,641.918,10
3200.973,418,52.92621,4384,4,2.519531,137.95312,127.8125,638.8438,10
3200.957,418,58.31202,4384,8,2.527344,137.95312,126.47266,640.1758,10
3200.957,418,56.48855,4384,6,2.527344,137.95312,125.59766,641.0508,10
3200.957,418,57.50636,4384,12,2.527344,137.95312,124.03906,642.6094,10
3200.973,419,59.11458,4352,4,2.527344,137.95312,124.85547,641.793,10
3200.973,419,67.09845,4352,3,2.527344,137.95312,128.90234,637.7461,10
3200.957,419,55.95855,4352,4,2.527344,137.95312,132.62891,634.0195,10
3200.957,419,61.32316,4352,8,2.527344,137.95312,130.35938,636.2891,10
3200.957,419,59.6401,4352,6,2.527344,137.95312,133.47656,633.1719,10
3200.957,419,56.70886,4352,3,2.527344,137.95312,130.96094,635.6875,10
3200.973,419,59.33504,4352,7,2.527344,137.95312,129.34766,637.3008,10
3200.957,419,59.94832,4352,7,2.527344,137.95312,128.25391,638.3945,10
3200.973,419,60.30928,4352,8,2.527344,137.95312,126.69531,639.9531,10
3200.957,419,56.2341,4352,12,2.527344,137.95312,124.875,641.7734,10
3200.957,419,63.58974,4352,9,2.527344,137.95312,124.49609,642.1523,10
3200.957,419,59.79644,4352,9,2.527344,137.95312,123.10156,643.5469,10
3200.957,419,61.95373,4352,8,2.527344,137.95312,125.58203,641.0664,10
3200.957,419,57.72152,4352,5,2.527344,137.95312,124.24219,642.4062,10
3200.973,419,60.61381,4352,3,2.527344,137.95312,125.88672,640.7617,10
3200.973,419,60.05155,4352,3,2.527344,137.95312,132.92969,633.7188,10
3200.973,419,57.03325,4352,8,2.527344,137.95312,131.08594,635.5625,10
3200.973,419,60.6599,4352,4,2.527344,137.95312,128.32422,638.3242,10
3200.957,420,62.1134,4352,8,2.527344,137.95312,127.14453,639.5039,10
3200.957,421,60.1023,4352,6,2.527344,137.95312,126.02734,640.6211,10
3200.957,421,58.31202,4352,9,2.527344,137.95312,128.10156,638.5469,10
3200.957,421,56.84755,4352,7,2.527344,137.95312,125.94531,640.7031,10
3200.957,421,56.2982,4352,5,2.527344,137.95312,124.83594,641.8125,10
3200.957,421,55.30303,4352,10,2.527344,137.95312,129.36328,637.2852,10
3200.957,421,61.53846,4352,9,2.527344,137.95312,124.05859,642.5898,10
3200.957,421,54.49871,4352,7,2.527344,137.95312,123.97656,642.6719,10
3201.172,421,52.55102,4352,7,2.527344,137.95312,122.44531,644.2031,10
3201.172,421,54.35897,4352,9,2.527344,137.95312,126.47266,640.1758,10
3201.172,421,54.21995,4352,10,2.527344,137.95312,124.61719,642.0312,10
3200.957,421,54.43038,4352,6,2.527344,137.95312,124.04297,642.6055,10
3200.957,421,61.61616,4352,4,2.542969,137.95312,123.35938,643.2734,10
3200.957,421,59.33504,4352,10,2.542969,137.95312,126.14062,640.4922,10
3200.973,421,55.64304,4352,3,2.542969,137.95312,129.42188,637.2109,10
3200.957,421,58.67347,4384,5,2.542969,137.95312,126.84375,639.7891,10
3200.957,421,59.74026,4384,9,2.542969,137.95312,126.01953,640.6133,10
3200.957,421,58.41837,4384,15,2.542969,137.95312,123.96484,642.668,10
3200.973,421,61.79487,4384,6,2.542969,137.95312,126.53906,640.0938,10
3200.973,421,59.32642,4384,10,2.542969,137.95312,130.24219,636.3906,10
3200.973,421,57.29443,4384,3,2.542969,137.95312,127.97266,638.6602,10
3200.957,421,61.08247,4384,3,2.542969,137.95312,126.85547,639.7773,10
3200.957,421,58.71795,4384,5,2.542969,137.95312,124.10547,642.5273,10
3200.957,421,58.20513,4384,4,2.550781,137.94531,122.51953,644.1133,10
3201.188,421,62.1134,4384,6,2.550781,137.95312,120.47656,646.1484,10
3201.188,421,61.95373,4384,8,2.550781,137.95312,128.90234,637.7227,10
3201.188,421,64.2487,4384,9,2.550781,137.95312,125.64844,640.9766,10
3201.172,421,59.07928,4384,6,2.550781,137.95312,124.77734,641.8477,10
3201.172,421,55.95855,4384,5,2.550781,137.95312,128.5,638.125,10
3201.188,421,57.21649,4384,3,2.550781,137.95312,131.5,635.125,10
3201.172,421,59.38303,4384,7,2.550781,137.95312,132.19141,634.4336,10
3201.172,421,57.66234,4384,10,2.550781,137.95312,129.08984,637.5352,10
3201.188,421,61.28205,4384,7,2.550781,137.95312,126.79297,639.832,10
3201.188,421,60.98191,4384,4,2.550781,137.95312,124.26562,642.3594,10
3201.188,421,60.61381,4384,3,2.550781,137.95312,123.87109,642.7539,10
3200.988,421,59.07928,4384,8,2.550781,137.95312,127.14453,639.4805,10
3200.957,421,59.89848,4384,6,2.550781,137.95312,126.92578,639.6992,10
3200.957,421,60.86957,4384,9,2.550781,137.95312,129.45703,637.168,10
3200.973,421,56.81818,4384,12,2.550781,137.95312,127.37891,639.2461,10
3200.973,421,54.93671,4384,7,2.550781,137.95312,126.24219,640.3828,10
3200.957,421,53.41772,4384,5,2.550781,137.95312,124.68359,641.9414,10
3201.172,421,54.65995,4384,5,2.550781,137.95312,128.11719,638.5078,10
3201.172,421,52.6178,4384,3,2.550781,137.95312,126.32812,640.2969,10
3201.172,421,63.17136,4384,10,2.550781,137.95312,124.5,642.125,10
3201.172,421,57.80051,4384,5,2.550781,137.95312,127.05078,639.5742,10
3201.172,421,61.65803,4384,7,2.550781,137.95312,123.30859,643.3164,10
3201.188,421,56.95876,4384,4,2.550781,137.95312,127.04297,639.582,10
3201.172,421,58.12183,4384,6,2.550781,137.95312,126.10156,640.5234,10
3201.172,421,61.9171,4384,10,2.550781,137.95312,127.19531,639.4297,10
3201.172,421,58.97436,4384,7,2.558594,137.94531,125.64062,640.9844,10
3201.188,421,58.86889,4384,4,2.558594,137.95312,123.83984,642.7773,10
3201.188,421,57.84062,4384,3,2.558594,137.95312,128.76562,637.8516,10
3201.188,421,54.38144,4384,3,2.558594,137.95312,129.875,636.7422,10
3201.188,421,56.81234,4384,9,2.558594,137.95312,128.49609,638.1211,10
3201.172,421,64.76684,4384,4,2.558594,137.95312,123.76562,642.8516,10
3201.188,421,61.59794,4384,7,2.558594,137.95312,124.42188,642.1953,10
3201.188,421,60.35806,4384,3,2.558594,137.95312,122.78906,643.8281,10
3201.172,421,58.31202,4384,11,2.558594,137.95312,126.09375,640.5234,10
3201.172,421,65.64103,4384,9,2.558594,137.95312,129.58594,637.0312,10
3201.172,421,55.49738,4384,8,2.558594,137.95312,126.82812,639.7891,10
3201.172,421,58.62944,4384,9,2.558594,137.95312,129.10938,637.5078,10
3201.172,421,62.66319,4384,9,2.558594,137.95312,127.57812,639.0391,10
3201.188,421,62.62887,4384,4,2.558594,137.95312,125.82812,640.7891,10
3201.172,421,65.3944,4384,6,2.558594,137.95312,125.9375,640.6797,10
3201.172,421,56.01023,4384,5,2.558594,137.95312,128.46484,638.1523,10
3201.188,421,58.56777,4384,7,2.558594,137.95312,125.90625,640.7109,10
3201.172,421,55.06494,4384,9,2.558594,137.95312,129.19922,637.418,10
3201.172,421,56.37755,4384,8,2.558594,137.95312,127.60547,639.0117,10
3201.188,421,57.90816,4384,3,2.558594,137.95312,127.14062,639.4766,10
3201.172,421,63.5443,4384,7,2.558594,137.95312,126.04688,640.5703,10
3201.172,421,58.73418,4384,5,2.558594,137.95312,129.13281,637.4844,10
3201.188,421,59.44584,4384,7,2.558594,137.95312,131.03125,635.5859,10
3201.188,421,52.1519,4384,3,2.558594,137.95312,128.51562,638.1016,10
3201.172,421,48.84319,4384,3,2.558594,137.95312,127.64062,638.9766,10
3201.188,421,57.46835,4384,4,2.558594,137.95312,126.57812,640.0391,10
3201.172,421,60.05155,4384,7,2.558594,137.95312,128.46094,638.1562,10
3201.172,421,66.15385,4384,5,2.558594,137.95312,126.38281,640.2344,10
3201.172,421,52.79188,4384,7,2.839844,138.46094,124.71484,641.1133,10
3201.172,421,62.30769,4384,6,2.839844,138.46875,123.45703,642.3633,10
3201.188,421,60.41131,4384,3,2.839844,138.46875,121.92578,643.8945,10
3201.172,421,55.81395,4384,9,2.839844,138.46875,128.46484,637.3555,10
3201.172,421,63.84615,4384,6,2.839844,138.46875,126.94922,638.8711,10
3201.188,421,65.22843,4384,3,2.839844,138.46875,123.72266,642.0977,10
3201.172,421,61.38107,4384,8,2.847656,138.46875,122.38281,643.4297,10
3200.957,421,60.30534,4384,8,2.847656,138.46875,124.90234,640.9102,10
3200.957,421,56.18557,4384,10,2.847656,138.46875,124.05469,641.7578,10
3200.973,421,59.74684,4384,5,2.847656,138.46875,126.73828,639.0742,10
3200.973,421,69.92288,4384,10,2.847656,138.46875,123.50391,642.3086,10
3200.957,421,60.05089,4384,9,2.847656,138.46875,120.25391,645.5586,10
3201.188,421,61.53846,4384,4,2.847656,138.46875,124.71875,641.0938,10
3201.172,421,60.76923,4384,5,2.847656,138.46875,127.48828,638.3242,10
3201.172,421,57.47423,4352,4,2.847656,138.46875,125.38672,640.4258,10
3201.172,421,57.36041,4352,12,2.847656,138.46875,128.29297,637.5195,10
3201.172,421,52.31959,4352,5,2.847656,138.46875,126.96484,638.8477,10
3200.957,421,57.14286,4352,5,2.847656,138.46875,124.64062,641.1719,10
3200.957,421,59.74359,4352,8,2.847656,138.46875,127.42578,638.3867,10
3200.957,421,59.07928,4352,5,2.847656,138.46875,126.44531,639.3672,10
3201.172,421,62.37113,4352,5,2.847656,138.46875,122.23438,643.5781,10
3201.172,421,58.97436,4352,8,2.847656,138.46875,124.28125,641.5312,10
3201.188,421,56.70103,4352,5,2.855469,138.46094,122.99219,642.8203,10
3200.973,421,58.48101,4352,4,2.855469,138.46875,127.19141,638.6133,10
3200.957,421,54.19847,4352,5,2.855469,138.46875,126.72656,639.0781,10
3200.957,421,53.60825,4352,10,2.855469,138.46875,122.54297,643.2617,10
3201.172,421,57.82828,4352,9,2.855469,138.46875,122.83984,642.9648,10
3201.172,421,54.38596,4352,11,2.855469,138.46875,125.48047,640.3242,10
3201.188,421,54.26357,4352,4,2.855469,138.46875,122.97656,642.8281,10
3200.957,421,54.06091,4352,6,2.855469,138.46875,122.10156,643.7031,10
3201.156,421,56.2982,4352,5,2.855469,138.46875,125.375,640.4297,10
3201.172,421,60.81425,4352,7,2.855469,138.46875,123.99609,641.8086,10
3201.172,421,62.95337,4352,8,2.855469,138.46875,122.65625,643.1484,10
3201.172,420,64.84375,4352,7,2.855469,138.46875,120.82422,644.9805,10
3200.973,420,55.01285,4352,3,2.855469,138.46875,124.10156,641.7031,10
3201.188,420,60.88083,4352,10,2.855469,138.46875,128.34766,637.457,10
3201.172,420,59.07928,4352,5,2.855469,138.46875,125.57031,640.2344,10
3201.172,420,57.25389,4352,9,2.871094,138.45312,128.43359,637.3711,10
3201.172,420,65.5527,4352,3,2.871094,138.46875,125.96094,639.8281,10
3201.172,420,62.37113,4352,7,2.871094,138.46875,123.39062,642.3984,10
3201.172,420,63.5443,4320,7,2.871094,138.46875,125.51172,640.2773,10
3201.172,420,60.82474,4320,8,2.871094,138.46875,127.24609,638.543,10
3200.973,420,65.64103,4320,11,2.871094,138.46875,129.78125,636.0078,10
3200.973,420,56.07235,4320,6,2.871094,138.46875,127.70312,638.0859,10
3200.973,420,59.53608,4320,11,2.871094,138.46875,126.39844,639.3906,10
3200.973,420,62.34097,4320,7,2.871094,138.46875,129.47266,636.3164,10
3200.957,420,61.1399,4320,8,2.871094,138.46875,127.44922,638.3398,10
3200.957,420,56.21762,4320,6,2.871094,138.46875,126.57422,639.2148,10
3200.957,420,60.30928,4320,6,2.871094,138.46875,124.98828,640.8008,10
3200.973,420,54.87179,4320,5,2.871094,138.46875,124.59766,641.1914,10
3200.957,420,56.99746,4320,7,2.871094,138.46875,125.44141,640.3477,10
3200.957,420,62.76042,4320,9,2.871094,138.46875,127.95312,637.8359,10
3200.957,420,52.77778,4320,5,2.871094,138.46875,126.85938,638.9297,10
3200.957,420,59.94898,4320,7,2.871094,138.46875,129.16406,636.625,10
3200.973,420,59.33504,4320,3,2.871094,138.46875,127.79688,637.9922,10
3201.172,420,59.48718,4320,4,2.871094,138.46875,125.44531,640.3438,10
3201.172,420,60.05089,4320,6,2.871094,138.46875,124.10547,641.6836,10
3201.188,420,58.83838,4320,4,2.871094,138.46875,121.58984,644.1992,10
3201.172,420,53.94402,4352,6,2.871094,138.46875,120.66406,645.125,10
3201.172,420,51.77665,4352,4,2.871094,138.46875,124.42578,641.3633,10
3201.188,420,60.1023,4352,11,2.871094,138.46875,123.41016,642.3789,10
3201.172,420,59.84655,4352,9,2.871094,138.46875,131.00781,634.7812,10
3201.188,420,61.45833,4352,3,2.871094,138.46875,127.75391,638.0352,10
3201.172,420,60.25641,4352,5,2.871094,138.46875,125.96484,639.8242,10
3201.172,420,62.5641,4352,6,2.871094,138.46875,123.23047,642.5586,10
3201.172,420,59.84655,4352,7,2.871094,138.46875,122.30469,643.4844,10
3201.172,420,57.32648,4352,10,2.878906,138.46875,125.00781,640.7734,10
3200.973,420,62.37374,4352,11,2.878906,138.46875,128.25781,637.5234,10
3201.172,420,62.37113,4352,9,2.878906,138.46875,124.74609,641.0352,10
3201.172,420,58.24742,4352,9,2.878906,138.46875,123.16016,642.6211,10
3201.188,420,61.0687,4352,3,2.878906,138.46875,123.94531,641.8359,10
3201.172,420,61.0687,4352,8,2.878906,138.46875,122.17578,643.6055,10
3201.188,420,60.92545,4352,3,2.878906,138.46875,123.65625,642.125,10
3201.172,420,60.41131,4352,5,2.878906,138.46875,123.32812,642.4531,10
3201.172,420,56.88776,4352,6,2.878906,138.46875,126.67188,639.1094,10
3201.188,420,60.82474,4352,4,2.878906,138.46875,123.94141,641.8398,10
3201.172,421,61.22449,4352,8,2.886719,138.46094,127.27734,638.5039,10
3200.973,421,56.88776,4352,3,2.886719,138.46875,124.57422,641.1992,10
3201.188,421,64.54082,4352,12,2.886719,138.46875,131.42188,634.3516,10
3201.172,421,60.1023,4352,5,2.886719,138.46875,127.9375,637.8359,10
3201.172,421,65.05102,4352,11,2.886719,138.46875,130.99219,634.7812,10
3201.188,421,58.76289,4352,3,2.886719,138.46875,128.88672,636.8867,10
3201.172,421,62.7551,4352,14,2.886719,138.46875,127.02734,638.7461,10
3201.172,421,59.59079,4352,3,2.886719,138.46875,125.66016,640.1133,10
3201.188,421,62.98201,4352,5,2.886719,138.46875,123.32812,642.4453,10
3201.172,421,57.36041,4352,10,2.886719,138.46875,121.77734,643.9961,10
3201.188,421,60.45918,4352,4,2.886719,138.46875,124.49219,641.2812,10
3201.188,421,61.95373,4352,3,2.886719,138.46875,122.19531,643.5781,10
3201.188,421,53.96419,4352,6,2.886719,138.46875,125.71875,640.0547,10
3201.172,421,54.45293,4352,4,2.886719,138.46875,123.43359,642.3398,10
3201.188,421,55.77889,4384,8,2.886719,138.46875,127.46484,638.3086,10
3201.172,421,49.87147,4384,4,2.886719,138.46875,125.62109,640.1523,10
3201.188,421,62.98201,4384,4,2.886719,138.46875,123.41016,642.3633,10
3201.172,421,64.28571,4384,10,2.886719,138.46875,123.4375,642.3359,10
3201.188,422,66.83805,4384,7,2.886719,138.46875,120.23828,645.5352,10
3201.172,422,56.66667,4384,10,2.886719,138.46875,119.88281,645.8906,10
3201.172,422,65.64103,4384,15,2.886719,138.46875,121.67578,644.0977,10
3200.957,422,60.1023,4384,6,2.886719,138.46875,128.16797,637.6055,10
3200.973,422,60.91371,4384,3,2.886719,138.46875,127.07422,638.6992,10
3200.957,422,60.15228,4384,13,2.886719,138.46875,125.46094,640.3125,10
3200.973,422,66.40827,4384,4,2.886719,138.46875,126.83984,638.9336,10
3200.957,422,57.39796,4384,9,2.886719,138.46875,125.96875,639.8047,10
3200.973,422,57.21649,4384,4,2.886719,138.46875,130.16406,635.6094,10
3200.957,422,60.70529,4384,7,2.886719,138.46875,128.33203,637.4414,10
3201.172,422,59.07928,4384,8,2.886719,138.46875,125.57031,640.2031,10
3201.188,422,57.98969,4384,3,2.886719,138.46875,122.51562,643.2578,10
3201.172,422,60.72351,4384,7,2.886719,138.46875,125.08594,640.6875,10
3200.973,422,59.03308,4384,7,2.886719,138.46875,123.99219,641.7812,10
3200.973,422,62.30769,4384,7,2.886719,138.46875,127.11719,638.6562,10
3200.957,422,57.36041,4384,5,2.886719,138.46875,125.78906,639.9844,10
3200.957,422,57.39796,4384,6,2.886719,138.46875,122.95312,642.8203,10
3200.973,422,66.23377,4384,3,2.886719,138.46875,121.85547,643.918,10
3200.957,422,57.50636,4384,5,2.886719,138.46875,120.98828,644.7852,10
3200.973,422,59.27835,4384,3,2.886719,138.46875,124.06641,641.707,10
3201.188,422,57.90816,4384,5,2.886719,138.46875,122.69922,643.0742,10
3201.172,422,54.12371,4384,7,2.886719,138.46875,123.02734,642.7461,10
3201.188,422,59.38303,4384,3,2.886719,138.46875,127.5625,638.2109,10
3200.973,422,60.61381,4384,6,2.886719,138.46875,124.54297,641.2305,10
3200.957,422,56.85279,4384,4,2.886719,138.46875,122.98438,642.7891,10
3200.957,422,61.42132,4384,12,2.886719,138.46875,125.64844,640.125,10
3201.188,422,54.75578,4384,3,2.894531,138.46875,123.83203,641.9336,10
3201.188,422,51.02041,4384,5,2.894531,138.46875,128.52344,637.2422,10
3201.172,422,50.89514,4384,6,2.894531,138.46875,126.44531,639.3203,10
3201.188,422,60.15424,4384,9,2.894531,138.46875,124.17578,641.5898,10
3201.172,422,53.33333,4384,8,2.894531,138.46875,127.05078,638.7148,10
3200.973,422,59.74026,4384,11,2.894531,138.46875,124.97266,640.793,10
3201.188,422,59.33504,4384,4,2.894531,138.46875,123.16797,642.5977,10
3201.172,422,55.69948,4416,5,2.910156,138.46484,121.60938,644.1445,10
3201.172,422,63.17136,4416,6,2.910156,138.46875,124.71094,641.0391,10
3200.973,422,60.51282,4416,5,2.910156,138.46875,123.30469,642.4453,10
3201.188,422,60.61381,4416,4,2.910156,138.46875,125.89453,639.8555,10
3201.172,422,57.65306,4416,6,2.910156,138.46875,122.15234,643.5977,10
3201.172,422,61.89258,4416,6,2.910156,138.46875,125.85938,639.8906,10
3201.172,422,59.12596,4384,4,2.910156,138.46875,125.61328,640.1367,10
3201.172,422,62.72494,4384,8,2.910156,138.46875,128.30859,637.4414,10
3201.188,422,64.08269,4384,3,2.910156,138.46875,126.71875,639.0312,10
3201.188,422,66.06218,4384,3,2.910156,138.46875,124.42188,641.3281,10
3201.188,422,66.16162,4384,3,2.910156,138.46875,123.74219,642.0078,10
3201.172,422,60.88083,4384,8,2.910156,138.46875,121.96484,643.7852,10
3201.188,422,59.12596,4384,11,2.910156,138.46875,125.32812,640.4219,10
3201.172,422,57.69231,4384,6,2.910156,138.46875,127.73828,638.0117,10
3201.172,422,59.06736,4384,8,2.910156,138.46875,123.71875,642.0312,10
3201.172,422,58.61183,4384,2,2.910156,138.46875,122.57031,643.1797,10
3201.172,422,59.38303,4384,4,2.910156,138.46875,121.05859,644.6914,10
3201.172,422,56.59898,4384,6,2.910156,138.46875,129.55078,636.1992,10
3201.172,422,58.41837,4384,7,2.910156,138.46875,131.09766,634.6523,10
3201.172,422,60.15625,4384,13,2.910156,138.46875,128.30859,637.4414,10
3201.172,422,61.11111,4352,6,2.910156,138.46875,126.51562,639.2344,10
3201.172,422,63.22418,4352,6,2.910156,138.46875,124.71484,641.0352,10
3201.172,422,56.4433,4352,7,2.917969,138.46094,122.63672,643.1133,10
3201.172,422,58.20513,4352,5,2.917969,138.46875,121.74609,643.9961,10
3201.172,422,63.84615,4352,12,2.917969,138.46875,125.86719,639.875,10
3201.172,422,53.92405,4352,5,2.917969,138.46875,124.28125,641.4609,10
3201.172,422,53.88471,4352,7,2.917969,138.46875,122.75391,642.9883,10
3201.172,422,52.52525,4352,8,2.917969,138.46875,123.02344,642.7188,10
3201.188,422,55.18135,4352,5,2.917969,138.46875,127.26953,638.4727,10
3201.172,422,60.15228,4352,6,2.917969,138.46875,126.80469,638.9375,10
3201.188,422,55.03876,4352,6,2.917969,138.46875,125.62891,640.1133,10
3201.188,422,65.30612,4352,5,2.917969,138.46875,124.64844,641.0938,10
3201.172,422,54.78036,4352,8,2.925781,138.46875,127.24609,638.4883,10
3201.172,422,60.0,4352,3,2.925781,138.46875,131.23438,634.5,10
3201.172,422,55.01285,4352,8,2.925781,138.46875,127.47656,638.2578,10
3201.172,420,58.13953,4352,9,2.925781,138.46875,125.42578,640.3086,10
3201.172,420,61.28205,4384,7,2.925781,138.46875,128.66406,637.0703,10
3201.172,420,56.04113,4384,5,2.925781,138.46875,126.31641,639.418,10
3201.172,420,58.56777,4384,4,2.925781,138.46875,124.55078,641.1836,10
3201.172,420,60.66838,4384,11,2.925781,138.46875,122.74609,642.9883,10
3201.172,420,56.52174,4384,6,2.933594,138.46094,121.90234,643.832,10
3201.172,420,59.6401,4384,5,2.933594,138.46875,123.22656,642.5,10
3201.172,420,58.94207,4384,8,2.933594,138.46875,122.59766,643.1289,10
3201.188,420,58.33333,4384,4,2.933594,138.46875,122.13281,643.5938,10
3201.172,421,59.38303,4384,4,2.933594,138.46875,121.96875,643.7578,10
3201.172,421,59.53608,4384,10,2.933594,138.46875,123.86719,641.8594,10
3201.188,421,60.76923,4384,7,2.941406,138.46875,122.94141,642.7773,10
3201.172,421,60.25641,4384,6,2.941406,138.46875,120.47656,645.2422,10
3201.188,421,57.76081,4384,9,2.941406,138.46875,118.91797,646.8008,10
3201.172,421,63.35878,4384,7,2.941406,138.46875,129.14062,636.5781,10
3201.188,421,60.25641,4384,3,2.941406,138.46875,125.58594,640.1328,10
3201.172,421,53.84615,4384,4,2.941406,138.46875,123.78125,641.9375,10
3201.188,421,65.31646,4384,5,2.941406,138.46875,121.29297,644.4258,10
3201.188,421,53.06122,4384,4,2.941406,138.46875,120.39453,645.3242,10
3200.957,421,57.17949,4384,11,2.941406,138.46875,119.50391,646.2148,10
3201.156,421,57.5,4384,12,2.941406,138.46875,127.10547,638.6133,10
3201.188,421,55.58376,4384,8,2.949219,138.46094,125.92969,639.7891,10
3201.188,421,54.43038,4384,9,2.949219,138.46875,124.125,641.5859,10
3201.172,421,50.89514,4384,9,2.949219,138.46875,122.08984,643.6211,10
3201.172,421,57.39796,4384,6,2.949219,138.46875,123.85156,641.8594,10
3201.172,421,64.2132,4384,9,2.949219,138.46875,126.91016,638.8008,10
3201.188,421,54.87179,4384,4,2.949219,138.46875,125.30078,640.4102,10
3201.172,421,62.65985,4384,3,2.949219,138.46875,125.73828,639.9727,10
3201.172,421,64.46701,4384,6,2.949219,138.46875,129.28906,636.4219,10
3201.172,421,58.71795,4384,10,2.949219,138.46875,125.75391,639.957,10
3201.188,421,65.7289,4384,4,2.949219,138.46875,122.75781,642.9531,10
3201.188,421,60.76923,4384,7,2.949219,138.46875,121.41797,644.293,10
3201.172,421,59.6401,4384,4,2.957031,138.46484,120.51562,645.1914,10
3201.188,420,64.37659,4384,6,2.957031,138.47266,123.60938,642.0898,10
3201.172,420,60.35806,4384,8,2.957031,138.47266,121.28906,644.4102,10
3201.188,420,59.54198,4384,5,2.957031,138.47266,120.66016,645.0391,10
3201.188,420,61.47959,4384,8,2.957031,138.47266,119.05078,646.6484,10
3201.172,420,57.86802,4384,7,2.957031,138.47266,126.48828,639.2109,10
3201.172,420,65.71429,4384,5,2.957031,138.47266,123.97266,641.7266,10
3201.188,420,56.52174,4384,8,2.957031,138.47266,122.35938,643.3398,10
3201.172,420,59.79381,4384,12,2.957031,138.47266,125.98047,639.7188,10
3201.172,420,56.88312,4384,4,2.957031,138.47266,128.42188,637.2773,10
3201.188,420,56.77749,4384,6,2.957031,138.47266,125.64062,640.0586,10
3201.188,420,61.53846,4384,7,2.957031,138.47266,126.45312,639.2461,10
3201.172,420,57.73196,4384,7,2.957031,138.47266,129.19141,636.5078,10
3201.172,420,65.06329,4352,6,2.957031,138.47266,126.86719,638.832,10
3201.172,420,60.0,4352,14,2.957031,138.47266,130.26562,635.4336,10
3201.188,420,67.09512,4352,6,2.957031,138.47266,127.24609,638.4531,10
3200.973,420,58.76289,4352,11,2.957031,138.47266,129.89062,635.8086,10
3200.973,419,52.5641,4352,4,2.957031,138.47266,127.79688,637.9023,10
3201.188,419,61.95373,4352,9,2.957031,138.47266,125.99609,639.7031,10
3201.172,419,52.1519,4352,6,2.957031,138.47266,124.875,640.8242,10
3201.188,419,54.0404,4352,3,2.957031,138.47266,129.03516,636.6641,10
3201.172,419,56.92695,4352,5,2.957031,138.47266,126.92969,638.7695,10
3200.957,419,48.85496,4352,6,2.957031,138.47266,129.07422,636.625,10
3200.973,419,52.55102,4352,3,2.957031,138.47266,126.3125,639.3867,10
3201.188,419,65.98465,4352,5,2.957031,138.47266,124.48438,641.2148,10
3201.172,419,58.46154,4352,6,2.964844,138.47266,123.80078,641.8906,10
3201.188,419,61.02564,4352,7,2.964844,138.47266,122.30078,643.3906,10
3202.32,422,59.94898,4352,10,2.964844,138.47266,125.66797,640.0234,10
3201.172,419,57.98969,4384,4,2.964844,138.47266,125.44922,640.2422,10
3201.188,419,60.96939,4384,11,2.964844,138.47266,129.03516,636.6562,10
3201.188,419,60.25316,4384,8,2.964844,138.47266,126.72266,638.9688,10
3201.188,419,54.54545,4384,3,2.964844,138.47266,125.33203,640.3594,10
3201.672,419,69.69697,4384,10,2.964844,138.77344,122.02344,643.3672,10
3201.672,419,56.73575,4384,8,2.964844,138.83203,122.13281,643.1992,10
3201.641,417,60.05089,4384,4,2.964844,138.83203,125.10156,640.2305,10
3201.641,417,57.43073,4384,12,2.964844,138.83203,121.54688,643.7852,10
3201.641,417,63.42711,4384,3,2.964844,138.83203,120.04688,645.2852,10
3201.641,417,58.46154,4384,8,2.964844,138.83203,123.65234,641.6797,10
3201.652,417,54.66321,4384,10,2.964844,138.83203,126.61328,638.7188,10
3201.668,417,62.9156,4384,3,2.964844,138.83203,124.8125,640.5195,10
3202.645,417,55.61224,4384,6,2.964844,138.83203,127.05859,638.2734,10
3202.645,417,60.61381,4384,12,2.964844,138.83203,124.03516,641.2969,10
3202.645,417,56.59898,4384,8,2.964844,138.83203,126.10938,639.2227,10
3201.641,417,56.63265,4384,5,2.964844,138.83203,124.46875,640.8633,10
3201.656,417,59.17313,4384,3,2.964844,138.83203,121.71094,643.6211,10
3201.641,418,54.10256,4384,9,2.964844,138.83203,120.08203,645.25,10
3201.656,418,62.62887,4384,4,2.964844,138.83203,123.49609,641.8359,10
3201.641,418,55.18987,4384,6,2.964844,138.83203,123.3125,642.0195,10
3201.641,418,58.46154,4384,8,2.964844,138.83203,125.92188,639.4102,10
3201.641,418,59.79381,4384,4,2.964844,138.83203,123.88281,641.4492,10
3201.656,418,55.21628,4384,11,2.964844,138.83203,121.42188,643.9102,10
3201.656,418,60.20151,4384,7,2.964844,138.83203,125.01562,640.3164,10
