pose_landmarking_rpi_mem.committed_Committed_AS,pose_landmarking_rpi_system.active_processes_active,pose_landmarking_rpi_system.cpu_user,pose_landmarking_rpi_system.file_nr_used_used,pose_landmarking_rpi_system.processes_running,pose_landmarking_rpi_system.ram_buffers,pose_landmarking_rpi_system.ram_cached,pose_landmarking_rpi_system.ram_free,pose_landmarking_rpi_system.ram_used,Target
3240.055,421,58.31266,4352,8,3.242188,178.5078,174.7656,550.6133,10
3241.055,422,60.65163,4384,11,3.242188,178.5078,170.418,554.9609,10
3240.055,421,56.89223,4352,16,3.25,178.9883,167.69531,557.1953,10
3240.055,421,67.7665,4352,10,3.25,179.1953,168.6367,556.0469,10
3240.055,421,72.65823,4352,9,3.25,179.1953,173.8359,550.8477,10
3240.055,421,73.97959,4352,13,3.25,179.1953,170.2578,554.4258,10
3240.082,421,74.18546,4352,13,3.25,179.1953,165.71875,558.9648,10
3240.082,421,74.80916,4352,8,3.253906,178.2148,170.6133,555.0469,10
3240.082,421,70.85427,4352,10,3.257812,178.2188,173.8359,551.8164,10
3240.055,421,69.89796,4352,14,3.265625,178.2227,174.4492,551.1914,10
3240.055,421,72.58883,4352,9,3.265625,178.2227,171.2227,554.418,10
3240.082,421,71.50127,4352,8,3.265625,178.2227,174.2773,551.3633,10
3240.082,421,72.51908,4352,12,3.265625,178.2227,170.1055,555.5352,10
3240.082,421,69.56522,4352,13,3.265625,178.2227,166.375,559.2656,10
3240.082,421,71.92982,4352,8,3.265625,178.2227,172.625,553.0156,10
3240.082,421,74.30025,4352,10,3.265625,178.2227,170.4453,555.1953,10
3240.082,421,72.0403,4352,11,3.265625,178.2227,165.89062,559.75,10
3240.082,421,71.9697,4352,14,3.265625,178.2227,166.66406,558.9766,10
3240.082,421,72.79597,4352,11,3.265625,178.2227,166.61328,559.0273,10
3240.082,421,69.74359,4352,7,3.265625,178.2227,170.7227,554.918,10
3240.082,421,70.73791,4352,11,3.265625,178.2227,169.5352,556.1055,10
3240.082,421,71.24682,4352,12,3.265625,178.2227,169.043,556.5977,10
3240.082,421,72.79597,4352,7,3.265625,178.2227,173.8867,551.7539,10
3240.082,421,71.46402,4352,8,3.265625,178.2227,169.6055,556.0352,10
3240.082,421,73.43358,4352,13,3.265625,178.2227,165.80469,559.8359,10
3240.082,421,73.43358,4352,11,3.265625,178.2227,167.08203,558.5586,10
3240.082,421,68.79795,4352,11,3.265625,178.2227,168.1328,557.5078,10
3240.082,421,68.60759,4352,12,3.265625,178.2227,164.46875,561.1719,10
3240.082,421,68.26196,4352,11,3.265625,178.2227,169.4805,556.1602,10
3240.082,421,64.3038,4352,9,3.265625,178.2227,168.5156,557.125,10
3240.082,421,63.5443,4352,9,3.265625,178.2227,173.75,551.8906,10
3240.082,421,57.0,4352,17,3.265625,178.2227,168.2812,557.3594,10
3240.082,421,62.7204,4352,11,3.273438,178.2148,164.69922,560.9414,10
3240.082,421,70.69409,4352,13,3.273438,178.2227,169.3164,556.3164,10
3240.082,421,72.91139,4352,12,3.273438,178.2227,170.6133,555.0195,10
3240.082,421,69.05371,4352,10,3.273438,178.2227,171.1523,554.4805,10
3240.082,421,72.22222,4352,16,3.273438,178.2227,171.5312,554.1016,10
3240.082,421,72.1519,4352,11,3.273438,178.3438,172.7227,552.7891,10
3240.082,421,74.74747,4352,10,3.273438,178.3438,169.1523,556.3594,10
3240.082,421,73.23232,4352,10,3.273438,178.3438,173.7578,551.7539,10
3240.082,421,71.24682,4352,14,3.273438,178.3438,168.9297,556.582,10
3240.082,421,71.46465,4352,9,3.273438,178.3438,166.72266,558.7891,10
3240.082,421,73.35025,4352,8,3.273438,178.3438,172.7852,552.7266,10
3240.082,421,72.33503,4352,10,3.273438,178.3438,171.8203,553.6914,10
3240.082,421,70.88608,4352,11,3.28125,178.3438,165.58984,559.9141,10
3240.082,421,71.9697,4352,8,3.28125,178.3438,164.55469,560.9492,10
3240.082,421,71.03275,4352,11,3.28125,178.3438,166.92578,558.5781,10
3240.082,420,72.30769,4352,15,3.28125,178.3438,170.6992,554.8047,10
3240.082,420,71.78841,4352,7,3.28125,178.3438,170.2969,555.207,10
3240.086,420,70.55838,4352,13,3.28125,178.3438,170.1445,555.3594,10
3240.086,420,69.19192,4352,8,3.28125,178.3438,166.97266,558.5312,10
3240.086,420,72.18045,4352,11,3.28125,178.3438,170.1836,555.3203,10
3240.086,420,71.93878,4352,12,3.28125,178.3438,166.76562,558.7383,10
3240.086,420,68.01008,4352,11,3.28125,178.3438,164.11328,561.3906,10
3240.086,421,67.77494,4352,9,3.28125,178.3438,168.8633,556.6406,10
3240.086,421,71.28463,4352,7,3.28125,178.3438,169.6289,555.875,10
3240.086,421,67.67677,4352,7,3.28125,178.3438,166.78516,558.7188,10
3240.086,421,69.69697,4352,11,3.28125,178.3438,167.24219,558.2617,10
3240.086,421,67.58794,4352,10,3.28125,178.3438,169.4766,556.0273,10
3240.086,421,66.07143,4352,11,3.28125,178.3438,167.33984,558.1641,10
3240.086,421,64.57286,4352,13,3.28125,178.3438,168.5898,556.9141,10
3240.086,421,58.98734,4320,14,3.28125,178.3438,170.707,554.7969,10
3240.086,422,66.75,4320,15,3.289062,178.3438,170.0859,555.4102,10
3240.086,422,72.43108,4320,9,3.289062,178.418,170.8555,554.5664,10
3240.086,422,71.75573,4352,12,3.289062,178.418,170.7969,554.625,10
3240.086,422,70.69409,4352,12,3.289062,178.418,167.69141,557.7305,10
3240.086,422,71.93878,4352,12,3.289062,178.418,170.5078,554.9141,10
3240.086,422,70.99237,4384,11,3.289062,178.418,164.96875,560.4531,10
3240.086,422,73.92405,4384,12,3.296875,178.418,169.9258,555.4883,10
3240.086,422,71.06599,4384,10,3.296875,178.418,165.59766,559.8164,10
3240.086,422,75.12563,4384,10,3.296875,178.418,173.0078,552.4062,10
3240.086,422,73.80353,4384,13,3.304688,178.4219,169.6484,555.7539,10
3240.086,422,70.95116,4384,19,3.304688,178.4219,165.51953,559.8828,10
3240.086,422,72.26463,4384,8,3.3125,178.4141,166.63672,558.7656,10
3240.086,422,71.42857,4384,12,3.3125,178.4219,166.88672,558.5078,10
3240.086,422,69.26952,4384,9,3.3125,178.4219,168.3359,557.0586,10
3240.086,422,70.91837,4384,12,3.3125,178.4219,167.832,557.5625,10
3240.086,422,75.63452,4384,10,3.3125,178.4219,169.5312,555.8633,10
3240.086,422,74.55919,4384,15,3.3125,178.4219,169.6094,555.7852,10
3240.086,421,74.0458,4384,8,3.320312,178.4141,167.48438,557.9102,10
3240.086,421,75.6962,4384,13,3.320312,178.4219,164.10156,561.2852,10
3240.086,421,75.37688,4384,14,3.320312,178.4219,172.5508,552.8359,10
3240.086,421,73.16456,4384,14,3.320312,178.4219,167.26953,558.1172,10
3240.086,421,68.84422,4384,13,3.320312,178.4219,172.6406,552.7461,10
3240.086,421,67.7665,4384,11,3.320312,178.4219,166.76562,558.6211,10
3240.086,421,70.81218,4384,18,3.320312,178.4219,168.4375,556.9492,10
3240.086,421,73.0,4384,12,3.320312,178.4219,172.5234,552.8633,10
3240.086,421,76.07053,4384,16,3.320312,178.4219,166.50781,558.8789,10
3240.086,421,71.21212,4384,15,3.320312,178.4219,166.75391,558.6328,10
3240.086,421,66.83417,4384,11,3.328125,178.4219,168.2305,557.1484,10
3241.219,424,64.25,4384,15,3.328125,178.4219,164.82422,560.5547,10
3240.086,421,60.0,4352,12,3.328125,178.4219,165.4375,559.9414,10
3240.086,421,66.49874,4352,10,3.328125,178.4219,162.18359,563.1953,10
3240.086,421,69.66581,4352,8,3.328125,178.4219,167.73047,557.6484,10
3240.086,421,75.94937,4352,8,3.328125,178.4219,163.16406,562.2148,10
3240.086,421,74.43609,4352,14,3.328125,178.4219,163.42188,561.957,10
3240.906,421,73.86935,4352,7,3.328125,178.4219,163.36719,562.0117,10
3240.086,419,71.75573,4352,11,3.328125,178.4219,162.61328,562.7656,10
3240.086,419,72.54408,4352,11,3.328125,178.4219,164.08984,561.2891,10
3240.086,419,73.65729,4352,12,3.328125,178.4219,165.47656,559.9023,10
3240.086,419,71.21212,4352,9,3.328125,178.4219,160.70312,564.6758,10
3240.086,419,75.38071,4352,8,3.328125,178.4219,163.24219,562.1367,10
3240.086,419,70.78086,4352,11,3.335938,178.4219,163.85156,561.5195,10
3240.086,419,75.8794,4352,15,3.335938,178.4219,165.76562,559.6055,10
3240.086,419,73.28244,4352,12,3.335938,178.4219,166.26953,559.1016,10
3240.086,419,72.05128,4320,13,3.335938,178.4219,162.16797,563.2031,10
3240.102,419,71.03275,4320,15,3.335938,178.4219,162.75,562.6211,10
3240.086,419,69.26952,4320,13,3.335938,178.4219,163.71875,561.6523,10
3240.086,419,73.5369,4320,13,3.335938,178.4219,159.84766,565.5234,10
3240.086,419,74.0458,4320,12,3.335938,178.4219,165.49219,559.8789,10
3240.086,419,73.73737,4320,19,3.335938,178.4219,166.69531,558.6758,10
3240.086,419,68.10127,4320,9,3.335938,178.4219,162.03516,563.3359,10
3240.086,419,69.97455,4320,8,3.335938,178.4219,158.33203,567.0391,10
3240.086,419,69.13265,4320,14,3.335938,178.4219,161.65234,563.7188,10
3240.086,419,69.52141,4320,8,3.34375,178.4141,164.46875,560.9023,10
3240.086,419,69.79695,4320,10,3.34375,178.4219,163.83984,561.5234,10
3240.086,419,72.36181,4352,15,3.34375,178.4219,165.50391,559.8594,10
3240.086,419,67.9198,4352,12,3.34375,178.4219,161.56641,563.7969,10
3240.086,419,68.18182,4352,14,3.34375,178.4219,159.35547,566.0078,10
3240.086,419,65.83541,4352,11,3.34375,178.4219,162.70703,562.6562,10
3240.086,419,64.57286,4352,9,3.34375,178.4219,167.67969,557.6836,10
3240.086,419,61.90476,4352,8,3.34375,178.4219,162.86719,562.4961,10
3240.086,419,67.34177,4352,12,3.351562,178.4141,161.91016,563.4531,10
3240.086,419,69.79695,4352,11,3.351562,178.5,166.86719,558.4102,10
3240.086,419,74.0458,4352,11,3.351562,178.5,162.02734,563.25,10
3240.086,420,75.19182,4352,14,3.351562,178.5,158.60938,566.668,10
3240.102,420,73.73737,4352,11,3.351562,178.5,159.38281,565.8945,10
3240.086,420,76.02041,4352,18,3.351562,178.5,164.73047,560.5469,10
3240.086,420,72.18045,4352,14,3.351562,178.5,159.41016,565.8672,10
3240.086,417,74.55471,4352,12,3.351562,178.5,161.46094,563.8164,10
3240.086,417,69.13265,4352,9,3.351562,178.5,163.26953,562.0078,10
3240.086,417,73.79135,4352,15,3.351562,178.5,160.17578,565.1016,10
3240.086,417,70.45455,4352,13,3.351562,178.5,161.00391,564.2734,10
3240.086,417,69.89796,4352,9,3.351562,178.5,160.60156,564.6758,10
3240.086,417,71.82741,4352,11,3.351562,178.5,166.66016,558.6172,10
3240.086,417,70.02519,4352,11,3.351562,178.5547,163.99609,561.2266,10
3240.086,417,69.97455,4352,11,3.351562,178.5547,165.38672,559.8359,10
3240.086,417,71.8593,4352,12,3.351562,178.5547,163.54297,561.6797,10
3240.086,417,70.73791,4352,9,3.351562,178.5547,164.82031,560.4023,10
3240.086,417,72.05128,4352,13,3.351562,178.5547,164.14062,561.082,10
3240.086,417,70.48346,4352,13,3.351562,178.5547,160.77734,564.4453,10
3240.086,417,73.11558,4352,10,3.359375,178.5469,157.58203,567.6406,10
3240.086,417,70.15306,4352,10,3.359375,178.5547,161.125,564.0898,10
3240.086,417,70.15306,4352,8,3.359375,178.5547,159.34766,565.8672,10
3240.086,417,68.76574,4352,6,3.359375,178.5547,165.15234,560.0625,10
3240.086,417,72.22222,4352,15,3.363281,178.5547,164.0625,561.1484,10
3240.086,417,71.9697,4352,10,3.363281,178.5547,159.96484,565.2461,10
3240.086,417,69.52141,4352,13,3.363281,178.5547,157.17578,568.0352,10
3240.086,417,68.57855,4352,12,3.363281,178.5547,162.07812,563.1328,10
3240.086,417,68.10127,4352,16,3.371094,178.5469,160.47266,564.7383,10
3240.086,417,60.65163,4352,10,3.371094,178.5547,161.33594,563.8672,10
3240.086,417,62.94416,4352,7,3.371094,178.5547,161.05859,564.1445,10
3240.086,417,72.0403,4352,9,3.371094,178.5547,157.41016,567.793,10
3240.086,418,72.95918,4352,10,3.371094,178.5547,157.08984,568.1133,10
3240.086,418,69.7201,4352,6,3.371094,178.5547,163.10938,562.0938,10
3240.086,418,69.79695,4352,9,3.371094,178.5547,164.25781,560.9453,10
3240.086,418,73.72449,4352,12,3.371094,178.5547,163.71875,561.4844,10
3240.086,418,74.4898,4352,12,3.371094,178.5547,159.89453,565.3086,10
3240.086,418,75.0,4352,15,3.371094,178.5547,157.24219,567.9609,10
3240.086,418,72.26463,4352,14,3.371094,178.5547,156.77344,568.4297,10
3240.086,418,72.44898,4352,18,3.371094,178.5547,162.97266,562.2305,10
3240.086,417,70.73791,4352,11,3.371094,178.5547,161.15234,564.0508,10
3240.086,417,69.19192,4352,11,3.371094,178.5547,161.93359,563.2695,10
3240.086,417,70.63291,4352,11,3.371094,178.5547,164.60938,560.5938,10
3240.086,417,74.93671,4352,13,3.371094,178.5547,165.94531,559.2578,10
3240.086,417,72.51908,4352,9,3.371094,178.5547,160.625,564.5781,10
3240.086,417,71.64557,4352,7,3.371094,178.5547,162.12891,563.0742,10
3240.086,417,73.72449,4352,12,3.371094,178.5547,163.16016,562.043,10
3240.086,417,71.35678,4352,11,3.371094,178.5547,163.91406,561.2891,10
3240.086,417,75.70332,4352,14,3.371094,178.5547,160.44141,564.7617,10
3240.086,417,72.72727,4352,17,3.371094,178.5547,163.26562,561.9375,10
3240.086,417,69.62025,4352,14,3.371094,178.5547,165.11719,560.0859,10
3240.086,417,70.40816,4352,12,3.371094,178.5547,161.41016,563.793,10
3240.086,417,70.63291,4352,9,3.371094,178.5547,157.99609,567.207,10
3240.086,417,72.84264,4384,10,3.371094,178.5547,157.68359,567.5195,10
3240.086,417,75.50505,4384,12,3.371094,178.5547,156.78516,568.418,10
3240.086,417,70.76923,4384,19,3.371094,178.5547,160.49219,564.7109,10
3240.086,417,71.03275,4384,9,3.371094,178.5547,158.05469,567.1484,10
3240.102,418,68.87755,4384,13,3.371094,178.5547,160.85156,564.3516,10
3240.102,419,44.02036,4384,3,3.371094,178.5547,154.80859,570.3945,10
3240.102,420,3.580563,4384,2,3.371094,178.5547,146.6875,578.5156,10
3240.102,420,3.731343,4384,2,3.363281,173.1836,145.48438,585.0977,10
3238.949,420,3.508772,4352,5,1.3671875,149.98828,162.41406,593.3594,10
3238.871,420,7.142857,4352,8,1.3671875,151.62891,157.06641,597.0664,10
3238.898,420,70.76923,4352,9,1.375,151.59766,157.17578,596.9805,10
3239.434,420,68.52792,4352,9,1.3828125,151.71875,152.01562,602.0117,10
3239.438,420,75.06297,4352,9,1.2890625,149.67188,152.65625,603.5117,10
3239.438,420,70.33248,4352,7,1.2890625,145.72266,157.99219,602.125,10
3239.523,420,73.72449,4352,12,1.2890625,145.73047,156.1875,603.9219,10
3239.527,420,69.38776,4352,13,1.1289062,137.78516,171.5469,596.668,10
3239.531,420,70.35176,4352,12,1.3671875,137.82422,167.23438,600.7031,10
3239.531,420,69.48718,4352,9,1.3671875,137.92578,164.15625,603.6797,10
3239.531,420,73.29975,4352,13,1.3671875,137.92578,161.75,606.0859,10
3239.531,420,68.63753,4352,9,1.3671875,137.92578,171.1523,596.6836,10
3239.531,420,72.77354,4352,7,1.3671875,137.92578,168.4805,599.3555,10
3239.531,420,70.1005,4352,10,1.3671875,137.92578,166.29297,601.543,10
3239.531,420,73.02799,4352,13,1.3671875,137.92578,164.00781,603.8281,10
3239.504,420,72.19388,4352,12,1.3671875,138.01172,161.98828,605.7617,10
3239.504,420,71.50127,4352,9,1.3671875,138.01172,163.70703,604.043,10
3239.504,420,69.03553,4352,9,1.3671875,138.01172,159.61719,608.1328,10
3239.504,420,70.91837,4352,13,1.3671875,138.01172,163.78125,603.9688,10
3239.504,420,70.63291,4352,11,1.3671875,138.01172,165.57812,602.1719,10
3239.504,420,72.72727,4352,11,1.3671875,138.01172,165.28125,602.4688,10
3239.504,420,70.92732,4352,14,1.3671875,138.01172,166.44922,601.3008,10
3239.504,420,69.7733,4352,15,1.3671875,138.01172,161.41797,606.332,10
3239.504,420,67.60925,4352,11,1.3671875,138.01172,163.53516,604.2148,10
3239.504,420,70.9596,4352,12,1.3671875,138.01172,165.60938,602.1406,10
3239.504,420,67.42424,4352,13,1.3671875,138.01172,161.65234,606.0977,10
3239.504,420,64.57286,4352,16,1.3671875,138.01172,172.1406,595.6094,10
3239.504,420,62.34414,4352,12,1.3671875,138.01172,168.2305,599.5195,10
3239.504,420,72.08122,4320,12,1.3671875,138.01172,164.15625,603.5938,10
3239.504,419,69.38776,4320,12,1.3671875,138.01172,166.32422,601.4258,10
3239.504,419,71.64557,4320,17,1.3671875,138.01172,162.125,605.625,10
3239.504,419,71.79487,4320,7,1.3671875,138.01172,164.89453,602.8555,10
3239.504,419,69.59799,4320,12,1.375,138.01172,160.78516,606.957,10
3239.504,419,74.29306,4320,12,1.375,137.91406,172.1211,595.7188,10
3239.504,419,69.59799,4320,14,1.375,138.01172,167.28125,600.4609,10
3239.504,419,69.36709,4320,8,1.375,138.01172,167.15625,600.5859,10
3239.52,419,70.55838,4320,16,1.375,138.01172,162.625,605.1172,10
3239.52,419,70.87629,4320,7,1.375,138.01172,170.207,597.5352,10
3239.523,419,70.27708,4320,17,1.375,138.01172,162.55078,605.1914,10
3239.523,420,69.44444,4352,16,1.375,138.01172,160.77344,606.9688,10
3239.523,420,65.31646,4352,12,1.375,138.01172,166.40234,601.3398,10
3239.523,420,63.34165,4352,10,1.375,138.01172,166.125,601.6172,10
3239.523,420,61.23457,4352,11,1.375,138.01172,164.02344,603.7188,10
3239.523,420,63.22418,4352,8,1.375,138.01172,160.69141,607.0508,10
3239.523,420,69.19192,4352,11,1.375,138.01172,164.75,602.9922,10
3239.523,420,70.15306,4352,11,1.375,138.01172,165.64844,602.0938,10
3239.523,420,73.79135,4352,11,1.375,138.01172,165.37109,602.3711,10
3240.039,420,74.68354,4352,8,1.375,138.01172,161.24219,606.5,10
3240.039,420,70.99237,4352,10,1.375,138.01172,165.51562,602.2266,10
3240.039,420,71.24682,4352,12,1.375,138.01172,166.99609,600.7461,10
3240.023,420,68.11224,4352,9,1.3828125,138.01172,163.76953,603.9648,10
3240.023,420,69.44444,4352,10,1.3828125,138.01172,159.70703,608.0273,10
3240.023,420,71.75573,4352,13,1.3828125,138.01172,166.29688,601.4375,10
3240.023,420,69.82097,4352,10,1.3828125,138.01172,167.9062,599.8281,10
3240.023,420,70.02519,4352,13,1.3828125,138.01172,164.84375,602.8906,10
3240.023,420,71.4653,4352,11,1.3828125,138.16016,166.09766,601.4883,10
3240.023,420,72.95918,4352,10,1.3828125,138.19531,166.57031,600.9805,10
3240.023,420,73.18296,4352,11,1.3828125,138.19531,162.74219,604.8086,10
3240.023,420,73.92405,4352,8,1.3828125,138.19531,159.41797,608.1328,10
3240.871,423,74.11168,4352,12,1.3828125,138.19531,164.41797,603.1328,10
3240.023,420,69.28934,4352,15,1.3828125,138.19531,166.07031,601.4805,10
3240.023,420,69.97455,4352,10,1.3828125,138.19531,161.10547,606.4453,10
3240.023,420,68.27411,4384,11,1.3828125,138.19531,166.77734,600.7734,10
3240.039,420,71.89873,4384,10,1.3828125,138.19531,162.12891,605.4219,10
3240.039,420,70.63291,4384,10,1.3828125,138.19531,167.9336,599.6172,10
3240.039,420,70.81218,4384,8,1.3828125,138.19531,163.48047,604.0703,10
3240.039,420,70.45455,4384,12,1.3828125,138.19531,161.73047,605.8203,10
3240.039,420,71.78841,4384,14,1.3828125,138.19531,162.67969,604.8711,10
3240.039,420,67.8481,4384,8,1.3828125,138.19531,163.70312,603.8477,10
3240.039,420,66.08479,4384,11,1.3828125,138.19531,164.63281,602.918,10
3240.039,420,67.25441000000001,4384,12,1.3867188,138.19141,165.1875,602.3633,10
3240.039,420,65.26055,4384,14,1.3867188,138.19531,165.12891,602.418,10
3240.039,420,59.28753,4384,13,1.3945312,138.19531,165.11328,602.4258,10
3240.039,420,64.32161,4384,12,1.3945312,138.19531,169.2109,598.3281,10
3240.023,420,67.93893,4384,14,1.3945312,138.19531,164.78516,602.7539,10
3240.023,420,72.72727,4384,11,1.3945312,138.19531,161.01172,606.5273,10
3240.023,420,71.06599,4384,13,1.3945312,138.19531,161.53906,606.0,10
3240.023,420,72.44898,4384,12,1.3945312,138.19531,164.69531,602.8438,10
3240.023,420,69.23077,4384,10,1.3945312,138.19531,161.33203,606.207,10
3240.023,420,71.28205,4384,12,1.3945312,138.19531,163.02734,604.5117,10
3240.023,420,68.38046,4384,12,1.3945312,138.19531,168.582,598.957,10
3240.051,420,68.44784,4384,14,1.3945312,138.19531,167.7734,599.7656,10
3240.051,420,71.5736,4384,7,1.3945312,138.19531,168.5781,598.9609,10
3240.051,420,74.11168,4384,10,1.3945312,138.19531,165.08594,602.4531,10
3240.039,420,71.39241,4384,12,1.3945312,138.19531,161.94141,605.5977,10
3240.039,420,71.09974,4384,11,1.3945312,138.27344,163.02344,604.4375,10
3240.051,420,72.47475,4384,11,1.3945312,138.27344,164.85547,602.6055,10
3240.051,420,72.84264,4384,18,1.3945312,138.27344,164.58984,602.8711,10
3240.051,420,71.35678,4384,14,1.3945312,138.27344,166.38281,601.0781,10
3240.023,420,72.51908,4384,11,1.3945312,138.27344,162.55469,604.9062,10
3240.023,420,72.37852,4384,9,1.3984375,138.26953,159.60938,607.8516,10
3240.023,420,69.97455,4384,16,1.3984375,138.27344,165.25781,602.1992,10
3240.023,420,71.06599,4384,7,1.3984375,138.27344,162.74609,604.7109,10
3240.023,420,72.40506,4384,8,1.3984375,138.27344,164.3125,603.1445,10
3240.039,420,73.68421,4384,8,1.3984375,138.27344,165.85938,601.5977,10
3240.039,420,73.92405,4384,7,1.3984375,138.27344,164.51953,602.9375,10
3240.039,420,71.42857,4384,5,1.3984375,138.27344,165.21875,602.2383,10
3240.039,420,70.1005,4384,15,1.3984375,138.27344,160.30469,607.1523,10
3240.039,420,71.50127,4384,12,1.3984375,138.27344,161.95312,605.5039,10
3240.023,420,68.18182,4384,12,1.3984375,138.27344,165.52734,601.9297,10
3240.023,420,64.89899,4384,11,1.3984375,138.27344,161.53906,605.918,10
3240.023,420,66.00496,4384,13,1.3984375,138.27344,158.19531,609.2617,10
3240.023,420,62.75,4384,9,1.3984375,138.27344,168.5508,598.9062,10
3240.023,420,63.75,4384,13,1.3984375,138.27344,169.6562,597.8008,10
3240.023,420,70.55838,4384,11,1.3984375,138.27344,171.1875,596.2695,10
3240.039,420,72.72727,4384,8,1.4257812,138.26953,171.207,596.2266,10
3240.039,420,69.28934,4384,13,1.4257812,138.28125,169.1992,598.2227,10
3240.062,420,68.60759,4384,15,1.4257812,138.28125,166.49609,600.9258,10
3240.066,420,73.16456,4384,16,1.4257812,138.35547,168.3008,599.0469,10
3240.066,421,70.37975,4384,13,1.4257812,138.35547,164.94922,602.3984,10
3240.066,421,67.33668,4384,14,1.4257812,138.39062,166.65625,600.6562,10
3240.066,421,67.86632,4384,11,1.4257812,138.47656,164.38281,602.8438,10
3240.066,421,69.64286,4384,10,1.4257812,138.47656,167.20312,600.0234,10
3240.066,421,73.18296,4384,13,1.4257812,138.47656,169.9688,597.2578,10
3240.066,421,70.95116,4384,12,1.4257812,138.47656,167.9336,599.293,10
3240.066,421,71.39241,4384,14,1.4257812,138.47656,169.7461,597.4805,10
3240.066,421,73.09645,4384,12,1.4257812,138.47656,165.30859,601.918,10
3240.066,421,69.15167,4384,13,1.4257812,138.47656,167.01172,600.2148,10
3240.066,421,71.53652,4384,12,1.4257812,138.47656,167.9141,599.3125,10
3240.066,421,71.3198,4384,10,1.4257812,138.47656,170.1719,597.0547,10
3240.066,421,65.7289,4352,13,1.4257812,138.47656,167.0625,600.1641,10
3240.066,421,69.52141,4352,13,1.4257812,138.47656,169.1484,598.0781,10
3240.066,421,68.36735,4352,11,1.4257812,138.47656,164.07812,603.1484,10
3240.066,421,71.75573,4352,11,1.4257812,138.47656,167.26953,599.957,10
3240.066,421,74.03599,4352,14,1.4257812,138.5,168.3008,598.9023,10
3240.066,421,70.99237,4352,11,1.4257812,138.5,165.67578,601.5273,10
3240.066,421,67.25441000000001,4352,8,1.4257812,138.5,168.125,599.0781,10
3240.066,421,67.92929,4352,9,1.4257812,138.5,164.17188,603.0312,10
3240.07,421,70.82294,4352,14,1.4257812,138.5,166.5625,600.6406,10
3240.07,421,69.26952,4320,14,1.4257812,138.5,170.2695,596.9336,10
3240.07,421,70.42607,4320,16,1.4257812,138.5,166.80859,600.3945,10
3240.07,421,63.43284,4320,10,1.4257812,138.5,168.9727,598.2305,10
3240.07,421,61.69154,4320,12,1.4257812,138.5,165.36719,601.8359,10
3240.07,421,62.43655,4320,7,1.4257812,138.5,166.375,600.8281,10
3240.07,421,70.81218,4320,13,1.4257812,138.5,167.36719,599.8359,10
3240.07,421,71.50127,4320,10,1.4257812,138.5,164.17188,603.0312,10
3240.07,421,68.10127,4352,10,1.4257812,138.5,172.0703,595.1328,10
3240.07,421,69.26952,4352,10,1.4257812,138.5,166.25391,600.9492,10
3240.07,421,72.36181,4352,8,1.4257812,138.5,160.92578,606.2773,10
3240.07,421,66.23711,4352,12,1.4257812,138.5,166.98828,600.2148,10
3240.07,421,73.79135,4352,10,1.4257812,138.5,167.1875,600.0156,10
3240.07,421,73.29975,4352,11,1.4257812,138.5,167.8633,599.3398,10
3240.07,421,72.30769,4352,7,1.4335938,138.49219,163.85547,603.3477,10
3240.07,421,69.89796,4352,10,1.4335938,138.5,165.4375,601.7578,10
3240.07,421,72.26463,4352,15,1.4335938,138.5,162.51953,604.6758,10
3240.07,421,70.9596,4352,13,1.4335938,138.5,166.73047,600.4648,10
3240.07,421,70.22901,4352,14,1.4335938,138.5,163.77734,603.418,10
3240.07,421,68.62245,4352,13,1.4335938,138.5,166.48438,600.7109,10
3240.07,422,72.0,4352,8,1.4453125,138.48828,163.80469,603.3906,10
3240.07,422,76.59033,4352,12,1.4453125,138.5,168.9297,598.2539,10
3240.07,422,72.77354,4352,8,1.4453125,138.5,169.9102,597.2734,10
3240.055,422,73.23232,4384,11,1.4453125,138.5,166.53125,600.6523,10
3240.055,422,69.79695,4384,14,1.4453125,138.5,168.0703,599.1133,10
3240.055,422,68.76574,4384,14,1.4453125,138.5,161.97656,605.207,10
3240.055,422,69.97455,4384,10,1.4453125,138.5,164.60547,602.5781,10
3240.055,422,68.44784,4384,13,1.4453125,138.5,164.83594,602.3477,10
3240.055,422,66.07143,4384,14,1.4453125,138.5,166.75,600.4336,10
3240.055,422,69.13265,4384,12,1.4453125,138.5,162.16797,605.0156,10
3240.055,422,73.41772,4384,9,1.4453125,138.5,169.7617,597.4219,10
3240.055,422,69.11392,4384,9,1.453125,138.49219,164.35156,602.832,10
3240.055,422,68.84422,4384,10,1.453125,138.5,164.21875,602.957,10
3240.055,422,64.89899,4384,10,1.453125,138.5,164.28516,602.8906,10
3240.055,422,59.55335,4384,12,1.453125,138.5,165.87891,601.2969,10
3240.055,422,60.75949,4352,11,1.453125,138.5,162.07812,605.0977,10
3240.055,421,68.87755,4352,9,1.453125,138.5,163.71484,603.4609,10
3240.055,421,70.78086,4352,15,1.453125,138.5,161.66406,605.5117,10
3240.055,421,71.93878,4352,13,1.453125,138.5,162.90234,604.2734,10
3240.055,421,73.55164,4352,12,1.453125,138.5,167.8945,599.2812,10
3240.055,421,72.51908,4352,8,1.453125,138.5,169.9844,597.1914,10
3240.055,421,73.91304,4352,15,1.453125,138.5,164.0,603.1758,10
3240.055,421,75.06297,4352,11,1.453125,138.5,165.91016,601.2656,10
3240.055,421,74.55919,4352,16,1.453125,138.5,167.66406,599.5117,10
3240.055,421,75.44304,4352,13,1.453125,138.5,167.9922,599.1836,10
3240.055,421,75.0,4352,9,1.453125,138.5,164.35938,602.8164,10
3240.055,421,70.48346,4352,7,1.453125,138.5,160.47656,606.6992,10
3240.055,421,71.24682,4352,11,1.453125,138.5,166.42969,600.7461,10
3240.055,421,72.9798,4352,10,1.453125,138.5,168.8047,598.3711,10
3240.055,421,69.94949,4352,11,1.453125,138.5,169.6602,597.5156,10
3240.055,421,74.11168,4352,11,1.453125,138.5,166.87109,600.3047,10
3240.055,421,68.92231,4352,8,1.453125,138.5,169.9727,597.2031,10
3240.055,420,71.68367,4352,8,1.453125,138.5,169.3867,597.7891,10
3240.055,420,69.87342,4352,9,1.453125,138.5,164.50391,602.6719,10
3240.055,420,68.95674,4352,15,1.453125,138.5,167.73828,599.4375,10
3240.055,420,70.48346,4352,16,1.453125,138.5,165.00781,602.168,10
3240.055,420,68.34171,4352,9,1.453125,138.5,166.07812,601.0977,10
3240.055,420,71.4653,4352,11,1.453125,138.5,162.69141,604.4844,10
3240.055,420,69.94949,4352,16,1.453125,138.5,175.793,591.3828,10
3240.055,421,70.85427,4320,11,1.453125,138.5,171.1328,596.043,10
3240.055,421,69.11392,4320,14,1.453125,138.5,173.0234,594.1523,10
3240.07,421,68.84422,4320,12,1.453125,138.5,169.6367,597.5391,10
3240.07,421,67.34694,4320,10,1.453125,138.5,171.6953,595.4805,10
3240.055,421,65.25,4320,9,1.453125,138.5,166.70312,600.4727,10
3240.055,421,59.65347,4352,12,1.4648438,138.49609,167.64062,599.5273,10
3240.055,421,60.84788,4352,9,1.4648438,138.5,167.51953,599.6445,10
3240.055,421,70.45455,4352,6,1.4726562,138.5,168.543,598.6133,10
3240.07,421,72.12276,4352,8,1.4726562,138.5,169.1367,598.0195,10
3240.07,421,71.71717,4352,7,1.4726562,138.5,166.50781,600.6484,10
3240.055,421,71.75,4352,12,1.4726562,138.5,170.2109,596.9453,10
3240.07,421,72.26463,4352,12,1.4726562,138.5,164.64844,602.5078,10
3240.07,421,72.91139,4352,13,1.4726562,138.5,166.41016,600.7461,10
3240.07,421,72.05128,4352,11,1.4726562,138.5,169.9961,597.1602,10
3240.07,421,72.47475,4352,12,1.4726562,138.5,166.78125,600.375,10
3240.07,421,71.86701,4352,12,1.4726562,138.5,167.957,599.1992,10
3240.055,421,69.19192,4352,8,1.4726562,138.5,167.48828,599.668,10
3240.055,421,70.33248,4352,7,1.4726562,138.5,171.7539,595.4023,10
3240.055,421,70.70707,4352,15,1.4726562,138.5,167.68359,599.4727,10
3240.055,421,71.89873,4352,9,1.4726562,138.5,169.2227,597.9336,10
3240.055,421,72.95918,4352,12,1.4726562,138.5,165.55859,601.5977,10
3240.055,421,70.76923,4352,10,1.4726562,138.5,171.457,595.6992,10
3240.055,421,71.71717,4352,14,1.4726562,138.5,168.2852,598.8711,10
3240.055,421,72.84264,4352,14,1.4726562,138.5,169.2188,597.9375,10
3240.055,421,68.52792,4352,14,1.4726562,138.5,165.70703,601.4492,10
3240.055,421,75.12563,4352,13,1.4804688,138.5,168.125,599.0234,10
3240.055,421,70.55838,4352,12,1.4804688,138.5,165.22656,601.9219,10
3240.055,421,72.11055,4352,12,1.4804688,138.5,166.08203,601.0664,10
3240.055,421,72.9798,4352,14,1.4804688,138.5,166.85547,600.293,10
3240.07,421,74.55919,4352,9,1.4804688,138.5,168.9375,598.2109,10
3240.07,421,72.65823,4352,10,1.4804688,138.5,169.668,597.4805,10
3240.07,421,71.21212,4352,10,1.4804688,138.5,173.1328,594.0156,10
3240.07,421,68.76574,4352,14,1.4804688,138.5,169.1094,598.0391,10
3240.07,421,70.15306,4352,11,1.4804688,138.5,169.2266,597.9219,10
3240.07,421,67.34177,4352,12,1.4804688,138.5,164.73047,602.418,10
3240.055,421,60.69652,4352,15,1.4804688,138.5,170.7539,596.3945,10
3240.055,421,57.17884,4352,12,1.4804688,138.5,167.64062,599.5078,10
3240.055,421,71.78841,4352,13,1.4804688,138.5,169.3438,597.8047,10
3240.07,421,72.61307,4352,14,1.4804688,138.5,169.8086,597.3398,10
3240.07,421,73.35025,4352,10,1.4804688,138.5,166.63672,600.5117,10
3240.055,421,75.82697,4352,9,1.4804688,138.5,167.04688,600.1016,10
3240.055,421,74.37186,4352,9,1.4804688,138.5,170.4336,596.7148,10
3240.055,421,74.30025,4352,11,1.4804688,138.5,171.6289,595.5195,10
3240.055,421,75.18797,4352,10,1.4804688,138.5,166.05469,601.0938,10
3240.055,421,73.60406,4352,14,1.4804688,138.5,169.2227,597.9258,10
3240.055,421,69.46565,4352,11,1.4804688,138.5,166.26953,600.8789,10
3240.055,421,71.71717,4352,12,1.4804688,138.5,167.57031,599.5781,10
3240.055,421,69.11392,4352,13,1.4804688,138.5,168.3477,598.8008,10
3240.07,421,71.53846,4352,11,1.4804688,138.5,163.72656,603.4219,10
3240.07,421,68.11224,4352,9,1.4804688,138.5,164.60938,602.5391,10
3240.07,421,70.84399,4352,11,1.4804688,138.5,165.07812,602.0703,10
3240.07,421,69.01763,4352,10,1.4804688,138.5,166.00391,601.1445,10
3240.07,421,72.19388,4352,10,1.4804688,138.5,161.4375,605.7109,10
3240.07,421,72.11055,4352,14,1.4882812,138.49219,165.87109,601.2773,10
3240.055,421,70.15306,4352,12,1.4882812,138.5,166.07812,601.0625,10
3240.055,421,70.30457,4352,12,1.4882812,138.5,163.86328,603.2773,10
3240.055,421,69.7733,4352,12,1.4882812,138.5,166.30859,600.832,10
3240.055,421,70.27708,4352,13,1.4882812,138.5,171.4375,595.7031,10
3240.055,421,73.02799,4352,15,1.4882812,138.5,166.95312,600.1875,10
3240.055,421,70.12658,4352,11,1.4882812,138.5,167.8477,599.293,10
3240.055,421,73.16456,4352,9,1.4882812,138.5,175.7539,591.3867,10
3240.055,421,67.0,4352,14,1.4882812,138.5,168.6445,598.4961,10
3240.055,421,68.35443,4352,10,1.4882812,138.5,167.9258,599.2148,10
3240.055,421,64.76427,4352,11,1.4882812,138.5,165.02734,602.1133,10
3240.07,421,67.58794,4352,13,1.4882812,138.5,170.5508,596.5898,10
3240.07,421,61.40351,4352,10,1.4882812,138.5,167.41016,599.7305,10
3240.07,421,60.95718,4352,12,1.4882812,138.5,168.0625,599.0781,10
3240.07,421,68.42105,4352,13,1.4882812,138.5,164.17969,602.9609,10
3240.07,421,72.75064,4352,14,1.4882812,138.5,165.64844,601.4922,10
3240.055,421,75.75758,4352,9,1.4882812,138.5,165.33594,601.8047,10
3240.055,421,72.1519,4352,14,1.4882812,138.5,167.35156,599.7891,10
3240.055,421,72.58883,4320,9,1.4882812,138.5,165.11328,602.0273,10
3240.055,421,74.43609,4320,9,1.4882812,138.5,166.0625,601.0781,10
3240.055,421,72.12276,4320,8,1.4882812,138.5,163.38672,603.7539,10
3240.07,421,71.17347,4320,11,1.4882812,138.5,165.67969,601.4609,10
3240.07,421,72.1519,4320,13,1.4882812,138.5,169.4688,597.6719,10
3240.055,421,68.99225,4320,9,1.4882812,138.5,166.70703,600.4336,10
3240.055,421,70.37975,4320,11,1.4882812,138.5,168.1406,599.0,10
3240.055,421,71.64557,4352,15,1.4882812,138.5,169.3633,597.7773,10
3240.055,421,70.40816,4352,12,1.4882812,138.5,165.67188,601.4688,10
3240.055,421,74.61929,4384,9,1.4882812,138.5,166.71094,600.4297,10
3240.055,421,74.30025,4384,9,1.4882812,138.5,163.625,603.5156,10
3240.055,421,71.50127,4384,19,1.4882812,138.5,161.69531,605.4453,10
3240.07,421,69.67419,4352,11,1.4882812,138.5,165.87891,601.2617,10
3240.07,421,70.55838,4352,13,1.4882812,138.5,171.5469,595.5938,10
3240.07,421,68.27411,4352,8,1.4882812,138.5,165.88672,601.2539,10
3240.055,421,70.55838,4352,11,1.4882812,138.5,162.85156,604.2891,10
3240.055,420,72.12276,4352,15,1.4882812,138.5,166.75391,600.3867,10
3240.055,420,70.91837,4352,13,1.4882812,138.5,168.9141,598.2266,10
3240.055,420,73.02799,4384,13,1.4882812,138.5,165.52344,601.6172,10
3240.07,420,73.9899,4384,7,1.4882812,138.5,162.16016,604.9805,10
3240.07,420,72.54408,4384,14,1.4882812,138.5,164.38672,602.7539,10
3240.07,420,74.61929,4384,15,1.4882812,138.5,171.1445,595.9961,10
3240.07,420,68.25,4384,9,1.4882812,138.5,168.9844,598.1562,10
3240.07,420,63.56784,4384,11,1.4882812,138.5,165.82812,601.3125,10
3240.07,420,61.09726,4384,21,1.4960938,138.5,166.02344,601.1094,10
3240.07,420,58.92857,4384,9,1.4960938,138.55469,163.73047,603.3477,10
3240.07,420,65.41353,4384,15,1.4960938,138.55469,161.29688,605.7812,10
3240.07,420,73.28244,4384,7,1.4960938,138.55469,163.59766,603.4805,10
3240.07,420,74.06484,4384,14,1.4960938,138.55469,164.10156,602.9766,10
3240.055,420,72.89003,4384,14,1.5039062,138.55469,165.16406,601.9062,10
3240.07,420,73.29975,4384,12,1.5039062,138.55469,161.58594,605.4844,10
3240.07,420,74.11168,4384,10,1.5039062,138.55469,166.86328,600.207,10
3240.07,420,73.29975,4384,7,1.5039062,138.55469,163.03516,604.0352,10
3240.07,420,69.46565,4384,8,1.5039062,138.55469,166.99609,600.0742,10
3240.055,420,69.36709,4384,14,1.5039062,138.55469,164.31641,602.7539,10
3240.055,420,69.89796,4384,14,1.5039062,138.55469,169.6914,597.3789,10
3240.055,420,70.07673,4384,14,1.5039062,138.55469,166.76562,600.3047,10
3240.055,420,70.22901,4384,11,1.5039062,138.55469,164.70703,602.3633,10
3240.07,420,73.04786,4384,11,1.5039062,138.55469,164.96094,602.1094,10
3240.055,420,74.30025,4384,13,1.5039062,138.55469,172.7344,594.3359,10
3240.055,420,73.21429,4384,11,1.5039062,138.55469,167.9961,599.0742,10
3240.055,420,70.81218,4384,15,1.5117188,138.89062,169.832,596.8945,10
3240.055,420,75.44304,4384,10,1.5117188,139.10547,166.22656,600.2852,10
3240.055,420,71.89873,4384,11,1.5117188,139.11719,167.51562,598.9844,10
3241.059,420,71.82741,4384,11,1.5117188,139.11719,167.8594,598.6406,10
3241.059,420,68.95674,4384,10,1.5117188,139.11719,161.76562,604.7344,10
3240.055,420,69.01763,4352,10,1.5117188,139.11719,166.60156,599.8984,10
3240.055,420,74.55919,4352,7,1.5195312,139.10938,166.04688,600.4531,10
3240.055,420,74.11168,4352,10,1.5195312,139.11719,160.5,605.9922,10
3240.055,417,70.27708,4352,12,1.5195312,139.11719,162.49219,604.0,10
3240.055,417,69.7733,4352,11,1.5195312,139.11719,165.24219,601.25,10
3240.055,417,69.69697,4352,6,1.5195312,139.11719,167.14062,599.3516,10
3240.055,417,68.42105,4352,12,1.5195312,139.11719,164.46094,602.0312,10
3240.055,417,70.40816,4352,12,1.5195312,139.11719,166.33984,600.1523,10
3240.055,418,62.75,4352,8,1.5195312,139.11719,163.41406,603.0781,10
3240.055,418,59.64467,4352,7,1.5195312,139.19531,165.04297,601.3711,10
3240.055,418,65.91479,4352,14,1.5195312,139.19531,162.82812,603.5859,10
3240.055,418,72.95918,4384,12,1.5195312,139.19531,169.625,596.7891,10
3240.055,418,73.29975,4384,15,1.5195312,139.19531,166.39844,600.0156,10
3240.055,418,70.30457,4384,12,1.5273438,139.19531,164.91797,601.4883,10
3240.055,418,69.36709,4384,10,1.5273438,139.19531,170.3047,596.1016,10
3240.055,418,71.82741,4352,12,1.5273438,139.19531,168.375,598.0312,10
3240.055,418,74.17722,4352,8,1.5273438,139.19531,165.01172,601.3945,10
3240.055,418,71.42857,4352,18,1.5273438,139.19531,169.0,597.4062,10
3240.055,418,77.44361,4352,11,1.5273438,139.19531,164.65625,601.75,10
3240.055,418,74.68354,4352,16,1.5390625,139.24609,162.52344,603.8203,10
3240.055,418,71.64557,4352,17,1.5390625,139.24609,163.26562,603.0781,10
3240.055,418,74.30025,4352,13,1.5390625,139.24609,169.7617,596.582,10
3240.055,418,72.79597,4352,11,1.5390625,139.24609,166.12891,600.2148,10
3240.055,418,73.36683,4352,8,1.5390625,139.24609,163.20312,603.1406,10
3240.055,418,72.54408,4352,7,1.5390625,139.24609,160.79688,605.5469,10
3240.055,418,71.42857,4352,7,1.5390625,139.24609,165.85547,600.4883,10
3240.055,418,73.60406,4352,8,1.5390625,139.24609,166.83203,599.5117,10
3240.055,418,69.62025,4352,14,1.5390625,139.24609,168.5703,597.7734,10
3240.055,418,71.13924,4352,8,1.5390625,139.24609,170.168,596.1758,10
3240.055,418,74.87437,4352,18,1.5390625,139.24609,165.93359,600.4102,10
3240.055,418,69.7201,4352,10,1.5390625,139.24609,169.9023,596.4414,10
3240.055,418,70.52897,4352,14,1.5390625,139.24609,166.04688,600.2969,10
3240.055,418,73.14578,4352,12,1.5390625,139.24609,162.66016,603.6836,10
3240.055,418,75.0,4352,9,1.5390625,139.24609,169.2344,597.1094,10
3240.07,418,68.59296,4352,13,1.5390625,139.24609,164.20312,602.1406,10
3240.07,418,70.37975,4352,10,1.5390625,139.24609,166.42969,599.9141,10
3240.07,417,64.2132,4352,13,1.5390625,139.24609,162.03906,604.3047,10
3240.07,417,64.1604,4352,9,1.5390625,139.24609,167.21484,599.1289,10
3240.055,417,62.0603,4352,8,1.5390625,139.24609,168.3945,597.9492,10
3240.055,417,61.40351,4352,10,1.5390625,139.24609,165.26172,601.082,10
3240.055,419,65.74307,4352,10,1.5390625,139.24609,161.75781,604.5859,10
3240.055,419,69.62025,4352,14,1.5390625,139.24609,165.80078,600.543,10
3240.055,419,75.31807,4352,11,1.5390625,139.24609,164.94922,601.3945,10
3240.055,419,73.48485,4352,11,1.5390625,139.24609,163.17969,603.1641,10
3240.055,419,70.40816,4352,12,1.5390625,139.24609,169.875,596.4688,10
3240.055,419,73.23232,4352,10,1.5390625,139.24609,165.77344,600.5703,10
3240.055,420,75.88832,4352,12,1.5390625,139.24609,166.03516,600.3086,10
3240.055,420,69.87342,4320,13,1.546875,139.23828,168.5156,597.8281,10
3240.055,420,70.48346,4320,7,1.546875,139.24609,163.65234,602.6836,10
3240.055,420,73.60406,4320,15,1.546875,139.24609,170.6797,595.6562,10
3240.055,420,73.85787,4320,13,1.546875,139.24609,166.35938,599.9766,10
3240.055,420,72.86432,4320,8,1.546875,139.24609,167.35547,598.9805,10
3240.055,420,71.3198,4320,13,1.546875,139.24609,164.18359,602.1523,10
3240.055,420,67.7665,4320,7,1.546875,139.24609,161.77734,604.5586,10
3240.07,420,70.88608,4320,8,1.546875,139.24609,165.29688,601.0391,10
3240.055,420,75.18797,4320,11,1.546875,139.24609,166.34375,599.9922,10
3240.055,420,73.9899,4320,6,1.546875,139.24609,161.97266,604.3633,10
3240.055,421,73.5,4320,13,1.546875,139.24609,163.01562,603.3203,10
3240.055,421,69.69697,4320,9,1.546875,139.24609,167.30859,599.0273,10
3240.055,421,70.15306,4352,10,1.546875,139.24609,167.11328,599.2227,10
3240.055,421,70.15306,4352,12,1.546875,139.24609,164.02344,602.3125,10
3240.055,421,71.89873,4352,13,1.546875,139.24609,163.29688,603.0391,10
3240.055,421,68.70229,4352,10,1.546875,139.24609,165.46875,600.8672,10
3240.055,421,71.3555,4384,10,1.546875,139.24609,168.9023,597.4336,10
3240.055,421,70.57357,4384,12,1.546875,139.24609,166.28516,600.0508,10
3240.055,421,69.62025,4384,12,1.546875,139.45312,165.57812,600.5508,10
3240.055,421,69.01763,4384,15,1.546875,139.45312,161.69922,604.4297,10
3240.055,421,64.05063,4384,8,1.546875,139.45312,167.8945,598.2344,10
3240.055,421,60.84788,4384,13,1.546875,139.45312,168.7422,597.3867,10
3240.055,421,58.5,4384,13,1.546875,139.45312,166.09766,600.0312,10
3240.055,421,60.65163,4384,9,1.546875,139.45312,162.67969,603.4492,10
3240.055,421,70.07481,4384,8,1.546875,139.45312,159.89453,606.2344,10
3240.055,421,70.88608,4384,9,1.546875,139.45312,171.6211,594.5078,10
3240.055,421,72.01018,4384,7,1.546875,139.45312,165.84766,600.2812,10
3240.055,421,69.87342,4384,16,1.546875,139.45312,164.53516,601.5938,10
3240.055,421,66.83673,4384,12,1.546875,139.45312,166.83984,599.2891,10
3240.055,421,70.22901,4384,12,1.546875,139.45312,164.1875,601.9414,10
3240.055,421,74.80916,4384,12,1.546875,139.47266,165.23828,600.8711,10
3240.055,421,72.08122,4384,11,1.546875,139.47266,162.25781,603.8516,10
3240.055,421,73.46939,4384,9,1.546875,139.47266,159.85547,606.2539,10
3240.055,422,73.11558,4384,12,1.546875,139.47266,161.1875,604.9219,10
3240.055,422,72.08122,4384,11,1.5507812,139.48047,163.21484,602.8828,10
3240.055,422,74.68354,4384,12,1.5507812,139.48047,164.03125,602.0664,10
3240.055,422,71.39241,4384,9,1.5507812,139.48047,160.42188,605.6758,10
3240.055,422,67.08543,4384,13,1.5507812,139.48047,162.39844,603.6992,10
3240.055,422,72.33503,4384,10,1.5507812,139.48047,162.89062,603.207,10
3240.055,422,76.76768,4384,12,1.5507812,139.48047,162.46484,603.6328,10
3240.055,422,72.01018,4384,12,1.5585938,139.625,158.36719,607.5781,10
3240.055,422,68.35443,4384,8,1.5585938,139.625,163.49219,602.4531,10
3240.055,422,69.79695,4384,12,1.5585938,139.625,165.29297,600.6523,10
3240.055,422,73.92405,4384,13,1.5585938,139.625,163.12891,602.8164,10
3240.055,422,70.52897,4384,13,1.5585938,139.625,160.17969,605.7656,10
3240.055,422,71.06599,4384,9,1.5585938,139.625,158.97656,606.9688,10
3240.055,422,72.11055,4384,12,1.5585938,139.625,160.89844,605.0469,10
3240.055,422,74.37186,4384,17,1.5585938,139.625,168.7695,597.1758,10
3240.055,422,70.02519,4384,9,1.5585938,139.625,165.41016,600.5352,10
3240.055,422,65.99496,4384,11,1.5585938,139.625,165.60547,600.3398,10
3240.055,422,67.9198,4384,10,1.5585938,139.625,163.19922,602.7461,10
3240.055,422,67.25,4384,10,1.5585938,139.625,161.01172,604.9336,10
3240.055,422,65.01241,4352,14,1.5585938,139.625,163.74219,602.2031,10
3240.055,422,57.77778,4352,12,1.5585938,139.625,164.21094,601.7344,10
3240.055,422,66.0804,4352,11,1.5585938,139.625,162.02344,603.9219,10
3240.055,422,73.67089,4352,12,1.5585938,139.625,162.90234,603.043,10
3240.055,422,73.02799,4352,8,1.5585938,139.625,162.38672,603.5586,10
3240.055,422,71.24682,4352,15,1.5585938,139.625,165.53516,600.4102,10
3240.055,422,68.78173,4352,10,1.5585938,139.625,162.33594,603.6094,10
3240.055,422,75.06297,4352,16,1.5585938,139.625,159.95703,605.9883,10
3240.055,422,69.94949,4352,10,1.5585938,139.625,161.45703,604.4883,10
3240.055,422,71.24682,4352,9,1.5585938,139.625,165.98438,599.9609,10
3240.055,422,73.11558,4352,10,1.5585938,139.625,165.50391,600.4414,10
3240.055,422,74.74747,4352,14,1.5585938,139.625,160.41797,605.5273,10
3240.055,422,74.36548,4352,14,1.5585938,139.625,162.35547,603.5898,10
3240.055,422,72.26463,4352,9,1.5585938,139.625,162.69531,603.25,10
3240.055,422,71.93878,4352,7,1.5585938,139.625,164.45312,601.4922,10
3240.055,422,70.58824,4352,11,1.5585938,139.625,161.52734,604.418,10
3240.055,422,70.45455,4352,13,1.5585938,139.625,162.23047,603.7148,10
3240.055,422,70.51282,4352,13,1.5585938,139.625,161.27344,604.6719,10
3240.055,422,73.09645,4352,10,1.5585938,139.625,161.16016,604.7852,10
3240.055,421,70.17995,4352,10,1.5664062,139.62109,163.19922,602.7422,10
3240.055,421,69.92288,4352,10,1.5664062,139.625,165.26953,600.668,10
3240.055,421,72.5,4352,10,1.5664062,139.625,165.64062,600.2969,10
3240.055,421,71.60804,4352,11,1.5664062,139.625,161.92188,604.0156,10
3240.055,421,70.45455,4384,11,1.5664062,139.625,162.14844,603.7891,10
3240.055,421,72.54408,4384,14,1.5664062,139.625,158.51172,607.4258,10
3240.055,421,72.61307,4384,13,1.5664062,139.625,159.50781,606.4297,10
3240.055,421,70.78086,4384,12,1.5664062,139.625,160.34375,605.5938,10
3240.055,421,69.36709,4384,10,1.5664062,139.625,166.57812,599.3594,10
3240.055,421,67.41855,4384,9,1.5664062,139.625,166.53906,599.3984,10
3240.055,421,69.11392,4384,14,1.5664062,139.625,166.33594,599.6016,10
3240.055,421,62.93532,4384,9,1.5664062,139.625,163.55078,602.3867,10
3240.055,421,55.41562,4384,8,1.5664062,139.625,165.46484,600.4727,10
3240.055,421,65.56962,4384,10,1.5664062,139.625,167.36719,598.5703,10
3240.055,421,73.96907,4384,16,1.5664062,139.625,162.88281,603.0547,10
3240.055,421,69.79695,4384,14,1.5742188,139.625,159.68359,606.2461,10
3240.055,421,69.97455,4384,9,1.5742188,139.625,165.02734,600.9023,10
3240.055,421,71.21212,4384,9,1.5742188,139.625,164.92578,601.0039,10
3240.055,421,73.07692,4384,17,1.5742188,139.625,166.125,599.8047,10
3240.055,421,68.01008,4384,20,1.5742188,139.625,167.5625,598.3672,10
3240.055,421,70.63291,4384,12,1.5742188,139.625,164.23438,601.6953,10
3240.055,421,71.89873,4384,11,1.5742188,139.625,161.52734,604.4023,10
3240.055,421,74.36548,4384,11,1.5742188,139.625,161.83594,604.0938,10
3240.055,421,71.13924,4384,11,1.5742188,139.625,161.95703,603.9727,10
3240.055,421,67.59494,4384,11,1.5742188,139.625,166.70703,599.2227,10
3240.055,421,67.4359,4384,11,1.5742188,139.625,167.46875,598.4609,10
3240.055,421,72.6817,4384,12,1.5742188,139.625,164.05078,601.8789,10
3240.055,421,73.92405,4384,12,1.5742188,139.625,163.81641,602.1133,10
3240.055,421,75.25,4384,19,1.5742188,139.625,160.69922,605.2305,10
3240.055,421,70.99237,4384,10,1.5742188,139.625,166.19141,599.7383,10
3240.055,421,72.63427,4384,8,1.5742188,139.625,169.3789,596.5508,10
3240.055,421,75.0,4384,12,1.5742188,139.625,165.44531,600.4844,10
3240.055,421,73.36683,4384,13,1.5742188,139.625,163.20312,602.7266,10
3240.055,421,69.48718,4384,13,1.5742188,139.625,167.29688,598.6328,10
3240.055,421,67.42424,4384,10,1.5742188,139.625,164.04297,601.8867,10
3240.055,421,69.34673,4384,11,1.5742188,139.625,166.73438,599.1953,10
3240.055,421,69.54315,4384,12,1.5742188,139.625,162.19141,603.7383,10
3240.055,421,69.74359,4384,11,1.5742188,139.625,170.2578,595.6719,10
3240.055,421,65.74307,4384,9,1.5742188,139.625,167.14453,598.7852,10
3240.055,421,69.59799,4352,11,1.5742188,139.625,165.26953,600.6602,10
3240.055,421,65.32663,4352,11,1.5742188,139.625,164.12109,601.8086,10
3240.055,421,65.99496,4352,8,1.5742188,139.625,165.34766,600.582,10
3240.055,421,60.75949,4352,9,1.5742188,139.625,162.15234,603.7773,10
3240.055,421,62.5,4352,15,1.5742188,139.625,169.0078,596.9219,10
3240.055,421,70.99237,4352,13,1.5742188,139.625,163.63672,602.293,10
3240.055,421,75.5611,4352,11,1.5742188,139.625,162.40625,603.5234,10
3240.055,421,74.05542,4352,10,1.5742188,139.625,163.19922,602.7305,10
3240.055,421,76.38191,4352,9,1.5742188,139.625,160.35938,605.5703,10
3240.055,421,73.79135,4352,12,1.5742188,139.625,164.17578,601.7539,10
3240.055,421,71.53652,4352,15,1.5742188,139.625,162.26953,603.6602,10
3240.055,421,72.08122,4352,12,1.5820312,139.61719,169.8398,596.0898,10
3240.055,421,75.38071,4352,10,1.5820312,139.625,165.24609,600.6758,10
3240.055,421,75.63452,4352,11,1.5820312,139.625,162.53906,603.3828,10
3240.055,421,74.3073,4352,10,1.5820312,139.625,162.08594,603.8359,10
3240.055,421,72.40506,4352,12,1.5820312,139.625,164.42578,601.4961,10
3240.055,421,74.81108,4352,14,1.5820312,139.625,162.81641,603.1055,10
3240.055,421,70.07673,4352,13,1.5820312,139.625,169.3086,596.6133,10
3240.055,421,72.51908,4352,13,1.5820312,139.625,165.91797,600.0039,10
3240.055,421,69.62025,4352,8,1.5820312,139.625,163.62109,602.3008,10
3240.055,422,69.79695,4352,12,1.5820312,139.625,160.67969,605.2422,10
3240.055,422,68.09045,4320,13,1.5820312,139.625,160.08594,605.8359,10
3240.055,422,69.7733,4320,13,1.5820312,139.625,172.0469,593.875,10
3240.055,422,70.52897,4320,8,1.5820312,139.625,167.28125,598.6406,10
3240.055,422,69.11392,4320,10,1.5820312,139.625,164.35547,601.5664,10
3240.055,422,73.65729,4320,8,1.5820312,139.625,164.81641,601.1055,10
3240.055,421,74.24242,4320,9,1.5820312,139.625,167.32422,598.5977,10
3240.055,421,70.30457,4320,9,1.5820312,139.625,162.73828,603.1836,10
3240.055,421,72.9798,4320,14,1.5820312,139.625,162.16406,603.7578,10
3240.055,421,68.36735,4320,12,1.5820312,139.625,165.70703,600.2148,10
3240.055,421,67.33167,4320,16,1.5820312,139.625,164.35547,601.5664,10
3240.07,421,69.92481,4320,12,1.5898438,139.625,166.49219,599.4219,10
3240.055,421,65.32663,4320,22,1.5898438,139.72266,166.23047,599.5859,10
3240.07,421,60.84788,4320,9,1.5898438,139.75,167.8203,597.9688,10
3240.055,421,62.18905,4320,8,1.5898438,139.75,164.87891,600.9102,10
3240.055,421,69.64286,4320,11,1.5898438,139.75,166.75391,599.0352,10
3240.055,421,72.43108,4320,11,1.5898438,139.75,163.11719,602.6719,10
3240.055,421,69.64286,4320,10,1.5898438,139.75,164.98438,600.8047,10
3240.055,421,74.87437,4320,13,1.5976562,139.74219,170.8477,594.9414,10
3240.055,421,74.74747,4320,12,1.5976562,139.75,167.41406,598.3672,10
3240.055,421,68.62245,4320,8,1.5976562,139.75,165.15234,600.6289,10
3240.055,421,68.52792,4320,14,1.5976562,139.75,162.14453,603.6367,10
3240.055,421,72.47475,4320,11,1.5976562,139.75,164.79688,600.9844,10
3240.055,421,71.9697,4320,11,1.5976562,139.75,168.6562,597.125,10
3240.055,421,71.53652,4320,16,1.5976562,139.75,164.23047,601.5508,10
3240.055,421,67.4359,4320,10,1.6171875,139.75,161.08594,604.6758,10
3240.055,421,71.90722,4320,8,1.6171875,139.75,164.12109,601.6406,10
3240.055,421,69.94949,4320,9,1.6171875,139.75,168.082,597.6797,10
3240.055,421,71.64557,4320,10,1.6171875,139.75,163.54688,602.2148,10
3240.055,421,74.55919,4320,8,1.6171875,139.75,160.625,605.1367,10
3240.055,421,70.78086,4320,14,1.6171875,139.75,162.08203,603.6797,10
3240.055,421,68.20513,4320,10,1.6171875,139.75,160.06641,605.6953,10
3240.055,421,71.28463,4352,11,1.6171875,139.75,168.1172,597.6445,10
3240.055,421,68.51385,4352,6,1.6171875,139.75,166.23047,599.5312,10
3240.055,421,71.42857,4352,12,1.6171875,139.75,167.47266,598.2891,10
3240.055,421,71.75573,4352,10,1.6171875,139.75,163.5625,602.1992,10
3240.055,421,68.52792,4352,10,1.6171875,139.75,165.12109,600.6406,10
3240.055,421,71.35678,4352,11,1.6171875,139.75,162.58203,603.1797,10
3240.055,421,71.13924,4352,12,1.6171875,139.75,164.23438,601.5273,10
3240.055,421,74.68672,4352,13,1.6171875,139.75,164.125,601.6367,10
3240.055,421,75.31486,4352,12,1.6171875,139.75,160.30859,605.4531,10
3240.809,424,70.02519,4352,12,1.6171875,139.75,166.0,599.7617,10
3240.055,422,65.0,4352,11,1.6171875,139.75,167.0625,598.6992,10
3240.055,422,61.20907,4352,10,1.6171875,139.75,172.1797,593.582,10
3240.055,422,58.5,4352,9,1.6171875,139.75,165.67188,600.0898,10
3240.055,422,69.44444,4352,9,1.6171875,139.75,163.04688,602.7148,10
3240.055,422,73.67089,4352,13,1.6171875,139.75,163.60156,602.1602,10
3240.055,422,72.44898,4352,20,1.6171875,139.75,169.457,596.3047,10
3240.055,422,71.17347,4352,9,1.6171875,139.75,164.08203,601.6797,10
3240.055,422,71.28205,4384,14,1.6171875,139.76172,164.52734,601.2227,10
3240.055,422,67.8481,4384,14,1.6171875,139.76172,164.5,601.25,10
3240.055,422,73.23232,4384,10,1.6171875,139.76172,165.07422,600.6758,10
3240.055,422,74.49495,4384,8,1.6171875,139.76172,167.00781,598.7422,10
3240.055,422,73.35025,4352,12,1.6171875,139.76172,163.19531,602.5547,10
3240.055,422,74.24242,4352,9,1.6171875,139.76172,166.83984,598.9102,10
3240.055,422,70.66327,4352,11,1.6171875,139.76172,163.01953,602.7305,10
3240.055,422,77.77778,4352,7,1.6171875,139.76172,160.27344,605.4766,10
3240.055,422,72.01018,4320,16,1.6171875,139.76172,165.95312,599.7969,10
3240.055,422,72.29219,4352,15,1.6171875,139.76172,168.4375,597.3125,10
3240.055,422,75.50505,4320,12,1.6171875,139.76172,163.84766,601.9023,10
3240.055,422,70.85427,4320,12,1.6171875,139.76172,164.73828,601.0117,10
3240.055,422,76.0101,4320,9,1.6171875,139.76172,161.89453,603.8555,10
3240.055,422,73.36683,4320,13,1.6171875,139.76172,165.11328,600.6367,10
3240.055,422,74.87437,4320,8,1.6171875,139.76172,169.0781,596.6719,10
3240.055,422,72.01018,4352,12,1.6367188,139.76172,168.6133,597.1172,10
3240.055,422,77.0202,4352,11,1.6367188,139.76172,169.3477,596.3828,10
3240.055,422,72.77354,4352,10,1.6367188,139.76172,163.99609,601.7344,10
3240.055,422,72.22222,4352,7,1.6367188,139.76172,167.01172,598.7188,10
3240.055,422,69.19192,4352,16,1.6367188,139.76172,164.74219,600.9883,10
3240.055,422,73.09645,4352,9,1.6367188,139.76172,163.04688,602.6836,10
3240.055,422,72.33503,4352,14,1.6367188,139.76172,163.56641,602.1641,10
3240.055,422,71.71717,4352,8,1.6367188,139.76172,166.02734,599.7031,10
3240.055,422,66.58291,4352,8,1.6367188,139.76172,162.98828,602.7422,10
3240.055,422,64.05063,4352,12,1.6367188,139.76172,168.207,597.5234,10
3240.055,422,61.40351,4320,19,1.640625,139.75781,163.80859,601.9219,10
3240.055,422,65.06329,4352,17,1.640625,139.76172,162.27734,603.4492,10
3240.055,422,73.23232,4352,11,1.640625,139.76172,163.03125,602.6953,10
3240.055,422,69.52141,4352,14,1.640625,139.76172,159.42578,606.3008,10
3240.055,422,70.05076,4352,16,1.640625,139.76172,162.69141,603.0352,10
3240.055,422,71.71717,4352,10,1.640625,139.76172,164.69922,601.0273,10
3240.055,422,69.15167,4352,12,1.640625,139.76172,161.95312,603.7734,10
3240.055,422,69.94949,4352,15,1.6484375,139.75391,170.4648,595.2617,10
3240.055,422,72.6817,4352,13,1.6484375,139.76172,166.25391,599.4648,10
3240.055,422,73.02799,4352,12,1.6484375,139.76172,167.36328,598.3555,10
3240.055,422,69.48718,4352,11,1.6484375,139.76172,163.91797,601.8008,10
3240.055,422,71.68367,4352,11,1.6484375,139.76172,166.3125,599.4062,10
3240.055,422,71.93878,4352,15,1.6484375,139.76172,162.12891,603.5898,10
3240.055,422,75.6962,4352,13,1.6484375,139.76172,169.0469,596.6719,10
3240.055,422,75.31486,4352,11,1.6484375,139.76172,163.64844,602.0703,10
3240.055,422,73.80353,4352,7,1.6484375,139.76172,163.63281,602.0859,10
3240.055,422,72.82051,4352,14,1.6484375,139.76172,159.54297,606.1758,10
3240.055,422,72.40506,4352,10,1.6484375,139.76172,166.375,599.3438,10
3240.055,422,70.25641,4352,19,1.6484375,139.76172,166.87109,598.8477,10
3240.055,422,69.69697,4352,15,1.6484375,139.76172,163.01562,602.7031,10
3240.055,422,71.68367,4352,10,1.6484375,139.76172,159.92578,605.793,10
3240.055,422,66.32911,4320,15,1.6484375,139.76172,171.6367,594.082,10
3240.055,422,69.69697,4320,9,1.6484375,139.79297,166.14844,599.5391,10
3240.055,422,68.93939,4320,6,1.6484375,139.79297,163.74219,601.9453,10
3240.055,422,70.58824,4352,7,1.6484375,139.79297,165.83203,599.8555,10
3240.055,422,66.75063,4352,11,1.6484375,139.79297,160.10938,605.5781,10
3240.055,422,69.26952,4352,15,1.6484375,139.80859,163.87891,601.793,10
3240.055,422,69.59799,4352,12,1.6484375,139.80859,162.66016,603.0117,10
3240.055,422,69.28934,4352,7,1.6484375,139.80859,164.18359,601.4883,10
3240.055,422,66.16162,4352,13,1.6484375,139.80859,165.22656,600.4453,10
3240.055,422,60.54591,4352,12,1.6484375,139.80859,162.60156,603.0703,10
3240.055,422,59.85037,4352,8,1.6484375,139.80859,167.18359,598.4883,10
3240.055,422,68.34171,4352,15,1.6484375,139.80859,163.83203,601.8398,10
3240.055,422,69.50904,4352,10,1.6484375,139.80859,166.76562,598.9062,10
3240.055,422,69.62025,4352,11,1.6484375,139.80859,165.94922,599.7227,10
3240.055,422,73.5369,4352,10,1.6484375,139.80859,171.4297,594.2422,10
3240.055,422,68.76574,4352,8,1.6484375,139.80859,167.06641,598.6055,10
3240.055,422,72.60982,4352,12,1.6484375,139.80859,168.3438,597.3281,10
3240.055,422,68.46154,4352,8,1.6484375,139.80859,167.03125,598.6406,10
3240.055,422,71.09974,4352,12,1.6484375,139.80859,168.1016,597.5703,10
3240.055,422,72.72727,4352,11,1.6484375,139.80859,164.71484,600.957,10
3240.055,422,73.16456,4352,12,1.6484375,139.80859,160.83203,604.8398,10
3240.055,422,72.58883,4352,12,1.6484375,139.80859,161.64844,604.0234,10
3240.055,422,70.05076,4352,9,1.6484375,139.80859,167.46484,598.207,10
3240.055,422,68.43434,4384,14,1.65625,139.80078,165.29688,600.375,10
3240.055,422,70.55838,4384,9,1.65625,139.80859,164.13672,601.5273,10
3240.07,422,72.82051,4384,9,1.65625,139.80859,166.91016,598.7539,10
3240.055,422,70.30457,4384,10,1.65625,139.80859,165.46094,600.2031,10
3240.055,422,69.7733,4384,13,1.65625,139.80859,163.74609,601.918,10
3240.055,422,69.54315,4384,11,1.65625,139.80859,166.35156,599.3125,10
3240.055,422,70.40816,4384,9,1.65625,139.80859,166.12109,599.543,10
3240.055,422,73.68421,4384,11,1.65625,139.80859,170.0938,595.5703,10
3240.055,422,70.63291,4384,11,1.65625,139.80859,165.77344,599.8906,10
3240.055,422,71.21212,4352,12,1.65625,139.97656,162.08594,603.4102,10
3240.055,422,71.25,4352,12,1.65625,139.97656,164.37109,601.125,10
3240.055,422,72.26463,4352,10,1.65625,139.97656,169.5977,595.8984,10
3240.055,422,73.46939,4352,12,1.65625,139.97656,169.3398,596.1562,10
3240.055,422,65.32663,4352,7,1.65625,139.97656,165.10547,600.3906,10
3240.055,422,69.34673,4352,13,1.65625,139.97656,160.32031,605.1758,10
3240.055,422,64.98741,4352,7,1.65625,139.97656,162.58203,602.9141,10
3240.055,422,60.5,4352,14,1.65625,139.97656,168.7812,596.7148,10
3240.055,422,56.25,4352,11,1.65625,139.97656,164.65234,600.8438,10
3240.055,422,69.89796,4352,9,1.65625,139.97656,165.24609,600.25,10
3240.055,421,74.80916,4352,12,1.6640625,139.96875,162.67578,602.8203,10
3240.055,421,73.9899,4352,11,1.6640625,139.97656,160.78906,604.6992,10
3240.055,421,68.52792,4352,9,1.6640625,139.97656,162.35938,603.1289,10
3240.055,421,70.22901,4352,7,1.6640625,139.97656,165.41797,600.0703,10
3240.055,421,72.40506,4352,14,1.6640625,139.97656,161.51172,603.9766,10
3240.055,421,74.37186,4352,14,1.6640625,139.97656,162.96484,602.5234,10
3240.055,421,70.95116,4352,10,1.6640625,139.97656,164.89844,600.5898,10
3240.055,421,72.01018,4352,13,1.6640625,139.97656,169.0586,596.4297,10
3240.055,421,70.91837,4352,13,1.6640625,139.97656,170.5117,594.9766,10
3240.055,421,68.35443,4352,12,1.6640625,139.97656,167.20312,598.2852,10
3240.055,421,71.24682,4352,14,1.6640625,139.97656,160.77734,604.7109,10
3240.055,421,71.78841,4352,17,1.6640625,139.97656,168.5117,596.9766,10
3240.055,421,74.43038,4352,12,1.6640625,139.97656,165.09375,600.3945,10
3240.055,421,68.0203,4352,14,1.6640625,139.97656,162.37109,603.1172,10
3240.055,421,69.2112,4352,16,1.671875,139.96875,168.6641,596.8242,10
3240.055,421,71.39241,4352,12,1.671875,139.97656,164.31641,601.1641,10
3240.055,421,72.01018,4352,9,1.671875,139.97656,165.73438,599.7461,10
3240.055,421,69.87342,4352,9,1.671875,139.97656,167.8203,597.6602,10
3240.055,421,74.68354,4352,10,1.671875,139.97656,168.9648,596.5156,10
3240.055,421,71.4653,4352,11,1.671875,139.97656,165.74219,599.7383,10
3240.055,421,70.99237,4352,9,1.671875,139.97656,168.3633,597.1172,10
3240.055,421,70.20202,4352,14,1.671875,139.97656,165.46875,600.0117,10
3240.055,421,70.73791,4352,13,1.671875,139.97656,162.96484,602.5156,10
3240.055,421,68.27411,4352,12,1.671875,139.97656,161.99219,603.4883,10
3240.055,421,68.86076,4352,9,1.671875,139.97656,163.94922,601.5312,10
3240.055,421,69.65174,4352,10,1.671875,139.97656,164.28906,601.1914,10
3240.055,421,66.49746,4352,10,1.671875,139.97656,164.625,600.8555,10
3240.055,421,60.15038,4352,12,1.671875,139.97656,166.01172,599.4688,10
3240.055,421,63.56784,4352,8,1.671875,139.97656,165.46875,600.0117,10
3240.055,421,63.40852,4352,15,1.671875,139.97656,163.03516,602.4453,10
3240.055,421,72.19388,4352,16,1.671875,139.97656,165.79297,599.6875,10
3240.055,421,67.8481,4352,11,1.671875,139.97656,163.25,602.2305,10
3240.055,421,70.05076,4352,17,1.671875,139.97656,168.7305,596.75,10
3240.055,418,72.89003,4352,12,1.671875,139.97656,165.13672,600.3438,10
3240.055,418,67.94872,4352,9,1.671875,139.97656,162.21094,603.2695,10
3240.055,419,70.84399,4352,19,1.671875,139.97656,164.48828,600.9922,10
3240.055,419,70.66327,4352,16,1.671875,139.97656,166.08594,599.3945,10
3240.055,419,72.1519,4352,10,1.671875,139.97656,168.3672,597.1133,10
3240.055,419,70.52897,4352,11,1.671875,139.97656,168.1523,597.3281,10
3240.055,419,69.23077,4384,15,1.671875,139.97656,163.94531,601.5352,10
3240.055,419,72.63427,4384,14,1.671875,139.97656,165.39453,600.0859,10
3241.055,422,72.77354,4384,8,1.671875,139.97656,162.93359,602.5469,10
3240.055,419,68.11224,4384,8,1.671875,139.97656,168.9336,596.5469,10
3240.055,418,73.04786,4384,13,1.671875,139.97656,165.09375,600.3867,10
3240.055,418,73.36683,4384,10,1.671875,139.97656,165.83984,599.6406,10
3240.055,418,74.68354,4384,10,1.671875,139.97656,165.10938,600.3711,10
3240.055,418,73.04786,4384,14,1.671875,139.97656,162.09375,603.3867,10
3240.055,418,76.90355,4384,11,1.671875,139.97656,169.3359,596.1445,10
3240.055,418,74.0458,4384,9,1.671875,139.97656,164.96094,600.5195,10
3240.055,418,73.5369,4384,11,1.671875,139.97656,167.7773,597.7031,10
3240.055,418,70.17544,4384,11,1.671875,139.97656,164.14062,601.3398,10
3240.055,418,68.65672,4384,8,1.671875,139.97656,164.14844,601.332,10
3240.055,418,69.54315,4384,14,1.671875,139.97656,160.21484,605.2656,10
3240.055,418,68.78173,4384,11,1.671875,139.97656,162.48828,602.9922,10
3240.055,418,69.19192,4384,17,1.671875,139.97656,166.49609,598.9844,10
3240.055,418,66.5,4384,11,1.671875,139.97656,166.26172,599.2188,10
3240.055,418,67.85714,4384,8,1.671875,139.97656,163.75391,601.7266,10
3240.055,418,68.01008,4384,10,1.679688,139.97656,160.82812,604.6445,10
3240.055,418,60.6599,4384,11,1.679688,139.97656,162.3125,603.1602,10
3240.055,418,57.85536,4384,14,1.679688,139.97656,159.74219,605.7305,10
3240.055,418,70.9596,4384,11,1.679688,139.97656,165.97656,599.4961,10
3240.055,418,68.8946,4384,10,1.679688,139.97656,164.78516,600.6875,10
3240.055,418,72.44898,4384,11,1.679688,139.97656,159.67578,605.7969,10
3240.055,418,70.55838,4384,13,1.679688,139.97656,167.25781,598.2148,10
3240.055,418,73.48485,4384,13,1.679688,139.97656,166.37109,599.1016,10
3240.055,418,75.06297,4384,15,1.679688,139.97656,161.91797,603.5547,10
3240.055,420,72.63427,4384,11,1.679688,139.97656,166.00391,599.4688,10
3240.055,420,70.45455,4384,14,1.679688,139.97656,161.54688,603.9258,10
3240.055,420,73.79135,4384,10,1.679688,139.97656,158.40625,607.0664,10
3240.055,420,71.3198,4384,12,1.679688,139.97656,160.07422,605.3984,10
3240.055,420,75.44304,4384,9,1.679688,139.97656,166.26172,599.2109,10
3240.055,420,75.50505,4384,14,1.679688,139.97656,162.84375,602.6289,10
3240.055,420,74.49495,4352,13,1.679688,139.97656,164.81641,600.6562,10
3240.055,420,74.93734,4352,10,1.679688,139.97656,164.76172,600.7109,10
3240.055,420,74.68354,4352,12,1.679688,139.97656,167.15234,598.3203,10
3240.055,420,73.41772,4352,9,1.679688,139.97656,163.81641,601.6562,10
3240.055,420,71.64557,4352,11,1.679688,139.97656,160.40234,605.0703,10
3240.055,420,74.11168,4352,10,1.679688,139.97656,161.80078,603.6719,10
3240.055,420,72.86432,4352,13,1.679688,139.97656,162.24609,603.2266,10
3240.055,420,69.7201,4352,10,1.679688,139.97656,160.88281,604.5898,10
3240.055,420,73.02799,4352,14,1.679688,139.97656,161.57812,603.8945,10
3240.055,420,72.37852,4352,9,1.679688,139.97656,161.27344,604.1992,10
3240.055,419,72.84264,4352,9,1.679688,139.97656,162.89062,602.582,10
3240.055,419,68.10127,4352,10,1.679688,139.97656,159.70312,605.7695,10
3240.055,419,71.17794,4352,9,1.6875,139.96875,160.99219,604.4805,10
3240.055,419,70.27708,4352,14,1.6875,139.97656,167.32031,598.1445,10
3240.055,419,69.07731,4352,12,1.6875,139.97656,165.16016,600.3047,10
3240.055,419,62.12121,4352,11,1.6875,139.97656,160.48438,604.9805,10
3240.055,419,59.90099,4352,14,1.6875,139.97656,158.24609,607.2188,10
3240.055,419,61.15288,4352,17,1.6875,139.97656,162.86328,602.6016,10
3240.055,419,70.1005,4352,9,1.6875,139.97656,164.16016,601.3047,10
3240.055,419,71.39241,4352,12,1.6875,139.96094,168.1289,597.3516,10
3240.055,419,73.23232,4352,18,1.6875,139.96094,163.48047,602.0,10
3240.055,420,73.16456,4352,15,1.6875,139.96094,164.05469,601.4258,10
3240.055,420,68.44784,4384,7,1.6875,139.96094,161.78906,603.6914,10
3240.055,420,72.63427,4384,11,1.6875,139.96094,164.96875,600.5117,10
3240.055,420,65.98985,4384,13,1.6875,139.96094,160.59766,604.8828,10
3240.055,420,70.17995,4384,15,1.6875,139.96094,163.5,601.9805,10
3240.055,420,71.64557,4384,8,1.6875,139.96094,158.94531,606.5352,10
3240.055,420,68.27411,4384,11,1.6875,139.96094,165.87891,599.6016,10
3240.055,420,75.18987,4384,9,1.6875,139.96094,161.23828,604.2422,10
3240.055,420,73.72449,4384,11,1.695312,139.95703,157.38281,608.0938,10
3240.055,421,71.06599,4384,7,1.695312,139.96094,159.98438,605.4883,10
3240.055,421,71.21212,4384,8,1.695312,140.15625,162.52344,602.7539,10
3240.055,421,70.12658,4352,12,1.695312,140.12891,159.02344,606.2812,10
3240.055,421,66.49616,4352,9,1.695312,140.12891,169.2852,596.0195,10
3240.055,421,70.45455,4352,9,1.695312,140.12891,166.28125,599.0234,10
3240.055,421,68.60759,4352,14,1.695312,140.12891,161.6875,603.6172,10
3240.055,421,68.44784,4352,10,1.695312,140.12891,167.25781,598.0469,10
3240.055,421,68.93939,4352,10,1.695312,140.12891,165.05078,600.2539,10
3240.055,421,69.7201,4352,9,1.695312,140.12891,165.74609,599.5586,10
3240.055,422,70.78086,4352,9,1.695312,140.12891,168.2266,597.0781,10
3240.055,422,70.37975,4352,16,1.695312,140.12891,168.8203,596.4844,10
3240.055,422,65.98985,4352,15,1.695312,140.12891,164.55078,600.7539,10
3240.055,422,68.67168,4352,15,1.695312,140.12891,160.28516,605.0195,10
3240.055,422,70.55838,4352,13,1.695312,140.12891,158.97266,606.332,10
3240.055,422,65.50868,4352,13,1.695312,140.12891,162.20312,603.1016,10
3240.055,422,65.23929,4352,9,1.695312,140.12891,159.51953,605.7852,10
3240.055,422,60.65163,4352,12,1.695312,140.12891,167.17578,598.1289,10
3240.055,422,62.0,4384,6,1.695312,140.12891,167.35938,597.9453,10
3240.055,422,62.40602,4384,15,1.695312,140.12891,165.77734,599.5273,10
3240.055,422,73.04786,4352,14,1.695312,140.12891,162.47266,602.832,10
3240.055,422,74.61929,4352,10,1.695312,140.12891,163.23047,602.0742,10
3240.055,422,74.05542,4352,14,1.695312,140.12891,168.7031,596.6016,10
3240.055,422,70.66327,4352,8,1.710938,140.12891,164.35547,600.9336,10
3240.055,422,69.7201,4352,11,1.710938,140.12891,165.41797,599.8711,10
3240.055,422,73.09645,4352,12,1.710938,140.12891,162.54688,602.7422,10
3240.055,422,70.78086,4352,14,1.710938,140.12891,161.4375,603.8516,10
3240.055,422,73.23232,4352,12,1.710938,140.12891,163.14844,602.1406,10
3240.055,422,70.70707,4352,10,1.710938,140.12891,164.17188,601.1172,10
3240.055,423,71.09974,4384,16,1.710938,140.12891,162.18359,603.1055,10
3240.055,423,70.51282,4384,13,1.710938,140.12891,168.6406,596.6484,10
3240.055,423,70.81218,4384,15,1.710938,140.12891,164.37891,600.9102,10
3240.055,423,71.13924,4384,13,1.710938,140.12891,158.78516,606.5039,10
3240.055,423,74.68354,4384,20,1.710938,140.12891,159.82422,605.4648,10
3240.055,423,73.46939,4384,11,1.710938,140.12891,160.79688,604.4922,10
3240.055,423,72.68041,4384,16,1.710938,140.12891,157.62891,607.6602,10
3240.055,423,71.64557,4384,9,1.710938,140.12891,166.90234,598.3867,10
3240.055,423,73.67089,4384,9,1.710938,140.12891,168.5078,596.7812,10
3240.055,423,70.9596,4384,10,1.710938,140.12891,165.74609,599.543,10
3240.055,423,72.79597,4384,9,1.710938,140.12891,171.6133,593.6758,10
3240.055,423,72.08122,4384,9,1.710938,140.12891,172.9922,592.2969,10
3240.055,423,71.78841,4384,8,1.710938,140.12891,168.8398,596.4492,10
3240.055,423,70.25641,4384,19,1.710938,140.23047,165.85156,599.3359,10
3240.055,423,69.69697,4384,11,1.710938,140.23047,163.85938,601.3281,10
3240.055,423,67.5,4384,11,1.710938,140.23047,170.2578,594.9297,10
3240.055,422,69.42356,4384,7,1.710938,140.23047,165.0625,600.125,10
3240.055,422,68.17043,4384,9,1.710938,140.23047,168.1016,597.0859,10
3240.055,422,65.91479,4384,11,1.710938,140.23047,169.25,595.9375,10
3240.055,422,59.601,4384,13,1.710938,140.23047,167.25391,597.9336,10
3240.055,422,60.25,4352,11,1.710938,140.23047,168.7305,596.457,10
3240.055,422,70.27708,4352,12,1.71875,140.23047,164.37891,600.8008,10
3240.055,422,72.91139,4352,10,1.71875,140.23047,166.125,599.0547,10
3240.055,422,73.41772,4352,9,1.71875,140.23047,166.44141,598.7383,10
3240.055,422,72.9798,4352,12,1.71875,140.23047,164.10938,601.0703,10
3240.055,422,68.95674,4352,13,1.71875,140.23047,169.6406,595.5391,10
3240.055,422,71.79487,4352,12,1.71875,140.23047,165.86719,599.3125,10
3240.055,422,71.03275,4352,11,1.71875,140.23047,163.19141,601.9883,10
3240.055,422,70.12658,4352,6,1.71875,140.23047,171.957,593.2227,10
3240.055,422,74.68354,4352,16,1.71875,140.23047,168.1523,597.0273,10
3240.055,422,71.5736,4352,8,1.71875,140.23047,165.3125,599.8672,10
3240.055,422,74.35897,4352,13,1.71875,140.23047,173.5742,591.6055,10
3240.055,422,69.54315,4352,7,1.726562,140.22266,169.6719,595.5078,10
3240.055,422,69.59799,4352,12,1.726562,140.23047,169.8984,595.2734,10
3240.055,421,76.26263,4352,10,1.726562,140.23047,165.82422,599.3477,10
3240.055,421,72.89003,4352,13,1.726562,140.23047,167.05859,598.1133,10
3240.055,421,69.7201,4352,9,1.726562,140.23047,167.08594,598.0859,10
3240.055,421,71.06599,4352,14,1.726562,140.23047,172.875,592.2969,10
3240.055,421,72.91139,4352,17,1.734375,140.22266,174.9023,590.2695,10
3240.055,421,74.81108,4352,12,1.734375,140.26172,168.9453,596.1875,10
3240.055,421,74.24242,4352,8,1.742188,140.25391,169.4336,595.6992,10
3240.055,421,73.16456,4352,14,1.742188,140.26172,168.3125,596.8125,10
3240.055,421,74.81297,4352,9,1.742188,140.26172,174.9219,590.2031,10
3240.055,421,68.70229,4352,13,1.742188,140.26172,169.8203,595.3047,10
3240.055,421,75.50505,4352,10,1.742188,140.26172,167.8906,597.2344,10
3240.055,421,75.44757,4352,17,1.742188,140.26172,169.332,595.793,10
3240.055,421,72.6817,4352,9,1.742188,140.26172,169.3477,595.7773,10
3240.055,421,71.09974,4352,7,1.742188,140.26172,172.3398,592.7852,10
3240.055,421,67.92929,4352,9,1.742188,140.26172,171.0,594.125,10
3240.055,421,64.1604,4352,15,1.742188,140.26172,169.6055,595.5195,10
3240.055,421,58.75,4352,9,1.742188,140.26172,169.9375,595.1875,10
3240.055,420,66.66667,4352,9,1.742188,140.26172,170.2773,594.8477,10
3240.055,420,70.99237,4352,8,1.742188,140.26172,167.57422,597.5508,10
3240.055,420,71.3198,4352,9,1.742188,140.26172,166.21875,598.9062,10
3240.055,420,71.09974,4352,13,1.742188,140.26172,163.75781,601.3672,10
3240.055,420,70.88608,4352,12,1.75,140.25391,174.8398,590.2852,10
3240.055,420,72.77354,4352,7,1.75,140.26172,170.418,594.6992,10
3240.055,420,72.58883,4352,10,1.75,140.26172,171.0234,594.0938,10
3240.055,420,74.55919,4352,15,1.75,140.26172,166.63672,598.4805,10
3240.055,420,74.80916,4352,8,1.75,140.26172,167.64844,597.4688,10
3240.055,420,71.39241,4352,12,1.75,140.26172,167.8906,597.2266,10
3240.055,420,68.86076,4352,11,1.75,140.26172,168.2656,596.8516,10
3240.055,420,68.28645,4352,8,1.75,140.26172,167.27344,597.8438,10
3240.055,420,69.64286,4352,10,1.75,140.26172,173.4766,591.6406,10
3240.055,420,74.18546,4352,12,1.75,140.26172,169.3828,595.7344,10
3240.055,420,74.81297,4352,15,1.75,140.26172,166.21094,598.9062,10
3240.055,420,71.46465,4352,11,1.75,140.26172,170.9609,594.1562,10
3240.055,420,72.44898,4352,15,1.75,140.26172,172.2695,592.8477,10
3240.055,420,71.17347,4352,9,1.75,140.26172,169.1523,595.9648,10
3240.055,420,70.99237,4352,7,1.75,140.26172,170.832,594.2852,10
3240.055,420,68.0203,4352,10,1.75,140.26172,173.9531,591.1641,10
3240.055,420,70.45455,4352,11,1.75,140.26172,172.7539,592.3633,10
3240.055,420,72.33503,4352,8,1.75,140.26172,173.4609,591.6562,10
3240.055,420,71.46465,4352,14,1.75,140.26172,175.1875,589.9297,10
3240.055,420,72.40506,4352,13,1.75,140.26172,170.3477,594.7695,10
3240.055,420,70.30457,4352,15,1.75,140.26172,173.4102,591.707,10
3240.055,420,68.93939,4352,15,1.75,140.26172,169.5,595.6172,10
3240.055,420,67.34177,4352,7,1.75,140.26172,167.9414,597.1758,10
3240.055,420,66.24685,4352,12,1.75,140.26172,173.543,591.5742,10
3240.055,420,62.7204,4352,13,1.75,140.26172,171.3008,593.8164,10
3240.055,420,58.29146,4352,7,1.75,140.26172,175.1641,589.9531,10
3240.055,420,62.27848,4352,14,1.75,140.26172,172.2383,592.8789,10
3240.055,420,70.85427,4352,11,1.75,140.26172,169.3906,595.7266,10
3240.07,419,74.31421,4352,11,1.75,140.26172,170.8516,594.2656,10
3240.07,419,75.4522,4352,15,1.75,140.26172,167.625,597.4922,10
3240.07,419,71.21212,4352,11,1.75,140.26172,168.5039,596.6133,10
3240.055,419,74.24242,4352,11,1.75,140.26172,176.5273,588.5898,10
3240.055,419,72.19388,4352,10,1.75,140.26172,171.3594,593.7578,10
3240.055,419,74.43038,4352,13,1.75,140.26172,171.418,593.6992,10
3240.055,419,73.00771,4384,14,1.75,140.26172,167.8672,597.25,10
3240.055,419,70.84399,4384,11,1.75,140.26172,164.48047,600.6367,10
3240.055,419,71.28463,4384,18,1.75,140.26172,171.7031,593.4141,10
3240.055,419,72.36181,4384,11,1.75,140.26172,169.7148,595.4023,10
3240.055,419,71.21212,4384,14,1.75,140.26172,166.42188,598.6953,10
3240.055,419,74.23469,4384,12,1.757812,140.25391,164.61719,600.5,10
3240.055,419,69.13265,4384,8,1.757812,140.26172,170.0859,595.0234,10
3240.055,419,74.7449,4384,11,1.757812,140.26172,167.21875,597.8906,10
3240.055,420,65.65657,4384,8,1.757812,140.26172,172.2539,592.8555,10
3240.055,420,73.21429,4352,11,1.757812,140.26172,168.3984,596.7109,10
3240.055,420,69.44444,4352,12,1.757812,140.26172,163.31641,601.793,10
3240.055,420,72.26463,4352,15,1.757812,140.26172,169.6328,595.4766,10
3240.055,420,68.0,4352,10,1.757812,140.26172,170.7539,594.3555,10
3240.055,420,72.44898,4352,13,1.757812,140.26172,165.69531,599.4141,10
3240.055,420,73.16456,4352,8,1.757812,140.26172,166.87109,598.2383,10
3240.055,420,70.12658,4352,9,1.757812,140.26172,166.22266,598.8867,10
3240.055,420,69.42356,4352,10,1.757812,140.26172,174.0273,591.082,10
3240.055,419,69.28934,4352,8,1.757812,140.26172,172.7422,592.3672,10
3240.055,420,66.66667,4352,16,1.757812,140.26172,168.3945,596.7148,10
3240.055,420,67.67677,4352,14,1.757812,140.26172,166.27344,598.8359,10
3240.055,420,65.75,4384,7,1.757812,140.26172,177.4727,587.6367,10
3240.055,420,65.67164,4384,8,1.757812,140.26172,173.9336,591.1758,10
3240.055,420,58.01527,4384,15,1.757812,140.26172,173.0234,592.0859,10
3240.055,420,68.84422,4384,11,1.757812,140.26172,171.8828,593.2266,10
3240.055,420,69.26952,4384,11,1.757812,140.26172,172.4805,592.6289,10
3240.055,420,67.34177,4384,11,1.757812,140.26172,169.8398,595.2695,10
3240.055,420,68.5567,4384,16,1.757812,140.26172,171.4414,593.668,10
3240.055,420,68.70229,4384,7,1.757812,140.26172,172.0234,593.0859,10
3240.055,420,73.35025,4384,11,1.757812,140.26172,169.8086,595.3008,10
3240.055,420,71.06599,4384,12,1.757812,140.26172,175.8281,589.2812,10
3240.055,420,71.28463,4384,11,1.757812,140.26172,170.5,594.6094,10
3240.055,420,71.68367,4352,13,1.757812,140.26172,167.74219,597.3672,10
3240.055,420,71.82741,4352,8,1.757812,140.26172,170.0156,595.0938,10
3240.055,420,70.37975,4352,12,1.757812,140.26172,170.2695,594.8398,10
3240.055,420,67.8481,4352,11,1.757812,140.26172,171.582,593.5273,10
3240.055,420,73.68421,4352,10,1.757812,140.26172,167.9453,597.1641,10
3240.055,420,73.29975,4352,10,1.757812,140.26172,169.8594,595.25,10
3240.055,420,72.1519,4352,18,1.757812,140.26172,167.45312,597.6562,10
3240.055,420,73.41772,4352,8,1.757812,140.26172,165.75781,599.3516,10
3240.055,420,71.53652,4352,8,1.757812,140.26172,173.2344,591.875,10
3240.055,420,73.29975,4352,13,1.757812,140.26172,175.1797,589.9297,10
3240.055,420,72.72727,4352,9,1.757812,140.26172,170.5938,594.5156,10
3240.055,420,73.9899,4352,16,1.757812,140.26172,170.0625,595.0469,10
3240.055,420,69.92481,4352,7,1.757812,140.26172,171.8398,593.2695,10
3240.055,420,74.68354,4352,8,1.757812,140.43359,168.2695,596.668,10
3240.055,420,72.95285,4352,13,1.757812,140.50391,165.58984,599.2773,10
3240.055,420,68.95674,4352,11,1.757812,140.50391,169.8984,594.9688,10
3240.055,420,69.13265,4352,11,1.757812,140.50391,170.457,594.4102,10
3240.055,420,71.28463,4352,11,1.757812,140.50391,170.3359,594.5312,10
3240.055,420,71.17794,4352,13,1.765625,140.5,171.8594,593.0039,10
3240.055,420,72.22222,4352,11,1.765625,140.50391,172.8125,592.0469,10
3240.055,420,65.75682,4384,15,1.765625,140.50391,168.7109,596.1484,10
3240.055,420,55.72139,4384,11,1.765625,140.50391,170.3555,594.5039,10
3240.055,420,65.13995,4384,10,1.765625,140.50391,166.55469,598.3047,10
3240.055,420,71.75573,4384,10,1.765625,140.50391,173.4805,591.3789,10
3240.055,420,69.84536,4384,8,1.765625,140.50391,170.2031,594.6562,10
3240.055,420,73.80353,4384,10,1.78125,140.48828,167.25,597.6094,10
3240.055,420,69.48718,4384,10,1.78125,140.50391,168.1289,596.7148,10
3240.055,420,73.67089,4384,11,1.78125,140.50391,169.1055,595.7383,10
3240.055,420,68.51385,4384,9,1.78125,140.50391,169.3281,595.5156,10
3240.055,420,67.93893,4384,11,1.78125,140.50391,167.76953,597.0742,10
3240.055,420,69.82097,4384,10,1.78125,140.50391,165.11719,599.7266,10
3240.055,420,72.40506,4384,11,1.78125,140.50391,167.8242,597.0195,10
3240.055,420,72.26463,4384,7,1.78125,140.50391,169.25,595.5938,10
3240.055,420,70.22901,4384,13,1.78125,140.50391,169.7266,595.1172,10
3240.07,420,72.58883,4384,11,1.78125,140.50391,162.89453,601.9492,10
3240.055,420,70.88608,4384,16,1.78125,140.50391,167.08984,597.7539,10
3240.055,420,68.67168,4384,12,1.78125,140.50391,170.8203,594.0234,10
3240.055,420,71.39175,4384,10,1.78125,140.50391,168.6055,596.2383,10
3240.055,420,73.75,4384,11,1.78125,140.50391,171.0078,593.8359,10
3240.055,420,71.68367,4384,14,1.78125,140.50391,167.75781,597.0859,10
3240.055,420,69.13265,4384,12,1.78125,140.50391,170.5469,594.2969,10
3240.055,420,72.58883,4384,10,1.78125,140.50391,166.63672,598.207,10
3240.055,420,72.08122,4384,8,1.78125,140.50391,172.6641,592.1797,10
3240.055,420,71.5736,4384,9,1.78125,140.50391,174.5469,590.2969,10
3240.055,420,70.20202,4384,10,1.789062,140.50391,169.082,595.7539,10
3240.055,420,69.34673,4352,15,1.789062,140.50391,165.77344,599.0625,10
3240.055,420,73.68421,4352,16,1.789062,140.50391,169.2773,595.5586,10
3240.055,420,72.0403,4352,7,1.789062,140.50391,165.94531,598.8906,10
3240.055,420,64.97462,4352,16,1.789062,140.50391,166.95703,597.8789,10
3240.055,420,67.33668,4352,12,1.789062,140.50391,168.4805,596.3555,10
3240.055,420,64.89899,4352,11,1.796875,140.50391,169.7305,595.0977,10
3240.055,420,62.37374,4352,11,1.796875,140.50391,170.9219,593.9062,10
3240.055,420,59.69388,4352,12,1.796875,140.50391,166.57812,598.25,10
3240.055,420,70.35176,4352,8,1.796875,140.50391,163.64453,601.1836,10
3240.055,420,70.05076,4352,13,1.796875,140.50391,174.5547,590.2734,10
3240.055,420,72.26463,4352,12,1.796875,140.50391,169.6914,595.1367,10
3240.055,420,72.01018,4352,17,1.796875,140.50391,171.7617,593.0664,10
3240.055,420,67.8392,4352,11,1.796875,140.50391,169.1914,595.6367,10
3240.055,420,71.64557,4352,8,1.796875,140.50391,166.79297,598.0352,10
3240.055,420,69.74359,4352,14,1.796875,140.50391,169.7812,595.0469,10
3240.055,420,70.81218,4352,9,1.796875,140.50391,166.55469,598.2734,10
3240.055,420,76.15385,4352,9,1.796875,140.50391,168.4883,596.3398,10
3240.055,420,73.23232,4352,11,1.796875,140.50391,165.83594,598.9922,10
3240.055,420,71.42857,4352,10,1.796875,140.55469,173.1445,591.6328,10
3240.055,420,69.52141,4352,11,1.796875,140.55469,173.8828,590.8945,10
3240.055,420,73.11558,4352,12,1.796875,140.55469,170.2188,594.5586,10
3240.055,420,74.30025,4352,11,1.796875,140.55469,166.43359,598.3438,10
3240.055,420,74.24242,4352,14,1.796875,140.55469,168.1211,596.6562,10
3240.055,420,70.22901,4352,18,1.796875,140.55469,172.2773,592.5,10
3240.055,420,71.68367,4352,10,1.796875,140.55469,168.3672,596.4102,10
3240.055,420,72.33503,4352,15,1.796875,140.55469,169.8711,594.9062,10
3240.055,420,74.24242,4352,9,1.796875,140.55469,171.3477,593.4297,10
3240.055,420,75.94937,4352,10,1.796875,140.55469,168.6953,596.082,10
3240.055,420,69.62025,4352,10,1.804688,140.54688,167.53516,597.2422,10
3240.055,420,69.54315,4352,10,1.804688,140.55469,170.082,594.6875,10
3240.055,420,72.29219,4352,12,1.804688,140.55469,167.375,597.3945,10
3240.055,420,74.49495,4352,12,1.804688,140.55469,163.79688,600.9727,10
3240.055,420,71.35678,4352,13,1.804688,140.55469,167.125,597.6445,10
3240.055,420,68.95674,4352,10,1.804688,140.55469,170.293,594.4766,10
3240.055,420,67.34177,4320,11,1.804688,140.55469,167.58594,597.1836,10
3240.055,420,64.41103,4320,11,1.804688,140.55469,167.8828,596.8867,10
3240.055,420,58.70647,4320,11,1.804688,140.55469,169.3359,595.4336,10
3240.055,420,58.79397,4320,13,1.804688,140.96875,169.8281,594.5273,10
3240.055,420,63.70558,4320,14,1.804688,140.99609,170.6172,593.7109,10
3240.055,420,74.80916,4320,12,1.804688,140.99609,165.61719,598.7109,10
3240.055,420,71.06599,4320,10,1.804688,140.99609,172.168,592.1602,10
3240.055,420,69.66581,4320,11,1.804688,140.99609,166.97266,597.3555,10
3240.055,420,67.60204,4320,10,1.804688,140.99609,169.8438,594.4844,10
3240.055,420,67.69231,4320,8,1.804688,140.99609,166.94531,597.3828,10
3240.055,420,73.68421,4320,12,1.804688,140.99609,165.28125,599.0469,10
3240.055,420,74.1688,4320,13,1.804688,140.99609,169.0078,595.3203,10
3240.055,420,72.08122,4320,11,1.804688,140.99609,166.60156,597.7266,10
3240.055,420,72.93233,4320,19,1.804688,140.99609,166.94922,597.3789,10
3240.055,420,66.83544,4320,11,1.804688,140.99609,168.0234,596.3047,10
3240.055,419,76.14213,4320,9,1.804688,140.99609,165.91406,598.4141,10
3240.055,419,72.47475,4320,12,1.804688,140.99609,170.9141,593.4141,10
3240.055,419,72.26463,4352,13,1.804688,140.99609,170.1484,594.1797,10
3240.055,419,70.10309,4352,13,1.804688,140.99609,167.69141,596.6367,10
3240.055,419,73.75,4352,9,1.804688,140.99609,169.2578,595.0703,10
3240.055,419,70.12658,4352,11,1.804688,140.99609,165.78906,598.5391,10
3240.055,419,71.35678,4352,13,1.804688,140.99609,168.6602,595.668,10
3240.055,419,69.87342,4352,11,1.804688,140.99609,164.21484,600.1133,10
3240.055,419,70.55838,4352,9,1.804688,140.99609,169.8477,594.4805,10
3240.055,419,75.63452,4352,9,1.804688,140.99609,171.2891,593.0391,10
3240.055,419,74.87437,4352,16,1.804688,140.99609,166.25781,598.0703,10
3240.055,419,75.44757,4352,7,1.804688,141.00781,172.5078,591.8086,10
3240.055,419,74.25,4352,18,1.804688,141.00781,168.3516,595.9648,10
3240.055,419,71.68367,4352,9,1.804688,141.00781,166.32031,597.9961,10
3240.055,419,69.19192,4352,12,1.804688,141.00781,167.9922,596.3242,10
3240.055,419,71.13924,4352,9,1.804688,141.00781,168.7539,595.5625,10
3240.055,419,62.31156,4352,12,1.804688,141.00781,165.80859,598.5078,10
3240.055,419,67.75,4352,8,1.804688,141.00781,172.8516,591.4648,10
3240.055,419,62.12121,4352,8,1.804688,141.00781,168.5312,595.7852,10
3240.055,419,63.40852,4352,13,1.804688,141.00781,168.793,595.5234,10
3240.055,419,69.7201,4352,7,1.8125,141.00781,166.14062,598.168,10
3240.055,419,67.59494,4352,9,1.8125,141.00781,167.8906,596.418,10
3240.055,419,73.52185,4352,8,1.8125,141.00781,169.457,594.8516,10
3240.055,419,71.6792,4352,12,1.8125,141.00781,171.0664,593.2422,10
3240.055,419,75.38071,4352,13,1.8125,141.00781,167.64844,596.6602,10
3240.055,419,72.58883,4352,6,1.8125,141.00781,164.03906,600.2695,10
3240.055,419,70.48346,4352,14,1.8125,141.00781,173.3086,591.0,10
3240.055,419,70.45455,4352,13,1.8125,141.00781,167.74219,596.5664,10
3240.055,419,73.46939,4352,13,1.8125,141.00781,172.6211,591.6875,10
3240.055,419,72.47475,4352,12,1.8125,141.00781,168.3438,595.9648,10
3240.055,419,73.9899,4352,11,1.8125,141.00781,169.6289,594.6797,10
3240.055,419,70.9596,4352,9,1.8125,141.00781,171.2148,593.0938,10
3240.055,420,70.33248,4352,10,1.8125,141.00781,170.5078,593.8008,10
3240.055,418,71.06599,4352,15,1.8125,141.00781,166.43359,597.875,10
3240.055,418,72.12276,4352,12,1.8125,141.00781,164.16797,600.1406,10
3240.055,418,70.9596,4352,16,1.8125,141.00781,172.5391,591.7695,10
3240.055,418,73.85787,4352,10,1.820312,141.00781,167.70312,596.5977,10
3240.055,418,71.03275,4352,7,1.820312,141.00781,165.48828,598.8125,10
3240.055,418,69.3299,4352,9,1.820312,141.00781,171.8516,592.4492,10
3240.055,418,72.84264,4352,16,1.820312,141.00781,168.3398,595.9609,10
3240.055,418,72.51908,4352,10,1.820312,141.08203,168.8477,595.3789,10
3240.055,418,74.18546,4352,10,1.820312,141.08203,170.5547,593.6719,10
3240.055,418,75.88832,4352,14,1.820312,141.08203,171.7305,592.4961,10
3240.055,418,72.54408,4352,14,1.820312,141.08203,168.9961,595.2305,10
3240.055,418,66.66667,4352,10,1.820312,141.08203,176.3984,587.8281,10
3240.055,418,67.08861,4352,13,1.820312,141.08203,175.4062,588.8203,10
3240.055,418,66.66667,4352,8,1.820312,141.08203,169.1992,595.0273,10
3240.055,418,68.01008,4352,15,1.820312,141.08203,170.582,593.6445,10
3240.055,418,61.46096,4352,14,1.820312,141.08203,168.5859,595.6406,10
3240.055,418,60.55276,4384,16,1.820312,141.08203,167.9023,596.3242,10
3240.055,417,67.08543,4384,9,1.820312,141.08203,165.47266,598.7539,10
3240.055,417,72.58883,4384,11,1.820312,141.08203,165.87891,598.3477,10
3240.055,417,71.75573,4384,8,1.820312,141.10938,168.3008,595.8984,10
3240.055,417,74.10256,4384,6,1.820312,141.10938,166.55078,597.6484,10
3240.055,417,74.1206,4384,12,1.820312,141.10938,163.59766,600.6016,10
3240.07,417,70.69409,4384,11,1.820312,141.10938,178.4062,585.793,10
3240.055,417,70.85427,4384,21,1.820312,141.10938,175.5156,588.6836,10
3240.055,417,73.36683,4352,7,1.820312,141.10938,170.2383,593.9609,10
3240.055,417,71.17794,4352,9,1.820312,141.10938,173.7266,590.4727,10
3240.055,417,68.35443,4352,10,1.820312,141.10938,172.543,591.6562,10
3240.055,416,69.87342,4352,12,1.820312,141.10938,178.5391,585.6602,10
3240.055,416,70.99237,4352,12,1.820312,141.10938,174.8516,589.3477,10
3240.055,416,67.67677,4352,14,1.820312,141.10938,175.5664,588.6328,10
3240.055,416,70.05076,4352,15,1.820312,141.10938,176.4492,587.75,10
3240.055,416,72.29219,4352,12,1.820312,141.10938,173.4844,590.7148,10
3240.055,416,69.66581,4352,15,1.820312,141.10938,172.6055,591.5938,10
3240.055,416,68.43434,4352,10,1.820312,141.10938,175.5508,588.6484,10
3240.055,416,70.58824,4352,10,1.820312,141.10938,171.082,593.1172,10
3240.055,416,68.19338,4352,8,1.820312,141.10938,177.2266,586.9727,10
3240.055,416,73.09645,4352,16,1.820312,141.10938,178.0469,586.1523,10
3240.055,416,70.43702,4384,14,1.820312,141.10938,172.0312,592.168,10
3240.055,416,69.46565,4384,10,1.820312,141.10938,175.8477,588.3516,10
3240.055,416,73.81546,4384,5,1.820312,141.10938,177.332,586.8672,10
3240.055,416,69.54315,4384,9,1.820312,141.10938,171.3438,592.8555,10
3240.055,417,70.63291,4384,11,1.820312,141.10938,172.4453,591.7539,10
3240.055,418,73.23232,4384,13,1.820312,141.10938,170.9961,593.2031,10
3240.055,419,69.7733,4384,10,1.820312,141.10938,175.4531,588.7461,10
3240.055,419,64.1791,4384,11,1.820312,141.10938,171.9531,592.2461,10
3240.055,419,61.96474,4384,14,1.820312,141.10938,172.9805,591.2188,10
3240.055,419,56.96203,4384,12,1.820312,141.10938,169.1133,595.0859,10
3240.055,419,62.21662,4384,15,1.820312,141.10938,168.7773,595.4219,10
3240.055,419,73.61809,4384,13,1.820312,141.10938,171.5078,592.6914,10
3240.055,418,72.11055,4384,21,1.820312,141.10938,170.0039,594.1953,10
3240.055,419,69.74359,4384,12,1.820312,141.10938,171.6641,592.5352,10
3240.055,419,70.91837,4384,12,1.820312,141.10938,173.4648,590.7344,10
3240.055,419,69.36709,4384,13,1.820312,141.10938,170.5117,593.6875,10
3240.055,419,72.29219,4384,16,1.820312,141.10938,166.73828,597.4609,10
3240.055,419,72.84264,4384,16,1.820312,141.10938,172.7188,591.4805,10
3240.055,419,74.24242,4384,10,1.820312,141.10938,169.5391,594.6602,10
3240.055,419,71.3555,4384,16,1.820312,141.10938,170.2148,593.9844,10
3240.055,419,68.93939,4384,7,1.828125,141.10156,173.3359,590.8633,10
3240.055,419,71.42857,4384,9,1.828125,141.10938,167.48828,596.7031,10
3240.055,419,69.7201,4384,11,1.828125,141.10938,169.1484,595.043,10
3240.055,419,72.11055,4384,9,1.828125,141.10938,168.8789,595.3125,10
3240.055,419,72.12276,4384,11,1.828125,141.10938,170.7773,593.4141,10
3240.055,419,70.63291,4352,13,1.828125,141.10938,170.7734,593.418,10
3240.055,419,70.27708,4352,13,1.835938,141.10938,171.9414,592.2422,10
3240.055,419,73.65729,4352,11,1.835938,141.10938,168.7188,595.4648,10
3240.055,419,70.33248,4352,7,1.835938,141.10938,166.30859,597.875,10
3240.055,419,73.23232,4352,7,1.835938,141.10938,167.15234,597.0312,10
3240.055,419,75.75758,4352,8,1.835938,141.10938,168.875,595.3086,10
3240.055,419,71.92982,4320,12,1.835938,141.10938,170.3125,593.8711,10
3240.07,419,69.64286,4320,13,1.835938,141.10938,170.0938,594.0898,10
3240.055,419,71.35678,4320,10,1.835938,141.10938,166.73047,597.4531,10
3240.055,419,69.36709,4320,8,1.835938,141.10938,167.8398,596.3438,10
3240.055,419,69.52141,4320,15,1.835938,141.10938,170.7656,593.418,10
3240.055,419,68.51385,4320,18,1.835938,141.10938,169.1484,595.0352,10
3240.055,419,69.69697,4352,9,1.835938,141.10938,166.03125,598.1523,10
3240.055,419,64.32161,4352,8,1.835938,141.10938,166.72656,597.457,10
3240.055,419,61.71285,4352,10,1.835938,141.10938,167.50391,596.6797,10
3240.07,419,61.59601,4352,14,1.835938,141.10938,169.1289,595.0547,10
3240.07,419,67.51269,4384,12,1.835938,141.10938,165.25,598.9336,10
3240.07,419,72.33503,4384,8,1.835938,141.10938,162.54688,601.6367,10
3240.055,419,71.28463,4384,6,1.835938,141.10938,163.74609,600.4375,10
3240.055,419,70.81218,4384,7,1.835938,141.10938,165.39844,598.7852,10
3240.055,419,70.91837,4384,11,1.84375,141.10938,170.0508,594.125,10
3240.055,419,71.5736,4384,13,1.84375,141.10938,167.8086,596.3672,10
3240.055,419,71.02564,4384,14,1.84375,141.10938,166.25,597.9258,10
3240.055,419,68.0203,4384,9,1.851562,141.10156,164.20703,599.9688,10
3240.055,419,69.11392,4384,9,1.851562,141.10938,173.2891,590.8789,10
3240.055,419,71.07232,4384,10,1.851562,141.10938,169.8516,594.3164,10
3240.055,419,70.91837,4384,10,1.851562,141.10938,167.8281,596.3398,10
3240.055,419,68.52792,4384,11,1.851562,141.10938,165.3125,598.8555,10
3240.055,419,72.58883,4384,9,1.851562,141.10938,165.47656,598.6914,10
3241.059,419,72.42268,4384,12,1.859375,141.10938,168.4922,595.668,10
3241.074,419,71.6792,4384,12,1.859375,141.10938,165.34766,598.8125,10
3240.07,420,68.27411,4384,12,1.859375,141.10938,169.9414,594.2188,10
3240.055,420,68.0203,4384,9,1.859375,141.10938,169.1172,595.043,10
3240.055,420,69.52141,4384,15,1.859375,141.10938,166.30078,597.8594,10
3240.055,420,67.00252,4384,8,1.859375,141.10938,162.34766,601.8125,10
3240.055,420,71.53652,4384,15,1.859375,141.10938,170.3828,593.7773,10
3240.055,420,67.00508,4384,9,1.859375,141.10938,170.4609,593.6992,10
3240.055,420,69.36709,4384,10,1.859375,141.10938,171.2266,592.9336,10
3240.055,420,73.41772,4352,19,1.859375,141.10938,171.6562,592.5039,10
3240.055,420,70.88608,4352,11,1.859375,141.10938,169.4805,594.6797,10
3240.055,420,72.40506,4352,13,1.875,141.10156,167.45703,596.6953,10
3240.055,420,66.15776,4352,7,1.875,141.11719,167.9102,596.2266,10
3240.055,420,69.87342,4352,14,1.875,141.11719,163.98047,600.1562,10
3240.055,420,67.08543,4352,7,1.875,141.11719,173.9062,590.2305,10
3240.055,420,59.0,4352,12,1.875,141.11719,170.9375,593.1992,10
3240.055,420,62.0,4352,16,1.875,141.11719,168.4531,595.6836,10
3240.055,420,65.40404,4352,16,1.875,141.11719,168.8398,595.2969,10
3240.055,421,70.10309,4352,12,1.875,141.11719,169.2227,594.9141,10
3240.055,421,69.28934,4352,10,1.875,141.11719,171.1719,592.9648,10
3240.055,421,70.84399,4352,12,1.875,141.11719,173.2734,590.8633,10
3240.055,421,74.03599,4352,7,1.875,141.11719,169.6367,594.5,10
3240.055,421,70.84399,4352,8,1.882812,141.11719,169.8008,594.3281,10
3240.055,421,70.60302,4384,9,1.882812,141.11719,166.875,597.2539,10
3240.055,421,70.48346,4384,8,1.882812,141.11719,169.0117,595.1172,10
3240.055,421,71.06599,4384,11,1.882812,141.11719,174.5,589.6289,10
3240.055,421,73.28244,4384,16,1.882812,141.11719,174.4922,589.6367,10
3240.055,421,75.93985,4384,12,1.882812,141.11719,169.6836,594.4453,10
3240.055,421,74.80916,4384,12,1.882812,141.11719,172.3633,591.7656,10
3240.055,421,70.02519,4384,11,1.882812,141.11719,169.3008,594.8281,10
3240.055,421,71.79487,4384,11,1.882812,141.11719,167.6875,596.4414,10
3240.055,421,72.12276,4384,11,1.882812,141.11719,166.64453,597.4844,10
3240.055,421,69.89796,4384,8,1.882812,141.11719,168.8086,595.3203,10
3240.055,421,70.36082,4384,11,1.882812,141.11719,166.8125,597.3164,10
3240.055,421,74.55919,4384,16,1.882812,141.11719,168.2188,595.9102,10
3240.055,421,72.89003,4384,11,1.882812,141.11719,169.4766,594.6523,10
3240.055,421,69.89796,4352,11,1.890625,141.11719,175.9414,588.1797,10
3240.055,421,72.72727,4352,13,1.890625,141.11719,172.1172,592.0039,10
3240.055,421,71.53652,4352,13,1.890625,141.11719,169.4648,594.6562,10
3240.055,421,68.68687,4384,11,1.890625,141.11719,171.7617,592.3594,10
3240.055,421,70.9596,4384,12,1.890625,141.11719,171.7617,592.3594,10
3240.055,421,70.88608,4384,16,1.890625,141.11719,169.5508,594.5703,10
3240.055,421,66.58354,4384,12,1.890625,141.11719,171.1758,592.9453,10
3240.055,421,69.7201,4384,8,1.890625,141.11719,173.2656,590.8555,10
3240.055,421,67.67677,4384,6,1.890625,141.11719,169.2461,594.875,10
3240.055,421,67.51269,4384,12,1.890625,141.11719,170.7773,593.3438,10
3240.055,421,61.16751,4384,12,1.890625,141.11719,172.3438,591.7773,10
3240.055,421,62.56281,4384,10,1.890625,141.11719,168.5156,595.6055,10
3240.055,421,72.77354,4384,8,1.890625,141.11719,165.86328,598.2578,10
3240.055,421,69.58763,4384,12,1.890625,141.11719,173.8984,590.2227,10
3240.055,421,69.92288,4384,9,1.890625,141.11719,171.0078,593.1133,10
3240.055,421,72.01018,4384,8,1.890625,141.11719,171.7773,592.3438,10
3240.055,421,68.62245,4384,10,1.890625,141.11719,168.8242,595.2969,10
3240.055,421,70.15306,4384,9,1.890625,141.11719,170.6602,593.4609,10
3240.055,421,72.29219,4384,5,1.890625,141.11719,170.332,593.7891,10
3240.055,421,70.05076,4384,11,1.898438,141.11719,170.8906,593.2227,10
3240.055,421,71.24682,4352,12,1.898438,141.11719,173.0781,591.0352,10
3240.055,421,73.43358,4352,11,1.898438,141.11719,173.1602,590.9531,10
3240.055,422,69.92288,4352,17,1.898438,141.11719,170.9453,593.168,10
3240.055,422,73.73737,4352,12,1.898438,141.11719,170.5469,593.5664,10
3240.055,422,70.15306,4352,11,1.898438,141.11719,169.7695,594.3438,10
3240.055,422,70.05076,4352,17,1.898438,141.11719,170.4141,593.6992,10
3240.055,422,72.9798,4352,10,1.898438,141.11719,171.6445,592.4688,10
3240.055,422,74.17722,4352,14,1.898438,141.11719,169.0195,595.0938,10
3240.055,422,75.6962,4352,11,1.898438,141.11719,166.58594,597.5273,10
3240.055,422,71.75573,4352,8,1.898438,141.11719,171.9727,592.1406,10
3240.055,422,67.34177,4352,9,1.898438,141.11719,167.9766,596.1367,10
3240.055,422,71.17347,4352,14,1.898438,141.11719,171.1289,592.9844,10
3240.055,422,69.11392,4352,10,2.035156,141.11719,168.3672,595.6094,10
3240.055,422,73.61809,4352,15,2.035156,141.11719,169.6953,594.2812,10
3240.055,422,72.9798,4352,13,2.035156,141.11719,170.2461,593.7305,10
3240.055,422,75.6962,4352,15,2.035156,141.11719,169.0547,594.9219,10
3240.055,422,72.72727,4352,14,2.035156,141.11719,165.47656,598.5,10
3240.535,421,73.16456,4352,10,2.042969,141.10938,170.2617,593.7148,10
3240.535,421,68.81443,4352,10,2.042969,141.11719,168.0469,595.9219,10
3240.535,421,66.83292,4352,16,2.042969,141.11719,165.98047,597.9883,10
3240.535,421,64.97462,4352,13,2.042969,141.15234,166.69531,597.2383,10
3240.535,422,61.61616,4352,10,2.042969,141.16797,168.0039,595.9141,10
3241.016,422,56.71642,4352,12,2.042969,141.16797,165.10547,598.8125,10
3241.016,422,67.61658,4352,9,2.042969,141.16797,172.168,591.75,10
3241.016,422,70.84399,4352,7,2.042969,141.16797,165.77344,598.1445,10
3241.016,422,71.20823,4352,11,2.042969,141.16797,167.7812,596.1367,10
3241.016,422,72.79597,4352,14,2.042969,141.16797,169.0,594.918,10
3241.016,422,72.79597,4352,13,2.042969,141.16797,165.60938,598.3086,10
3241.016,422,71.21212,4352,9,2.042969,141.16797,163.15234,600.7656,10
3241.016,422,70.99237,4384,15,2.042969,141.16797,165.05469,598.8633,10
3241.016,422,73.60406,4384,7,2.042969,141.16797,166.04297,597.875,10
3241.016,422,68.10127,4384,13,2.042969,141.16797,166.13281,597.7852,10
3241.016,422,70.22901,4384,9,2.042969,141.16797,166.39844,597.5195,10
3241.016,422,73.72449,4384,11,2.042969,141.16797,164.93359,598.9844,10
3241.016,422,72.1519,4384,13,2.042969,141.16797,167.8477,596.0703,10
3238.613,422,72.19388,4384,12,2.042969,141.16797,168.4453,595.4727,10
3238.613,422,73.85787,4384,9,2.042969,141.16797,175.1641,588.7539,10
3238.613,423,73.5369,4384,11,2.042969,141.16797,171.2812,592.6367,10
3238.613,422,72.0403,4384,11,2.042969,141.16797,166.17188,597.7461,10
3238.613,422,72.0403,4384,10,2.042969,141.26562,170.7148,593.1055,10
3238.613,422,76.94236,4384,10,2.042969,141.29297,168.0898,595.7031,10
3238.613,422,76.02041,4384,14,2.042969,141.29297,164.51172,599.2812,10
3238.613,422,72.9798,4384,10,2.042969,141.29297,165.99219,597.8008,10
3238.613,422,71.35678,4384,12,2.042969,141.29297,166.55469,597.2383,10
3238.613,422,68.10127,4384,13,2.042969,141.29297,168.8047,594.9883,10
3238.613,422,68.11224,4384,10,2.042969,141.29297,166.18359,597.6094,10
3238.613,422,71.6792,4384,11,2.042969,141.29297,168.957,594.8359,10
3238.613,422,69.87342,4384,14,2.042969,141.29297,165.95312,597.8398,10
3238.613,422,70.17544,4384,8,2.050781,141.29297,167.04688,596.7383,10
3238.613,422,68.75,4384,11,2.050781,141.29297,169.3906,594.3945,10
3238.613,422,68.0,4384,10,2.050781,141.29297,164.37891,599.4062,10
3238.613,422,64.46701,4384,10,2.050781,141.29297,167.17188,596.6133,10
3238.613,422,61.05528,4384,13,2.050781,141.29297,164.24609,599.5391,10
3238.613,422,57.14286,4384,11,2.050781,141.29297,170.0312,593.7539,10
3238.613,422,71.06599,4384,15,2.050781,141.29297,170.668,593.1172,10
3238.613,422,69.05371,4384,10,2.050781,141.29297,167.27734,596.5078,10
3238.613,422,70.48346,4384,10,2.050781,141.29297,165.44922,598.3359,10
3238.613,422,70.91837,4384,8,2.050781,141.29297,170.2031,593.582,10
3238.613,422,69.5,4384,16,2.050781,141.29297,166.54297,597.2422,10
3238.613,422,73.91304,4384,8,2.050781,141.29297,168.2305,595.5547,10
3238.613,422,71.13924,4384,11,2.050781,141.29297,165.08984,598.6953,10
3238.613,422,70.20202,4352,14,2.050781,141.29297,161.15234,602.6328,10
3238.613,422,71.3198,4352,11,2.050781,141.29297,169.7852,594.0,10
3238.613,422,69.2112,4352,9,2.050781,141.29297,166.12891,597.6562,10
3238.613,422,74.4898,4352,11,2.050781,141.29297,167.76172,596.0234,10
3238.613,422,71.8593,4352,8,2.050781,141.29297,168.0195,595.7656,10
3238.613,422,74.30025,4352,8,2.050781,141.29297,168.9922,594.793,10
3238.613,422,71.5736,4352,9,2.050781,141.29297,169.6367,594.1484,10
3238.613,422,70.58824,4352,10,2.050781,141.29297,170.1016,593.6836,10
3238.613,422,69.38776,4352,8,2.050781,141.29297,170.3398,593.4453,10
3238.613,422,71.39241,4320,10,2.050781,141.29297,167.3125,596.4727,10
3238.613,422,68.01008,4320,10,2.050781,141.29297,166.73828,597.0469,10
3238.629,422,71.89873,4320,15,2.050781,141.29297,168.2617,595.5234,10
3238.613,422,74.68354,4320,12,2.050781,141.29297,166.59766,597.1875,10
3238.613,422,69.34673,4320,13,2.050781,141.29297,162.76953,601.0156,10
3238.613,422,70.81218,4320,16,2.050781,141.29297,174.9531,588.832,10
3238.613,422,68.03069,4320,11,2.050781,141.29297,173.4219,590.3633,10
3238.613,422,70.66327,4320,14,2.050781,141.29297,167.875,595.9102,10
3238.613,422,69.75,4320,12,2.050781,141.29297,169.0938,594.6914,10
3238.613,422,67.42424,4320,10,2.050781,141.29297,166.83594,596.9492,10
3238.613,422,69.94949,4320,8,2.050781,141.29297,168.9609,594.8242,10
3238.629,422,63.90977,4320,12,2.050781,141.29297,169.8281,593.957,10
3238.629,422,60.79404,4320,12,2.050781,141.29297,170.9648,592.8203,10
3238.613,422,55.83756,4320,13,2.050781,141.29297,167.54688,596.2383,10
3238.613,422,66.49874,4320,12,2.050781,141.29297,165.96484,597.8203,10
3238.613,422,72.58883,4320,12,2.050781,141.29297,169.7812,594.0039,10
3238.613,422,68.43434,4320,14,2.050781,141.29297,172.3594,591.4258,10
3238.629,422,71.9697,4320,8,2.050781,141.29297,167.7812,596.0039,10
3238.629,422,68.60759,4320,10,2.050781,141.29297,165.23828,598.5469,10
3238.629,422,71.06599,4320,12,2.058594,141.28516,169.7578,594.0273,10
3238.629,422,69.01763,4320,10,2.058594,141.29297,173.4141,590.3633,10
3238.629,422,69.11392,4352,8,2.058594,141.29297,169.9258,593.8516,10
3238.629,422,71.53652,4352,16,2.058594,141.29297,167.71094,596.0664,10
3238.629,422,70.88608,4352,8,2.058594,141.29297,169.582,594.1953,10
3238.629,422,72.40506,4320,16,2.058594,141.29297,170.3672,593.4102,10
3238.629,422,74.1206,4320,11,2.058594,141.29297,172.0781,591.6992,10
3238.629,422,76.39594,4320,15,2.058594,141.29297,168.2656,595.5117,10
3238.629,422,75.6962,4352,10,2.058594,141.29297,169.0703,594.707,10
3238.629,422,73.29975,4352,15,2.058594,141.29297,171.2539,592.5234,10
3238.629,422,73.55164,4352,12,2.058594,141.29297,170.6055,593.1719,10
3238.629,422,69.38776,4352,9,2.058594,141.29297,167.37891,596.3984,10
3238.629,422,68.51385,4352,15,2.058594,141.29297,169.5273,594.25,10
3238.613,422,72.47475,4352,12,2.058594,141.29297,170.8359,592.9414,10
3238.613,422,70.22901,4352,8,2.058594,141.29297,167.9414,595.8359,10
3238.613,422,71.93878,4352,13,2.058594,141.29297,169.9805,593.7969,10
3238.613,422,69.30946,4352,13,2.058594,141.29297,168.3945,595.3828,10
3238.613,422,73.92405,4352,11,2.058594,141.29297,170.1992,593.5781,10
3238.613,422,72.0403,4352,12,2.058594,141.29297,170.4297,593.3477,10
3238.613,422,69.34673,4352,10,2.058594,141.29297,175.0039,588.7734,10
3238.613,422,66.41604,4352,9,2.058594,141.29297,171.2188,592.5586,10
3238.629,422,68.51385,4352,9,2.058594,141.29297,172.1719,591.6055,10
3238.613,422,64.76427,4352,10,2.058594,141.29297,169.4648,594.3125,10
3238.613,422,64.25,4352,11,2.058594,141.29297,167.03125,596.7461,10
3238.613,422,61.09726,4352,9,2.058594,141.29297,170.3047,593.4727,10
3238.613,422,65.9204,4352,9,2.058594,141.29297,170.4414,593.3359,10
3238.613,422,69.97455,4352,18,2.058594,141.29297,174.0117,589.7656,10
3238.613,422,71.28463,4352,15,2.058594,141.29297,169.8867,593.8906,10
3238.613,422,68.95674,4352,12,2.058594,141.29297,165.56641,598.2109,10
3238.613,422,69.28934,4384,10,2.058594,141.29297,170.668,593.1094,10
3238.613,422,72.79597,4384,9,2.058594,141.29297,166.82422,596.9531,10
3238.613,422,73.97959,4384,9,2.066406,141.29297,169.2773,594.4922,10
3238.613,422,72.44898,4384,11,2.066406,141.29297,167.30859,596.4609,10
3238.613,422,71.06599,4384,12,2.066406,141.29297,174.4297,589.3398,10
3238.613,422,72.93233,4384,9,2.066406,141.29297,169.1797,594.5898,10
3238.613,422,72.65823,4384,8,2.066406,141.29297,165.84766,597.9219,10
3238.613,422,73.77892,4384,15,2.066406,141.29297,166.79297,596.9766,10
3238.613,422,72.26463,4384,16,2.066406,141.29297,168.6094,595.1602,10
3238.613,422,70.61856,4384,14,2.066406,141.29297,166.42188,597.3477,10
3238.629,422,68.95674,4384,14,2.066406,141.29297,172.6797,591.0898,10
3238.613,422,71.28463,4384,11,2.066406,141.29297,172.2852,591.4844,10
3238.613,422,73.67089,4384,10,2.066406,141.29297,167.74609,596.0234,10
3238.613,422,72.05128,4384,10,2.066406,141.29297,165.28516,598.4844,10
3238.613,422,70.48346,4384,10,2.066406,141.29297,170.582,593.1875,10
3238.629,422,71.39241,4384,9,2.066406,141.29297,171.5508,592.2188,10
3238.629,422,72.40506,4384,9,2.066406,141.29297,173.0273,590.7422,10
3238.629,422,69.03553,4384,8,2.066406,141.29297,170.2539,593.5156,10
3238.613,422,68.68687,4384,11,2.074219,141.28516,170.9492,592.8203,10
3238.613,422,69.89796,4384,9,2.074219,141.29297,168.2422,595.5195,10
3238.613,422,70.73791,4384,7,2.074219,141.29297,164.83203,598.9297,10
3238.629,422,69.28934,4384,8,2.074219,141.29297,165.72656,598.0352,10
3238.629,422,67.43003,4384,12,2.074219,141.29297,169.4531,594.3086,10
3238.629,422,67.16792,4384,12,2.074219,141.29297,166.10156,597.6602,10
3238.629,422,65.32663,4384,10,2.082031,141.28516,171.8242,591.9375,10
3238.629,422,61.26582,4384,8,2.082031,141.29297,166.50781,597.2461,10
3238.629,422,61.61616,4384,11,2.082031,141.29297,168.2227,595.5312,10
3238.629,422,67.68448,4384,9,2.082031,141.29297,174.6914,589.0625,10
3238.629,422,73.67089,4384,11,2.082031,141.29297,179.2148,584.5391,10
3238.629,422,74.7449,4384,12,2.082031,141.29297,176.9883,586.7656,10
3238.629,422,72.9798,4384,10,2.082031,141.29297,172.8438,590.9102,10
3238.629,422,67.59494,4384,6,2.082031,141.29297,173.8242,589.9297,10
3238.629,422,70.22901,4384,7,2.082031,141.29297,170.8711,592.8828,10
3238.629,422,69.13265,4384,11,2.082031,141.29297,169.2852,594.4688,10
3238.629,422,68.97436,4352,7,2.082031,141.29297,180.125,583.6289,10
3238.629,422,69.01763,4352,10,2.082031,141.29297,181.875,581.8789,10
3238.629,422,71.64557,4352,9,2.082031,141.29297,178.4492,585.3047,10
3238.629,422,68.47545,4352,10,2.082031,141.29297,176.6172,587.1367,10
3238.629,422,71.71717,4352,10,2.082031,141.29297,172.8438,590.9102,10
3238.629,422,71.5736,4352,14,2.082031,141.29297,179.207,584.5469,10
3238.629,422,71.68367,4352,12,2.082031,141.29297,176.3945,587.3594,10
3238.629,422,72.19388,4352,9,2.082031,141.41016,178.625,585.0117,10
3238.629,422,68.68687,4352,13,2.082031,141.46484,178.4062,585.1758,10
3238.629,422,69.03553,4352,12,2.082031,141.46484,174.5234,589.0586,10
3238.629,422,72.08122,4352,14,2.082031,141.46484,175.7383,587.8438,10
3238.629,422,72.43108,4352,14,2.082031,141.46484,176.9883,586.5938,10
3238.629,421,72.95918,4352,10,2.082031,141.46484,171.3047,592.2773,10
3238.629,421,71.3198,4352,11,2.082031,141.46484,172.9062,590.6758,10
3238.645,421,70.07673,4352,11,2.082031,141.46484,174.0547,589.5273,10
3238.629,421,70.70707,4352,9,2.082031,141.46484,178.7617,584.8203,10
3238.629,421,69.7733,4352,10,2.082031,141.46484,175.8633,587.7188,10
3238.629,421,69.56522,4352,11,2.082031,141.46484,176.8984,586.6836,10
3239.133,421,68.09045,4352,7,2.082031,141.46484,178.4258,585.1562,10
3239.133,421,69.52141,4352,14,2.082031,141.46484,178.9961,584.5859,10
3238.629,421,68.34171,4352,12,2.082031,141.46484,175.9375,587.6445,10
3238.629,421,62.25,4352,21,2.082031,141.46484,177.3086,586.2734,10
3238.629,421,55.27638,4352,12,2.082031,141.46484,176.1758,587.4062,10
3238.613,421,63.86768,4352,17,2.082031,141.46484,176.6797,586.9023,10
3238.613,421,71.28205,4352,13,2.082031,141.46484,176.582,587.0,10
3238.613,421,71.75573,4352,13,2.082031,141.46484,176.6133,586.9688,10
3238.613,421,69.13265,4352,12,2.082031,141.46484,177.0547,586.5273,10
3238.613,421,69.74359,4352,10,2.082031,141.46484,178.543,585.0391,10
3238.613,421,73.09645,4352,9,2.089844,141.46484,174.0586,589.5156,10
3238.613,421,73.02799,4320,11,2.089844,141.46484,170.9961,592.5781,10
3238.613,421,75.81864,4352,11,2.089844,141.46484,182.4062,581.168,10
3238.613,421,74.74747,4352,11,2.089844,141.46484,177.8438,585.7305,10
3238.613,421,70.99237,4352,11,2.089844,141.46484,173.7188,589.8555,10
3238.613,421,68.70229,4352,6,2.089844,141.46484,175.6562,587.918,10
3238.613,421,76.53061,4352,9,2.089844,141.46484,177.4727,586.1016,10
3238.613,421,74.11168,4352,11,2.089844,141.46484,174.3008,589.2734,10
3238.613,421,72.1519,4352,8,2.089844,141.46484,175.1055,588.4688,10
3238.613,421,67.34177,4352,16,2.089844,141.46484,176.0781,587.4961,10
3238.613,421,70.12658,4352,11,2.097656,141.45703,176.6445,586.9297,10
3238.613,421,71.3555,4352,11,2.097656,141.46484,174.6719,588.8945,10
3238.613,421,69.82097,4352,10,2.097656,141.46484,176.5547,587.0117,10
3238.613,421,72.86432,4352,12,2.097656,141.46484,178.9336,584.6328,10
3238.613,422,72.36181,4352,14,2.097656,141.46484,175.0625,588.5039,10
3238.613,422,71.75573,4384,10,2.097656,141.46484,180.293,583.2734,10
3238.613,422,69.19192,4384,12,2.097656,141.46484,176.1641,587.4023,10
3238.629,419,66.58228,4384,12,2.097656,141.46484,177.8242,585.7422,10
3238.629,419,69.01763,4384,17,2.097656,141.46484,177.5352,586.0312,10
3238.629,419,67.5063,4384,10,2.097656,141.46484,175.0352,588.5312,10
3238.613,419,73.11558,4384,10,2.097656,141.46484,174.7812,588.7852,10
3238.613,419,70.20202,4384,13,2.097656,141.46484,173.0312,590.5352,10
3238.613,419,66.16541,4384,10,2.097656,141.46484,179.3906,584.1758,10
3238.613,419,64.82412,4352,7,2.097656,141.46484,179.9648,583.6016,10
3238.613,419,63.8191,4352,10,2.097656,141.46484,175.125,588.4414,10
3238.613,419,60.15038,4352,15,2.097656,141.46484,171.4336,592.1328,10
3238.613,420,67.83042,4352,7,2.097656,141.46484,176.9102,586.6562,10
3238.613,420,74.35233,4352,10,2.097656,141.46484,180.1211,583.4453,10
3238.613,420,73.79135,4352,8,2.113281,141.44922,175.3477,588.2188,10
3238.613,420,73.11558,4352,13,2.113281,141.46484,180.0781,583.4727,10
3238.613,420,73.79135,4352,15,2.113281,141.46484,174.5547,588.9961,10
3238.613,420,71.24682,4352,9,2.113281,141.46484,176.3711,587.1797,10
3238.613,420,72.89003,4352,14,2.113281,141.46484,174.7969,588.7539,10
3238.613,420,72.47475,4352,10,2.113281,141.46484,177.5352,586.0156,10
3238.613,419,73.72449,4352,7,2.113281,141.46484,179.0469,584.5039,10
3238.613,419,72.26463,4352,8,2.113281,141.46484,180.1406,583.4102,10
3238.613,419,73.29975,4352,8,2.113281,141.46484,176.2891,587.2617,10
3238.613,419,72.58883,4352,10,2.113281,141.46484,178.2266,585.3242,10
3238.613,419,71.64557,4352,12,2.113281,141.46484,177.4961,586.0547,10
3238.613,419,70.76923,4352,12,2.113281,141.46484,174.3633,589.1875,10
3238.613,419,75.56675,4384,15,2.113281,141.46484,175.3242,588.2266,10
3238.613,419,75.0,4384,12,2.113281,141.46484,173.3555,590.1953,10
3238.613,418,69.94949,4352,11,2.113281,141.46484,174.6758,588.875,10
3238.613,418,72.84264,4352,14,2.113281,141.46484,180.2891,583.2617,10
3238.613,418,69.62025,4320,10,2.113281,141.46484,176.1914,587.3594,10
3238.613,418,70.63291,4320,11,2.113281,141.46484,180.6406,582.9102,10
3238.613,418,68.70229,4352,13,2.113281,141.46484,177.3359,586.2148,10
3238.629,418,67.68448,4352,11,2.113281,141.46484,174.4102,589.1406,10
3238.629,418,71.06599,4352,12,2.113281,141.46484,173.7227,589.8281,10
3238.613,418,72.51908,4352,8,2.113281,141.46484,175.3711,588.1797,10
3238.629,418,72.33503,4352,11,2.113281,141.46484,176.1445,587.4062,10
3238.629,418,70.52897,4352,17,2.113281,141.46484,173.1836,590.3672,10
3238.629,418,72.79597,4352,14,2.113281,141.46484,169.6094,593.9414,10
3238.629,418,73.73737,4352,10,2.113281,141.46484,175.1875,588.3633,10
3238.629,418,73.09645,4352,10,2.113281,141.46484,173.0,590.5508,10
3238.629,418,72.47475,4352,7,2.113281,141.46484,174.3477,589.2031,10
3238.629,421,74.4898,4352,21,2.113281,141.46484,179.2383,584.3125,10
3238.629,421,75.25253,4352,19,2.113281,142.78906,173.4492,588.7773,10
3238.629,421,70.75,4352,13,2.121094,144.97656,168.0898,591.9414,10
3238.629,421,72.44898,4352,15,2.121094,145.03906,166.47656,593.4922,10
3238.629,421,74.0,4352,8,2.121094,145.03906,170.7617,589.207,10
3238.629,421,76.96203,4352,6,2.121094,145.03906,166.64453,593.3242,10
3238.629,421,69.59799,4352,13,2.121094,145.03906,168.0781,591.8906,10
3238.629,421,69.7201,4352,12,2.121094,145.03906,169.3164,590.6523,10
3238.629,421,73.5369,4352,11,2.121094,145.03906,170.8398,589.1289,10
3238.629,421,73.35025,4352,12,2.128906,145.03906,171.5547,588.4062,10
3238.629,420,77.83375,4352,12,2.128906,145.03906,168.4141,591.5469,10
3238.629,420,70.78086,4352,9,2.128906,145.03906,173.8945,586.0664,10
3238.629,420,69.62025,4352,13,2.128906,145.03906,173.2578,586.7031,10
3238.629,420,73.92405,4352,16,2.128906,145.03906,171.3203,588.6406,10
3238.629,420,73.72449,4352,10,2.128906,145.03906,167.49219,592.4688,10
3238.629,420,67.51918,4352,16,2.128906,145.03906,170.4648,589.4961,10
3238.629,420,72.95918,4384,16,2.128906,145.03906,168.6055,591.3555,10
3238.613,420,72.12276,4384,8,2.128906,145.03906,167.29297,592.668,10
3238.613,420,70.30457,4384,14,2.128906,145.03906,169.7852,590.1758,10
3238.613,420,72.0,4384,11,2.128906,145.03906,171.5781,588.3828,10
3238.613,420,71.68367,4384,10,2.128906,145.03906,169.1445,590.8164,10
3238.629,420,71.02564,4384,8,2.128906,145.03906,175.957,584.0039,10
3238.629,420,71.21212,4384,11,2.128906,145.03906,169.8242,590.1367,10
3238.629,420,73.85787,4384,8,2.128906,145.03906,171.7305,588.2305,10
3238.629,420,75.75758,4384,12,2.136719,145.03906,172.0195,587.9336,10
3238.629,420,71.50127,4384,15,2.136719,145.03906,170.3164,589.6367,10
3238.629,420,74.5,4384,12,2.136719,145.03906,171.5586,588.3945,10
3238.629,419,74.8731,4384,7,2.136719,145.03906,167.56641,592.3867,10
3238.629,419,68.18182,4384,9,2.136719,145.03906,170.3242,589.6289,10
3238.629,419,56.56566,4384,10,2.136719,145.03906,171.168,588.7852,10
3238.629,419,69.36709,4384,11,2.136719,145.03906,171.418,588.5352,10
3238.629,419,73.9899,4384,10,2.136719,145.03906,166.95312,593.0,10
3238.629,419,73.16456,4384,16,2.136719,145.03906,165.17578,594.7773,10
3238.629,419,74.29306,4384,7,2.136719,145.05469,166.38281,593.5547,10
3238.629,420,70.81218,4384,12,2.136719,145.05469,165.34375,594.5938,10
3238.629,420,70.81218,4384,14,2.136719,145.05469,169.6602,590.2773,10
3238.645,420,72.84264,4384,10,2.136719,145.05469,166.55859,593.3789,10
3238.629,420,72.91139,4384,14,2.136719,145.05469,168.25,591.6875,10
3238.629,420,73.0,4384,12,2.136719,145.05469,168.2539,591.6836,10
3238.613,420,73.79135,4384,10,2.136719,145.05469,170.8164,589.1211,10
3238.613,421,70.99237,4384,9,2.136719,145.05469,170.7812,589.1562,10
3238.629,421,71.71717,4384,11,2.136719,145.05469,169.1367,590.8008,10
3238.629,421,72.91139,4384,12,2.136719,145.05469,173.8867,586.0508,10
3238.629,420,74.24242,4384,11,2.136719,145.05469,169.1172,590.8203,10
3238.629,421,72.86432,4384,13,2.136719,145.05469,170.8125,589.125,10
3238.629,421,71.86701,4384,11,2.136719,145.05469,170.6016,589.3359,10
3238.629,421,72.72727,4384,10,2.136719,145.05469,168.1719,591.7656,10
3238.629,421,69.89796,4384,17,2.136719,145.05469,170.3477,589.5898,10
3238.629,421,70.58824,4384,12,2.136719,145.05469,167.06641,592.8711,10
3238.629,421,70.60302,4384,14,2.144531,145.04688,164.60938,595.3281,10
3238.629,421,72.33503,4384,15,2.144531,145.05469,166.43359,593.4961,10
3238.629,421,69.74359,4384,6,2.144531,145.05469,166.89453,593.0352,10
3238.629,421,71.03275,4384,10,2.144531,145.05469,167.15625,592.7734,10
3238.629,421,68.51385,4384,11,2.144531,145.05469,166.83203,593.0977,10
3238.629,421,71.06599,4384,9,2.144531,145.05469,169.1875,590.7422,10
3238.613,421,67.5,4384,8,2.144531,145.05469,166.31641,593.6133,10
3238.613,421,71.50127,4384,7,2.144531,145.05469,166.87109,593.0586,10
3238.613,421,70.32419,4384,11,2.144531,145.05469,169.6602,590.2695,10
3238.613,421,65.07538,4384,13,2.144531,145.05469,167.17578,592.7539,10
3238.613,421,61.65414,4384,13,2.144531,145.05469,164.75391,595.1758,10
3238.613,421,60.55276,4384,13,2.144531,145.05469,165.12891,594.8008,10
3238.613,421,74.4898,4384,15,2.144531,145.05469,167.51562,592.4141,10
3238.613,421,73.5369,4384,8,2.144531,145.05469,173.6641,586.2656,10
3238.629,421,68.78173,4384,11,2.144531,145.05469,174.2852,585.6445,10
3238.629,421,71.64557,4384,8,2.144531,145.05469,171.5117,588.418,10
3238.629,421,69.82097,4384,13,2.144531,145.05469,167.793,592.1367,10
3238.629,421,72.9798,4384,16,2.144531,145.05469,170.0391,589.8906,10
3238.629,421,69.62025,4384,8,2.144531,145.05469,168.7109,591.2188,10
3238.629,421,71.28205,4352,12,2.144531,145.05469,165.37109,594.5586,10
3238.629,421,68.11224,4352,12,2.144531,145.05469,171.6133,588.3164,10
3238.629,421,68.68687,4384,17,2.144531,145.05469,170.9961,588.9336,10
3238.629,422,74.17722,4384,10,2.144531,145.05469,171.7656,588.1641,10
3238.629,422,70.52897,4384,19,2.144531,145.05469,171.8555,588.0742,10
3238.629,422,69.26952,4384,11,2.144531,145.05469,166.58203,593.3477,10
3238.629,422,71.42857,4352,11,2.144531,145.05469,164.60156,595.3281,10
3238.629,422,70.17995,4352,15,2.144531,145.05469,168.5938,591.3359,10
3238.629,421,69.89796,4352,16,2.144531,145.05469,165.09375,594.8359,10
3238.629,421,75.82697,4352,10,2.144531,145.05469,171.0156,588.9141,10
3238.629,421,70.30457,4352,10,2.144531,145.05469,169.9609,589.9688,10
3238.629,421,71.50127,4352,12,2.144531,145.05469,167.8281,592.1016,10
3238.629,421,71.89873,4352,8,2.144531,145.05469,173.5195,586.4102,10
3238.629,421,73.25,4352,8,2.144531,145.05469,169.6406,590.2891,10
3238.629,421,70.88608,4352,12,2.144531,145.05469,171.125,588.8047,10
3238.629,421,68.62245,4352,9,2.144531,145.05469,167.70703,592.2227,10
3238.629,421,70.02519,4352,15,2.144531,145.05469,165.0,594.9297,10
3238.629,421,71.3198,4352,10,2.144531,145.05469,171.4023,588.5273,10
3238.629,421,66.16162,4352,11,2.144531,145.05469,168.1641,591.7656,10
3238.629,421,69.7733,4384,11,2.144531,145.05469,170.9766,588.9531,10
3238.629,421,62.09476,4384,12,2.144531,145.05469,169.0469,590.8828,10
3238.629,421,61.11111,4384,13,2.144531,145.05469,173.4609,586.4688,10
3238.629,421,62.12121,4384,11,2.144531,145.05469,175.1836,584.7461,10
3238.645,421,65.3944,4384,12,2.144531,145.05469,168.7227,591.207,10
3238.629,420,70.58824,4384,10,2.144531,145.05469,166.83203,593.0977,10
3238.629,420,70.48346,4384,9,2.144531,145.05469,173.1406,586.7891,10
3238.629,420,72.82051,4384,9,2.152344,145.04688,167.67188,592.2578,10
3238.629,420,74.55919,4384,12,2.152344,145.05469,173.0469,586.875,10
3238.629,420,75.56675,4384,11,2.152344,145.05469,171.8711,588.0508,10
3238.629,420,71.89873,4384,8,2.152344,145.05469,172.6875,587.2344,10
3238.629,420,72.9798,4384,12,2.152344,145.05469,172.0039,587.918,10
3238.629,420,74.10256,4384,14,2.152344,145.05469,167.62891,592.293,10
3238.629,420,72.19388,4384,12,2.152344,145.05469,168.0156,591.9062,10
3238.613,420,74.87179,4384,8,2.160156,145.04688,171.2617,588.6602,10
3238.613,420,72.40506,4384,9,2.160156,145.05469,168.5859,591.3281,10
3238.613,420,70.81218,4384,9,2.160156,145.05469,167.44922,592.4648,10
3238.613,420,72.01018,4352,10,2.160156,145.05469,174.2656,585.6484,10
3238.613,420,70.9596,4352,14,2.160156,145.05469,168.4805,591.4336,10
3238.613,420,68.78173,4352,16,2.160156,145.05469,166.94141,592.9727,10
3238.613,420,73.16456,4352,10,2.160156,145.05469,167.17188,592.7422,10
3238.629,420,71.4653,4352,12,2.160156,145.05469,164.73828,595.1758,10
3238.629,420,69.23077,4352,6,2.160156,145.05469,166.0,593.9141,10
3238.629,420,74.55919,4352,7,2.160156,145.05469,168.3633,591.5508,10
3238.629,420,72.5641,4352,14,2.160156,145.05469,171.8164,588.0977,10
3238.629,420,67.25441000000001,4352,10,2.160156,145.05469,168.0703,591.8438,10
3238.629,420,71.20823,4352,16,2.160156,145.05469,171.3203,588.5938,10
3238.629,420,70.12658,4352,18,2.160156,145.05469,166.27344,593.6406,10
3238.629,420,69.69697,4352,9,1.917969,143.83203,168.7891,592.5898,10
3238.629,420,72.61307,4352,13,1.917969,143.82031,169.4062,591.9844,10
3238.629,420,68.78173,4352,13,1.917969,143.82031,167.38672,594.0039,10
3238.629,420,66.66667,4352,12,1.917969,143.82031,169.7344,591.6562,10
3238.629,420,66.41604,4352,10,1.917969,143.82031,167.3125,594.0781,10
3238.629,420,63.19797,4352,9,1.917969,143.82031,171.1211,590.2695,10
3238.629,420,61.57761,4352,15,1.917969,143.82031,168.1406,593.25,10
3238.629,420,69.54315,4352,13,1.917969,143.82031,170.6211,590.7695,10
3238.629,420,69.15167,4352,7,1.917969,143.82031,168.6562,592.7344,10
3238.629,420,70.78086,4352,11,1.917969,143.82031,166.71484,594.6758,10
3238.629,420,73.09645,4352,12,1.914062,140.80469,172.6328,591.7773,10
3238.629,420,70.85427,4352,13,1.914062,140.79297,173.2188,591.2031,10
3238.629,420,74.24242,4352,9,1.914062,140.79297,173.9688,590.4531,10
3238.629,420,75.18987,4352,11,1.914062,140.79297,170.375,594.0469,10
3238.629,420,73.67089,4352,9,1.914062,140.79297,172.9062,591.5156,10
3238.629,420,71.06599,4352,10,1.914062,140.79297,173.2969,591.125,10
3238.629,420,69.30946,4352,10,1.914062,140.79297,174.3633,590.0586,10
3238.629,420,72.9798,4352,9,1.914062,140.79297,170.0547,594.3672,10
3238.629,420,68.09045,4352,12,1.914062,140.79297,173.3633,591.0586,10
3238.629,420,69.56522,4352,12,1.914062,140.79297,173.5508,590.8711,10
3238.629,420,71.24682,4352,13,1.914062,140.79297,171.2305,593.1914,10
3238.645,420,70.12658,4352,11,1.914062,140.79297,171.7305,592.6914,10
3238.629,420,68.60759,4352,9,1.914062,140.79297,170.6992,593.7227,10
3238.629,420,70.40816,4352,17,1.914062,140.79297,180.4453,583.9766,10
3238.629,420,71.13924,4352,11,1.914062,140.79297,176.9336,587.4883,10
3238.629,420,69.44444,4352,10,1.914062,140.79297,176.207,588.2148,10
3238.629,420,69.87342,4352,9,1.914062,140.91797,173.7734,590.5234,10
3238.629,420,70.70707,4352,13,1.914062,140.91797,171.7773,592.5195,10
3238.629,420,70.12658,4352,16,1.914062,140.91797,172.1484,592.1484,10
3238.629,420,70.27708,4352,11,1.914062,140.91797,176.6836,587.6133,10
3238.629,420,73.65729,4352,8,1.914062,140.91797,173.3164,590.9805,10
3238.629,420,69.36709,4352,17,1.914062,140.91797,171.2969,593.0,10
3238.629,420,69.7201,4352,16,1.914062,140.91797,173.4805,590.8164,10
3238.629,420,67.75819,4384,8,1.914062,140.91797,173.9258,590.3711,10
3238.629,420,61.20907,4384,9,1.914062,140.91797,176.3594,587.9375,10
3238.629,420,58.69018,4384,8,1.914062,140.91797,174.2773,590.0195,10
3238.629,420,61.80905,4384,9,1.914062,140.91797,170.6602,593.6367,10
3238.629,420,70.12658,4384,11,1.914062,140.91797,175.4453,588.8516,10
3238.629,420,68.27411,4384,9,1.914062,140.91797,173.2188,591.0781,10
3238.629,420,71.24682,4384,12,1.914062,140.91797,170.75,593.5469,10
3238.629,420,71.97943,4384,8,1.914062,140.91797,172.207,592.0898,10
3238.629,420,67.25888,4384,11,1.914062,140.91797,171.9023,592.3945,10
3238.629,420,68.11224,4384,12,1.914062,140.91797,171.3125,592.9844,10
3238.629,420,72.47475,4384,8,1.914062,140.91797,168.7461,595.5508,10
3238.629,420,72.12276,4384,15,1.914062,140.91797,170.4609,593.8359,10
3238.629,420,71.42857,4384,10,1.914062,140.91797,174.4492,589.8477,10
3238.629,420,70.40816,4384,10,1.914062,140.91797,173.7617,590.5352,10
3238.629,420,71.42857,4384,6,1.914062,140.91797,171.5469,592.75,10
3238.629,421,72.22222,4384,12,1.914062,140.91797,170.1367,594.1602,10
3238.629,421,72.08122,4352,8,1.921875,140.91797,167.54297,596.7461,10
3238.629,421,71.10553,4352,15,1.921875,140.91797,171.9648,592.3242,10
3238.629,421,74.80916,4352,13,1.921875,140.91797,176.7852,587.5039,10
3238.629,422,71.42857,4352,12,1.921875,140.91797,171.918,592.3711,10
3238.629,422,73.29975,4352,9,1.921875,140.92188,169.4844,594.8008,10
3238.629,422,73.85787,4352,6,1.921875,140.92188,174.1367,590.1484,10
3238.629,422,72.08122,4352,8,1.921875,140.92188,170.7227,593.5625,10
3238.629,422,71.89873,4352,15,1.921875,141.11719,177.4336,586.6562,10
3238.629,422,68.78173,4352,14,1.921875,142.30469,171.6758,591.2266,10
3238.629,422,69.0,4352,13,1.921875,142.30469,169.6289,593.2734,10
3238.641,422,72.40506,4352,13,1.921875,142.30469,170.2578,592.6445,10
3238.641,422,70.78086,4352,11,1.921875,143.22656,168.8242,593.1562,10
3238.641,422,71.25,4352,13,1.921875,143.44531,166.91016,594.8516,10
3238.629,422,72.61307,4352,10,1.921875,143.44531,170.0078,591.7539,10
3238.613,422,65.66416,4352,11,1.921875,143.44531,167.08984,594.6719,10
3238.613,422,68.5,4352,11,1.921875,143.44531,168.1523,593.6094,10
3238.629,422,60.20408,4352,9,1.921875,143.44531,169.1289,592.6328,10
3238.645,422,59.79899,4352,11,1.921875,143.44531,163.38281,598.3789,10
3238.629,422,60.95718,4352,10,1.921875,143.44531,165.83203,595.9297,10
3238.613,422,71.71717,4352,14,1.921875,143.44531,171.1406,590.6211,10
3238.613,422,70.99237,4352,11,1.921875,143.44531,171.9023,589.8594,10
3238.629,422,68.12339,4352,11,1.921875,143.44531,168.8555,592.9062,10
3238.629,422,71.50127,4352,10,1.921875,143.44531,164.97266,596.7891,10
3238.629,422,69.30946,4320,13,1.835938,136.64844,176.5586,592.0859,10
3238.629,422,70.63291,4320,11,1.835938,136.64844,174.0703,594.5742,10
3238.629,422,71.60804,4320,11,1.835938,136.64844,171.6445,597.0,10
3238.629,422,71.5736,4320,12,1.835938,136.64844,173.0039,595.6406,10
3238.629,422,72.19388,4352,20,1.835938,136.64844,174.6836,593.9609,10
3238.629,422,71.82045,4352,11,1.835938,136.64844,172.918,595.7266,10
3238.629,423,68.44784,4352,11,1.835938,136.64844,175.2969,593.3477,10
3238.629,423,71.50127,4352,7,1.835938,136.64844,174.125,594.5195,10
3238.629,423,72.36181,4352,12,1.835938,136.64844,171.5,597.1445,10
3238.629,423,70.78086,4352,8,1.835938,136.64844,179.2266,589.418,10
3238.629,423,71.21212,4352,14,1.835938,136.64844,176.8242,591.8203,10
3238.629,423,68.95674,4352,13,1.851562,136.63281,177.4414,591.2031,10
3238.629,423,70.88608,4352,11,1.851562,136.64844,174.293,594.3359,10
3238.629,423,71.61125,4352,12,1.851562,136.64844,175.2461,593.3828,10
3238.629,423,70.17544,4352,14,1.851562,136.64844,176.4062,592.2227,10
3238.629,423,69.46565,4352,12,1.851562,136.64844,177.6602,590.9688,10
3238.629,423,71.3555,4352,12,1.851562,136.76953,173.7617,594.7461,10
3238.629,423,77.5,4352,10,1.851562,136.76953,176.2539,592.2539,10
3238.613,423,71.42857,4352,11,1.851562,136.76953,178.3555,590.1523,10
3238.629,423,67.51269,4352,9,1.851562,136.76953,178.6602,589.8477,10
3238.629,423,72.61307,4352,9,1.851562,136.76953,175.0547,593.4531,10
3238.629,423,69.09548,4352,12,1.851562,136.76953,172.375,596.1328,10
3238.629,423,66.25,4352,9,1.851562,136.76953,171.0078,597.5,10
3238.629,423,65.99496,4352,11,1.851562,136.76953,168.25,600.2578,10
3238.629,423,62.15539,4352,10,1.851562,136.76953,176.9297,591.5781,10
3238.613,423,60.25316,4352,8,1.851562,136.76953,175.125,593.3828,10
3238.613,423,67.25441000000001,4352,9,1.851562,136.85156,176.6016,591.8242,10
3238.613,423,74.68354,4352,7,1.851562,136.85156,172.5117,595.9141,10
3238.613,423,73.73737,4352,13,1.851562,136.85156,174.7188,593.707,10
3238.613,423,74.18546,4352,17,1.851562,136.85156,168.707,599.7188,10
3238.613,423,73.73737,4384,11,1.851562,136.85156,175.3555,593.0703,10
3238.613,423,73.86935,4384,8,1.851562,136.85156,170.5156,597.9102,10
3238.613,423,75.25253,4384,12,1.851562,136.85156,172.3359,596.0898,10
3238.613,423,73.28244,4384,13,1.851562,136.85156,173.2188,595.207,10
3238.613,423,72.65823,4384,8,1.851562,136.85156,174.6641,593.7617,10
3238.613,423,71.5736,4384,14,1.851562,136.85156,170.5352,597.8906,10
3238.613,423,75.2551,4352,13,1.851562,136.85156,173.9062,594.5195,10
3238.613,423,71.71717,4352,16,1.851562,136.85156,175.332,593.0938,10
3238.613,423,73.48485,4352,15,1.851562,136.85156,172.7344,595.6914,10
3238.613,423,72.72727,4352,10,1.851562,136.85156,173.7461,594.6797,10
3238.613,423,67.8481,4352,11,1.851562,136.85156,175.7109,592.7148,10
3238.629,423,71.06599,4352,14,1.851562,136.85156,172.7578,595.668,10
3238.613,423,73.92405,4352,14,1.851562,136.85156,170.3555,598.0703,10
3238.613,423,73.33333,4352,11,1.851562,136.85156,172.8672,595.5586,10
3238.629,423,70.9596,4352,17,1.851562,136.85156,178.2812,590.1445,10
3238.629,423,72.82051,4352,10,1.851562,136.85156,174.8789,593.5469,10
3238.629,423,69.11392,4352,8,1.851562,136.85156,175.8047,592.6211,10
3238.613,423,70.88608,4352,8,1.859375,136.85156,176.3633,592.0547,10
3238.629,423,73.35025,4352,10,1.859375,136.85156,173.7109,594.707,10
3238.629,423,70.05076,4352,11,1.859375,136.85156,175.5859,592.832,10
3238.629,423,70.60302,4352,10,1.859375,136.85156,170.8438,597.5742,10
3238.629,423,68.44784,4352,10,1.859375,136.85156,178.0352,590.3828,10
3238.613,423,69.0,4352,12,1.859375,136.85156,171.9688,596.4492,10
3238.613,423,62.43655,4352,12,1.859375,136.85156,174.1953,594.2227,10
3238.613,423,62.0,4352,8,1.859375,136.85156,171.3281,597.0898,10
3238.629,423,58.33333,4352,8,1.859375,136.85156,172.3516,596.0664,10
3238.629,423,65.0,4352,13,1.859375,136.85156,173.0703,595.3477,10
3238.629,423,70.85427,4352,13,1.859375,136.85156,178.2188,590.1992,10
3238.629,423,72.29219,4352,14,1.859375,136.85156,178.043,590.375,10
3238.629,423,71.28205,4352,11,1.859375,136.85156,174.2305,594.1875,10
3238.629,423,76.4557,4352,14,1.859375,136.85156,174.0195,594.3984,10
3238.629,423,64.96164,4352,11,1.859375,136.85156,176.5391,591.8789,10
3238.629,423,73.9899,4352,15,1.859375,136.85156,176.0781,592.3398,10
3238.629,423,70.45455,4352,10,1.863281,136.84766,174.7695,593.6484,10
3238.629,423,68.36735,4352,10,1.863281,136.85156,170.832,597.582,10
3238.629,423,70.37975,4352,12,1.863281,136.85156,172.8125,595.6016,10
3238.629,423,66.49746,4352,9,1.863281,136.85156,177.9883,590.4258,10
3237.891,422,69.09091,4352,12,1.863281,136.85156,173.957,594.457,10
3239.84,424,71.0,4384,10,1.863281,136.85156,171.8828,596.5312,10
3238.629,423,70.73791,4352,13,1.875,140.35547,168.6328,596.2656,10
3238.629,423,66.83673,4352,9,1.890625,142.09375,166.8125,596.332,10
3238.629,423,70.58824,4352,15,1.890625,142.09375,164.45703,598.6875,10
3238.613,423,72.58883,4352,14,1.890625,142.09375,171.2891,591.8555,10
3238.613,423,71.09974,4352,18,1.890625,142.09375,167.9141,595.2305,10
3238.613,423,70.85427,4352,8,1.890625,142.09375,166.64453,596.5,10
3238.613,423,69.58763,4352,11,1.898438,142.09375,173.2656,589.8711,10
3238.613,423,68.44784,4352,9,1.898438,142.09375,174.7344,588.4023,10
3238.613,423,68.70229,4352,8,1.898438,142.09375,170.5664,592.5703,10
3238.613,423,65.73604,4352,13,1.898438,142.09375,167.73828,595.3984,10
3238.613,423,69.36709,4352,9,1.898438,142.09375,165.27734,597.8594,10
3238.613,423,67.0,4352,10,1.898438,142.09375,169.0039,594.1328,10
3238.613,423,65.84158,4352,10,1.898438,142.09375,172.2539,590.8828,10
3238.613,423,63.31658,4352,10,1.898438,142.09375,170.3086,592.8281,10
3238.613,423,59.34343,4352,14,1.898438,142.09375,166.80859,596.3281,10
3238.613,423,66.66667,4352,14,1.898438,142.09375,167.9609,595.1758,10
3238.613,423,71.93878,4352,10,1.898438,142.09375,169.7695,593.3672,10
3238.613,422,72.89003,4352,16,1.898438,142.09375,164.99609,598.1406,10
3238.613,422,71.28205,4352,18,1.898438,142.09375,163.65625,599.4805,10
3238.613,422,70.55838,4384,10,1.898438,142.09375,166.21094,596.9258,10
3238.629,422,70.81218,4384,11,1.898438,142.09375,169.625,593.5117,10
3238.629,422,73.85787,4384,11,1.898438,142.09375,172.0859,591.0508,10
3238.629,422,70.12658,4384,11,1.898438,142.09375,168.4766,594.6602,10
3238.613,422,74.18546,4384,10,1.90625,142.09375,165.12891,598.0,10
3238.613,422,71.24682,4384,12,1.90625,142.09375,167.17969,595.9492,10
3238.613,422,70.88608,4384,8,1.90625,142.09375,169.875,593.2539,10
3238.613,422,72.63427,4384,9,1.90625,142.09375,172.1875,590.9414,10
3238.613,422,70.55838,4384,9,1.90625,142.09375,169.2891,593.8398,10
3238.613,422,72.01018,4384,10,1.90625,142.09375,172.9766,590.1523,10
3238.613,422,72.65823,4384,6,1.90625,142.09375,167.10547,596.0234,10
3238.613,422,69.46565,4384,10,1.90625,142.09375,171.5977,591.5312,10
3238.613,422,70.91837,4384,9,1.90625,142.09375,172.9219,590.207,10
3238.613,422,69.46565,4384,10,1.90625,142.09375,170.0391,593.0898,10
3238.613,422,72.1519,4384,10,1.90625,142.09375,172.7031,590.4258,10
3238.613,422,72.70408,4384,7,1.90625,142.09375,172.0312,591.0977,10
3238.613,422,68.10127,4352,7,1.90625,142.09375,167.71094,595.418,10
3238.613,422,68.70229,4352,9,1.90625,142.09375,167.8984,595.2305,10
3238.613,422,72.22222,4352,11,1.90625,142.09375,174.9844,588.1445,10
3238.613,422,72.91139,4352,7,1.90625,142.09375,173.0508,590.0781,10
3238.613,422,73.11558,4352,14,1.90625,142.09375,168.457,594.6719,10
3238.613,422,69.82097,4352,7,1.90625,142.09375,165.50781,597.6211,10
3238.613,422,69.13265,4352,20,1.90625,142.09375,168.3359,594.793,10
3238.613,422,66.16915,4352,9,1.90625,142.09375,167.56641,595.5625,10
3238.613,422,63.65915,4352,13,1.90625,142.09375,167.9727,595.1562,10
3238.629,422,57.75,4352,19,1.90625,142.09375,168.4375,594.6914,10
3238.629,422,58.64662,4352,9,1.90625,142.09375,164.30859,598.8203,10
3238.629,422,69.84536,4352,9,1.90625,142.09375,164.00781,599.1211,10
3238.629,422,72.43108,4352,10,1.90625,142.09375,178.2227,584.9062,10
3238.629,422,71.39241,4352,11,1.914062,142.09375,177.6602,585.4609,10
3238.613,419,71.39175,4352,11,1.914062,142.09375,175.0664,588.0547,10
3238.613,419,68.44784,4352,9,1.914062,142.09375,172.2617,590.8594,10
3238.613,419,73.36683,4352,11,1.914062,142.09375,173.582,589.5391,10
3238.613,419,70.91837,4352,15,1.914062,142.09375,170.8477,592.2734,10
3238.613,419,74.49495,4352,10,1.914062,142.09375,173.125,589.9961,10
3238.613,419,75.25253,4352,16,1.914062,142.09375,173.3633,589.7578,10
3238.613,419,75.44304,4352,7,1.914062,142.09375,170.4648,592.6562,10
3238.613,419,74.68354,4352,12,1.914062,142.09375,173.2617,589.8594,10
3238.613,419,73.13433,4352,14,1.914062,142.09375,174.2266,588.8945,10
3238.629,419,69.79695,4352,10,1.914062,142.09375,176.6094,586.5117,10
3238.629,419,68.97436,4352,7,1.914062,142.09375,171.5508,591.5703,10
3238.629,419,69.69697,4352,9,1.914062,142.09375,175.4492,587.6719,10
3238.629,419,72.51908,4352,10,1.914062,142.09375,170.3359,592.7852,10
3238.629,419,69.48718,4352,9,1.914062,142.09375,172.7617,590.3594,10
3238.629,419,72.37852,4352,12,1.914062,142.09375,169.8125,593.3086,10
3238.629,419,69.94949,4352,10,1.914062,142.09375,169.6719,593.4492,10
3238.629,419,69.84925,4352,13,1.914062,142.09375,171.1641,591.957,10
3238.629,419,69.97455,4352,12,1.914062,142.09375,173.0391,590.082,10
3238.629,419,71.64557,4352,12,1.914062,142.09375,175.0977,588.0234,10
3238.629,419,72.9798,4352,10,1.914062,142.09375,168.8789,594.2422,10
3238.613,419,72.70408,4352,7,1.914062,142.09375,175.0547,588.0664,10
3238.629,419,72.81796,4352,13,1.914062,142.09375,176.0234,587.0977,10
3238.629,419,70.35176,4352,18,1.914062,142.09375,172.6641,590.457,10
3238.629,419,67.4938,4352,14,1.914062,142.09375,169.2461,593.875,10
3238.613,419,64.73552,4320,11,1.914062,142.09375,174.043,589.0781,10
3238.613,419,60.70529,4320,10,1.914062,142.09375,169.957,593.1641,10
3238.613,419,60.25316,4320,18,1.914062,142.09375,172.1953,590.9258,10
3238.613,419,67.51918,4320,15,1.914062,142.09375,175.0352,588.0859,10
3238.613,419,70.55838,4320,10,1.921875,142.09375,169.7695,593.3438,10
3238.613,419,70.60302,4320,14,1.921875,142.09375,169.7344,593.3789,10
3238.613,419,71.57623,4320,13,1.921875,142.09375,175.6875,587.4258,10
3238.613,419,72.47475,4320,10,1.921875,142.09375,171.7812,591.332,10
3238.613,419,71.82741,4320,10,1.921875,142.09375,173.5703,589.543,10
3238.629,418,73.36683,4320,14,1.921875,142.09375,174.7227,588.3906,10
3238.629,418,74.11168,4320,11,1.921875,142.09375,171.832,591.2812,10
3238.629,418,74.87437,4320,11,1.921875,142.09375,171.7227,591.3906,10
3238.629,418,72.1393,4320,9,1.921875,142.09375,168.0703,595.043,10
3238.629,418,69.74359,4320,9,1.921875,142.09375,173.3984,589.7148,10
3238.629,418,72.65823,4320,5,1.921875,142.09375,176.7461,586.3672,10
3238.629,418,72.19388,4320,17,1.921875,142.09375,173.3867,589.7266,10
3238.629,418,67.8481,4320,21,1.921875,142.09375,171.5273,591.5859,10
3238.629,418,69.7733,4320,13,1.921875,142.09375,171.1445,591.9688,10
3238.613,418,69.46565,4320,9,1.921875,142.09375,168.0859,595.0273,10
3238.613,418,70.63291,4320,18,1.921875,142.09375,169.3984,593.7148,10
3238.613,418,69.44444,4320,11,1.921875,142.09375,173.082,590.0312,10
3238.613,418,73.16456,4320,8,1.921875,142.09375,173.125,589.9883,10
3238.613,418,71.24682,4320,14,1.921875,142.09375,171.5703,591.543,10
3238.613,418,75.44304,4320,10,1.921875,142.09375,171.5781,591.5352,10
3238.613,418,67.93893,4320,9,1.921875,142.09375,173.0391,590.0742,10
3238.613,417,70.37975,4320,9,1.921875,142.09375,169.4336,593.6797,10
3238.613,417,71.78841,4320,13,1.921875,142.09375,175.5117,587.6016,10
3238.613,417,71.92982,4320,11,1.921875,142.09375,176.4805,586.6328,10
3238.613,418,73.48485,4320,13,1.921875,142.09375,173.8047,589.3086,10
3238.629,418,69.44444,4320,12,1.921875,142.09375,176.0312,587.082,10
3238.629,418,69.11392,4320,11,1.921875,142.09375,176.125,586.9883,10
3238.613,418,61.65414,4320,12,1.921875,142.09375,172.2422,590.8711,10
3238.613,418,62.75,4320,21,1.921875,142.09375,169.2891,593.8242,10
3238.613,418,64.1604,4320,15,1.921875,142.09375,167.29297,595.8203,10
3238.613,418,70.37975,4320,15,1.921875,142.09375,170.332,592.7812,10
3238.629,418,70.99237,4320,10,1.921875,142.09375,168.5117,594.6016,10
3238.629,418,69.28934,4320,12,1.921875,142.09375,174.2734,588.8398,10
3238.629,418,69.17293,4320,11,1.921875,142.09375,172.0039,591.1094,10
3238.629,418,71.50127,4320,12,1.921875,142.09375,174.8125,588.3008,10
3238.613,418,72.29219,4320,8,1.921875,142.09375,176.0312,587.082,10
3238.613,418,68.60759,4320,11,1.921875,142.09375,176.0078,587.1055,10
3238.613,418,71.82741,4320,12,1.921875,142.09375,176.5195,586.5938,10
3238.613,418,72.08122,4320,9,1.921875,142.09375,176.8789,586.2344,10
3238.613,418,69.64286,4320,11,1.921875,142.09375,173.9297,589.1836,10
3238.629,417,71.82741,4320,10,1.921875,142.09375,173.1445,589.9688,10
3238.613,417,70.73791,4320,14,1.929688,142.08594,173.8086,589.3047,10
3238.613,417,71.13924,4320,8,1.929688,142.09375,168.8047,594.3008,10
3238.613,417,72.47475,4320,9,1.929688,142.09375,176.3672,586.7383,10
3238.613,417,68.36735,4352,15,1.929688,142.09375,173.6094,589.4961,10
3238.613,417,71.93878,4352,9,1.929688,142.09375,169.7266,593.3789,10
3238.613,417,69.42356,4352,14,1.929688,142.09375,166.80078,596.3047,10
3238.613,417,71.86701,4352,16,1.929688,142.09375,168.4766,594.6289,10
3238.613,417,69.89796,4352,8,1.929688,142.09375,168.2812,594.8242,10
3238.613,417,72.72727,4352,15,1.9375,142.09375,173.6602,589.4375,10
3238.613,417,71.10553,4352,10,1.9375,142.09375,170.2266,592.8711,10
3238.613,418,71.42857,4352,15,1.9375,142.09375,172.375,590.7227,10
3238.613,418,72.1519,4352,7,1.9375,142.09375,171.8945,591.2031,10
3238.613,418,70.99237,4352,10,1.9375,142.09375,168.9688,594.1289,10
3238.613,418,70.30457,4352,10,1.9375,142.09375,166.73047,596.3672,10
3238.613,418,66.24041,4352,15,1.9375,142.09375,183.4961,579.6016,10
3238.613,418,69.94949,4352,15,1.9375,142.09375,177.2227,585.875,10
3238.613,418,65.16291,4352,18,1.9375,142.09375,173.4258,589.6719,10
3238.613,418,61.61616,4352,11,1.9375,142.09375,172.6992,590.3984,10
3238.613,418,57.17884,4352,13,1.945312,142.08594,171.0078,592.0898,10
3238.613,418,65.74307,4352,8,1.945312,142.09375,172.9727,590.1172,10
3238.613,418,71.89873,4352,8,1.945312,142.09375,174.7344,588.3555,10
3238.613,418,72.63427,4352,20,1.945312,142.09375,171.7539,591.3359,10
3238.613,418,72.77354,4352,8,1.945312,142.09375,177.3125,585.7773,10
3238.613,418,67.7665,4352,11,1.945312,142.09375,175.7812,587.3086,10
3238.613,418,71.89873,4352,13,1.945312,142.09375,172.2578,590.832,10
3238.613,418,73.56608,4352,12,1.945312,142.09375,173.9727,589.1172,10
3238.613,418,72.18045,4352,13,1.945312,142.09375,175.8711,587.2188,10
3238.613,418,68.52792,4352,9,1.945312,142.09375,173.6016,589.4883,10
3238.613,418,73.79135,4352,9,1.945312,142.09375,174.3164,588.7734,10
3238.613,418,73.09645,4352,12,1.945312,142.09375,174.8125,588.2773,10
3238.613,418,73.73737,4352,10,1.945312,142.09375,172.1328,590.957,10
3238.613,418,71.42857,4352,6,1.945312,142.09375,169.8633,593.2266,10
3238.613,418,74.36548,4352,14,1.945312,142.09375,177.125,585.9648,10
3238.629,418,72.47475,4352,9,1.945312,142.09375,173.6289,589.4609,10
3238.613,418,74.11168,4352,7,1.945312,142.09375,174.8828,588.207,10
3238.613,418,72.63427,4352,9,1.945312,142.09375,180.5508,582.5391,10
3238.613,418,69.87342,4352,18,1.945312,142.09375,176.1523,586.9375,10
3238.613,418,69.67419,4352,8,1.945312,142.09375,177.7852,585.3047,10
3238.613,418,69.30946,4352,12,1.945312,142.09375,172.4805,590.6094,10
3238.613,418,72.05128,4352,15,1.945312,142.09375,181.8086,581.2812,10
3238.629,418,74.93734,4352,12,1.945312,142.09375,176.0742,587.0156,10
3238.629,418,76.64975,4352,7,1.945312,142.09375,176.5664,586.5234,10
3238.629,418,75.0,4352,13,1.945312,142.09375,172.4492,590.6406,10
3238.629,418,69.92288,4352,7,1.945312,142.09375,173.0234,590.0664,10
3238.629,418,68.51385,4352,8,1.945312,142.09375,174.5742,588.5156,10
3238.629,418,69.23077,4352,12,1.945312,142.09375,171.9258,591.1641,10
3238.629,418,70.35176,4352,12,1.945312,142.09375,175.0,588.0898,10
3238.629,418,63.90977,4352,13,1.945312,142.09375,170.9648,592.125,10
3238.629,418,59.09091,4352,10,1.953125,142.09375,171.2773,591.8047,10
3238.629,418,57.0,4352,11,1.953125,142.09375,172.5078,590.5742,10
3238.613,418,68.27411,4352,11,1.953125,142.09375,174.6367,588.4453,10
3238.629,418,70.30457,4352,7,1.953125,142.09375,175.1367,587.9453,10
3238.629,418,73.91304,4352,11,1.953125,142.09375,172.457,590.625,10
3238.629,418,70.33248,4352,13,1.953125,142.09375,175.6172,587.4648,10
3238.629,418,67.92929,4352,11,1.953125,142.09375,175.5352,587.5469,10
3238.629,418,70.73791,4352,13,1.953125,142.09375,172.2266,590.8555,10
3238.629,418,71.06599,4352,7,1.953125,142.09375,171.7383,591.3438,10
3238.629,419,68.71795,4352,9,1.953125,142.09375,169.9102,593.1719,10
3238.629,419,71.60804,4352,13,1.953125,142.09375,176.1055,586.9766,10
3238.613,419,72.0403,4352,14,1.953125,142.09375,171.7695,591.3125,10
3238.613,419,70.0,4352,10,1.953125,142.09375,170.5312,592.5508,10
3238.613,419,70.40816,4352,11,1.953125,142.09375,175.9648,587.1172,10
3238.629,419,68.11224,4352,11,1.953125,142.09375,171.5781,591.5039,10
3238.629,419,66.58163,4352,14,1.953125,142.09375,168.5898,594.4922,10
3238.613,419,67.51269,4352,10,1.953125,142.09375,173.8945,589.1875,10
3238.613,419,73.46939,4352,14,1.953125,142.09375,174.918,588.1641,10
3238.613,419,68.93939,4352,15,1.953125,142.09375,176.0859,586.9961,10
3238.629,419,67.8481,4352,21,1.953125,142.09375,172.4258,590.6562,10
3238.629,419,72.26463,4352,9,1.953125,142.09375,173.9375,589.1445,10
3238.629,419,69.28934,4352,12,1.953125,142.09375,176.125,586.957,10
3238.629,419,71.5736,4352,10,1.953125,142.09375,174.6641,588.418,10
3238.629,419,68.52792,4352,11,1.953125,142.09375,171.4766,591.6055,10
3238.613,419,69.52141,4352,10,1.953125,142.09375,177.4297,585.6523,10
3238.613,419,69.64286,4352,14,1.953125,142.09375,174.8047,588.2773,10
3238.613,419,71.53652,4352,13,1.953125,142.09375,172.7812,590.3008,10
3238.613,419,66.92112,4352,13,1.953125,142.09375,175.5742,587.5078,10
3238.613,419,66.0804,4352,10,1.953125,142.09375,172.8945,590.1875,10
3238.613,419,64.39394,4352,9,1.953125,142.09375,173.5664,589.5156,10
3238.613,419,68.5,4352,13,1.953125,142.09375,171.5977,591.4844,10
3238.629,419,58.56079,4352,12,1.953125,142.09375,173.9531,589.1289,10
3238.629,419,57.65306,4352,15,1.960938,142.09375,175.0859,587.9883,10
3238.629,419,62.0603,4352,9,1.960938,142.09375,172.0273,591.0469,10
3238.629,419,69.46565,4352,9,1.960938,142.09375,173.0625,590.0117,10
3238.613,419,71.24682,4384,8,1.960938,142.09375,171.7344,591.3398,10
3238.613,419,66.75192,4384,11,1.960938,142.09375,173.7227,589.3516,10
3238.613,419,72.95918,4384,11,1.960938,142.09375,170.6602,592.4141,10
3238.613,419,72.79597,4384,16,1.960938,142.09375,173.0156,590.0586,10
3238.613,419,70.33248,4384,14,1.960938,142.09375,174.25,588.8242,10
3238.613,419,72.05128,4384,11,1.960938,142.09375,173.9141,589.1602,10
3238.629,418,68.5422,4384,11,1.960938,142.09375,175.4375,587.6367,10
3238.629,418,69.7201,4384,16,1.960938,142.09375,172.0273,591.0469,10
3238.629,418,71.28463,4384,9,1.960938,142.09375,174.2148,588.8594,10
3238.629,418,72.01018,4384,15,1.960938,142.09375,175.4297,587.6445,10
3238.629,418,69.52141,4384,11,1.960938,142.09375,177.1953,585.8789,10
3238.629,418,71.53846,4384,14,1.960938,142.09375,177.7539,585.3203,10
3238.629,418,74.80916,4384,11,1.960938,142.09375,174.1484,588.9258,10
3239.633,418,71.46465,4384,8,1.960938,142.09375,176.3516,586.7227,10
3239.633,418,72.95918,4384,11,1.960938,142.09375,171.7305,591.3438,10
3238.629,418,74.43038,4352,13,1.960938,142.09375,169.0508,594.0234,10
3238.613,418,71.68367,4352,7,1.960938,142.09375,172.6055,590.4688,10
3238.613,418,70.48346,4352,10,1.960938,142.09375,173.7148,589.3594,10
3238.613,418,72.5641,4352,11,1.960938,142.09375,175.3867,587.6875,10
3238.613,418,75.94937,4352,12,1.960938,142.09375,177.8789,585.1953,10
3238.613,418,72.86432,4352,11,1.960938,142.09375,174.543,588.5312,10
3238.613,418,70.05076,4352,11,1.960938,142.09375,176.1328,586.9414,10
3238.613,418,73.48485,4352,11,1.960938,142.16797,172.9688,590.0312,10
3238.613,418,72.33503,4352,10,1.960938,142.16797,174.7227,588.2773,10
3239.688,421,67.41855,4352,14,1.960938,142.16797,176.0391,586.9609,10
3238.613,418,66.15776,4352,11,1.960938,142.16797,175.4648,587.5352,10
3238.613,418,61.86869,4352,13,1.960938,142.16797,175.0391,587.9609,10
3238.613,418,64.57286,4352,10,1.960938,142.16797,172.4141,590.5859,10
3238.613,418,59.85037,4352,11,1.960938,142.16797,177.3047,585.6953,10
3238.613,418,63.8191,4352,15,1.960938,142.16797,176.6602,586.3398,10
3238.613,418,73.79135,4352,13,1.960938,142.16797,174.9922,588.0078,10
3238.613,419,72.1519,4352,19,1.960938,142.16797,172.668,590.332,10
3238.613,419,73.11558,4352,11,1.960938,142.16797,177.7344,585.2656,10
3238.613,419,69.5,4352,8,1.960938,142.16797,174.9727,588.0273,10
3238.613,419,74.68354,4352,12,1.960938,142.16797,171.3789,591.6211,10
3238.613,419,73.16456,4352,8,1.960938,142.16797,175.6914,587.3086,10
3238.613,419,66.58163,4352,11,1.960938,142.16797,175.6406,587.3594,10
3238.613,419,68.75,4352,14,1.960938,142.16797,176.4805,586.5195,10
3238.613,419,74.11168,4384,16,1.960938,142.16797,171.668,591.332,10
3238.613,419,74.1206,4384,13,1.960938,142.16797,172.6211,590.3789,10
3238.613,419,75.89744,4384,9,1.960938,142.16797,174.5234,588.4766,10
3238.613,419,72.58883,4384,11,1.960938,142.16797,177.1172,585.8828,10
3238.629,419,69.09548,4384,11,1.960938,142.16797,175.5938,587.4062,10
3238.613,419,69.94949,4384,12,1.96875,142.16797,170.1289,592.8633,10
3238.613,419,68.27411,4384,16,1.96875,142.16797,172.2734,590.7188,10
3238.613,419,71.13924,4384,13,1.96875,142.16797,174.2695,588.7227,10
3238.613,419,67.85714,4384,8,1.96875,142.16797,171.4648,591.5273,10
3238.613,419,68.90547,4384,14,1.96875,142.16797,170.9102,592.082,10
3238.613,419,67.25,4384,15,1.96875,142.16797,174.3945,588.5977,10
3238.613,419,63.13131,4384,9,1.96875,142.16797,170.3242,592.668,10
3238.613,419,59.59596,4384,13,1.96875,142.16797,171.1328,591.8594,10
3238.613,419,59.29648,4384,11,1.96875,142.16797,174.1797,588.8125,10
3238.613,419,72.44898,4384,9,1.96875,142.16797,174.6758,588.3164,10
3238.613,419,74.49495,4384,15,1.96875,142.16797,171.2305,591.7617,10
3238.613,419,73.55164,4384,11,1.96875,142.16797,169.5938,593.3984,10
3238.613,419,73.35025,4384,9,1.96875,142.16797,172.1094,590.8828,10
3238.613,419,72.33503,4384,10,1.96875,142.16797,172.3086,590.6836,10
3238.613,419,67.51918,4384,13,1.96875,142.16797,179.1484,583.8438,10
3238.613,419,67.25441000000001,4384,11,1.96875,142.16797,175.4648,587.5273,10
3238.613,419,69.38776,4352,10,1.96875,142.16797,173.2656,589.7266,10
3238.629,419,69.2112,4352,8,1.96875,142.16797,174.6602,588.332,10
3238.629,419,68.86076,4352,10,1.96875,142.16797,169.5195,593.4727,10
3238.629,419,70.9596,4352,13,1.96875,142.16797,171.8047,591.1875,10
3238.629,419,72.63427,4352,12,1.96875,142.16797,168.6055,594.3867,10
3238.613,419,70.30457,4352,9,1.96875,142.16797,179.5938,583.3984,10
3238.613,419,70.02519,4352,14,1.96875,142.16797,185.1914,577.8008,10
3238.613,419,71.3555,4384,18,1.96875,142.16797,179.3281,583.6641,10
3238.613,419,73.92405,4384,17,1.976562,142.16797,177.6914,585.293,10
3238.613,419,72.82051,4352,8,1.976562,142.16797,175.3398,587.6445,10
3238.613,419,72.19388,4352,15,1.976562,142.16797,176.5703,586.4141,10
3238.613,419,71.71717,4352,14,1.976562,142.16797,183.8984,579.0859,10
3238.613,419,69.2112,4352,9,1.976562,142.16797,179.0586,583.9258,10
3238.613,419,74.11168,4352,14,1.976562,142.16797,180.9922,581.9922,10
3238.613,419,71.28463,4352,9,1.976562,142.16797,178.0664,584.918,10
3238.613,419,68.68687,4352,15,1.976562,142.16797,181.625,581.3594,10
3238.613,419,69.48718,4352,7,1.976562,142.16797,181.0352,581.9492,10
3238.613,419,74.05542,4352,16,1.976562,142.16797,177.0898,585.8945,10
3238.613,419,67.51269,4352,12,1.976562,142.16797,179.7109,583.2734,10
3238.613,419,72.61307,4352,11,1.976562,142.16797,180.6953,582.2891,10
3238.613,419,72.58883,4352,10,1.976562,142.16797,177.1172,585.8672,10
3238.613,419,64.98741,4352,7,1.976562,142.16797,174.6836,588.3008,10
3238.613,419,63.56784,4352,13,1.976562,142.16797,181.0742,581.9102,10
3238.613,419,65.07538,4352,11,1.976562,142.16797,177.6562,585.3281,10
3238.613,419,72.01018,4352,14,1.976562,142.17578,177.8867,585.0898,10
3238.613,419,68.05195,4352,11,1.976562,142.17578,178.5352,584.4414,10
3238.613,419,75.81864,4352,7,1.976562,142.17578,174.0234,588.9531,10
3238.613,419,73.97959,4352,16,1.976562,142.17578,175.9727,587.0039,10
3238.613,419,70.73791,4352,11,1.976562,142.17578,178.168,584.8086,10
3238.613,419,71.71717,4352,13,1.976562,142.17578,175.5273,587.4492,10
3238.613,419,71.13924,4352,8,1.984375,142.16797,177.7461,585.2305,10
3238.613,419,73.21429,4352,11,1.984375,142.17578,175.1562,587.8125,10
3238.613,419,70.76923,4352,13,1.984375,142.17578,178.5859,584.3828,10
3238.613,419,74.49495,4352,13,1.984375,142.17578,179.0664,583.9023,10
3238.613,419,73.86935,4352,17,1.984375,142.17578,175.9258,587.043,10
3238.613,419,74.0458,4352,15,1.984375,142.17578,178.2969,584.6719,10
3238.613,419,71.13924,4320,15,1.984375,142.17578,175.8398,587.1289,10
3238.613,419,69.69697,4320,12,1.984375,142.17578,180.6289,582.3398,10
3238.613,419,77.83375,4320,18,1.984375,142.17578,177.7578,585.2109,10
3238.613,419,72.54408,4320,13,1.984375,142.17578,175.8477,587.1211,10
3238.613,419,73.61809,4320,10,1.984375,142.17578,179.0234,583.9453,10
3238.613,418,72.95918,4320,17,1.992188,142.17578,175.4414,587.5195,10
3238.613,418,71.28463,4320,15,1.992188,142.17578,173.0078,589.9531,10
3238.613,419,71.82741,4320,13,1.992188,142.17578,179.8906,583.0703,10
3238.613,419,73.55164,4320,10,1.992188,142.17578,177.0742,585.8867,10
3238.613,419,72.26463,4320,19,1.992188,142.17578,178.2539,584.707,10
3238.613,419,68.93939,4320,9,1.992188,142.17578,179.5469,583.4141,10
3238.613,419,70.76923,4320,12,1.992188,142.17578,180.1016,582.8594,10
3238.613,419,73.5,4320,12,1.992188,142.17578,180.6602,582.3008,10
3238.613,419,73.00771,4320,11,1.992188,142.17578,179.3945,583.5664,10
3238.613,419,72.29219,4320,13,1.992188,142.17578,178.1367,584.8242,10
3238.613,419,70.14925,4320,17,1.992188,142.17578,181.2148,581.7461,10
3238.613,419,68.44784,4320,8,1.992188,142.17578,175.1289,587.832,10
3238.613,419,60.5985,4320,8,1.992188,142.17578,176.6523,586.3086,10
3238.613,420,65.82915,4320,13,1.992188,142.17578,183.5117,579.4492,10
3238.613,421,68.26196,4320,10,1.992188,142.17578,178.4609,584.5,10
3238.613,421,72.72727,4320,9,1.992188,142.1875,180.1211,582.8281,10
3238.613,421,71.61125,4320,12,1.992188,142.1875,176.5859,586.3633,10
3238.613,421,71.39241,4320,19,1.992188,142.1875,178.1758,584.7734,10
3238.613,421,72.9798,4352,9,1.992188,142.1875,179.6016,583.3477,10
3238.613,421,69.89796,4352,11,1.992188,142.1875,177.0352,585.9141,10
3238.613,421,70.12658,4352,9,1.992188,142.1875,176.7812,586.168,10
3238.613,421,72.1519,4352,12,1.992188,142.1875,177.0312,585.918,10
3238.613,421,70.02584,4352,17,1.992188,142.1875,174.2031,588.7461,10
3238.613,421,70.12658,4352,16,1.992188,142.1875,176.1953,586.7539,10
3238.613,421,70.84399,4352,9,1.992188,142.1875,175.2148,587.7344,10
3238.613,421,71.5736,4352,11,1.992188,142.1875,175.9453,587.0039,10
3238.613,421,71.5736,4352,14,1.992188,142.1875,178.3398,584.6094,10
3238.629,421,72.79597,4352,10,1.992188,142.1875,175.4023,587.5469,10
3238.629,421,74.17722,4352,15,1.992188,142.1875,180.9531,581.9961,10
3238.629,420,73.0,4352,14,1.992188,142.1875,176.6445,586.3047,10
3238.629,420,73.65729,4352,9,1.992188,142.1875,173.4805,589.4688,10
3238.613,420,75.56675,4352,10,1.992188,142.1875,178.7617,584.1875,10
3238.613,420,72.12276,4352,12,1.992188,142.1875,175.6445,587.3047,10
3238.613,420,70.22901,4352,6,1.992188,142.1875,176.5898,586.3594,10
3238.613,420,70.25,4352,11,1.992188,142.1875,176.207,586.7422,10
3238.613,420,70.63291,4352,15,1.992188,142.1875,173.1992,589.75,10
3238.613,420,72.0403,4352,9,1.992188,142.1875,183.2266,579.7227,10
3238.613,420,68.5422,4352,13,2.0,142.17969,179.0977,583.8516,10
3238.613,420,69.64286,4352,6,2.0,142.1875,179.4453,583.4961,10
3238.613,420,70.81218,4352,12,2.0,142.1875,181.8516,581.0898,10
3238.613,420,69.84925,4352,6,2.0,142.1875,177.9453,584.9961,10
3238.613,420,64.0,4352,12,2.0,142.1875,175.9766,586.9648,10
3238.613,420,65.31646,4352,16,2.0,142.1875,175.6406,587.3008,10
3238.613,420,62.62376,4352,9,2.0,142.1875,177.0938,585.8477,10
3238.613,420,62.37374,4352,11,2.007812,142.17969,176.7812,586.1602,10
3238.613,420,70.27708,4352,9,2.007812,142.1875,173.1914,589.7422,10
3238.613,420,70.87629,4320,11,2.007812,142.1875,174.5234,588.4102,10
3238.613,420,69.38776,4352,13,2.007812,142.1875,171.5703,591.3633,10
3238.613,420,70.52897,4352,14,2.007812,142.1875,177.7852,585.1484,10
3238.613,420,71.24682,4352,17,2.007812,142.1875,174.8906,588.043,10
3238.613,420,72.16495,4352,8,2.015625,142.1875,175.5703,587.3555,10
3238.613,420,70.66327,4352,14,2.015625,142.1875,178.3477,584.5781,10
3238.629,420,73.35025,4352,12,2.015625,142.1875,175.1914,587.7344,10
3238.613,420,69.89796,4352,11,2.015625,142.1875,177.5469,585.3789,10
3238.613,421,71.86701,4352,18,2.015625,142.1875,179.8516,583.0742,10
3238.613,422,73.29975,4352,16,2.015625,142.19922,176.7344,586.1797,10
3238.613,422,70.75,4352,11,2.015625,142.20703,182.4375,580.4688,10
3238.613,422,71.39175,4352,12,2.015625,142.20703,177.7969,585.1094,10
3238.613,422,71.06599,4352,13,2.023438,142.19922,178.293,584.6133,10
3238.613,422,68.46154,4352,12,2.023438,142.20703,178.0195,584.8789,10
3238.613,422,70.20202,4352,9,2.023438,142.21875,180.332,582.5547,10
3238.613,422,73.60406,4352,13,2.03125,142.21094,176.2031,586.6836,10
3238.613,422,66.91919,4352,10,2.03125,142.21875,178.1562,584.7227,10
3238.613,422,72.65823,4352,8,2.03125,142.21875,179.4297,583.4492,10
3238.613,422,68.17043,4352,13,2.03125,142.21875,182.457,580.4219,10
3238.613,422,71.03275,4288,8,2.03125,142.21875,175.8672,587.0117,10
3238.613,422,68.43434,4288,12,2.03125,142.21875,176.8906,585.9883,10
3238.613,422,74.55919,4320,15,2.03125,142.21875,176.4961,586.3828,10
3238.613,422,70.99237,4320,11,2.03125,142.21875,178.0195,584.8594,10
3238.613,422,71.78841,4320,12,2.03125,142.21875,179.3633,583.5156,10
3238.613,422,73.5369,4320,14,2.03125,142.21875,176.3555,586.5234,10
3238.613,422,68.42105,4320,9,2.03125,142.21875,173.2695,589.6094,10
3238.613,422,65.99496,4320,8,2.03125,142.21875,172.4102,590.4688,10
3238.613,422,63.38384,4320,16,2.03125,142.21875,184.1211,578.7578,10
3238.613,422,56.54321,4352,11,2.03125,142.21875,176.8984,585.9805,10
3238.613,422,61.73469,4352,8,2.03125,142.21875,177.9961,584.8828,10
3238.613,422,70.58824,4352,9,2.03125,142.21875,173.6953,589.1836,10
3238.613,422,73.92405,4352,11,2.03125,142.21875,176.5703,586.3086,10
3238.613,422,69.64286,4352,9,2.03125,142.21875,173.8945,588.9844,10
3238.613,422,69.28934,4352,9,2.03125,142.21875,176.5156,586.3633,10
3238.613,422,72.72727,4352,13,2.03125,142.21875,177.1875,585.6914,10
3238.613,422,70.63291,4352,13,2.03125,142.21875,175.1367,587.7422,10
3238.613,422,73.16456,4352,9,2.03125,142.21875,177.8828,584.9961,10
3238.613,422,72.65823,4352,10,2.03125,142.21875,176.3711,586.5078,10
3238.613,422,73.86935,4352,9,2.03125,142.21875,176.6094,586.2695,10
3238.613,422,74.87437,4352,11,2.03125,142.21875,177.1172,585.7617,10
3238.613,422,72.54408,4352,17,2.03125,142.21875,177.2852,585.5938,10
3238.613,422,71.53846,4352,7,2.03125,142.21875,175.0586,587.8203,10
3238.613,422,72.36181,4352,13,2.03125,142.21875,175.8477,587.0312,10
3238.613,422,74.05542,4320,11,2.03125,142.21875,175.8086,587.0703,10
3238.613,422,69.97455,4320,10,2.03125,142.21875,172.8203,590.0586,10
3238.613,423,73.33333,4320,8,2.03125,142.21875,179.0547,583.8242,10
3238.613,423,72.79597,4320,6,2.03125,142.21875,175.7461,587.1328,10
3238.613,423,73.5369,4320,11,2.03125,142.21875,181.0508,581.8281,10
3238.613,423,70.9596,4320,8,2.03125,142.21875,180.9531,581.9258,10
3238.613,423,72.72727,4320,7,2.03125,142.21875,177.6172,585.2617,10
3238.613,423,70.37975,4320,9,2.03125,142.21875,179.0547,583.8242,10
3238.613,423,69.0,4352,15,2.03125,142.21875,180.5938,582.2852,10
3238.613,423,71.89873,4352,11,2.03125,142.21875,179.2539,583.625,10
3238.613,423,67.51918,4352,9,2.03125,142.21875,175.3711,587.5078,10
3238.613,423,69.89796,4352,12,2.03125,142.21875,177.4648,585.4141,10
3238.613,423,67.25888,4352,19,2.03125,142.21875,180.6523,582.2266,10
3238.613,423,66.58291,4384,7,2.03125,142.21875,177.2891,585.5898,10
3238.613,423,63.0102,4384,11,2.03125,142.21875,177.1562,585.7227,10
3238.613,423,61.65414,4384,10,2.03125,142.21875,179.1094,583.7695,10
3238.613,423,57.17822,4384,10,2.03125,142.21875,175.0234,587.8555,10
3238.613,423,62.43655,4384,8,2.03125,142.21875,174.3164,588.5625,10
3238.613,423,73.36683,4384,12,2.039062,142.21875,175.5391,587.332,10
3238.613,423,75.1269,4384,15,2.039062,142.21875,171.9062,590.9648,10
3238.613,422,68.68687,4384,8,2.039062,142.21875,173.8398,589.0312,10
3238.613,422,72.54408,4384,10,2.039062,142.21875,175.2578,587.6133,10
3238.613,422,70.0,4384,9,2.039062,142.21875,172.375,590.4961,10
3238.613,422,74.36548,4384,12,2.039062,142.21875,184.5703,578.3008,10
3238.613,422,71.75573,4384,12,2.039062,142.21875,180.8398,582.0312,10
3238.613,422,71.24682,4384,12,2.039062,142.21875,177.6875,585.1836,10
3238.613,422,70.1005,4384,8,2.039062,142.21875,175.7461,587.125,10
3238.613,422,73.9899,4384,10,2.039062,142.21875,182.2461,580.625,10
3238.613,422,71.06599,4384,11,2.039062,142.21875,176.2812,586.5898,10
3238.613,422,74.3073,4384,15,2.039062,142.21875,177.8164,585.0547,10
3238.613,422,76.51515,4384,14,2.039062,142.21875,184.1719,578.6992,10
3238.613,422,74.8072,4384,10,2.039062,142.21875,176.2852,586.5859,10
3238.613,422,74.62312,4384,8,2.039062,142.21875,175.9414,586.9297,10
3238.613,422,71.60804,4384,15,2.039062,142.21875,173.457,589.4141,10
3238.613,422,73.41772,4384,17,2.039062,142.21875,179.5742,583.2969,10
3238.613,422,77.13568,4384,12,2.039062,142.21875,177.1055,585.7656,10
3238.613,422,73.41772,4384,13,2.039062,142.21875,177.7773,585.0938,10
3238.613,422,75.18987,4384,10,2.039062,142.21875,176.4922,586.3789,10
3238.613,422,69.11392,4384,12,2.039062,142.21875,176.7227,586.1484,10
3238.613,422,69.87342,4384,10,2.039062,142.21875,179.0508,583.8203,10
3238.613,422,69.7733,4384,16,2.039062,142.21875,176.4844,586.3867,10
3238.613,422,68.76574,4352,16,2.039062,142.21875,177.7109,585.1602,10
3238.613,422,69.44444,4352,12,2.039062,142.21875,174.0352,588.8359,10
3238.613,422,70.9596,4352,9,2.039062,142.21875,174.7188,588.1523,10
3238.613,422,72.44898,4352,12,2.039062,142.21875,177.4219,585.4492,10
3238.613,422,72.72727,4352,12,2.039062,142.21875,174.0469,588.8242,10
3238.613,422,67.75819,4352,18,2.039062,142.23047,175.4297,587.4297,10
3238.613,422,72.65823,4352,9,2.039062,142.23047,177.2422,585.6172,10
3238.613,422,72.65823,4384,14,2.046875,142.22266,180.0273,582.832,10
3238.613,422,71.46465,4384,10,2.046875,142.23438,176.6133,586.2344,10
3240.055,422,68.35443,4384,12,2.046875,142.23438,175.0312,587.8164,10
3240.055,422,72.63427,4384,13,2.046875,142.25,175.0742,587.7578,10
3240.055,422,69.2112,4384,12,2.046875,142.25,179.2109,583.6211,10
3240.055,421,74.7449,4384,14,2.046875,142.25,179.5273,583.3047,10
3241.18,421,70.81218,4384,14,2.046875,142.25,174.9609,587.8711,10
3241.18,421,69.19192,4384,13,2.046875,142.25,175.1758,587.6562,10
3241.18,421,72.22222,4352,15,2.046875,142.25391,173.2578,589.5703,10
3241.18,421,68.19338,4352,7,2.046875,142.25391,176.9922,585.8359,10
3241.18,421,66.5,4352,8,2.046875,142.25391,174.0664,588.7617,10
3241.18,421,70.60302,4352,11,2.046875,142.25391,182.543,580.2852,10
3241.18,421,65.06329,4352,10,2.054688,142.25391,177.3281,585.4922,10
3241.18,421,66.32911,4352,9,2.054688,142.26172,175.6602,587.1523,10
3241.18,422,62.56281,4352,12,2.054688,142.26172,175.7031,587.1094,10
3241.18,422,62.34097,4352,14,2.054688,142.26172,177.1719,585.6406,10
3241.18,422,67.59494,4320,14,2.054688,142.26172,183.0156,579.7969,10
3241.18,422,70.37975,4320,8,2.054688,142.26172,176.8359,585.9766,10
3239.094,422,71.10553,4320,15,2.054688,142.26172,172.9805,589.832,10
3239.094,422,69.48718,4320,9,2.054688,142.26172,174.8906,587.9219,10
3239.094,422,73.58974,4320,10,2.054688,142.26172,175.6602,587.1523,10
3239.094,422,73.61809,4320,9,2.054688,142.26172,179.1094,583.7031,10
3239.094,422,75.56675,4320,12,2.054688,142.26172,174.9961,587.8164,10
3239.094,422,72.72727,4352,16,2.054688,142.26172,171.8398,590.9727,10
3239.094,422,68.70229,4352,8,2.054688,142.26172,173.9922,588.8203,10
3239.094,422,71.50127,4352,10,2.054688,142.26172,172.6211,590.1914,10
3239.094,422,71.64557,4352,13,2.054688,142.26172,176.375,586.4375,10
3239.094,422,75.6962,4352,12,2.054688,142.26172,177.418,585.3945,10
3239.094,422,72.84264,4352,14,2.054688,142.26172,175.0234,587.7891,10
3239.094,422,69.97455,4352,10,2.054688,142.26172,172.8281,589.9844,10
3239.094,422,73.65729,4352,9,2.054688,142.26562,169.7109,593.0977,10
3239.094,422,72.89003,4352,11,2.054688,142.26562,171.9922,590.8164,10
3239.094,422,70.27708,4352,9,2.054688,142.26562,175.0625,587.7461,10
3239.094,422,68.62245,4352,13,2.054688,142.26562,176.0039,586.8047,10
3239.094,422,70.9596,4352,13,2.054688,142.26562,177.082,585.7266,10
3239.094,422,69.38776,4320,12,2.054688,142.26562,171.207,591.6016,10
3239.094,422,70.88608,4320,13,2.054688,142.26953,173.793,589.0117,10
3239.094,421,69.84925,4352,10,2.054688,142.26953,169.9688,592.8359,10
3239.094,421,71.64557,4352,11,2.054688,142.27734,171.1055,591.6914,10
3239.094,421,70.05076,4352,15,2.054688,142.27734,177.1055,585.6914,10
3239.094,422,66.41221,4352,12,2.0625,142.26953,175.707,587.0898,10
3239.094,422,69.11392,4352,10,2.0625,142.27734,172.3438,590.4453,10
3239.094,422,69.57606,4352,14,2.0625,142.27734,173.1211,589.668,10
3239.094,422,65.65657,4352,14,2.0625,142.27734,174.0039,588.7852,10
3239.094,422,62.53102,4352,11,2.0625,142.27734,176.8086,585.9805,10
3239.094,422,58.08081,4352,10,2.0625,142.27734,177.1055,585.6836,10
3239.094,422,60.20151,4352,11,2.0625,142.27734,173.7422,589.0469,10
3239.094,422,68.11224,4352,8,2.0625,142.27734,174.2852,588.5039,10
3239.094,422,68.62245,4352,10,2.0625,142.27734,177.707,585.082,10
3239.094,422,72.19388,4384,8,2.0625,142.27734,174.4531,588.3359,10
3239.094,422,67.78351,4384,8,2.0625,142.27734,169.9414,592.8477,10
3239.094,422,72.5641,4352,20,2.0625,142.27734,176.3477,586.4414,10
3239.094,422,71.6792,4352,15,2.0625,142.27734,173.9688,588.8203,10
3239.094,422,73.00771,4352,17,2.0625,142.27734,180.3906,582.3984,10
3239.094,422,69.46565,4352,9,2.0625,142.27734,177.207,585.582,10
3239.094,422,69.64286,4352,11,2.0625,142.27734,177.6836,585.1055,10
3239.094,422,69.03553,4384,11,2.0625,142.27734,176.8086,585.9805,10
3239.094,422,70.20202,4384,12,2.0625,142.27734,177.1133,585.6758,10
3239.094,422,71.5736,4384,9,2.0625,142.28125,177.6523,585.1328,10
3239.094,422,70.30457,4384,7,2.0625,142.28125,173.5391,589.2461,10
3239.094,422,67.00508,4384,10,2.0625,142.28125,171.4336,591.3516,10
3239.094,422,70.48346,4384,12,2.0625,142.28125,173.0547,589.7305,10
3239.094,422,69.94949,4384,11,2.0625,142.28125,170.7305,592.0547,10
3239.094,422,69.09548,4384,7,2.0625,142.28125,177.0781,585.707,10
3239.094,422,70.22901,4384,10,2.0625,142.28125,178.125,584.6602,10
3239.094,422,73.02799,4384,10,2.0625,142.28125,174.1875,588.5977,10
3239.094,422,68.43434,4352,16,2.0625,142.28125,172.9609,589.8242,10
3239.094,422,74.17722,4352,11,2.0625,142.28125,174.6758,588.1094,10
3239.094,422,70.55838,4352,15,2.070312,142.27344,173.0898,589.6953,10
3239.094,422,71.42857,4352,16,2.070312,142.28125,174.043,588.7344,10
3239.094,422,74.3073,4352,16,2.070312,142.28125,175.4609,587.3164,10
3239.094,422,75.6962,4352,9,2.070312,142.28125,176.4492,586.3281,10
3239.094,422,71.9697,4352,9,2.070312,142.28125,172.5352,590.2422,10
3239.094,422,69.34673,4352,9,2.070312,142.28125,173.7539,589.0234,10
3239.094,422,65.67164,4352,16,2.070312,142.28125,174.3984,588.3789,10
3239.094,422,58.94207,4352,11,2.070312,142.28125,175.6328,587.1445,10
3239.094,422,59.10224,4352,8,2.070312,142.28125,173.2266,589.5508,10
3239.094,422,67.5063,4352,10,2.070312,142.28125,175.1367,587.6406,10
3239.094,422,71.78841,4352,9,2.070312,142.28125,179.8945,582.8828,10
3239.574,422,71.71717,4352,18,2.070312,142.28516,174.625,588.1484,10
3239.574,422,71.93878,4352,15,2.070312,142.28516,174.4961,588.2773,10
3239.574,422,75.0,4352,12,2.070312,142.28516,176.4844,586.2891,10
3239.574,422,69.46565,4352,12,2.070312,142.28516,172.8203,589.9531,10
3239.574,422,71.28463,4352,11,2.070312,142.28516,171.3164,591.457,10
3239.574,422,73.55164,4384,10,2.070312,142.28516,172.543,590.2305,10
3239.574,422,71.5,4384,10,2.070312,142.28516,174.0195,588.7539,10
3239.574,422,68.0203,4384,10,2.070312,142.28516,172.1367,590.6367,10
3239.574,422,74.05542,4384,17,2.070312,142.28516,169.8125,592.9609,10
3239.574,422,73.85787,4384,16,2.070312,142.28516,174.707,588.0664,10
3239.574,422,68.76574,4384,8,2.070312,142.28516,170.8125,591.9609,10
3239.574,422,68.93939,4384,10,2.070312,142.28516,180.0,582.7734,10
3239.574,422,69.46565,4384,12,2.070312,142.28516,175.7539,587.0195,10
3239.574,422,71.93878,4384,12,2.070312,142.28516,172.2422,590.5312,10
3239.574,422,72.11055,4384,16,2.070312,142.28516,169.3711,593.4023,10
3239.574,422,71.75573,4384,9,2.070312,142.28516,171.1641,591.6094,10
3239.574,422,69.89796,4384,12,2.070312,142.28516,172.0938,590.6797,10
3239.574,422,73.73737,4352,13,2.070312,142.28516,173.5508,589.2227,10
3239.574,422,72.54408,4352,16,2.070312,142.28516,176.4609,586.3125,10
3239.574,422,70.91837,4384,12,2.070312,142.28516,171.4336,591.3398,10
3239.574,422,75.6962,4384,15,2.070312,142.28516,168.8086,593.9648,10
3239.574,422,72.29219,4384,14,2.070312,142.28516,166.83984,595.9336,10
3239.574,423,72.36181,4384,11,3.523438,146.14062,171.1602,586.3047,10
3239.574,423,69.87342,4384,13,3.523438,146.76562,165.03516,591.8047,10
3239.574,421,68.67168,4384,10,3.523438,146.76562,164.24609,592.5938,10
3239.574,421,66.66667,4384,12,3.523438,146.76562,169.9102,586.9297,10
3239.574,421,64.2132,4384,19,3.523438,146.76562,164.375,592.4648,10
3239.574,422,60.0,4384,11,3.523438,146.76562,166.21094,590.6289,10
3239.574,422,58.35411,4384,13,3.53125,146.76562,172.9062,583.9258,10
3239.574,422,70.17544,4384,9,3.53125,146.76562,168.0547,588.7773,10
3239.574,422,73.09645,4384,7,3.53125,146.76562,165.37891,591.4531,10
3239.574,422,74.17722,4384,8,3.53125,146.76562,164.04297,592.7891,10
3239.574,422,74.42455,4384,12,3.53125,146.76562,171.1445,585.6875,10
3239.574,422,72.70408,4384,13,3.53125,146.76562,166.10156,590.7305,10
3239.574,422,69.89796,4384,15,3.53125,146.76562,167.9531,588.8789,10
3239.574,422,70.15306,4384,11,3.53125,146.76562,164.37109,592.4609,10
3239.574,422,68.68687,4384,10,3.53125,146.76562,178.582,578.25,10
3239.574,422,72.89003,4384,11,3.53125,146.76562,175.0977,581.7344,10
3239.574,422,73.02799,4384,13,3.53125,146.76562,170.9297,585.9023,10
3239.574,422,72.0403,4384,8,3.53125,146.76562,168.8516,587.9805,10
3239.574,422,71.03275,4384,9,3.53125,146.76562,175.5625,581.2695,10
3239.574,422,71.68367,4384,13,3.53125,146.76562,176.3945,580.4375,10
3239.574,422,71.39241,4384,10,3.53125,146.76562,172.4727,584.3594,10
3239.574,422,69.54315,4384,10,3.53125,146.76562,170.7227,586.1094,10
3239.574,422,70.66327,4384,13,3.53125,146.76562,169.0,587.832,10
3239.574,422,70.92732,4384,15,3.53125,146.76562,169.7461,587.0859,10
3239.574,422,73.16456,4384,17,3.53125,146.76562,168.5586,588.2734,10
3239.574,422,74.5,4384,10,3.53125,146.76562,170.9492,585.8828,10
3239.574,422,74.93734,4384,8,3.53125,146.76562,172.9766,583.8555,10
3239.574,422,75.44304,4384,11,3.53125,146.76562,173.7852,583.0469,10
3239.574,422,75.1269,4384,15,3.53125,146.76562,169.7109,587.1211,10
3239.574,422,71.09974,4384,8,3.53125,146.76562,171.9609,584.8711,10
3239.574,422,70.48346,4384,8,3.539062,146.76562,172.7734,584.0508,10
3239.574,422,72.08122,4384,11,3.539062,146.76562,170.5312,586.293,10
3239.574,422,69.42356,4352,12,3.539062,146.76562,167.8398,588.9844,10
3239.574,422,71.53652,4352,12,3.539062,146.8125,166.17969,590.5977,10
3239.574,422,63.15789,4352,12,3.539062,146.8125,178.1797,578.5977,10
3239.574,422,62.65664,4352,13,3.539062,146.8125,178.1914,578.5859,10
3239.574,422,62.43655,4352,7,3.539062,146.8125,179.3164,577.4609,10
3239.574,422,61.67513,4352,7,3.539062,146.8125,176.3906,580.3867,10
3239.574,422,68.51385,4352,9,3.539062,146.8125,172.2227,584.5547,10
3239.574,422,69.46565,4352,9,3.539062,146.8125,177.793,578.9844,10
3239.574,422,73.79135,4352,9,3.539062,146.8125,172.668,584.1094,10
3239.574,422,77.09924,4352,11,3.539062,146.8125,175.9336,580.8438,10
3239.574,422,74.43038,4352,16,3.539062,146.8125,175.6406,581.1367,10
3239.574,422,73.29975,4352,12,3.539062,146.8125,172.0742,584.7031,10
3239.574,422,75.44304,4352,11,3.539062,146.8125,174.043,582.7344,10
3239.574,422,71.64557,4352,9,3.539062,146.8125,175.168,581.6094,10
3239.574,422,69.09091,4352,13,3.539062,146.8125,176.1094,580.668,10
3239.574,422,74.24242,4352,16,3.539062,146.8125,178.9531,577.8242,10
3239.574,422,71.42857,4352,9,3.539062,146.8125,173.2109,583.5664,10
3239.574,422,74.42455,4352,12,3.539062,146.8125,175.7109,581.0664,10
3239.574,422,74.36548,4384,13,3.539062,146.8125,178.0,578.7773,10
3239.574,423,70.9596,4384,9,3.539062,146.8125,175.3203,581.457,10
3239.574,423,67.77494,4352,7,3.539062,146.8125,180.7578,576.0195,10
3239.574,423,72.36181,4352,8,3.539062,146.8125,179.6602,577.1172,10
3239.574,423,72.26463,4352,10,3.539062,146.8125,175.0078,581.7695,10
3239.574,423,72.9798,4352,10,3.539062,146.8125,176.8633,579.9141,10
3239.574,423,72.40506,4352,10,3.539062,146.8125,177.5742,579.2031,10
3239.574,423,72.40506,4352,18,3.539062,146.8125,173.7188,583.0586,10
3239.574,423,73.5369,4352,12,3.539062,146.8125,179.4297,577.3477,10
3239.574,423,71.42857,4352,15,3.546875,146.8125,175.6875,581.082,10
3239.574,423,70.88608,4352,8,3.546875,146.8125,173.0273,583.7422,10
3239.574,423,75.0,4352,16,3.546875,146.8125,173.8594,582.9102,10
3239.574,423,72.47475,4352,9,3.546875,146.8125,173.5703,583.1992,10
3239.574,423,72.01018,4352,7,3.546875,146.8125,175.3633,581.4062,10
3239.574,423,68.43434,4352,10,3.546875,146.8125,176.7461,580.0234,10
3239.574,423,65.75682,4352,13,3.546875,146.8125,177.0195,579.75,10
3239.574,423,67.75819,4352,14,3.554688,146.8125,175.2188,581.543,10
3239.574,423,62.18905,4352,16,3.554688,146.8125,171.8008,584.9609,10
3241.496,423,58.56079,4352,13,3.554688,146.8125,178.6992,578.0625,10
3241.496,423,71.75573,4352,19,3.554688,146.8125,173.6211,583.1406,10
3241.496,423,71.86701,4352,14,3.554688,146.8125,173.6055,583.1562,10
3241.496,423,70.87629,4352,10,3.554688,146.8125,177.625,579.1367,10
3241.496,423,69.7201,4352,12,3.554688,146.8125,172.707,584.0547,10
3241.496,423,73.33333,4352,9,3.554688,146.8125,173.2188,583.543,10
3241.496,423,68.93939,4352,7,3.554688,146.8125,173.957,582.8047,10
3241.496,423,74.23469,4352,12,3.554688,146.8125,171.6445,585.1172,10
3241.496,423,71.39241,4352,10,3.554688,146.8125,169.6836,587.0781,10
3241.496,423,68.20513,4352,8,3.554688,146.8125,177.6758,579.0859,10
3238.613,423,71.53652,4352,7,3.554688,146.8125,173.8203,582.9414,10
3238.613,423,69.48718,4352,15,3.5625,146.8125,175.1016,581.6523,10
3238.613,423,67.59494,4352,13,3.5625,146.8125,176.5898,580.1641,10
3238.613,423,67.69231,4352,16,3.5625,146.8125,173.3477,583.4062,10
3238.613,423,72.18045,4320,14,3.5625,146.8125,170.4805,586.2734,10
3238.613,423,71.6792,4320,8,3.695312,147.52344,176.4219,579.4883,10
3238.613,422,76.53061,4352,14,3.695312,147.59766,171.6641,584.1719,10
3238.613,423,68.04124,4352,10,3.695312,147.59766,180.0273,575.8086,10
3238.613,423,69.7733,4352,9,3.695312,147.59766,175.6953,580.1406,10
3238.613,423,71.9697,4352,13,3.695312,147.59766,171.7031,584.1328,10
3239.094,423,69.01763,4352,12,3.695312,147.59766,173.1797,582.6562,10
3239.094,423,70.84399,4352,13,3.703125,147.59766,174.6836,581.1445,10
3239.094,423,70.9596,4352,8,3.703125,147.59766,170.7188,585.1094,10
3239.109,423,70.15306,4352,9,3.703125,147.59766,165.93359,589.8945,10
3239.094,423,72.93233,4352,14,3.703125,147.59766,173.4219,582.4062,10
3239.094,423,70.60302,4352,12,3.703125,147.59766,174.5508,581.2773,10
3239.094,423,67.5063,4352,13,3.703125,147.59766,171.457,584.3711,10
3239.094,423,67.43003,4352,17,3.703125,147.59766,169.957,585.8711,10
3239.094,423,68.76574,4352,9,3.703125,147.59766,171.9258,583.9023,10
3239.094,423,65.99496,4352,17,3.703125,147.59766,169.6016,586.2266,10
3239.094,423,58.60349,4352,14,3.703125,147.59766,169.6953,586.1328,10
3239.094,423,60.0,4352,15,3.703125,147.59766,167.31641,588.5117,10
3239.094,423,73.5369,4352,12,3.703125,147.59766,170.7188,585.1094,10
3239.094,423,72.9798,4320,10,3.703125,147.59766,171.3672,584.4609,10
3239.094,423,68.35443,4320,6,3.703125,147.59766,167.56641,588.2617,10
3239.094,423,71.53652,4320,11,3.703125,147.59766,174.3398,581.4883,10
3239.094,423,74.0,4320,10,3.703125,147.59766,170.8867,584.9414,10
3239.094,423,74.11168,4320,13,3.703125,147.59766,172.5781,583.25,10
3239.094,423,73.92405,4320,10,3.710938,147.59375,169.7539,586.0703,10
3239.094,423,73.41772,4320,13,3.710938,147.59766,171.8516,583.9688,10
3239.094,423,70.95116,4352,11,3.710938,147.59766,173.7148,582.1055,10
3239.094,423,69.13265,4352,11,3.710938,147.59766,170.7344,585.0859,10
3239.094,423,72.58883,4352,10,3.710938,147.59766,172.3828,583.4375,10
3239.094,423,75.5102,4352,10,3.710938,147.59766,172.957,582.8633,10
3239.094,423,73.23232,4352,12,3.710938,147.59766,170.5508,585.2695,10
3239.094,423,71.06599,4352,10,3.710938,147.59766,172.4688,583.3516,10
3239.094,423,72.72727,4352,10,3.710938,147.59766,174.4648,581.3555,10
3239.094,423,74.55471,4384,11,3.710938,147.59766,172.0,583.8203,10
3239.094,423,71.6792,4384,16,3.710938,147.59766,172.0391,583.7812,10
3239.094,422,69.19192,4384,10,3.710938,147.59766,173.2852,582.5352,10
3239.094,422,69.79695,4384,7,3.710938,147.59766,172.2461,583.5742,10
3239.094,422,69.69697,4384,10,3.710938,147.59766,173.5742,582.2461,10
3239.094,422,71.89873,4384,13,3.710938,147.59766,172.2812,583.5391,10
3239.094,422,70.30457,4384,13,3.710938,147.59766,170.125,585.6953,10
3239.094,422,69.38776,4384,11,3.710938,147.59766,171.3711,584.4492,10
3239.094,422,69.64286,4384,13,3.710938,147.59766,169.5391,586.2812,10
3239.094,422,69.2112,4384,10,3.710938,147.59766,175.5781,580.2422,10
3239.094,422,66.75127,4384,7,3.710938,147.59766,173.9141,581.9062,10
3239.094,422,68.78173,4384,9,3.710938,147.59766,171.4531,584.3672,10
3239.094,422,65.99496,4384,16,3.710938,147.59766,171.9648,583.8555,10
3239.094,422,63.31658,4384,15,3.710938,147.59766,169.7852,586.0352,10
3239.094,422,59.05707,4384,18,3.710938,147.59766,170.2656,585.5547,10
3239.094,422,60.65163,4384,11,3.710938,147.59766,175.5586,580.2617,10
3239.094,422,73.21429,4384,12,3.710938,147.59766,171.8672,583.9531,10
3239.094,422,70.63291,4384,17,3.710938,147.59766,174.6172,581.2031,10
3239.094,421,66.58098,4384,11,3.710938,147.59766,176.082,579.7383,10
3239.094,421,71.83463,4384,16,3.710938,147.59766,172.2422,583.5781,10
3239.094,421,72.1519,4384,11,3.710938,147.59766,168.8281,586.9922,10
3239.094,421,71.50127,4384,14,3.710938,147.59766,170.8477,584.9727,10
3239.094,421,74.49495,4384,10,3.710938,147.59766,175.1797,580.6406,10
3239.094,421,70.37975,4384,7,3.710938,147.59766,171.625,584.1953,10
3239.094,421,72.70408,4384,12,3.710938,147.59766,170.6875,585.1328,10
3239.094,421,74.11168,4384,12,3.710938,147.59766,171.832,583.9883,10
3239.094,421,71.3198,4384,14,3.710938,147.59766,172.2617,583.5586,10
3239.094,421,75.57252,4352,12,3.710938,147.59766,173.2461,582.5742,10
3239.094,421,71.13924,4352,9,3.710938,147.59766,172.7266,583.0938,10
3239.094,421,71.79487,4352,11,3.710938,147.59766,174.7188,581.1016,10
3239.094,421,70.55838,4352,8,3.710938,147.59766,175.2891,580.5312,10
3239.094,421,72.22222,4352,14,3.710938,147.61719,175.4102,580.3906,10
3239.094,421,69.44444,4352,8,3.710938,147.61719,171.0898,584.7109,10
3239.094,421,73.8806,4352,11,3.710938,147.61719,173.6484,582.1523,10
3239.094,422,72.72727,4352,10,3.71875,147.61719,171.707,584.0859,10
3239.094,422,72.33503,4352,17,3.71875,147.61719,172.5547,583.2383,10
3239.094,422,74.37186,4352,11,3.71875,147.61719,174.207,581.5859,10
3239.094,422,70.84399,4352,8,3.71875,147.61719,171.4883,584.3047,10
3239.094,421,71.70732,4352,12,3.71875,147.61719,172.8672,582.9258,10
3239.094,421,73.8342,4352,12,3.71875,147.61719,169.582,586.2109,10
3239.094,421,73.58974,4352,18,3.726562,147.60938,172.3477,583.4453,10
3239.094,421,73.23232,4352,9,3.726562,147.61719,169.668,586.1172,10
3239.094,421,68.63753,4352,10,3.726562,147.61719,171.8164,583.9688,10
3239.094,421,70.9596,4352,8,3.726562,147.61719,170.5195,585.2656,10
3239.094,421,75.38071,4352,13,3.726562,147.61719,170.0625,585.7227,10
3239.094,421,70.07673,4352,9,3.726562,147.61719,176.0664,579.7188,10
3239.094,421,75.06297,4352,5,3.726562,147.61719,172.2109,583.5742,10
3239.094,421,76.26263,4352,15,3.726562,147.61719,173.1719,582.6133,10
3239.094,421,74.68672,4352,12,3.726562,147.61719,173.6914,582.0938,10
3239.094,421,73.9899,4352,11,3.726562,147.61719,169.8516,585.9336,10
3239.094,421,68.95674,4352,10,3.726562,147.61719,171.8945,583.8906,10
3239.094,421,71.3198,4352,14,3.726562,147.61719,175.8086,579.9766,10
3239.094,421,69.82544,4352,21,3.726562,147.61719,169.2031,586.582,10
3239.094,421,66.16162,4352,12,3.726562,147.61719,173.5781,582.207,10
3239.094,421,65.17413,4352,15,3.726562,147.61719,170.2148,585.5703,10
3239.094,421,67.00252,4352,13,3.726562,147.61719,170.9219,584.8633,10
3239.094,421,62.56281,4352,12,3.726562,147.61719,172.0391,583.7461,10
3239.094,421,60.80402,4352,11,3.726562,147.61719,168.1836,587.6016,10
3239.094,421,71.21212,4352,10,3.726562,147.61719,169.8438,585.9414,10
3239.094,421,71.42857,4352,8,3.726562,147.61719,176.4531,579.332,10
3239.094,421,68.10127,4352,13,3.726562,147.61719,170.9375,584.8477,10
3239.094,421,72.91139,4352,8,3.726562,147.61719,169.1992,586.5859,10
3239.094,421,71.61125,4352,7,3.726562,147.61719,175.3398,580.4453,10
3239.094,421,71.24682,4352,10,3.726562,147.61719,176.8594,578.9258,10
3239.094,421,69.26952,4352,10,3.726562,147.61719,172.5273,583.2578,10
3239.094,421,71.75573,4352,9,3.726562,147.61719,174.8477,580.9375,10
3239.094,421,73.28244,4352,10,3.726562,147.61719,170.6797,585.1055,10
3239.094,421,71.5736,4352,9,3.726562,147.61719,166.05078,589.7344,10
3239.094,421,74.61929,4352,8,3.726562,147.61719,172.1094,583.6758,10
3239.094,421,72.79597,4352,7,3.726562,147.61719,178.3359,577.4492,10
3239.094,421,71.3198,4320,12,3.726562,147.61719,173.7461,582.0391,10
3239.094,421,76.64975,4320,11,3.726562,147.61719,171.543,584.2422,10
3239.094,421,74.87437,4320,9,3.726562,147.61719,168.6758,587.1094,10
3239.094,421,70.25641,4320,11,3.726562,147.61719,180.4219,575.3633,10
3239.094,421,72.43108,4320,14,3.726562,147.61719,176.8359,578.9492,10
3239.094,421,70.60302,4320,12,3.726562,147.61719,174.3203,581.4648,10
3239.094,421,71.06599,4320,10,3.726562,147.61719,174.918,580.8672,10
3239.094,421,70.40816,4320,10,3.726562,147.61719,172.5156,583.2695,10
3239.094,421,70.95116,4320,9,3.726562,147.61719,176.9414,578.8438,10
3239.094,421,68.70229,4320,9,3.726562,147.61719,172.6094,583.1758,10
3239.094,421,71.82741,4320,11,3.726562,147.61719,172.8555,582.9297,10
3239.094,421,74.17722,4352,16,3.726562,147.61719,175.2852,580.5,10
3239.094,421,68.68687,4352,12,3.726562,147.61719,175.2852,580.5,10
3239.094,421,69.09548,4384,6,3.726562,147.61719,172.168,583.6172,10
3239.094,421,69.94949,4384,11,3.726562,147.61719,175.9375,579.8477,10
3239.094,421,68.35443,4352,10,3.726562,147.61719,172.0977,583.6875,10
3239.094,421,66.07595,4352,12,3.726562,147.61719,173.0234,582.7617,10
3239.094,421,58.43521,4352,17,3.726562,147.61719,173.7695,582.0156,10
3239.094,421,67.7665,4352,18,3.726562,147.61719,175.6602,580.125,10
3239.094,421,74.11168,4352,13,3.726562,147.61719,170.3398,585.4453,10
3239.094,421,74.74747,4352,9,3.726562,147.61719,172.3477,583.4375,10
3239.094,421,71.6792,4352,11,3.726562,147.61719,174.625,581.1602,10
3239.094,421,74.36548,4352,10,3.734375,147.61719,170.3203,585.457,10
3239.094,421,70.22901,4352,16,3.734375,147.61719,171.5742,584.2031,10
3239.094,421,72.54408,4352,9,3.734375,147.61719,172.1055,583.6719,10
3239.094,421,73.60406,4352,14,3.734375,147.61719,173.9531,581.8242,10
3239.094,421,73.9899,4352,12,3.734375,147.62109,171.3281,584.4453,10
3239.094,421,72.77354,4352,9,3.734375,147.62109,170.207,585.5664,10
3239.094,421,70.20202,4352,10,3.734375,147.62109,174.8789,580.8945,10
3239.094,421,71.24682,4352,10,3.734375,147.62109,175.9531,579.8203,10
3239.094,420,74.1206,4352,9,3.734375,147.62109,179.4336,576.3398,10
3239.094,420,68.47545,4352,14,3.734375,147.62109,175.5391,580.2344,10
3239.094,420,70.92732,4352,13,3.734375,147.62109,172.1641,583.6094,10
3239.094,420,70.91837,4352,9,3.734375,147.62109,174.3398,581.4336,10
3239.094,420,71.68367,4352,16,3.742188,147.62109,171.6328,584.1328,10
3239.094,420,72.47475,4352,12,3.742188,147.62109,171.1641,584.6016,10
3239.094,420,72.86432,4352,13,3.742188,147.62109,173.9805,581.7852,10
3239.094,420,66.91919,4352,13,3.742188,147.62109,175.6328,580.1328,10
3239.094,420,71.82741,4352,9,3.742188,147.62109,172.3242,583.4414,10
3239.094,420,72.40506,4352,11,3.742188,147.62109,168.6758,587.0898,10
3239.094,420,71.35678,4352,11,3.742188,147.62109,175.7539,580.0117,10
3239.094,420,72.54408,4352,10,3.742188,147.62109,174.4727,581.293,10
3239.094,420,67.17557,4352,8,3.742188,147.62109,176.9883,578.7773,10
3239.094,420,72.37852,4352,11,3.742188,147.62109,178.6211,577.1445,10
3239.094,421,69.42356,4352,10,3.742188,147.62109,174.2891,581.4766,10
3239.094,421,66.66667,4352,12,3.742188,147.62109,173.0586,582.707,10
3239.094,421,68.35443,4352,12,3.742188,147.62109,173.7148,582.0508,10
3239.094,421,61.34663,4352,13,3.742188,147.62109,178.9141,576.8516,10
3239.094,421,60.60606,4352,10,3.742188,147.62109,176.6992,579.0664,10
3239.094,421,67.67677,4352,13,3.742188,147.62109,178.7383,577.0273,10
3239.094,421,70.05076,4352,15,3.742188,147.62109,175.5898,580.1758,10
3239.094,421,72.47475,4352,9,3.742188,147.62109,172.9375,582.8281,10
3239.094,421,71.64557,4352,9,3.742188,147.62109,174.4531,581.3125,10
3239.094,421,73.68421,4352,11,3.742188,147.62109,179.5234,576.2422,10
3239.094,421,75.63452,4352,12,3.742188,147.62109,175.9023,579.8633,10
3239.094,421,72.65823,4352,15,3.742188,147.62891,173.2812,582.4766,10
3239.094,421,73.23232,4352,11,3.742188,147.62891,174.1445,581.6133,10
3239.094,421,72.9798,4352,7,3.742188,147.62891,176.2617,579.4961,10
3239.094,421,73.41772,4352,8,3.742188,147.62891,172.1875,583.5703,10
3239.094,421,70.42607,4352,13,3.742188,147.62891,175.4688,580.2891,10
3239.094,421,70.12987,4352,15,3.742188,147.62891,170.9297,584.8281,10
3239.094,421,69.82097,4352,10,3.75,147.62891,171.9688,583.7812,10
3239.094,421,69.94949,4352,7,3.75,147.62891,176.418,579.332,10
3239.094,420,70.58824,4352,14,3.75,147.62891,176.4219,579.3281,10
3239.094,420,74.1206,4352,10,3.75,147.62891,173.1055,582.6445,10
3239.094,420,72.0403,4352,15,3.75,147.62891,169.4688,586.2812,10
3239.094,420,70.73791,4352,5,3.75,147.62891,176.6836,579.0664,10
3239.094,420,69.38776,4352,10,3.75,147.62891,174.6445,581.1055,10
3239.094,420,72.72727,4352,13,3.75,147.62891,175.0195,580.7305,10
3239.094,420,73.11558,4352,13,3.75,147.62891,171.8906,583.8594,10
3239.094,420,76.63317,4352,11,3.757812,147.62891,177.168,578.5742,10
3239.094,420,71.28463,4352,12,3.757812,147.62891,177.1602,578.582,10
3239.094,421,72.75064,4352,11,3.757812,147.62891,174.0703,581.6719,10
3239.094,421,69.7733,4352,11,3.757812,147.63672,170.8203,584.9141,10
3239.094,421,69.25,4352,12,3.757812,147.63672,172.9336,582.8008,10
3239.094,421,67.08229,4352,12,3.757812,147.64062,173.5742,582.1562,10
3240.535,421,63.0,4352,13,3.757812,147.64062,179.7148,576.0156,10
3240.535,421,64.2132,4352,9,3.757812,147.64062,180.3633,575.3672,10
3240.535,421,57.9602,4352,8,3.757812,147.64062,176.9453,578.7852,10
3240.551,421,55.30303,4352,9,3.757812,147.64062,172.6133,583.1172,10
3240.535,421,71.75,4352,15,3.757812,147.64062,179.1602,576.5703,10
3240.535,421,70.30457,4352,10,3.757812,147.64062,175.7578,579.9727,10
3240.535,421,74.93671,4352,11,3.757812,147.64062,173.3555,582.375,10
3240.535,421,72.08122,4352,9,3.757812,147.64062,173.8633,581.8672,10
3240.535,421,71.3555,4352,13,3.757812,147.64062,174.1055,581.625,10
3238.613,421,70.30457,4352,12,3.757812,147.64062,170.9805,584.75,10
3238.613,421,71.3555,4352,10,3.757812,147.64062,171.8359,583.8945,10
3238.613,421,72.47475,4352,12,3.757812,147.64062,171.9727,583.7578,10
3238.613,421,74.55471,4352,14,3.757812,147.64062,172.7344,582.9961,10
3238.629,421,71.50127,4352,10,3.757812,147.64062,173.6289,582.1016,10
3238.613,421,74.68031,4352,16,3.757812,147.64062,171.418,584.3125,10
3238.613,421,73.29975,4352,15,3.757812,147.64062,168.5273,587.2031,10
3238.613,421,71.53846,4352,11,3.757812,147.64062,172.6992,583.0312,10
3238.613,421,73.29975,4352,14,3.757812,147.64062,174.7578,580.9727,10
3238.613,421,73.18296,4352,11,3.757812,147.64062,176.6641,579.0664,10
3238.613,421,73.40153,4352,9,3.757812,147.64062,172.2773,583.4531,10
3238.613,421,73.46939,4352,17,3.757812,147.64062,173.5156,582.2148,10
3238.613,421,72.29219,4352,12,3.757812,147.64062,177.957,577.7734,10
3238.613,421,69.62025,4352,8,3.757812,147.64062,175.7422,579.9883,10
3238.613,421,71.90722,4352,11,3.757812,147.64062,171.9609,583.7695,10
3238.613,421,70.1005,4352,11,3.757812,147.64062,169.7461,585.9844,10
3238.613,421,70.30457,4384,7,3.757812,147.64062,170.9805,584.75,10
3238.613,421,66.66667,4384,9,3.757812,147.64062,174.332,581.3984,10
3238.613,421,70.67669,4384,12,3.757812,147.64062,173.6055,582.125,10
3238.613,421,69.13265,4384,14,3.765625,147.64062,175.4883,580.2344,10
3238.613,421,73.80353,4384,8,3.765625,147.64062,177.2148,578.5078,10
3238.613,421,71.0,4384,13,3.765625,147.64062,176.6406,579.082,10
3238.613,421,68.34171,4384,10,3.765625,147.64453,177.1367,578.582,10
3238.613,421,63.72796,4384,6,3.765625,147.64453,173.0625,582.6562,10
3238.613,421,56.6416,4384,8,3.765625,147.64453,175.25,580.4688,10
3238.613,421,61.26582,4384,11,3.765625,147.64453,176.4922,579.2266,10
3238.613,421,74.17722,4384,11,3.765625,147.64453,177.5469,578.1719,10
3238.613,421,70.58824,4384,10,3.765625,147.64453,179.8711,575.8477,10
3238.613,421,70.80103,4384,11,3.765625,147.64453,175.0742,580.6445,10
3238.613,421,68.59296,4384,11,3.765625,147.64453,175.6367,580.082,10
3238.613,421,72.54408,4384,6,3.773438,147.63672,172.082,583.6367,10
3238.613,420,76.88442,4384,13,3.773438,147.64453,174.2891,581.4219,10
3238.613,420,74.43038,4352,13,3.773438,147.64453,170.8984,584.8125,10
3238.613,420,75.94937,4352,13,3.773438,147.64453,172.1875,583.5234,10
3238.613,420,74.3073,4352,12,3.773438,147.64453,174.5664,581.1445,10
3238.613,420,71.50127,4352,7,3.773438,147.64453,175.0703,580.6406,10
3238.613,420,70.81218,4352,13,3.773438,147.64453,175.8008,579.9102,10
3238.613,420,69.28934,4352,12,3.773438,147.64453,177.8906,577.8203,10
3238.613,420,72.19388,4352,9,3.773438,147.64453,173.6484,582.0625,10
3238.613,420,72.44898,4352,5,3.773438,147.64453,170.4961,585.2148,10
3238.613,420,75.25,4352,7,3.773438,147.64453,175.3633,580.3477,10
3238.613,420,74.49495,4352,9,3.773438,147.64453,176.0898,579.6211,10
3238.613,420,73.85787,4352,11,3.773438,147.64453,172.6992,583.0117,10
3238.613,419,70.99237,4352,19,3.773438,147.64453,174.0781,581.6328,10
3238.613,419,71.60804,4352,10,3.773438,147.64453,170.4688,585.2422,10
3238.613,419,73.55164,4352,10,3.773438,147.64453,170.7305,584.9805,10
3238.613,419,67.08861,4352,9,3.773438,147.64453,173.418,582.293,10
3238.613,419,68.78173,4352,18,3.773438,147.64453,171.8398,583.8711,10
3238.613,419,70.20202,4352,13,3.773438,147.64453,173.5195,582.1914,10
3238.613,419,69.19192,4352,16,3.773438,147.64453,175.4453,580.2656,10
3238.613,420,68.68687,4352,14,3.773438,147.64453,178.9531,576.7578,10
3238.613,420,68.68687,4352,16,3.773438,147.64453,174.2109,581.5,10
3238.613,420,69.84925,4352,14,3.773438,147.64453,171.9648,583.7461,10
3238.613,420,64.81013,4352,10,3.773438,147.64453,171.6992,584.0117,10
3238.613,420,61.69154,4352,16,3.773438,147.64453,177.9688,577.7422,10
3238.613,420,57.57576,4352,13,3.773438,147.64453,175.293,580.418,10
3238.613,420,64.63104,4352,11,3.773438,147.64844,174.8438,580.8633,10
3238.613,420,73.93484,4352,10,3.773438,147.64844,174.1445,581.5625,10
3238.613,420,74.80916,4352,13,3.773438,147.64844,171.0039,584.7031,10
3238.613,420,76.39594,4352,8,3.773438,147.64844,176.5703,579.1367,10
3238.613,420,74.8731,4352,10,3.773438,147.64844,173.9531,581.7539,10
3238.613,420,73.31671,4352,15,3.773438,147.64844,176.4141,579.293,10
3238.613,420,72.89003,4352,10,3.773438,147.64844,176.8789,578.8281,10
3238.613,420,73.85787,4352,14,3.773438,147.64844,174.1211,581.5859,10
3238.613,420,73.43358,4352,11,3.773438,147.64844,171.7383,583.9688,10
3238.613,420,72.72727,4352,9,3.773438,147.64844,173.1602,582.5469,10
3238.613,420,75.37688,4352,9,3.773438,147.64844,174.125,581.582,10
3238.613,420,73.48485,4352,12,3.78125,147.64844,176.0195,579.6797,10
3238.613,420,75.31486,4352,11,3.78125,147.64844,171.9492,583.75,10
3238.613,420,72.49357,4352,13,3.78125,147.64844,174.4961,581.2031,10
3238.613,420,69.5,4352,10,3.78125,147.64844,176.8281,578.8711,10
3238.613,420,71.97943,4352,12,3.78125,147.64844,176.7461,578.9531,10
3238.613,420,69.36709,4352,12,3.78125,147.64844,174.4766,581.2227,10
3238.613,420,73.86935,4352,11,3.78125,147.64844,171.1406,584.5586,10
3238.613,420,74.17722,4352,11,3.78125,147.64844,173.0625,582.6367,10
3238.613,420,74.05542,4352,11,3.78125,147.64844,170.3672,585.332,10
3238.613,420,73.93484,4352,9,3.78125,147.64844,172.9531,582.7461,10
3238.613,420,70.27708,4352,9,3.78125,147.64844,176.9297,578.7695,10
3238.613,420,71.6792,4352,13,3.78125,147.64844,178.0586,577.6406,10
3238.613,420,73.29975,4352,11,3.78125,147.64844,173.582,582.1172,10
3238.613,420,72.47475,4352,10,3.78125,147.64844,169.7812,585.918,10
3238.613,420,72.18045,4352,9,3.78125,147.64844,169.9453,585.7539,10
3238.613,420,70.30457,4352,14,3.78125,147.64844,178.8516,576.8477,10
3238.613,420,66.16541,4352,8,3.78125,147.64844,176.582,579.1172,10
3238.613,420,64.14141,4352,11,3.78125,147.64844,171.5391,584.1602,10
3238.613,420,62.08651,4352,7,3.78125,147.64844,176.582,579.1172,10
3238.613,420,60.05025,4352,7,3.78125,147.64844,173.4258,582.2734,10
3238.613,420,70.12658,4352,15,3.78125,147.64844,170.9648,584.7344,10
3238.613,420,75.06297,4352,11,3.78125,147.64844,172.7969,582.9023,10
3238.613,420,72.22222,4352,10,3.789062,147.64844,173.9727,581.7188,10
3238.613,420,70.88608,4352,11,3.789062,147.64844,175.3086,580.3828,10
3238.613,420,76.59033,4352,10,3.789062,147.64844,176.7227,578.9688,10
3238.613,419,77.27273,4352,9,3.789062,147.64844,171.0,584.6914,10
3238.613,419,74.74747,4352,13,3.789062,147.64844,177.8438,577.8477,10
3238.613,419,70.73791,4352,13,3.789062,147.64844,174.5781,581.1133,10
3238.613,419,76.07053,4352,11,3.789062,147.64844,176.1836,579.5078,10
3238.613,420,72.29219,4352,12,3.789062,147.64844,174.0,581.6914,10
3238.613,420,71.13924,4352,12,3.789062,147.64844,175.8789,579.8125,10
3238.613,420,68.60759,4352,14,3.789062,147.64844,172.1992,583.4922,10
3238.613,420,71.9697,4352,9,3.789062,147.64844,171.7188,583.9727,10
3238.613,420,73.43358,4352,13,3.789062,147.64844,177.4297,578.2617,10
3238.613,420,72.26463,4352,13,3.789062,147.64844,176.8867,578.8047,10
3238.613,420,67.5063,4352,10,3.789062,147.64844,173.2109,582.4805,10
3238.613,420,74.8731,4320,21,3.789062,147.64844,175.3359,580.3555,10
3238.613,420,70.25641,4320,12,3.796875,147.64844,172.4531,583.2305,10
3238.613,421,68.27411,4320,8,3.796875,147.64844,169.5312,586.1523,10
3238.613,421,71.5736,4352,7,3.796875,147.64844,173.1172,582.5664,10
3238.613,421,67.5063,4352,8,3.796875,147.64844,178.1953,577.4883,10
3238.613,421,67.92929,4352,12,3.796875,147.64844,175.2695,580.4141,10
3238.613,421,70.76923,4352,10,3.796875,147.64844,174.9023,580.7812,10
3238.613,421,70.05076,4352,8,3.796875,147.64844,172.2773,583.4062,10
3238.613,421,68.60759,4352,14,3.796875,147.64844,174.0625,581.6211,10
3238.613,421,68.5422,4352,9,3.796875,147.64844,174.2148,581.4688,10
3238.613,421,68.17043,4352,12,3.796875,147.64844,178.5234,577.1602,10
3238.613,422,69.23077,4352,7,3.796875,147.64844,174.6289,581.0547,10
3238.613,422,65.42289,4352,11,3.796875,147.64844,176.6719,579.0117,10
3238.613,422,57.43073,4352,7,3.796875,147.64844,175.8828,579.8008,10
3238.613,422,60.05025,4352,10,3.796875,147.64844,170.8789,584.8047,10
3238.613,422,71.24682,4352,12,3.796875,147.64844,181.4297,574.2539,10
3238.613,422,76.13065,4352,11,3.796875,147.64844,176.1289,579.5547,10
3238.613,422,72.70408,4352,9,3.796875,147.64844,172.2773,583.4062,10
3238.613,421,71.21212,4352,15,3.796875,147.64844,171.9961,583.6875,10
3238.613,421,70.12658,4352,10,3.796875,147.64844,170.6406,585.043,10
3238.613,421,72.01018,4352,11,3.796875,147.65234,179.2695,576.4102,10
3238.613,421,74.24242,4352,9,3.796875,147.65234,177.0273,578.6523,10
3238.613,420,74.74747,4352,9,3.796875,147.65234,173.2148,582.4648,10
3238.613,420,75.31807,4352,8,3.796875,147.65234,175.4844,580.1953,10
3238.613,420,73.18296,4352,13,3.796875,147.65234,176.2969,579.3828,10
3238.613,420,73.29975,4352,8,3.796875,147.65234,176.5781,579.1016,10
3238.613,420,68.20513,4352,11,3.796875,147.65234,179.4688,576.2109,10
3239.137,422,74.05542,4352,10,3.796875,147.65234,176.543,579.1367,10
3238.613,421,70.69409,4352,12,3.796875,147.75,173.6172,581.9648,10
3238.613,421,74.24242,4352,17,3.796875,147.92578,175.0039,580.4023,10
3238.613,421,71.03275,4352,16,3.796875,147.92578,173.7695,581.6367,10
3238.613,421,72.47475,4352,9,3.796875,147.92969,175.0234,580.3789,10
3238.613,422,68.09045,4352,14,3.796875,147.93359,171.5781,583.8203,10
3238.613,422,74.0,4352,8,3.796875,147.94141,174.0156,581.375,10
3242.457,422,73.55164,4352,8,3.796875,147.94141,170.668,584.7227,10
3242.457,422,74.49495,4352,9,3.796875,147.94141,168.4531,586.9375,10
3242.457,422,72.08122,4352,13,3.796875,147.94141,173.8438,581.5469,10
3243.145,422,70.27708,4352,12,3.796875,147.94141,175.3125,580.0781,10
3243.145,422,71.5736,4352,11,3.796875,147.94141,172.0195,583.3711,10
3243.145,422,66.32653,4352,10,3.796875,147.94141,169.2578,586.1328,10
3240.055,422,66.32911,4352,18,3.796875,147.94141,183.1992,572.1914,10
3240.055,422,70.12658,4352,6,3.796875,147.94141,177.6562,577.7344,10
3240.055,422,64.48363,4352,12,3.796875,147.94141,174.6406,580.75,10
3240.055,422,60.0,4352,7,3.804688,147.94141,175.4297,579.9531,10
3240.055,422,58.29146,4352,18,3.804688,147.94922,177.7031,577.6719,10
3240.055,422,65.90331,4352,21,3.804688,147.94922,182.1406,573.2344,10
3240.055,422,72.79597,4352,11,3.804688,147.94922,179.2148,576.1602,10
3240.055,422,72.08122,4352,10,3.804688,147.94922,174.7188,580.6562,10
3240.055,422,71.82741,4352,8,3.804688,147.94922,176.5312,578.8438,10
3240.055,422,67.43003,4352,10,3.804688,147.94922,179.418,575.957,10
3240.055,422,70.63291,4320,11,3.804688,147.94922,176.2734,579.1016,10
3240.055,422,74.74747,4320,8,3.804688,147.94922,173.4023,581.9727,10
3240.055,422,74.36548,4352,8,3.804688,147.94922,178.1562,577.2188,10
3240.055,422,72.61307,4352,18,3.804688,147.94922,174.957,580.418,10
3240.055,422,67.09512,4352,8,3.804688,147.95312,179.3164,576.0547,10
3240.055,422,72.0,4352,10,3.804688,147.95312,178.4688,576.9023,10
3240.055,422,74.87437,4352,12,3.8125,147.94531,178.957,576.4141,10
3240.055,422,71.83463,4352,12,3.8125,147.95312,175.6484,579.7148,10
3240.055,422,71.97943,4352,11,3.8125,147.95312,172.668,582.6953,10
3240.055,422,69.30946,4352,10,3.8125,147.95312,179.0039,576.3594,10
3240.055,422,75.88832,4352,8,3.8125,147.95312,178.5352,576.8281,10
3240.055,422,74.87437,4352,12,3.8125,147.95703,173.4492,581.9102,10
3240.055,422,70.22901,4352,7,3.8125,147.95703,176.5898,578.7695,10
3240.055,422,69.19192,4352,7,3.8125,147.95703,180.5117,574.8477,10
3240.055,422,69.7201,4352,9,3.8125,147.95703,176.4102,578.9492,10
3240.055,422,70.07673,4352,13,3.8125,147.95703,171.75,583.6094,10
3240.055,422,72.40506,4352,8,3.8125,147.95703,177.0977,578.2617,10
3240.055,422,71.60804,4352,11,3.8125,147.96094,178.9531,576.4023,10
3240.055,422,72.58883,4352,10,3.8125,147.96094,174.6133,580.7422,10
3240.055,422,68.62245,4352,9,3.8125,147.96094,176.293,579.0625,10
3240.055,422,70.17544,4352,8,3.8125,147.96094,177.293,578.0625,10
3240.055,422,71.3198,4352,10,3.8125,147.96094,177.1641,578.1914,10
3240.055,422,65.99496,4352,14,3.8125,147.96094,179.2578,576.0977,10
3240.055,422,64.81013,4352,12,3.8125,147.96875,174.2266,581.1211,10
3240.055,422,57.64411,4352,11,3.8125,147.96875,176.2422,579.1055,10
3240.055,422,62.0603,4352,11,3.8125,147.96875,177.1953,578.1523,10
3240.055,422,64.96164,4352,17,3.8125,147.96875,173.7422,581.6055,10
3240.055,422,72.70408,4352,10,3.8125,147.96875,170.9219,584.4258,10
3240.055,422,71.82741,4352,11,3.8125,147.96875,175.5742,579.7734,10
3240.055,422,75.44304,4352,12,3.8125,147.96875,175.6914,579.6562,10
3240.055,422,75.1269,4352,10,3.8125,147.96875,177.8633,577.4844,10
3240.055,422,76.0101,4352,13,3.8125,147.96875,174.2812,581.0664,10
3240.055,422,72.5641,4352,8,3.8125,147.96875,174.8594,580.4883,10
3240.055,422,72.36181,4384,11,3.8125,147.96875,177.0508,578.2969,10
3240.055,422,70.12658,4384,11,3.8125,147.96875,177.1055,578.2422,10
3240.09,422,71.97943,4384,12,3.8125,147.96875,179.3672,575.9805,10
3240.055,422,72.08122,4352,11,3.8125,147.96875,175.2148,580.1328,10
3240.055,422,71.10553,4352,6,3.8125,147.96875,172.043,583.3047,10
3240.055,421,73.68421,4352,10,3.8125,147.96875,172.5508,582.7969,10
3240.055,421,69.97455,4352,13,3.8125,147.96875,179.8008,575.5469,10
3240.055,421,68.70229,4352,12,3.8125,147.96875,177.0117,578.3359,10
3240.055,421,69.87342,4352,11,3.8125,147.96875,174.8555,580.4922,10
3240.055,421,75.0,4352,11,3.8125,147.96875,174.3516,580.9961,10
3240.055,421,73.73737,4352,11,3.8125,147.96875,174.4414,580.9062,10
3240.055,421,74.62312,4352,8,3.8125,147.96875,173.7109,581.6367,10
3240.055,421,71.9697,4352,12,3.8125,147.96875,175.2695,580.0781,10
3240.055,421,72.0403,4352,11,3.8125,147.96875,181.625,573.7227,10
3240.055,421,73.86935,4352,11,3.8125,147.96875,176.1289,579.2188,10
3240.055,421,75.44304,4352,10,3.8125,147.96875,172.9844,582.3633,10
3240.055,421,75.0,4352,9,3.8125,147.96875,177.293,578.0547,10
3240.055,421,75.81864,4352,15,3.8125,147.96875,178.2266,577.1211,10
3240.055,421,74.55919,4352,11,3.8125,147.96875,178.3242,577.0234,10
3240.055,421,73.85787,4352,6,3.8125,147.96875,174.9062,580.4414,10
3240.055,421,67.66169,4352,11,3.8125,147.96875,171.8242,583.5234,10
3240.055,421,59.59596,4352,10,3.8125,147.96875,177.2031,578.1445,10
3240.07,421,60.0,4352,8,3.8125,147.96875,171.6914,583.6562,10
3240.055,421,59.25,4352,11,3.8125,147.96875,174.5469,580.8008,10
3240.055,421,71.28463,4352,13,3.820312,147.96094,177.3789,577.9688,10
3240.055,421,72.86432,4352,14,3.820312,147.96875,173.582,581.7578,10
3240.055,421,70.07673,4352,10,3.820312,147.96875,175.9805,579.3594,10
3241.059,421,72.1519,4352,14,3.820312,147.96875,173.7539,581.5859,10
3241.059,421,69.87342,4352,11,3.820312,147.96875,178.0703,577.2695,10
3241.059,421,70.52897,4352,10,3.820312,147.96875,172.5742,582.7656,10
3240.055,421,70.07673,4352,19,3.828125,147.96875,179.5,575.832,10
3240.055,421,71.72237,4352,13,3.828125,147.96875,175.0312,580.3008,10
3240.055,421,68.5422,4352,8,3.828125,147.96875,175.4336,579.8984,10
3240.055,421,69.05371,4352,9,3.828125,147.97266,172.9219,582.4062,10
3240.055,421,68.87755,4352,10,3.828125,147.97266,175.2148,580.1133,10
3240.055,421,73.23232,4352,12,3.828125,147.97266,170.9492,584.3789,10
3240.055,421,70.27708,4352,13,3.828125,147.97266,175.8164,579.5117,10
3240.055,421,70.55838,4352,10,3.828125,147.97266,177.293,578.0352,10
3240.055,421,71.64557,4320,11,3.828125,147.97266,175.1719,580.1562,10
3240.055,421,70.99237,4320,11,3.828125,147.97266,176.9883,578.3398,10
3240.055,421,69.69697,4320,12,3.828125,147.97266,177.0273,578.3008,10
3240.055,421,75.31486,4320,9,3.828125,147.97266,174.1836,581.1445,10
3240.055,421,75.6962,4320,6,3.828125,147.97266,175.3906,579.9375,10
3240.055,421,76.88442,4320,12,3.835938,147.96484,176.3906,578.9375,10
3240.055,421,69.52141,4320,10,3.835938,147.97266,171.4883,583.832,10
3240.055,421,70.22901,4320,14,3.835938,147.97266,178.8359,576.4844,10
3240.055,421,70.37975,4320,19,3.835938,147.97266,177.1797,578.1406,10
3240.055,421,71.3198,4320,17,3.835938,147.97266,174.0117,581.3086,10
3240.055,421,73.48485,4320,13,3.835938,147.97266,173.4961,581.8242,10
3240.055,421,68.0203,4320,6,3.835938,147.97266,180.2227,575.0977,10
3240.055,421,66.74938,4320,12,3.835938,147.97266,175.6289,579.6914,10
3240.055,421,64.41103,4320,12,3.835938,147.97266,176.4688,578.8516,10
3240.055,421,64.5,4320,14,3.835938,147.97266,176.5664,578.7539,10
3240.055,421,61.30653,4320,15,3.835938,147.97266,174.3789,580.9414,10
3240.055,421,65.03856,4320,13,3.835938,147.97266,174.9492,580.3711,10
3240.055,422,75.38071,4352,10,3.835938,147.97266,176.0898,579.2305,10
3240.055,422,74.93734,4352,11,3.835938,147.97266,173.7539,581.5664,10
3240.055,422,73.5369,4352,12,3.835938,147.97266,175.7617,579.5586,10
3240.055,422,69.03553,4352,15,3.835938,147.97656,176.8945,578.4219,10
3240.055,422,70.33248,4352,16,3.835938,147.97656,172.7734,582.543,10
3240.055,422,73.36683,4352,10,3.835938,147.97656,177.9219,577.3945,10
3240.055,422,73.04786,4352,13,3.835938,147.97656,176.4766,578.8398,10
3240.055,422,73.61809,4352,11,3.835938,147.97656,172.5781,582.7383,10
3240.055,422,70.43702,4352,13,3.835938,147.97656,174.9023,580.4141,10
3240.055,422,69.69697,4352,11,3.835938,147.97656,180.7539,574.5625,10
3240.055,422,70.27708,4352,11,3.835938,147.97656,179.8828,575.4336,10
3240.055,422,72.58883,4352,8,3.835938,147.97656,175.2656,580.0508,10
3240.055,422,70.99237,4352,9,3.835938,147.97656,172.0117,583.3047,10
3240.055,422,70.66327,4352,9,3.835938,147.97656,174.1836,581.1328,10
3240.055,422,70.12658,4352,10,3.835938,147.97656,175.4531,579.8633,10
3240.055,422,71.09974,4352,14,3.835938,147.97656,177.7344,577.582,10
3240.055,422,70.9596,4352,11,3.835938,147.97656,173.9609,581.3555,10
3240.055,422,70.76923,4352,12,3.835938,147.97656,180.6133,574.7031,10
3240.055,422,73.79135,4352,10,3.835938,147.97656,176.75,578.5664,10
3240.055,422,73.75,4352,9,3.835938,147.97656,171.9844,583.332,10
3240.055,422,72.08122,4352,12,3.835938,147.97656,173.2227,582.0938,10
3240.055,422,68.34171,4352,12,3.835938,147.97656,173.4688,581.8477,10
3240.055,422,69.38776,4352,8,3.84375,147.96875,175.3672,579.9492,10
3240.055,422,73.23232,4352,13,3.84375,147.97656,172.6289,582.6797,10
3240.055,422,65.31646,4352,13,3.84375,147.97656,170.6133,584.6953,10
3240.055,422,65.49118,4352,15,3.84375,147.97656,171.9961,583.3125,10
3240.055,422,68.09045,4352,9,3.84375,147.97656,172.3633,582.9453,10
3240.055,422,65.0,4352,10,3.84375,147.97656,173.2578,582.0508,10
3240.055,422,59.54774,4352,12,3.84375,147.97656,176.0469,579.2617,10
3240.055,422,63.29114,4352,11,3.84375,147.97656,173.6406,581.668,10
3240.055,422,70.70707,4352,15,3.84375,147.97656,170.0312,585.2773,10
3240.055,421,72.01018,4352,10,3.84375,147.97656,170.8203,584.4883,10
3240.055,421,71.42857,4352,11,3.84375,147.97656,168.8516,586.457,10
3240.055,421,74.1688,4352,15,3.84375,147.97656,175.1055,580.2031,10
3240.055,421,68.78173,4352,12,3.84375,147.97656,172.5898,582.7188,10
3240.055,421,66.49874,4352,15,3.84375,147.97656,174.7344,580.5742,10
3240.055,421,75.06361,4352,7,3.84375,147.97656,171.1953,584.1133,10
3240.055,421,74.0458,4352,12,3.84375,147.97656,173.3828,581.9258,10
3240.055,421,74.55471,4352,9,3.84375,147.97656,173.7227,581.5859,10
3240.055,421,74.05542,4384,11,3.84375,147.97656,174.6953,580.6133,10
3240.055,421,69.97455,4384,14,3.84375,147.97656,174.7969,580.5117,10
3240.055,421,71.42857,4384,9,3.84375,147.97656,176.6836,578.625,10
3240.055,421,71.68367,4384,12,3.84375,147.97656,178.1211,577.1875,10
3240.055,421,73.67089,4352,14,3.84375,147.97656,175.4805,579.8281,10
3240.055,421,73.35025,4352,8,3.84375,147.97656,175.5625,579.7461,10
3240.055,421,71.24682,4352,14,3.84375,147.97656,170.4961,584.8125,10
3240.055,421,72.65823,4352,8,3.84375,147.97656,176.9609,578.3477,10
3240.055,421,73.02799,4352,12,3.84375,147.97656,173.082,582.2266,10
3240.055,420,72.0403,4352,10,3.84375,147.97656,173.8086,581.5,10
3240.055,420,70.81218,4352,9,3.84375,147.97656,174.6406,580.668,10
3240.055,420,70.76923,4352,13,3.84375,147.97656,171.7148,583.5938,10
3240.055,420,73.9899,4352,15,3.84375,147.97656,167.57422,587.7344,10
3240.055,421,72.40506,4352,10,3.84375,147.97656,175.668,579.6406,10
3240.055,421,73.67089,4352,9,3.84375,147.97656,175.6602,579.6484,10
3240.055,421,69.44444,4352,12,3.84375,147.97656,176.4805,578.8281,10
3240.055,421,67.58794,4352,13,3.84375,147.97656,172.7773,582.5312,10
3240.055,421,69.56522,4352,15,3.84375,147.97656,170.1133,585.1953,10
3240.055,421,69.0,4352,8,3.84375,147.97656,176.2891,579.0195,10
3240.055,421,67.25441000000001,4352,12,3.851562,147.97656,176.3203,578.9805,10
3240.055,421,62.62626,4352,9,3.851562,147.97656,173.625,581.6758,10
3240.055,421,62.56281,4352,8,3.851562,147.97656,175.7266,579.5742,10
3240.055,421,71.42857,4352,12,3.851562,147.97656,172.2969,583.0039,10
3240.055,421,72.01018,4352,11,3.851562,147.97656,170.0312,585.2695,10
3240.055,421,68.86076,4352,10,3.851562,147.97656,174.7734,580.5273,10
3240.055,421,71.39241,4352,13,3.851562,147.97656,172.0117,583.2891,10
3240.055,421,72.12276,4352,12,3.851562,147.97656,169.0117,586.2891,10
3240.055,421,69.59799,4352,16,3.851562,147.97656,172.0039,583.2969,10
3240.055,421,74.87437,4352,11,3.851562,147.97656,177.2383,578.0625,10
3240.07,421,73.55164,4352,14,3.851562,147.97656,173.6602,581.6406,10
3240.055,421,76.0101,4352,10,3.851562,147.97656,174.4492,580.8516,10
3240.055,421,70.30457,4352,12,3.851562,147.97656,171.0781,584.2227,10
3240.055,421,71.28205,4352,13,3.851562,147.97656,173.4453,581.8555,10
3240.055,421,73.5369,4352,16,3.851562,147.97656,170.9844,584.3164,10
3240.055,421,67.34177,4384,14,3.851562,147.97656,178.5156,576.7852,10
3240.055,421,70.55838,4352,10,3.859375,147.97656,175.0703,580.2227,10
3240.055,421,69.46565,4352,8,3.859375,147.97656,172.6367,582.6562,10
3240.055,421,70.9596,4352,13,3.859375,147.97656,167.9805,587.3125,10
3240.055,421,75.70332,4352,10,3.859375,147.97656,172.4141,582.8789,10
3240.055,421,67.75819,4352,13,3.859375,147.97656,177.8906,577.4023,10
3240.055,421,75.94937,4352,11,3.859375,147.97656,174.0117,581.2812,10
3240.055,421,68.26196,4352,8,3.859375,147.97656,176.207,579.0859,10
3240.055,421,70.99237,4352,8,3.859375,147.97656,173.5117,581.7812,10
3240.055,421,69.03553,4352,11,3.859375,147.97656,174.9766,580.3164,10
3240.055,421,72.65823,4352,13,3.859375,147.97656,173.3672,581.9258,10
3240.055,421,73.06733,4352,18,3.859375,147.97656,170.875,584.418,10
3240.055,421,72.70408,4352,12,3.859375,147.97656,176.2695,579.0234,10
3240.055,421,72.91139,4352,12,3.859375,147.97656,176.0977,579.1953,10
3240.055,421,71.75,4352,12,3.859375,147.97656,173.2148,582.0781,10
3240.055,421,65.16291,4352,11,3.859375,147.97656,171.4375,583.8555,10
3240.055,421,64.33915,4352,7,3.859375,147.97656,179.5781,575.7148,10
3240.055,421,59.24051,4352,9,3.859375,147.97656,176.5898,578.7031,10
3240.055,421,65.57789,4352,13,3.859375,147.97656,171.7383,583.5547,10
3240.055,421,75.63452,4352,16,3.859375,147.97656,172.7422,582.5508,10
3240.055,421,70.63291,4352,7,3.859375,147.97656,173.8945,581.3984,10
3240.055,421,72.44898,4352,12,3.859375,147.97656,170.8555,584.4375,10
3240.055,421,72.72727,4352,9,3.859375,147.97656,174.0547,581.2383,10
3240.055,421,73.41772,4352,22,3.859375,147.97656,179.0742,576.2188,10
3240.055,421,71.93878,4352,9,3.859375,147.97656,176.7109,578.582,10
3240.055,421,69.46565,4352,13,3.859375,147.97656,175.2695,580.0234,10
3240.055,421,73.86935,4352,14,3.859375,147.97656,177.8164,577.4766,10
3240.055,421,71.71717,4352,10,3.859375,147.97656,174.1562,581.1367,10
3240.055,421,70.76923,4352,16,3.859375,147.97656,174.668,580.625,10
3240.055,422,71.68367,4352,9,3.859375,147.97656,176.7031,578.5898,10
3240.055,422,72.26463,4352,11,3.859375,147.97656,173.5625,581.7305,10
3240.055,422,71.8593,4352,9,3.859375,147.97656,180.7773,574.5156,10
3240.055,422,69.89796,4352,12,3.859375,147.97656,178.0703,577.2227,10
3240.055,422,75.94937,4352,11,3.859375,147.97656,173.7383,581.5547,10
3240.055,422,71.17794,4352,13,3.859375,147.97656,179.5547,575.7383,10
3240.055,422,73.55164,4352,12,3.859375,147.97656,174.293,581.0,10
3240.055,422,75.31486,4352,12,3.859375,147.97656,180.6875,574.6055,10
3240.055,422,73.85787,4352,10,3.859375,147.97656,175.8477,579.4453,10
3240.055,422,78.28283,4352,10,3.859375,147.97656,176.1055,579.1875,10
3240.055,422,76.07053,4352,11,3.859375,147.97656,172.7305,582.5625,10
3240.055,421,74.81108,4352,7,3.859375,147.97656,178.4297,576.8633,10
3240.055,421,70.73791,4352,14,3.867188,147.97656,179.5859,575.6992,10
3240.055,421,69.84925,4352,9,3.867188,147.97656,175.4453,579.8398,10
3240.055,421,67.43003,4352,12,3.867188,147.97656,174.4883,580.7969,10
3240.055,421,66.15776,4352,13,3.867188,147.97656,172.5898,582.6953,10
3240.055,421,66.0,4352,20,3.867188,147.97656,174.4375,580.8477,10
3240.055,421,67.41855,4352,16,3.867188,147.97656,172.0078,583.2773,10
3240.055,421,63.79747,4352,8,3.867188,147.97656,177.9297,577.3555,10
3240.055,421,56.4557,4352,9,3.867188,147.97656,173.8828,581.4023,10
3240.055,421,67.7665,4352,11,3.867188,147.97656,176.4961,578.7891,10
3240.055,421,72.1519,4352,12,3.867188,147.97656,177.8516,577.4336,10
3240.055,421,70.30457,4352,9,3.867188,147.97656,179.2227,576.0625,10
3240.055,421,72.95918,4352,13,3.867188,147.97656,174.7109,580.5742,10
3240.055,421,71.21212,4352,12,3.867188,147.97656,172.1445,583.1406,10
3240.055,421,70.30457,4352,15,3.867188,147.97656,173.832,581.4531,10
3240.055,421,70.05076,4352,8,3.875,147.97656,175.6953,579.582,10
3240.055,421,78.64322,4352,11,3.875,147.97656,176.0,579.2773,10
3240.055,421,67.4359,4352,8,3.875,147.97656,177.2773,578.0,10
3240.055,421,68.8946,4352,16,3.875,147.97656,173.3672,581.9102,10
3240.055,421,73.5369,4352,10,3.875,147.97656,174.6758,580.6016,10
3240.055,421,72.5,4352,8,3.875,147.97656,174.6602,580.6172,10
3240.055,421,72.89003,4352,10,3.875,147.97656,174.9297,580.3477,10
3240.055,421,70.81218,4352,10,3.875,147.97656,177.5508,577.7266,10
3240.055,421,72.44898,4352,20,3.875,147.97656,172.6992,582.5781,10
3240.055,421,73.16456,4352,11,3.875,147.97656,176.5781,578.6992,10
3240.055,421,73.18296,4352,10,3.875,147.97656,173.6328,581.6445,10
3240.055,421,70.51282,4352,13,3.875,147.97656,173.2656,582.0117,10
3240.055,421,69.36709,4352,16,3.875,147.97656,176.5508,578.7266,10
3240.055,421,69.19192,4352,9,3.875,147.97656,176.4062,578.8711,10
3240.055,421,69.28934,4352,11,3.875,147.97656,182.4766,572.8008,10
3240.055,421,72.54408,4352,9,3.875,147.97656,176.793,578.4844,10
3240.055,421,72.22222,4384,14,3.875,147.97656,173.8984,581.3789,10
3240.055,421,70.52897,4384,14,3.875,147.97656,171.2148,584.0625,10
3240.055,421,69.52141,4384,11,3.875,147.97656,176.8398,578.4375,10
3240.055,421,67.25441000000001,4384,15,3.875,147.97656,172.6367,582.6406,10
3240.055,421,70.70707,4384,12,3.875,147.97656,174.6172,580.6602,10
3240.055,421,64.75,4384,11,3.882812,147.97656,171.8828,583.3867,10
3240.055,421,64.98741,4384,16,3.882812,147.97656,177.0508,578.2188,10
3240.055,421,58.31266,4384,15,3.882812,147.97656,174.1328,581.1367,10
3240.055,421,60.25316,4384,11,3.882812,147.97656,173.9297,581.3398,10
3240.055,421,68.68687,4384,9,3.882812,147.97656,177.5312,577.7383,10
3240.055,421,70.52897,4384,8,3.882812,147.97656,175.8555,579.4141,10
3240.055,421,70.58824,4384,13,3.882812,147.97656,171.043,584.2266,10
3240.055,420,69.54315,4384,10,3.882812,147.97656,168.1602,587.1094,10
3240.055,420,69.11392,4384,11,3.882812,147.97656,169.2148,586.0547,10
3240.055,420,71.06599,4384,13,3.882812,147.97656,173.9336,581.3359,10
3240.055,420,74.0458,4352,9,3.882812,147.97656,170.8047,584.4648,10
3240.055,420,72.58883,4352,15,3.882812,147.97656,167.9062,587.3633,10
3240.055,420,75.18797,4352,9,3.882812,147.97656,169.2891,585.9805,10
3240.055,420,75.1269,4384,11,3.882812,147.97656,171.4922,583.7773,10
3240.055,420,73.31671,4384,9,3.882812,147.97656,172.5352,582.7344,10
3240.055,420,72.95918,4384,11,3.882812,147.97656,174.5703,580.6992,10
3240.055,420,69.36709,4384,13,3.882812,147.97656,175.5352,579.7344,10
3240.055,420,74.23469,4384,6,3.882812,147.97656,175.5234,579.7461,10
3240.07,420,70.02584,4384,14,3.882812,147.97656,172.7344,582.5352,10
3240.055,420,71.82741,4384,16,3.882812,147.97656,175.7656,579.5039,10
3240.055,420,71.89873,4384,7,3.882812,147.97656,176.8359,578.4336,10
3240.055,420,72.91139,4384,13,3.882812,147.97656,174.625,580.6445,10
3240.055,420,71.68367,4384,10,3.882812,147.97656,171.3438,583.9258,10
3240.055,420,72.84264,4384,10,3.882812,145.57812,178.8672,578.8008,10
3240.055,420,69.7201,4352,14,3.882812,145.57812,175.9062,581.7617,10
3240.055,420,73.5369,4352,9,3.882812,145.57812,173.7852,583.8828,10
3240.055,420,74.81108,4352,13,3.882812,145.57812,175.5156,582.1523,10
3240.055,420,72.43108,4352,13,3.882812,145.57812,177.2539,580.4141,10
3240.055,420,69.11392,4352,13,3.882812,145.57812,175.0664,582.6016,10
3240.055,420,72.9798,4352,10,3.882812,145.57812,181.543,576.125,10
3240.055,419,67.83042,4352,9,3.882812,145.57812,176.7578,580.9102,10
3240.055,419,66.08479,4320,7,3.882812,145.57812,173.168,584.5,10
3240.055,419,62.27848,4320,9,3.882812,145.60156,183.8164,573.8281,10
3240.055,419,59.64912,4352,15,3.882812,145.60156,178.2656,579.3789,10
3240.055,419,67.5063,4352,9,3.882812,145.60156,178.7656,578.8789,10
3240.055,420,72.9798,4352,8,3.882812,145.60156,179.9922,577.6523,10
3240.055,420,72.11055,4384,14,3.882812,145.60156,181.2891,576.3555,10
3240.055,420,71.10553,4384,8,3.882812,145.60156,176.9414,580.7031,10
3240.055,420,71.42857,4384,12,3.882812,145.60156,174.6953,582.9492,10
3240.055,420,74.93734,4384,7,3.882812,145.60156,170.8164,586.8281,10
3240.055,420,74.24242,4384,13,3.882812,145.60156,173.6758,583.9688,10
3240.055,420,72.77354,4384,8,3.882812,145.60156,176.1328,581.5117,10
3240.055,420,71.61125,4384,11,3.882812,145.60156,176.0977,581.5469,10
3240.055,420,69.19192,4384,13,3.882812,145.60156,173.7344,583.9102,10
3240.055,420,71.8593,4384,13,3.882812,145.60156,175.8516,581.793,10
3240.055,420,69.66581,4384,12,3.882812,145.60156,177.4453,580.1992,10
3240.055,418,70.70707,4384,15,3.890625,145.60156,173.293,584.3438,10
3240.055,418,74.17722,4384,15,3.890625,145.60156,172.1953,585.4414,10
3240.055,418,74.24242,4352,9,3.890625,145.60156,175.1055,582.5312,10
3240.055,418,71.60804,4352,9,3.890625,145.60156,176.0742,581.5625,10
3240.055,418,71.3555,4352,10,3.890625,145.60156,172.9844,584.6523,10
3240.055,418,74.81108,4352,9,3.890625,145.60156,180.6719,576.9648,10
3240.055,418,70.17544,4352,15,3.890625,145.60156,176.1328,581.5039,10
3240.055,418,70.78086,4352,8,3.890625,145.60156,172.332,585.3047,10
3240.055,418,74.80916,4352,11,3.890625,145.60156,173.3711,584.2656,10
3240.055,418,71.53652,4352,9,3.890625,145.60156,174.3164,583.3203,10
3240.055,418,71.8593,4352,11,3.890625,145.60156,174.6406,582.9961,10
3240.055,418,71.64557,4352,12,3.890625,145.60156,175.8438,581.793,10
3240.055,418,71.10553,4384,12,3.890625,145.60156,172.6992,584.9375,10
3240.055,418,72.0403,4384,12,3.890625,145.60156,174.2305,583.4062,10
3240.055,418,68.78173,4384,9,3.890625,145.60156,176.418,581.2188,10
3240.055,418,67.25441000000001,4384,8,3.890625,145.60156,175.4258,582.2109,10
3240.055,418,67.41855,4384,10,3.890625,145.60156,175.2773,582.3594,10
3240.055,418,59.84848,4384,10,3.890625,145.60156,180.6562,576.9805,10
3240.055,418,60.05025,4384,11,3.890625,145.60156,176.6367,581.0,10
3240.055,419,66.49616,4384,8,3.890625,145.60156,173.4688,584.168,10
3240.055,419,70.20202,4384,7,3.890625,145.60156,178.2422,579.3945,10
3240.055,419,72.54408,4352,8,3.890625,145.60156,179.9844,577.6523,10
3240.055,419,73.45361,4352,13,3.890625,145.60156,176.2773,581.3594,10
3240.055,419,69.97455,4352,7,3.890625,145.60156,177.0391,580.5977,10
3240.055,419,70.85427,4352,11,3.890625,145.60156,179.1211,578.5156,10
3240.055,419,72.47475,4352,13,3.890625,145.60156,178.2383,579.3984,10
3240.055,419,73.35025,4352,7,3.890625,145.60156,180.0,577.6367,10
3240.07,419,72.72727,4352,11,3.890625,145.60156,175.7109,581.9258,10
3240.055,419,72.05128,4352,17,3.890625,145.60156,173.0039,584.6328,10
3240.055,419,74.05542,4352,11,3.890625,145.60156,172.3672,585.2695,10
3240.055,419,70.91837,4384,18,3.890625,145.60156,175.8906,581.7461,10
3240.055,419,72.33503,4384,11,3.890625,145.60156,176.5859,581.0508,10
3240.055,419,69.7201,4384,17,3.890625,145.60156,176.0938,581.543,10
3240.055,419,72.86432,4384,16,3.890625,145.60156,184.8242,572.8125,10
3240.055,419,72.82051,4384,7,3.890625,145.60156,177.5977,580.0391,10
3240.055,419,68.18182,4384,11,3.890625,145.60156,175.3555,582.2812,10
3240.055,419,71.35678,4384,11,3.890625,145.60156,176.6992,580.9375,10
3240.055,419,69.30946,4384,8,3.890625,145.60156,178.2461,579.3906,10
3240.055,419,73.46939,4384,9,3.890625,145.60156,173.6797,583.957,10
3240.055,419,67.43003,4384,13,3.890625,145.60156,179.1914,578.4453,10
3240.055,419,70.33248,4384,9,3.890625,145.60156,178.6289,579.0078,10
3240.055,419,68.71795,4384,8,3.890625,145.60156,175.1875,582.4492,10
3240.055,419,69.34673,4384,9,3.890625,145.60156,175.1211,582.5156,10
3240.559,419,69.94949,4384,13,3.890625,145.60156,176.4023,581.2344,10
3240.559,419,66.83417,4384,11,3.898438,145.59375,174.0938,583.543,10
3240.055,419,70.15306,4384,10,3.898438,145.60156,170.7109,586.918,10
3240.055,419,67.8481,4384,9,3.898438,145.60156,180.4336,577.1953,10
3240.055,419,62.7204,4384,12,3.898438,145.60156,178.2188,579.4102,10
3240.055,419,61.75,4384,8,3.898438,145.60156,178.3984,579.2305,10
3240.055,419,62.2449,4384,12,3.898438,145.60156,180.3398,577.2891,10
3240.055,419,69.7201,4384,10,3.898438,145.60156,178.5,579.1289,10
3240.055,419,74.3073,4384,10,3.898438,145.60156,181.6992,575.9297,10
3240.055,419,73.9899,4384,12,3.898438,145.60156,175.8867,581.7422,10
3240.055,419,71.71717,4352,8,3.898438,145.60156,177.3008,580.3281,10
3240.055,419,67.85714,4352,9,3.898438,145.60156,179.3438,578.2852,10
3240.055,419,73.36683,4352,10,3.898438,145.60156,174.875,582.7539,10
3240.055,419,75.12821,4352,14,3.898438,145.60156,178.0312,579.5977,10
3240.055,419,70.22901,4352,10,3.898438,145.60156,174.9023,582.7266,10
3240.055,419,72.1519,4352,14,3.898438,145.60156,180.5586,577.0703,10
3240.055,419,69.28934,4352,7,3.898438,145.60156,178.332,579.2969,10
3240.055,419,72.40506,4352,7,3.898438,145.60156,174.9141,582.7148,10
3240.055,419,73.33333,4352,12,3.898438,145.60156,171.6211,586.0078,10
3240.055,419,70.27708,4352,9,3.898438,145.60156,184.0469,573.582,10
3240.055,419,72.58883,4352,12,3.898438,145.60156,179.2227,578.4062,10
3240.055,419,72.22222,4352,12,3.898438,145.60156,176.7617,580.8672,10
3240.055,419,71.9697,4352,12,3.898438,145.60156,173.6328,583.9961,10
3240.055,419,70.88608,4352,12,3.898438,145.60156,176.1094,581.5195,10
3240.055,419,71.3198,4352,13,3.898438,145.60156,172.0898,585.5391,10
3240.055,419,69.92288,4352,11,3.898438,145.60156,175.1992,582.4297,10
3240.055,419,70.73791,4352,10,3.898438,145.60156,173.2305,584.3984,10
3240.055,421,72.22222,4352,11,3.898438,145.60156,177.3086,580.3203,10
3240.055,422,73.41772,4352,14,3.898438,145.60547,178.1875,579.4375,10
3240.055,422,72.37852,4352,8,3.898438,145.60547,180.2969,577.3281,10
3240.055,422,73.11558,4352,13,3.90625,145.59766,176.0,581.625,10
3240.055,422,73.07692,4352,8,3.90625,145.60547,176.1133,581.5039,10
3240.055,422,69.79695,4352,20,3.90625,145.60547,177.5469,580.0703,10
3240.055,422,69.7201,4352,9,3.90625,145.60547,178.6602,578.957,10
3240.055,422,73.41772,4352,13,3.90625,145.60547,174.1094,583.5078,10
3240.055,422,71.5736,4352,14,3.90625,145.60547,179.3008,578.3164,10
3240.055,422,72.91139,4352,12,3.914062,145.60547,180.7383,576.8711,10
3240.055,422,71.89873,4352,8,3.914062,145.60547,175.0508,582.5586,10
3240.055,422,69.46565,4352,9,3.914062,145.60547,173.4375,584.1719,10
3240.055,422,71.06599,4352,13,3.914062,145.60547,174.2344,583.375,10
3240.055,422,70.9596,4352,13,3.914062,145.60547,176.4062,581.2031,10
3240.055,422,72.75,4352,11,3.914062,145.60547,175.3438,582.2656,10
3240.07,422,74.29306,4352,14,3.914062,145.60547,181.4023,576.207,10
3240.055,422,71.3555,4352,7,3.914062,145.60547,178.1328,579.4766,10
3240.055,422,71.89873,4352,10,3.914062,145.60547,178.3633,579.2461,10
3240.055,422,69.79695,4352,8,3.914062,145.60547,174.5625,583.0469,10
3240.055,422,71.75573,4352,16,3.914062,145.60547,178.8867,578.7227,10
3240.055,422,71.89873,4352,11,3.914062,145.60547,178.6992,578.9102,10
3240.055,422,73.67089,4352,13,3.914062,145.60547,175.0352,582.5742,10
3240.055,422,69.19192,4352,10,3.914062,145.60547,177.2656,580.3438,10
3240.055,422,69.30946,4352,14,3.914062,145.60547,179.0859,578.5234,10
3240.055,422,71.42857,4352,11,3.914062,145.60547,181.1641,576.4453,10
3240.055,422,70.22901,4352,16,3.914062,145.60547,183.8945,573.7148,10
3240.055,422,69.7201,4352,9,3.914062,145.60547,178.0508,579.5586,10
3240.055,422,70.30457,4352,8,3.914062,145.60547,179.5547,578.0547,10
3240.055,422,72.70408,4352,9,3.914062,145.60547,178.8125,578.7969,10
3240.055,422,72.01018,4352,12,3.914062,145.60547,175.6953,581.9141,10
3240.055,422,69.94949,4352,12,3.914062,145.60547,181.0312,576.5781,10
3240.055,422,72.47475,4352,7,3.914062,145.60547,176.6719,580.9375,10
3240.055,422,67.92929,4352,9,3.914062,145.60938,173.2812,584.3242,10
3240.055,422,69.52141,4352,17,3.914062,145.60938,178.7852,578.8203,10
3240.055,422,68.01008,4352,17,3.914062,145.60938,175.1641,582.4414,10
3240.055,422,63.63636,4352,12,3.914062,145.60938,173.0625,584.543,10
3240.055,422,58.69018,4352,10,3.914062,145.60938,178.9961,578.6094,10
3240.055,422,71.02564,4352,12,3.914062,145.60938,176.1055,581.5,10
3240.055,422,70.91837,4352,15,3.914062,145.60938,174.1914,583.4141,10
3240.055,422,75.31807,4352,12,3.914062,145.60938,181.2734,576.332,10
3240.055,422,71.68367,4384,11,3.914062,145.60938,175.8867,581.7188,10
3240.055,422,72.51908,4384,12,3.914062,145.60938,177.4492,580.1562,10
3240.055,422,72.40506,4384,9,3.914062,145.60938,178.2383,579.3672,10
3240.055,422,71.13924,4384,8,3.914062,145.60938,175.1484,582.457,10
3240.055,422,76.13065,4384,12,3.914062,145.60938,176.6055,581.0,10
3240.055,421,74.0458,4384,8,3.914062,145.60938,178.1719,579.4336,10
3240.055,421,71.17347,4384,12,3.914062,145.60938,179.5273,578.0781,10
3240.055,421,70.35176,4384,15,3.914062,145.60938,174.5273,583.0781,10
3240.055,421,72.70408,4352,12,3.914062,145.60938,175.7031,581.9023,10
3240.055,421,73.80353,4352,6,3.914062,145.60938,172.1484,585.457,10
3240.055,421,73.35025,4352,9,3.914062,145.60938,178.4023,579.2031,10
3240.055,421,72.47475,4352,11,3.914062,145.60938,178.8555,578.75,10
3240.055,421,73.18296,4352,11,3.914062,145.60938,175.0703,582.5352,10
3240.055,421,72.89003,4352,11,3.914062,145.60938,176.9648,580.6406,10
3240.055,421,68.47545,4352,7,3.914062,145.60938,176.7031,580.9023,10
3240.055,421,69.54315,4352,11,3.914062,145.60938,176.1484,581.457,10
3240.055,421,69.94949,4352,8,3.914062,145.60938,175.625,581.9805,10
3240.055,421,69.62025,4352,13,3.914062,145.60938,177.8086,579.7969,10
3240.055,421,68.78173,4352,10,3.914062,145.60938,173.7773,583.8281,10
3240.055,421,74.55919,4352,17,3.914062,145.60938,174.8359,582.7695,10
3240.055,421,74.17722,4352,10,3.914062,145.60938,171.4727,586.1328,10
3240.055,421,71.60804,4352,18,3.914062,145.60938,178.9102,578.6953,10
3240.055,421,66.83805,4352,10,3.914062,145.60938,175.0703,582.5352,10
3240.055,421,67.75819,4352,8,3.914062,145.60938,177.2539,580.3516,10
3240.055,421,66.58163,4352,9,3.914062,145.60938,174.0547,583.5508,10
3240.055,421,62.93532,4352,14,3.914062,145.60938,178.8359,578.7695,10
3240.055,421,58.0,4352,14,3.914062,145.60938,175.2812,582.3242,10
3240.055,421,59.54198,4352,12,3.914062,145.60938,178.1016,579.5039,10
3240.055,421,69.09548,4352,12,3.914062,145.60938,175.1914,582.4141,10
3240.055,421,71.13924,4352,17,3.914062,145.60938,180.0898,577.5156,10
3240.055,421,73.14578,4352,12,3.914062,145.60938,180.1094,577.4961,10
3240.055,421,74.3073,4352,11,3.914062,145.60938,175.7891,581.8164,10
3240.055,422,70.91837,4352,6,3.914062,145.60938,173.0938,584.5117,10
3240.055,422,72.63427,4352,8,3.921875,145.60156,175.0312,582.5742,10
3240.055,422,69.84925,4352,13,3.921875,145.60938,175.4492,582.1484,10
3240.055,422,70.70707,4352,11,3.921875,145.60938,175.1836,582.4141,10
3240.055,422,71.13924,4352,9,3.921875,145.60938,179.3516,578.2461,10
3240.055,422,69.19192,4352,10,3.921875,145.60938,177.1094,580.4883,10
3240.055,422,69.89796,4352,9,3.921875,145.60938,178.3516,579.2461,10
3240.055,422,68.70229,4352,12,3.921875,145.60938,175.4453,582.1523,10
3240.055,422,71.39175,4352,9,3.929688,145.60156,177.2305,580.3672,10
3240.055,422,73.35025,4352,8,3.929688,145.60938,174.7695,582.8203,10
3240.055,422,70.9596,4320,12,3.929688,145.60938,178.3906,579.1992,10
3240.055,422,69.38776,4320,6,3.929688,145.60938,180.3828,577.207,10
3240.055,422,69.19192,4320,8,3.929688,145.60938,178.5,579.0898,10
3240.055,422,70.05076,4320,11,3.929688,145.60938,177.1562,580.4336,10
3240.055,422,70.30457,4320,9,3.929688,145.60938,178.0156,579.5742,10
3240.055,422,69.79695,4320,9,3.929688,145.60938,174.3672,583.2227,10
3240.055,422,68.35443,4320,8,3.929688,145.60938,172.7812,584.8086,10
3240.055,422,69.62025,4320,12,3.929688,145.60938,178.6055,578.9844,10
3240.055,422,72.47475,4320,10,3.929688,145.60938,178.2305,579.3594,10
3240.055,422,70.27708,4320,18,3.929688,145.60938,178.1797,579.4102,10
3240.055,422,71.5736,4320,10,3.929688,145.60938,175.9922,581.5977,10
3240.055,422,67.34177,4320,11,3.929688,145.60938,178.6953,578.8945,10
3240.055,421,64.39394,4320,12,3.929688,145.60938,179.5938,577.9961,10
3240.055,421,65.0,4320,8,3.929688,145.60938,180.9453,576.6445,10
3240.055,421,59.84848,4352,12,3.929688,145.60938,176.5859,581.0039,10
3240.055,421,60.4534,4352,9,3.929688,145.60938,177.1406,580.4492,10
3240.055,421,66.66667,4352,13,3.929688,145.60938,178.2422,579.3477,10
3240.055,421,73.86935,4352,11,3.929688,145.60938,179.6875,577.9023,10
3240.055,421,71.21212,4352,9,3.929688,145.60938,179.5078,578.082,10
3240.055,421,68.51385,4352,7,3.929688,145.60938,175.6797,581.9102,10
3240.055,421,70.27708,4352,10,3.929688,145.60938,180.1992,577.3906,10
3240.055,421,73.23232,4384,18,3.929688,145.60938,175.3008,582.2891,10
3240.055,421,68.27411,4384,8,3.929688,145.60938,171.4414,586.1484,10
3240.055,421,71.42857,4384,8,3.929688,145.60938,173.4414,584.1484,10
3240.055,421,72.0403,4384,12,3.929688,145.60938,175.5664,582.0234,10
3240.055,421,71.75573,4384,13,3.929688,145.60938,177.1484,580.4414,10
3240.055,421,72.91139,4384,13,3.929688,145.60938,174.6875,582.9023,10
3240.055,421,72.84264,4384,17,3.929688,145.60938,175.25,582.3398,10
3240.805,423,67.60204,4384,13,3.929688,145.60938,177.2188,580.3711,10
3240.055,421,73.14578,4384,13,3.929688,145.60938,172.875,584.7148,10
3240.055,421,70.73791,4384,12,3.929688,145.60938,175.4922,582.0977,10
3240.055,421,70.66327,4384,11,3.929688,145.60938,174.0273,583.5625,10
3240.055,421,71.17347,4384,8,3.929688,145.60938,172.8281,584.7617,10
3240.055,421,74.55919,4384,14,3.929688,145.60938,173.2969,584.293,10
3240.055,421,73.92405,4384,7,3.929688,145.60938,172.6211,584.9688,10
3240.055,421,72.84264,4384,12,3.929688,145.60938,170.4375,587.1523,10
3240.055,421,70.78086,4384,11,3.929688,145.60938,177.8438,579.7461,10
3240.055,421,72.22222,4384,11,3.929688,145.60938,175.4102,582.1797,10
3240.055,421,69.2112,4384,10,3.929688,145.60938,171.8008,585.7891,10
3240.055,421,73.11558,4384,12,3.929688,145.60938,174.418,583.1719,10
3240.055,421,70.1005,4384,10,3.929688,145.63281,179.293,578.2734,10
3240.055,421,68.17043,4384,13,3.929688,145.63281,175.5195,582.0469,10
3240.055,421,69.11392,4384,10,3.929688,145.63281,177.1797,580.3867,10
3240.055,421,68.01008,4384,9,3.929688,145.63281,174.4727,583.0938,10
3240.055,421,69.7733,4384,12,3.929688,145.63281,171.8555,585.7109,10
3240.055,421,58.43829,4384,11,3.929688,145.63281,172.25,585.3164,10
3240.055,421,62.2449,4384,8,3.929688,145.63281,178.8477,578.7188,10
3240.055,421,66.92112,4384,8,3.929688,145.63281,174.2305,583.3359,10
3240.055,421,71.09974,4384,9,3.929688,145.63281,177.0547,580.5117,10
3240.055,421,70.81218,4384,10,3.929688,145.63281,174.5938,582.9727,10
3240.055,421,69.66581,4384,10,3.929688,145.63281,174.2578,583.3086,10
3240.055,421,74.68354,4384,13,3.929688,145.63281,176.1875,581.3789,10
3240.055,421,73.23232,4384,14,3.929688,145.63281,171.9688,585.5977,10
3240.055,421,67.5063,4384,8,3.929688,145.63281,178.3984,579.168,10
3240.055,421,71.89873,4384,9,3.929688,145.63281,175.0781,582.4883,10
3240.055,421,69.74359,4384,9,3.929688,145.63281,177.5039,580.0625,10
3240.055,421,71.3198,4384,13,3.929688,145.63281,174.875,582.6914,10
3240.055,421,67.68448,4384,13,3.929688,145.63281,172.6875,584.8789,10
3240.055,421,72.43108,4384,16,3.929688,145.63281,179.1328,578.4336,10
3240.055,421,68.86076,4352,9,3.929688,145.63281,174.6211,582.9453,10
3240.055,421,70.25641,4352,13,3.929688,145.63281,176.2422,581.3242,10
3240.055,420,71.8593,4352,10,3.9375,145.625,175.5859,581.9805,10
3240.055,420,70.98446,4352,8,3.9375,145.63281,178.0859,579.4727,10
3240.055,420,71.02564,4352,12,3.9375,145.63281,174.3945,583.1641,10
3240.055,420,73.35025,4352,12,3.9375,145.63281,176.2461,581.3125,10
3240.055,420,71.5736,4352,10,3.9375,145.63281,173.5664,583.9922,10
3240.055,420,70.02519,4352,9,3.9375,145.63281,174.8906,582.668,10
3240.055,420,71.24682,4352,10,3.9375,145.63281,173.1992,584.3594,10
3240.055,420,74.24242,4352,23,3.9375,145.63281,175.1172,582.4414,10
3240.07,420,70.15306,4352,9,3.9375,145.63281,176.6211,580.9375,10
3240.055,420,70.12658,4352,11,3.9375,145.63281,177.625,579.9336,10
3240.055,421,70.42607,4352,16,3.9375,145.63281,174.0156,583.543,10
3240.055,421,71.17794,4352,8,3.9375,145.63281,174.3945,583.1641,10
3240.055,421,69.03553,4352,12,3.945312,145.63281,175.3164,582.2344,10
3240.055,421,70.78086,4352,11,3.945312,145.63281,174.6914,582.8594,10
3240.055,421,63.90977,4352,14,3.945312,145.63281,171.8203,585.7305,10
3240.055,421,60.15038,4320,13,3.945312,145.63281,176.3008,581.25,10
3240.055,421,68.19338,4320,12,3.945312,145.63281,176.9492,580.6016,10
3240.055,421,71.50127,4320,12,3.945312,145.63281,176.6797,580.8711,10
3240.055,421,67.51918,4352,10,3.945312,145.63281,173.5352,584.0156,10
3240.055,421,70.88608,4352,5,3.945312,145.63281,177.1055,580.4453,10
3240.055,421,69.62025,4352,11,3.945312,145.63281,173.2266,584.3242,10
3240.055,421,70.69409,4352,9,3.945312,145.63281,175.9609,581.5898,10
3240.055,421,70.30457,4352,9,3.945312,145.63281,171.3984,586.1523,10
3240.055,421,72.33503,4352,15,3.945312,145.63281,171.4648,586.0859,10
3240.055,421,72.51908,4352,9,3.945312,145.63281,175.1797,582.3711,10
3240.055,421,72.82051,4352,12,3.945312,145.63281,172.6523,584.8984,10
3240.055,421,74.81108,4352,9,3.945312,145.63281,175.707,581.8438,10
3240.055,421,74.24242,4352,9,3.945312,145.63281,176.8516,580.6992,10
3240.055,421,67.68448,4352,16,3.945312,145.63281,179.3984,578.1523,10
3240.055,421,70.73791,4352,10,3.945312,145.63281,174.3945,583.1562,10
3240.055,421,70.02519,4352,9,3.953125,145.63281,175.9805,581.5625,10
3240.055,421,73.5369,4352,14,3.953125,145.63281,174.9023,582.6406,10
3240.055,421,71.03275,4352,12,3.953125,145.63281,176.1953,581.3477,10
3240.055,421,70.73791,4352,12,3.953125,145.63281,172.5547,584.9883,10
3240.055,421,71.64557,4352,13,3.953125,145.63281,174.4648,583.0781,10
3240.055,421,71.5736,4352,7,3.953125,145.63281,171.7891,585.7539,10
3240.055,422,75.12563,4352,12,3.953125,145.63281,173.4023,584.1406,10
3240.055,422,72.43108,4352,12,3.953125,145.63281,177.7539,579.7891,10
3240.055,422,68.44784,4384,11,3.953125,145.63281,177.5742,579.9688,10
3240.055,422,69.46565,4384,9,3.953125,145.63281,174.1055,583.4375,10
3240.055,422,65.48223,4384,9,3.953125,145.63281,171.668,585.875,10
3240.055,422,69.19192,4384,13,3.953125,145.63281,172.5742,584.9688,10
3240.055,422,67.08543,4384,11,3.953125,145.63281,171.0195,586.5234,10
3240.055,422,66.83292,4384,12,3.953125,145.63281,177.7539,579.7891,10
3240.055,422,63.47607,4384,15,3.953125,145.63281,173.2148,584.3281,10
3240.055,422,61.05528,4384,11,3.953125,145.63281,175.3086,582.2344,10
3240.055,422,55.25,4384,9,3.960938,145.63281,177.6836,579.8516,10
3240.055,422,67.25441000000001,4384,12,3.960938,145.63281,174.0703,583.4648,10
3240.055,422,74.61929,4384,16,3.960938,145.63281,176.0469,581.4883,10
3240.055,422,70.63291,4352,15,3.960938,145.63281,175.1055,582.4297,10
3240.055,422,72.33503,4352,11,3.960938,145.63281,171.7539,585.7812,10
3240.07,422,70.81218,4352,9,3.960938,145.63281,175.1641,582.3711,10
3240.055,422,70.30457,4352,12,3.960938,145.63281,177.5508,579.9844,10
3240.055,422,73.92405,4352,12,3.960938,145.63281,174.3242,583.2109,10
3240.055,422,70.73791,4352,9,3.960938,145.63281,175.3359,582.1992,10
3240.055,422,69.30946,4352,15,3.960938,145.63281,171.4805,586.0547,10
3240.055,423,71.50127,4352,10,3.960938,145.63281,178.5742,578.9609,10
3240.055,423,72.08122,4352,14,3.960938,145.63281,174.5,583.0352,10
3240.055,423,70.30457,4352,17,3.960938,145.63281,182.6172,574.918,10
3240.055,423,69.11392,4352,9,3.960938,145.64453,177.7852,579.7383,10
3240.055,423,74.13793,4352,16,3.960938,145.64453,173.4375,584.0859,10
3240.07,423,74.80519,4352,10,3.960938,145.64453,174.4336,583.0898,10
3240.055,423,71.9697,4352,12,3.960938,145.64453,176.8516,580.6719,10
3240.055,423,70.78086,4352,12,3.960938,145.64453,174.0664,583.457,10
3240.055,423,75.31486,4352,10,3.960938,145.64453,180.457,577.0664,10
3240.055,423,74.87437,4352,12,3.960938,145.64453,177.3125,580.2109,10
3240.07,423,69.52141,4352,15,3.960938,145.64453,175.25,582.2734,10
3240.055,423,70.40816,4352,12,3.960938,145.64453,172.6523,584.8711,10
3240.055,423,77.15736,4352,12,3.960938,145.64453,179.1445,578.3789,10
3240.055,423,72.0403,4352,11,3.960938,145.64453,178.2852,579.2383,10
3240.055,423,67.00252,4352,13,3.96875,145.63672,174.1328,583.3906,10
3240.055,423,70.35176,4352,11,3.96875,145.64453,171.4414,586.0742,10
3240.055,422,68.84422,4352,10,3.96875,145.64453,178.9102,578.6055,10
3240.055,422,66.5,4352,14,3.96875,145.64453,179.6094,577.9062,10
3240.055,422,62.65664,4352,10,3.96875,145.64453,178.9766,578.5391,10
3240.055,422,64.81013,4352,12,3.96875,145.64453,178.668,578.8477,10
3240.055,422,60.80402,4352,12,3.96875,145.64453,178.7969,578.7188,10
3240.055,422,62.27848,4352,8,3.96875,145.64453,179.3555,578.1602,10
3240.055,422,71.8593,4320,12,3.96875,145.64453,179.7891,577.7266,10
3240.055,422,75.75758,4352,8,3.96875,145.64453,175.9609,581.5547,10
3240.055,422,75.8794,4352,9,3.96875,145.64453,177.6641,579.8516,10
3240.055,422,75.25253,4352,10,3.96875,145.64453,174.6719,582.8438,10
3240.055,422,76.14213,4352,14,3.96875,145.64453,176.9727,580.543,10
3240.055,422,70.85427,4352,9,3.96875,145.64453,175.0586,582.457,10
3240.055,422,70.69409,4352,18,3.96875,145.64453,173.0625,584.4531,10
3240.055,422,69.38776,4352,10,3.96875,145.64453,178.9922,578.5234,10
3240.055,422,66.58228,4352,11,3.96875,145.64453,179.3828,578.1328,10
3240.055,422,71.5736,4352,13,3.96875,145.64453,177.3477,580.168,10
3240.055,422,72.37852,4352,11,3.96875,145.64453,175.7617,581.7539,10
3240.07,422,71.50127,4352,13,3.96875,145.64453,179.0508,578.4648,10
3240.055,422,69.67419,4352,12,3.96875,145.64453,176.8984,580.6172,10
3240.07,422,70.48346,4352,6,3.96875,145.64453,172.4062,585.1094,10
3240.055,422,70.12658,4352,19,3.96875,145.64453,173.918,583.5977,10
3240.055,422,69.2112,4352,8,3.96875,145.64453,175.2812,582.2344,10
3240.055,422,69.69697,4352,12,3.96875,145.64453,172.75,584.7656,10
3240.055,422,70.1005,4352,12,3.96875,145.64453,178.7852,578.7305,10
3240.055,422,73.73737,4352,6,3.976562,145.63672,173.9648,583.5508,10
3240.055,422,76.32242,4352,12,3.976562,145.64453,175.1211,582.3867,10
3240.055,422,74.17722,4352,11,3.976562,145.64453,176.2773,581.2305,10
3240.055,422,72.1519,4352,11,3.976562,145.64453,177.2773,580.2305,10
3240.055,422,73.48485,4352,10,3.976562,145.64453,178.875,578.6328,10
3240.055,422,70.81218,4352,14,3.976562,145.64453,175.3633,582.1445,10
3240.055,422,70.52897,4352,8,3.976562,145.64453,173.3828,584.125,10
3240.055,422,67.26343,4352,8,3.976562,145.64453,174.1094,583.3984,10
3240.055,422,68.59296,4352,11,3.976562,145.64453,173.7812,583.7266,10
3240.055,422,66.49874,4352,10,3.976562,145.64453,176.0078,581.5,10
3240.055,422,63.29114,4352,10,3.976562,145.64453,174.0117,583.4961,10
3240.055,421,57.57576,4352,14,3.976562,145.64453,170.5312,586.9766,10
3240.055,421,62.62626,4352,11,3.976562,145.64453,176.9766,580.5312,10
3240.055,421,70.48346,4352,10,3.976562,145.64453,173.3555,584.1523,10
3240.055,421,70.30457,4352,14,3.976562,145.64453,181.8984,575.6094,10
3240.055,421,72.5641,4352,8,3.976562,145.64453,179.2188,578.2891,10
3240.055,421,70.81218,4352,11,3.976562,145.64453,175.8828,581.625,10
3240.055,421,72.51908,4352,12,3.976562,145.64453,178.4492,579.0586,10
3240.055,421,70.12658,4352,7,3.976562,145.64453,174.5547,582.9531,10
3240.055,421,71.64557,4352,10,3.976562,145.64453,176.2148,581.293,10
3240.844,424,68.87755,4352,10,3.976562,145.64453,176.9336,580.5742,10
3240.055,421,70.84399,4352,12,3.976562,145.64453,180.8125,576.6953,10
3240.055,421,67.93893,4352,11,3.976562,145.64453,176.6289,580.8789,10
3240.055,421,71.78841,4352,10,3.976562,145.64453,174.6484,582.8594,10
3240.055,421,68.0203,4352,10,3.976562,145.64453,177.8945,579.6133,10
3240.055,421,71.17347,4352,12,3.976562,145.64453,173.8906,583.6172,10
3240.055,421,71.82741,4352,11,3.976562,145.64453,181.4258,576.082,10
3240.055,421,73.23232,4352,7,3.976562,145.64453,176.832,580.6758,10
3240.055,421,73.36683,4352,11,3.976562,145.64453,172.7578,584.75,10
3240.055,421,76.33588,4352,7,3.976562,145.64453,173.7695,583.7383,10
3240.055,421,69.54315,4352,11,3.976562,145.64453,174.0664,583.4414,10
3240.055,421,68.09045,4352,9,3.976562,145.64453,176.8828,580.625,10
3240.055,421,71.10553,4352,15,3.976562,145.64453,174.2578,583.25,10
3240.055,421,68.59296,4352,13,3.976562,145.64453,180.1094,577.3984,10
3240.055,421,58.95522,4352,13,3.976562,145.64453,179.207,578.3008,10
3240.055,421,60.25316,4352,12,3.976562,145.64453,175.8047,581.7031,10
3240.055,421,66.83673,4352,8,3.976562,145.64453,177.2656,580.2422,10
3240.055,421,73.40153,4352,9,3.976562,145.64453,179.1953,578.3125,10
3240.055,421,73.5369,4352,13,3.976562,145.64453,176.1055,581.4023,10
3240.055,421,74.11168,4352,11,3.976562,145.64453,176.5938,580.9141,10
3240.055,421,72.47475,4352,10,3.976562,145.64453,171.043,586.4648,10
3240.055,421,73.14578,4352,12,3.976562,145.64453,172.4883,585.0195,10
3240.055,421,75.0,4352,12,3.976562,145.64453,167.9258,589.582,10
3240.055,421,70.48346,4352,12,3.976562,145.64453,171.3281,586.1797,10
3240.055,421,71.3555,4352,13,3.984375,145.64453,178.8906,578.6094,10
3240.055,421,72.79597,4352,13,3.984375,145.64453,176.375,581.125,10
3240.055,421,76.26263,4352,11,3.984375,145.64453,173.6875,583.8125,10
3240.055,421,77.27273,4352,10,3.984375,145.64453,175.0625,582.4375,10
3240.055,421,70.37975,4352,12,3.984375,145.64453,176.9961,580.5039,10
3240.055,421,70.22901,4352,9,3.984375,145.64453,175.6875,581.8125,10
3240.055,421,73.45361,4352,17,3.984375,145.64453,176.3789,581.1211,10
3240.055,421,72.1519,4352,9,3.984375,145.64453,178.2344,579.2656,10
3240.055,421,73.61809,4352,8,3.984375,145.64453,174.5625,582.9375,10
3240.055,421,71.75573,4352,15,3.984375,145.64453,176.0781,581.4219,10
3240.055,421,69.03553,4352,10,3.984375,145.64453,177.8555,579.6445,10
3240.055,421,72.11055,4352,13,3.984375,145.64453,174.2188,583.2812,10
3240.055,421,69.79695,4352,9,3.984375,145.64453,179.2852,578.2148,10
3240.07,421,72.33503,4352,12,3.984375,145.64453,178.2539,579.2461,10
3240.055,421,70.30457,4384,13,3.984375,145.64453,175.9297,581.5703,10
3240.055,421,71.53652,4384,15,3.984375,145.64453,174.7969,582.7031,10
3240.055,421,70.81218,4384,10,3.984375,145.64453,175.5273,581.9727,10
3240.055,421,70.17995,4384,14,3.984375,145.64453,172.3711,585.1289,10
3240.055,421,71.46465,4384,11,3.984375,145.64453,177.2578,580.2422,10
3240.055,421,67.51269,4384,10,3.984375,145.64453,178.8516,578.6484,10
3240.055,421,62.53102,4384,10,3.984375,145.64453,175.3125,582.1875,10
3240.055,421,60.10101,4384,9,3.984375,145.64453,172.1172,585.3828,10
3240.055,421,58.89724,4384,10,3.984375,145.64453,178.4414,579.0586,10
3240.055,421,70.84399,4384,17,3.984375,145.64453,176.2539,581.2461,10
3240.055,418,72.33503,4352,9,3.984375,145.64453,177.2461,580.2539,10
3240.055,419,76.0101,4352,11,3.984375,145.64453,173.9375,583.5625,10
3240.055,419,72.01018,4352,12,3.992188,145.63672,171.9688,585.5312,10
3240.055,419,72.33503,4352,13,3.992188,145.64453,178.2695,579.2227,10
3240.055,419,73.16456,4352,8,3.992188,145.64453,176.0938,581.3984,10
3240.055,419,72.26463,4352,12,3.992188,145.64453,176.3438,581.1484,10
3240.055,419,70.37975,4352,17,3.992188,145.64453,176.3281,581.1641,10
3240.055,419,75.31807,4352,6,3.992188,145.64453,172.7617,584.7305,10
3240.055,419,73.16456,4352,15,3.992188,145.64453,174.2148,583.2773,10
3240.055,419,72.91139,4352,8,3.992188,145.64453,170.5547,586.9375,10
3240.055,421,66.58228,4352,19,3.992188,145.64453,178.3242,579.168,10
3240.055,421,68.27411,4352,8,3.992188,145.64453,174.8789,582.6133,10
3240.055,421,70.07673,4352,8,3.992188,145.64453,175.4336,582.0586,10
3240.055,421,72.29219,4352,11,3.992188,145.64453,176.8125,580.6797,10
3240.055,421,69.87342,4352,13,3.992188,145.64453,181.9727,575.5195,10
3240.055,421,67.34694,4352,8,3.992188,145.67969,176.1055,581.3516,10
3240.055,421,70.99237,4352,14,3.992188,145.67969,172.7695,584.6875,10
3240.055,421,70.88608,4352,12,3.992188,145.67969,175.1289,582.3281,10
3240.055,421,70.58824,4352,12,3.992188,145.67969,176.0117,581.4453,10
3240.055,421,71.42857,4352,9,3.992188,145.67969,174.0938,583.3633,10
3240.055,421,67.00508,4352,8,4.0,145.67969,173.7227,583.7266,10
3240.055,421,74.0,4352,13,4.0,145.67969,178.6211,578.8281,10
3240.055,421,69.44444,4352,9,4.0,145.67969,176.543,580.9062,10
3240.055,421,71.8593,4352,9,4.0,145.67969,178.2617,579.1875,10
3240.055,421,70.9596,4352,12,4.0,145.67969,176.7617,580.6875,10
3240.055,421,67.00252,4352,13,4.0,145.67969,176.8477,580.6016,10
3240.055,421,64.0,4352,9,4.0,145.67969,178.8984,578.5508,10
3240.055,421,65.41353,4352,9,4.0,145.67969,174.3047,583.1445,10
3240.07,421,56.92695,4352,11,4.0,145.67969,176.2695,581.1797,10
3240.055,421,64.05063,4352,12,4.0,145.67969,174.2344,583.2148,10
3240.055,421,69.54315,4352,19,4.0,145.67969,179.7539,577.6953,10
3240.055,421,71.17347,4352,7,4.0,145.67969,175.6914,581.7578,10
3240.055,421,74.18546,4352,9,4.0,145.67969,176.6211,580.8281,10
3240.055,421,74.11168,4352,9,4.0,145.67969,177.1328,580.3164,10
3240.055,421,68.81443,4352,11,4.0,145.67969,179.0898,578.3594,10
3240.055,421,69.36709,4384,18,4.0,145.67969,174.7266,582.7227,10
3240.055,421,75.76531,4384,11,4.0,145.67969,177.0078,580.4414,10
3240.055,421,71.42857,4352,9,4.0,145.67969,176.7109,580.7383,10
3240.055,421,67.92929,4352,11,4.0,145.67969,178.0938,579.3555,10
3240.055,421,70.48346,4352,15,4.0,145.67969,178.2617,579.1875,10
3240.055,421,69.13265,4352,12,4.0,145.67969,175.3086,582.1406,10
3240.055,421,73.67089,4352,11,4.0,145.67969,176.8555,580.5938,10
3240.055,421,70.75,4352,8,4.0,145.67969,178.7227,578.7266,10
3240.055,421,74.55471,4352,12,4.0,145.67969,180.1406,577.3086,10
3240.055,421,68.59296,4352,9,4.0,145.67969,175.8203,581.6289,10
3240.055,421,71.8593,4384,10,4.0,145.67969,177.7148,579.7344,10
3240.055,421,70.52897,4384,17,4.007812,145.67969,174.8203,582.6211,10
3240.055,421,70.84399,4384,11,4.007812,145.67969,171.9102,585.5312,10
3240.055,421,70.91837,4384,11,4.007812,145.67969,174.7734,582.668,10
3240.055,421,70.61856,4384,11,4.007812,145.67969,170.9141,586.5273,10
3240.055,421,69.03553,4384,13,4.007812,145.67969,173.6289,583.8125,10
3240.055,421,72.40506,4384,8,4.007812,145.67969,173.3203,584.1211,10
3240.055,421,71.50127,4384,10,4.007812,145.67969,177.7344,579.707,10
3240.055,421,68.86076,4384,11,4.007812,145.67969,173.5234,583.918,10
3240.055,421,70.73791,4384,9,4.007812,145.67969,173.7578,583.6836,10
3240.055,421,68.82793,4384,15,4.007812,145.67969,174.8867,582.5547,10
3240.055,421,68.60759,4384,7,4.007812,145.67969,181.0469,576.3945,10
3240.055,421,63.5468,4384,12,4.007812,145.67969,177.0547,580.3867,10
3240.055,421,61.69154,4384,10,4.007812,145.67969,178.6445,578.7969,10
3240.055,421,62.71605,4384,8,4.007812,145.67969,177.6719,579.7695,10
3240.055,421,68.93939,4384,11,4.007812,145.67969,175.4219,582.0195,10
3240.055,421,70.78086,4384,11,4.007812,145.67969,175.9375,581.5039,10
3240.055,421,73.5,4384,11,4.007812,145.67969,176.375,581.0664,10
3240.055,421,74.74747,4384,9,4.015625,145.67578,177.6797,579.7578,10
3240.055,421,73.67089,4384,10,4.015625,145.67969,173.8516,583.582,10
3240.055,421,73.21429,4384,15,4.015625,145.67969,175.2344,582.1992,10
3240.055,421,72.65823,4384,8,4.015625,145.67969,178.0547,579.3789,10
3240.055,421,72.95918,4384,8,4.015625,145.67969,177.5078,579.9258,10
3240.055,421,73.35025,4352,15,4.015625,145.67969,175.2656,582.168,10
3240.055,421,73.28244,4352,13,4.015625,145.67969,177.0078,580.4258,10
3240.055,421,74.75,4352,10,4.015625,145.67969,172.6602,584.7734,10
3240.055,421,69.62025,4352,9,4.015625,145.67969,175.0273,582.4062,10
3240.055,421,72.08122,4352,11,4.015625,145.67969,172.9492,584.4844,10
3240.055,421,71.71717,4352,10,4.015625,145.67969,176.1328,581.3008,10
3240.055,421,74.68354,4352,10,4.015625,145.67969,173.0156,584.418,10
3240.055,421,73.28244,4352,7,4.015625,145.67969,174.7695,582.6641,10
3240.055,421,72.36181,4352,17,4.015625,145.67969,180.332,577.1016,10
3240.055,421,72.19388,4352,13,4.015625,145.67969,181.0547,576.3789,10
3240.055,421,73.73737,4352,13,4.015625,145.67969,178.4023,579.0312,10
3240.055,421,73.33333,4352,12,4.015625,145.67969,173.6484,583.7852,10
3240.055,421,72.26463,4352,14,4.015625,145.73828,176.6211,580.7539,10
3240.055,421,71.82741,4352,15,4.015625,145.73828,176.957,580.418,10
3240.055,421,70.99237,4352,9,4.015625,145.73828,174.9492,582.4258,10
3240.055,421,72.29219,4352,10,4.015625,145.73828,174.9453,582.4297,10
3240.055,421,67.93893,4352,14,4.015625,145.73828,172.9219,584.4531,10
3240.055,421,71.71717,4352,11,4.015625,145.73828,169.7422,587.6328,10
3240.055,421,70.91837,4320,11,4.015625,145.73828,171.4062,585.9688,10
3240.07,421,67.92929,4320,22,4.015625,145.73828,173.1094,584.2656,10
3240.055,421,63.22418,4320,16,4.015625,145.73828,175.2656,582.1094,10
3240.055,421,61.80905,4320,9,4.015625,145.73828,174.1602,583.2148,10
3240.055,421,62.87879,4320,11,4.015625,145.73828,172.0742,585.3008,10
3240.055,421,70.25641,4320,11,4.015625,145.73828,171.2383,586.1367,10
3240.055,421,72.9798,4352,7,4.015625,145.73828,173.3125,584.0625,10
3240.055,421,74.05542,4352,18,4.015625,145.73828,176.1055,581.2695,10
3240.055,421,71.4653,4352,11,4.015625,145.73828,177.9961,579.3789,10
3240.055,421,69.01763,4352,9,4.015625,145.73828,176.8555,580.5195,10
3240.055,421,69.84925,4352,8,4.015625,145.73828,172.1797,585.1953,10
3240.055,421,69.07216,4352,8,4.015625,145.73828,178.5469,578.8281,10
3240.055,421,70.52897,4352,9,4.015625,145.73828,177.3906,579.9844,10
3240.055,421,71.35678,4352,10,4.015625,145.73828,175.3125,582.0625,10
3240.055,421,71.53652,4352,9,4.015625,145.73828,176.5625,580.8125,10
3240.055,421,72.44898,4352,13,4.015625,145.73828,171.9766,585.3984,10
3240.055,421,70.40816,4352,10,4.015625,145.73828,179.1875,578.1875,10
3240.055,421,74.43038,4352,11,4.015625,145.73828,175.6328,581.7422,10
3240.055,421,69.75,4352,11,4.015625,145.73828,180.0625,577.3125,10
3240.055,421,70.37975,4352,11,4.015625,145.73828,180.5664,576.8086,10
3240.055,421,70.12658,4352,9,4.015625,145.73828,176.8672,580.5078,10
3240.055,421,73.14578,4352,13,4.023438,145.73828,173.5312,583.8359,10
3240.055,421,71.53652,4352,10,4.023438,145.73828,175.3828,581.9844,10
3240.055,421,72.01018,4352,16,4.023438,145.73828,172.9531,584.4141,10
3240.055,421,70.35176,4352,10,4.023438,145.73828,175.832,581.5352,10
3240.055,421,71.82741,4352,9,4.023438,145.73828,177.957,579.4102,10
3240.055,421,67.51918,4352,11,4.023438,145.73828,176.8633,580.5039,10
3240.055,421,71.50127,4352,10,4.023438,145.73828,173.1875,584.1797,10
3240.055,421,71.09974,4352,11,4.023438,145.73828,171.2422,586.125,10
3240.055,421,69.34673,4352,8,4.023438,145.73828,181.5664,575.8008,10
3240.055,421,70.25,4352,8,4.03125,145.73828,177.4531,579.9062,10
3240.055,421,65.15152,4352,12,4.03125,145.73828,176.8086,580.5508,10
3240.055,421,65.81633,4352,12,4.03125,145.73828,173.6914,583.668,10
3240.055,421,63.35878,4352,11,4.03125,145.73828,174.8242,582.5352,10
3240.055,421,57.64411,4352,14,4.03125,145.73828,183.1367,574.2227,10
3240.055,421,66.41414,4352,10,4.03125,145.73828,177.0117,580.3477,10
3240.055,421,72.54408,4352,12,4.039062,145.73047,172.9375,584.4219,10
3240.055,421,72.1519,4352,15,4.039062,145.73828,173.0547,584.2969,10
3240.055,421,74.42455,4352,10,4.039062,145.73828,175.6641,581.6875,10
3240.055,421,67.42424,4352,11,4.039062,145.73828,177.2461,580.1055,10
3240.055,421,69.89796,4352,9,4.039062,145.73828,173.3164,584.0352,10
3240.055,421,73.52185,4352,11,4.039062,145.73828,177.7344,579.6172,10
3240.055,421,67.69231,4352,6,4.039062,145.73828,173.5938,583.7578,10
3240.055,421,68.78173,4352,8,4.039062,145.73828,175.0625,582.2891,10
3240.055,421,72.9798,4352,11,4.039062,145.73828,173.2031,584.1484,10
3240.055,421,70.45455,4352,12,4.039062,145.73828,176.6133,580.7383,10
3240.055,421,69.28934,4352,14,4.039062,145.73828,173.6758,583.6758,10
3240.055,421,70.52897,4352,17,4.039062,145.73828,175.1914,582.1602,10
3240.055,421,71.03275,4352,13,4.039062,145.73828,178.3672,578.9844,10
3240.055,421,75.0,4352,8,4.039062,145.73828,174.0898,583.2617,10
3240.055,421,71.8593,4352,7,4.039062,145.73828,175.6406,581.7109,10
3240.055,421,74.55471,4352,21,4.039062,145.73828,175.7031,581.6484,10
3240.055,421,76.4557,4352,13,4.039062,145.73828,176.1797,581.1719,10
3240.055,421,71.53652,4352,8,4.039062,145.73828,177.8867,579.4648,10
3240.055,421,70.58824,4352,8,4.039062,145.73828,174.6367,582.7148,10
3240.055,421,69.87342,4352,11,4.039062,145.73828,173.0781,584.2734,10
3240.055,421,72.70408,4352,12,4.039062,145.73828,171.8281,585.5234,10
3240.055,421,70.85427,4352,12,4.039062,145.73828,173.7305,583.6211,10
3240.055,421,73.04786,4352,12,4.039062,145.73828,172.3906,584.9609,10
3240.055,421,69.92481,4352,16,4.039062,145.73828,175.1797,582.1719,10
3240.055,421,66.83544,4352,13,4.039062,145.73828,171.6836,585.668,10
3240.055,421,67.5,4352,11,4.039062,145.73828,176.8242,580.5273,10
3240.055,420,68.76574,4352,13,4.039062,145.73828,174.1055,583.2461,10
3240.055,420,64.1604,4352,16,4.039062,145.73828,172.3945,584.957,10
3240.055,420,60.4534,4352,13,4.039062,145.73828,178.5234,578.8281,10
3240.055,420,57.43073,4352,14,4.039062,145.73828,175.8711,581.4805,10
3240.055,420,67.66917,4352,9,4.039062,145.73828,176.043,581.3086,10
3240.055,420,72.0403,4352,14,4.039062,145.73828,176.7461,580.6055,10
3240.055,420,71.5736,4352,8,4.039062,145.73828,172.4141,584.9375,10
3240.055,420,70.37975,4352,10,4.039062,145.73828,170.8906,586.4609,10
3240.055,420,73.67089,4352,13,4.039062,145.73828,176.9805,580.3711,10
3240.055,420,70.9596,4352,9,4.039062,145.73828,171.4297,585.9219,10
3240.055,420,73.36683,4352,14,4.039062,145.73828,175.1406,582.2109,10
3240.055,420,67.52577,4352,8,4.039062,145.73828,177.6758,579.6758,10
3240.055,420,70.9596,4352,7,4.039062,145.73828,175.6875,581.6641,10
3240.055,420,76.39594,4352,8,4.039062,145.73828,170.8828,586.4688,10
