audio_classification_rpi_mem.committed_Committed_AS,audio_classification_rpi_system.active_processes_active,audio_classification_rpi_system.cpu_user,audio_classification_rpi_system.file_nr_used_used,audio_classification_rpi_system.processes_running,audio_classification_rpi_system.ram_buffers,audio_classification_rpi_system.ram_cached,audio_classification_rpi_system.ram_free,audio_classification_rpi_system.ram_used,Target
3177.258,434,11.519608,4576,2,1.5859375,252.9766,141.25,511.3164,5
3177.258,434,9.278351,4576,2,1.5859375,252.9766,141.25,511.3164,5
3177.258,434,10.966057,4576,2,1.5859375,252.9766,141.25,511.3164,5
3177.258,434,8.78553,4576,2,1.5859375,252.9766,141.25,511.3164,5
3177.258,434,11.311054,4576,2,1.5859375,252.9766,141.25,511.3164,5
3177.258,434,11.633663,4576,2,1.5859375,252.9766,141.25,511.3164,5
3177.258,434,10.864198,4576,3,1.5859375,253.0273,141.25,511.2656,5
3177.258,434,11.27451,4576,4,1.5859375,253.0273,141.25,511.2656,5
3177.258,434,10.075567,4576,2,1.5859375,253.0273,141.25,511.2656,5
3177.258,434,8.974359,4576,3,1.5859375,253.0273,141.25,511.2656,5
3177.258,434,6.994819,4576,2,1.5859375,253.0273,141.25,511.2656,5
3177.258,434,9.230769,4576,3,1.5859375,253.0273,141.00391,511.5117,5
3177.258,434,11.91067,4576,3,1.5859375,253.0273,140.75781,511.7578,5
3177.258,434,11.25,4576,2,1.5859375,253.0273,140.75781,511.7578,5
3177.258,434,12.345679,4576,3,1.5859375,253.0273,140.75781,511.7578,5
3177.258,434,11.219512,4576,2,1.5859375,253.0273,140.75781,511.7578,5
3177.258,434,13.366337,4576,2,1.5859375,253.0273,140.75781,511.7578,5
3177.258,434,10.025707,4576,3,1.5859375,253.0273,140.51172,512.0039,5
3177.258,434,12.02046,4576,2,1.5859375,253.0273,140.51172,512.0039,5
3177.258,434,10.152284,4576,3,1.5859375,253.0273,140.51172,512.0039,5
3177.258,434,12.406948,4576,2,1.5859375,253.0273,140.51172,512.0039,5
3177.258,434,11.111111,4576,3,1.5859375,253.0273,140.26562,512.25,5
3177.258,434,10.948905,4576,2,1.59375,253.0195,140.01953,512.4961,5
3177.258,434,10.687023,4576,2,1.59375,253.0273,140.01953,512.4883,5
3177.258,434,12.189055,4576,2,1.59375,253.0273,140.01953,512.4883,5
3177.258,434,10.204082,4576,3,1.59375,253.0273,140.01953,512.4883,5
3177.258,434,10.379747,4576,2,1.59375,253.0273,140.01953,512.4883,5
3177.258,434,12.531328,4576,4,1.59375,253.0273,139.77344,512.7344,5
3177.258,434,11.940299,4576,4,1.59375,253.0273,139.77344,512.7344,5
3177.258,434,14.146341,4576,2,1.59375,253.0273,139.52734,512.9805,5
3177.258,434,11.358025,4576,2,1.59375,253.0273,139.52734,512.9805,5
3177.258,434,10.0,4576,2,1.59375,253.0273,138.05078,514.457,5
3177.258,434,10.447761,4576,2,1.59375,253.0273,138.05078,514.457,5
3177.258,434,10.913706,4576,3,1.59375,253.0273,138.05078,514.457,5
3177.258,434,15.776081,4576,2,1.59375,253.0273,137.80469,514.7031,5
3177.258,434,11.75,4576,2,1.59375,253.0273,137.80469,514.7031,5
3177.258,434,10.447761,4576,3,1.59375,253.0273,137.80469,514.7031,5
3177.258,434,10.243902,4576,3,1.6015625,253.0195,137.80469,514.7031,5
3177.258,434,11.25,4576,2,1.6015625,253.0273,137.80469,514.6953,5
3177.258,434,10.769231,4576,2,1.6015625,253.0273,137.80469,514.6953,5
3177.258,434,10.421836,4608,2,1.6015625,253.0273,137.55859,514.9414,5
3177.258,434,9.693878,4608,5,1.6015625,253.0273,137.06641,515.4336,5
3177.258,434,11.809045,4608,2,1.976562,254.6289,136.60156,513.9219,5
3177.258,434,12.280702,4608,3,1.914062,248.4336,149.82031,506.9609,5
3177.258,434,14.248705,4608,2,1.921875,248.5039,148.13672,508.5664,5
3177.258,434,9.254499,4608,3,1.921875,248.5117,148.13672,508.5586,5
3177.258,434,11.508951,4608,2,1.921875,248.5273,147.89062,508.7891,5
3177.258,434,9.375,4608,3,1.929688,248.5273,147.89062,508.7812,5
3177.258,434,9.693878,4608,2,1.929688,248.5273,147.64453,509.0273,5
3177.258,434,11.868687,4608,3,1.929688,248.5273,147.64453,509.0273,5
3177.258,434,13.466334,4608,2,1.929688,248.5273,147.64453,509.0273,5
3177.258,434,11.055276,4608,4,1.929688,248.5273,147.59375,509.0781,5
3177.258,434,9.511568,4608,2,1.929688,248.5273,147.64453,509.0273,5
3177.258,434,8.974359,4608,3,1.9375,248.5273,147.64453,509.0195,5
3177.258,434,11.508951,4608,2,1.9375,248.5273,147.64453,509.0195,5
3177.258,434,11.825193,4608,2,1.9375,248.543,147.64453,509.0039,5
3177.258,434,10.741688,4608,2,1.9375,248.5586,147.39844,509.2344,5
3177.258,434,11.928934,4608,3,1.941406,248.5547,147.15234,509.4805,5
3177.258,434,12.189055,4608,2,1.941406,248.5586,147.15234,509.4766,5
3177.258,434,11.75,4608,3,1.945312,248.5547,146.90625,509.7227,5
3177.258,434,10.56701,4608,2,1.945312,248.5742,146.90625,509.7031,5
3177.258,434,9.278351,4608,3,1.945312,248.5742,146.42578,510.1836,5
3177.258,434,9.74359,4608,2,1.945312,248.5742,146.17969,510.4297,5
3177.258,434,8.928571,4608,3,1.945312,248.5742,146.17969,510.4297,5
3177.258,434,10.687023,4608,2,1.945312,248.5742,146.17969,510.4297,5
3177.258,434,12.846348,4608,4,1.945312,248.5781,146.17969,510.4258,5
3177.258,434,10.25,4608,2,1.945312,248.5898,146.42578,510.168,5
3177.258,434,10.075567,4608,3,1.953125,248.5898,146.42578,510.1602,5
3177.258,434,9.090909,4608,2,1.953125,248.5898,146.42578,510.1602,5
3177.258,434,9.350649,4608,3,1.953125,248.5898,146.17969,510.4062,5
3177.258,434,10.25641,4608,2,1.953125,248.5898,146.17969,510.4062,5
3177.258,434,10.969388,4608,2,1.953125,248.5898,146.375,510.2109,5
3177.258,434,9.75,4608,2,1.953125,248.5898,146.42578,510.1602,5
3177.258,434,13.043478,4608,2,1.953125,248.5898,146.42578,510.1602,5
3177.258,434,12.468193,4608,2,1.953125,248.5898,145.93359,510.6523,5
3177.258,434,9.350649,4608,2,1.953125,248.5898,145.93359,510.6523,5
3177.258,434,12.564103,4608,2,1.953125,248.5898,145.93359,510.6523,5
3177.258,434,10.077519,4608,3,1.953125,248.5898,145.6875,510.8984,5
3177.258,434,10.379747,4608,2,1.953125,248.5898,145.6875,510.8984,5
3177.258,434,9.302326,4608,2,1.953125,248.5898,145.93359,510.6523,5
3177.258,434,10.421836,4608,4,1.953125,248.5898,145.93359,510.6523,5
3177.258,434,11.720698,4608,2,1.953125,248.5898,145.93359,510.6523,5
3177.258,435,9.114583,4608,2,1.953125,248.5898,145.63672,510.9492,5
3177.258,435,10.051546,4608,2,1.953125,248.5898,145.6875,510.8984,5
3177.258,435,10.796915,4608,3,1.953125,248.5898,145.88281,510.7031,5
3177.258,435,12.082262,4608,3,1.953125,248.7852,145.6875,510.7031,5
3177.258,435,11.139241,4608,2,1.953125,248.832,145.88281,510.4609,5
3177.258,435,10.051546,4608,2,1.953125,248.832,145.6875,510.6562,5
3177.258,435,11.19403,4608,2,1.953125,248.832,145.88281,510.4609,5
3177.258,435,9.067358,4608,2,1.953125,248.832,146.17969,510.1641,5
3177.258,435,9.302326,4608,2,1.953125,248.832,145.93359,510.4102,5
3177.258,435,9.302326,4608,3,1.960938,248.8242,145.93359,510.4102,5
3177.258,435,14.43038,4608,2,1.960938,248.832,145.6875,510.6484,5
3177.258,435,10.204082,4608,4,1.960938,248.832,145.6875,510.6484,5
3177.258,435,12.690355,4608,2,1.960938,248.832,145.44141,510.8945,5
3177.258,434,10.204082,4608,4,1.960938,248.832,145.19531,511.1406,5
3177.258,434,8.883249,4608,2,1.960938,248.832,145.19531,511.1406,5
3177.258,434,11.85567,4608,2,1.960938,248.832,144.94922,511.3867,5
3177.258,433,10.051546,4608,2,1.960938,248.832,145.19531,511.1406,5
3177.258,433,8.78553,4608,3,1.960938,248.832,145.19531,511.1406,5
3177.258,433,10.43257,4608,2,1.960938,248.832,144.94922,511.3867,5
3177.258,433,10.485934,4608,2,1.960938,248.832,144.45703,511.8789,5
3177.258,433,12.280702,4608,2,1.960938,248.832,144.45703,511.8789,5
3177.258,433,13.106796,4608,2,1.960938,248.832,144.45703,511.8789,5
3177.258,433,10.621762,4608,3,1.96875,248.8242,144.45703,511.8789,5
3177.258,433,9.793814,4608,2,1.96875,248.832,144.45703,511.8711,5
3177.258,433,9.183673,4608,3,1.96875,248.832,144.21094,512.1172,5
3177.258,433,11.25,4608,2,1.96875,248.832,144.21094,512.1172,5
3177.258,433,12.468828,4608,2,1.96875,248.832,144.21094,512.1172,5
3177.258,433,11.519608,4608,2,1.96875,249.1523,144.21094,511.7969,5
3177.258,433,11.764706,4608,4,1.96875,249.1914,144.21094,511.7578,5
3177.258,433,10.050251,4608,2,1.96875,249.1914,144.21094,511.7578,5
3177.258,433,9.302326,4608,2,1.96875,249.1914,144.21094,511.7578,5
3177.258,433,10.796915,4608,2,1.96875,249.1914,144.21094,511.7578,5
3177.258,433,11.508951,4608,2,1.96875,249.1914,144.21094,511.7578,5
3177.258,433,11.471322,4608,2,1.976562,249.1836,143.96484,512.0039,5
3177.258,433,11.471322,4608,2,1.976562,249.1914,143.96484,511.9961,5
3177.258,433,11.25,4608,3,1.976562,249.1914,143.96484,511.9961,5
3177.258,433,13.861386,4608,2,1.976562,249.1914,143.47266,512.4883,5
3177.258,433,12.467532,4608,2,1.976562,249.1914,143.47266,512.4883,5
3177.258,433,10.621762,4608,2,1.976562,249.1914,143.47266,512.4883,5
3177.258,433,10.025707,4576,2,1.976562,249.1914,143.47266,512.4883,5
3177.258,433,9.923664,4576,2,1.976562,249.1914,143.47266,512.4883,5
3177.258,433,11.002445,4576,2,1.976562,249.1914,143.66797,512.293,5
3177.258,433,13.432836,4576,2,1.976562,249.1914,143.71875,512.2422,5
3177.258,433,11.219512,4576,3,1.984375,249.1914,143.71875,512.2344,5
3177.258,433,10.945274,4576,2,1.992188,249.1914,143.71875,512.2266,5
3177.258,433,8.226221,4576,3,1.992188,249.1914,143.71875,512.2266,5
3177.258,433,9.793814,4576,2,1.992188,249.1914,143.71875,512.2266,5
3177.258,433,10.282776,4576,3,1.992188,249.1914,143.96484,511.9805,5
3177.258,433,11.083123,4576,2,1.992188,249.1914,143.71875,512.2266,5
3177.258,433,10.591133,4576,2,1.992188,249.1914,143.71875,512.2266,5
3177.258,433,11.166253,4576,2,2.0,249.1914,143.47266,512.4648,5
3177.258,433,13.202934,4576,2,2.0,249.1914,143.47266,512.4648,5
3177.258,433,13.118812,4576,2,2.0,249.2812,143.22656,512.6211,5
3177.258,433,10.594315,4576,2,2.0,249.2812,143.42188,512.4258,5
3177.258,433,9.693878,4576,2,2.0,249.2812,143.47266,512.375,5
3177.258,433,10.230179,4576,4,2.0,249.2812,143.17578,512.6719,5
3177.258,433,11.720698,4576,2,2.0,249.2812,143.22656,512.6211,5
3177.258,433,11.029412,4576,3,2.007812,249.2734,143.22656,512.6211,5
3177.258,433,12.128713,4576,2,2.007812,249.2812,143.22656,512.6133,5
3177.258,433,12.5,4576,2,2.007812,249.2812,143.22656,512.6133,5
3177.258,433,9.06801,4576,2,2.007812,249.2812,143.22656,512.6133,5
3177.258,433,10.459184,4576,2,2.007812,249.2812,143.22656,512.6133,5
3177.258,432,11.253197,4576,2,2.007812,249.2812,143.22656,512.6133,5
3177.258,433,12.280702,4576,2,2.007812,249.2812,143.22656,512.6133,5
3177.258,433,11.940299,4576,3,2.007812,249.2812,143.22656,512.6133,5
3177.258,433,11.91067,4576,2,2.007812,249.2812,143.22656,512.6133,5
3177.258,433,11.82266,4576,2,2.011719,249.2812,143.22656,512.6094,5
3177.258,433,10.776942,4576,2,2.011719,249.2812,143.22656,512.6094,5
3177.258,433,10.406091,4576,2,2.015625,249.2773,143.22656,512.6094,5
3177.258,433,11.538462,4576,2,2.019531,249.2773,142.98047,512.8516,5
3177.258,434,12.311558,4576,2,2.039062,249.2617,142.98047,512.8477,5
3177.258,434,11.970075,4576,3,2.039062,249.2812,142.98047,512.8281,5
3177.258,434,11.604938,4576,2,2.039062,249.2812,142.98047,512.8281,5
3177.258,434,10.194175,4576,2,2.039062,249.2812,142.98047,512.8281,5
3177.258,434,12.068966,4576,2,2.039062,249.2812,142.98047,512.8281,5
3177.258,434,11.111111,4576,2,2.039062,249.2812,142.98047,512.8281,5
3177.258,434,11.363636,4576,2,2.039062,249.2812,142.98047,512.8281,5
3177.258,434,10.0,4576,2,2.039062,249.2812,142.98047,512.8281,5
3177.258,434,12.311558,4576,2,2.039062,249.2812,142.98047,512.8281,5
3177.258,434,10.301508,4576,2,2.039062,249.2812,143.47266,512.3359,5
3177.258,434,10.15625,4576,2,2.039062,249.2812,143.47266,512.3359,5
3177.258,434,9.585492,4576,3,2.039062,249.2812,143.47266,512.3359,5
3177.258,434,11.568123,4576,2,2.039062,249.2812,143.47266,512.3359,5
3177.258,434,9.974425,4576,2,2.046875,249.2812,143.47266,512.3281,5
3177.258,434,10.25641,4576,2,2.046875,249.2812,143.47266,512.3281,5
3177.258,434,11.675127,4576,2,2.046875,249.2812,143.47266,512.3281,5
3177.258,434,10.353535,4576,3,2.046875,249.2812,143.71875,512.082,5
3177.258,434,10.301508,4576,2,2.046875,249.2812,143.71875,512.082,5
3177.258,434,9.793814,4608,2,2.046875,249.2812,143.47266,512.3281,5
3177.258,434,10.025707,4608,2,2.046875,249.2812,143.47266,512.3281,5
3177.258,434,12.661499,4608,2,2.046875,249.2812,143.47266,512.3281,5
3177.258,434,13.14433,4608,2,2.046875,249.2812,143.66797,512.1328,5
3177.258,434,11.111111,4608,2,2.046875,249.2812,143.71875,512.082,5
3177.258,434,11.139241,4608,4,2.046875,249.2812,143.71875,512.082,5
3177.258,434,12.718204,4608,2,2.046875,249.2812,143.96484,511.8359,5
3177.258,434,11.111111,4608,2,2.046875,249.2812,143.96484,511.8359,5
3177.258,434,10.824742,4608,2,2.046875,249.2812,143.96484,511.8359,5
3177.258,434,10.077519,4608,2,2.046875,249.2812,143.96484,511.8359,5
3177.258,434,9.74359,4608,2,2.054688,249.2812,144.21094,511.582,5
3177.258,434,10.632911,4576,3,2.054688,249.2812,144.21094,511.582,5
3177.258,434,8.883249,4576,4,2.054688,249.2812,143.96484,511.8281,5
3177.258,434,11.167513,4576,2,2.054688,249.2812,144.21094,511.582,5
3177.258,434,10.421836,4576,2,2.054688,249.2812,144.21094,511.582,5
3177.258,434,15.482234,4576,2,2.054688,249.3594,143.96484,511.75,5
3177.258,434,9.536082,4576,2,2.054688,249.3594,143.96484,511.75,5
3177.258,434,9.067358,4576,3,2.054688,249.3594,143.96484,511.75,5
3177.258,434,9.487179,4576,2,2.054688,249.3594,143.96484,511.75,5
3177.258,434,14.177215,4576,2,2.054688,249.3594,143.71875,511.9961,5
3177.258,434,10.579345,4576,2,2.054688,249.3594,143.71875,511.9961,5
3177.258,434,10.301508,4576,2,2.054688,249.3594,143.47266,512.2422,5
3177.258,434,8.762887,4576,2,2.054688,249.3594,143.47266,512.2422,5
3177.258,433,9.067358,4576,2,2.054688,249.3594,143.47266,512.2422,5
3177.258,433,12.694301,4576,2,2.054688,249.3594,143.47266,512.2422,5
3177.258,433,8.951407,4576,2,2.054688,249.3594,143.22656,512.4883,5
3177.258,433,9.974425,4576,4,2.054688,249.3594,142.98047,512.7344,5
3177.258,433,11.0,4576,2,2.054688,249.3594,142.98047,512.7344,5
3177.258,433,12.16545,4576,2,2.054688,249.3594,142.98047,512.7344,5
3177.258,433,12.285012,4576,2,2.054688,249.3594,142.98047,512.7344,5
3177.258,433,11.369509,4576,2,2.054688,249.3594,142.98047,512.7344,5
3177.258,433,10.230179,4576,2,2.054688,249.3594,142.98047,512.7344,5
3177.258,433,9.043928,4576,2,2.054688,249.3594,142.98047,512.7344,5
3177.258,433,10.485934,4576,2,2.054688,249.3594,142.98047,512.7344,5
3177.258,433,12.5,4576,2,2.054688,249.3594,142.98047,512.7344,5
3177.258,433,13.065327,4576,2,2.054688,249.3594,142.98047,512.7344,5
3177.258,433,11.764706,4576,2,2.054688,249.3594,142.98047,512.7344,5
3177.258,433,11.662531,4576,2,2.0625,249.4609,142.98047,512.625,5
3177.258,433,9.819121,4576,2,2.0625,249.4609,142.98047,512.625,5
3177.258,433,10.25641,4576,2,2.0625,249.4609,142.98047,512.625,5
3177.258,433,11.340206,4576,2,2.0625,249.4609,142.76172,512.8438,5
3177.258,433,10.10101,4576,3,2.0625,249.4609,142.76172,512.8438,5
3177.258,433,10.204082,4576,2,2.070312,249.4609,142.76172,512.8359,5
3177.258,434,11.586902,4576,3,2.070312,249.4609,142.76172,512.8359,5
3177.258,434,14.111922,4576,2,2.070312,249.4609,142.76172,512.8359,5
3177.258,434,11.917098,4576,2,2.070312,249.4609,142.76172,512.8359,5
3177.258,434,10.539846,4576,6,2.070312,249.4609,142.76172,512.8359,5
3177.258,434,8.854167,4576,2,2.078125,249.4609,142.76172,512.8281,5
3177.258,434,10.025707,4576,2,2.078125,249.4609,142.76172,512.8281,5
3177.258,434,11.450382,4576,2,2.078125,249.4609,142.52734,513.0625,5
3177.258,434,12.658228,4576,2,2.078125,249.4766,142.52734,513.0469,5
3177.258,434,11.363636,4576,2,2.078125,249.4766,142.52734,513.0469,5
3177.258,434,8.5,4576,2,2.078125,249.4766,142.52734,513.0469,5
3177.258,434,11.025641,4576,4,2.078125,249.4766,142.52734,513.0469,5
3177.258,434,11.616162,4576,5,2.078125,249.4766,142.52734,513.0469,5
3177.258,434,12.09068,4576,6,2.078125,249.4766,142.52734,513.0469,5
3177.258,432,12.878788,4576,4,2.078125,249.4766,142.52734,513.0469,5
3177.258,432,12.5,4576,3,2.078125,249.4766,142.52734,513.0469,5
3177.258,432,11.029412,4576,3,2.078125,249.4766,142.52734,513.0469,5
3177.258,432,12.408759,4576,4,2.078125,249.4766,142.52734,513.0469,5
3177.258,432,11.369509,4576,5,2.078125,249.9766,142.03516,513.0391,5
3177.258,432,13.624679,4576,5,2.078125,249.9766,142.03516,513.0391,5
3177.258,432,9.873418,4576,5,2.078125,249.9766,142.03516,513.0391,5
3177.258,432,15.270936,4576,3,2.078125,249.9766,141.78906,513.2852,5
3177.258,432,12.030075,4576,5,2.078125,249.9766,141.78906,513.2852,5
3177.258,432,12.0,4576,4,2.085938,249.9766,141.98438,513.082,5
3177.258,432,15.061728,4576,4,2.085938,249.9766,141.54297,513.5234,5
3177.258,432,11.083123,4576,4,2.085938,249.9766,141.54297,513.5234,5
3177.258,432,9.71867,4576,4,2.085938,249.9766,141.54297,513.5234,5
3177.258,432,9.585492,4576,5,2.085938,249.9766,141.54297,513.5234,5
3177.258,432,11.881188,4576,3,2.085938,250.3203,141.05078,513.6719,5
3177.258,432,13.432836,4576,4,2.085938,250.3203,140.80469,513.918,5
3177.258,432,13.054187,4576,3,2.085938,250.3203,140.80469,513.918,5
3177.258,432,12.903226,4576,4,2.085938,250.4453,140.55859,514.0391,5
3177.258,432,11.138614,4576,4,2.085938,250.4453,140.55859,514.0391,5
3177.258,432,10.909091,4576,4,2.09375,250.4453,140.3125,514.2773,5
3177.258,432,10.335917,4576,4,2.09375,250.4453,140.3125,514.2773,5
3177.258,432,10.309278,4576,2,2.09375,250.4453,140.06641,514.5234,5
3177.258,432,10.526316,4576,2,2.09375,250.4453,140.01562,514.5742,5
3177.258,432,12.437811,4576,2,2.09375,250.4453,139.82031,514.7695,5
3177.258,432,14.705882,4576,2,2.09375,250.4453,139.82031,514.7695,5
3177.258,432,11.98044,4576,2,2.09375,250.4453,139.83203,514.7578,5
3177.258,432,13.367609,4576,3,2.09375,250.4453,139.83203,514.7578,5
3177.258,433,10.941476,4576,4,2.101562,250.4453,139.33984,515.2422,5
3177.258,433,10.309278,4576,2,2.101562,251.3242,138.55078,515.1523,5
3177.258,433,11.22449,4576,2,2.101562,251.3711,138.10938,515.5469,5
3177.258,433,13.151365,4576,3,2.101562,251.3711,138.10938,515.5469,5
3177.258,433,14.713217,4576,2,2.101562,251.3711,138.10938,515.5469,5
3177.258,433,11.386139,4576,3,2.101562,251.3711,138.10938,515.5469,5
3177.258,433,13.170732,4576,2,2.109375,251.3711,138.10938,515.5391,5
3177.258,433,10.769231,4576,2,2.109375,251.3711,138.10938,515.5391,5
3177.738,434,11.538462,4576,2,2.109375,251.3711,138.10938,515.5391,5
3177.738,434,11.479592,4576,3,2.109375,251.3711,138.10938,515.5391,5
3177.738,434,13.670886,4576,2,2.109375,251.3711,138.10938,515.5391,5
3177.738,434,13.399504,4576,2,2.109375,251.3711,138.10938,515.5391,5
3177.738,434,13.18408,4576,2,2.109375,251.3711,138.10938,515.5391,5
3177.738,434,11.302211,4576,2,2.109375,251.3711,138.10938,515.5391,5
3177.738,434,12.439024,4576,3,2.109375,251.3711,137.86328,515.7852,5
3177.738,434,17.97468,4576,4,2.109375,251.3711,137.86328,515.7852,5
3177.738,434,12.02046,4576,4,2.109375,251.3711,137.61719,516.0312,5
3177.738,434,11.675127,4576,3,2.109375,251.3711,137.61719,516.0312,5
3177.738,434,13.853904,4608,2,2.109375,251.3711,137.37109,516.2773,5
3177.738,434,13.118812,4608,2,2.109375,251.3711,137.37109,516.2773,5
3177.738,434,15.555556,4608,2,2.109375,251.3711,137.37109,516.2773,5
3177.738,434,12.106538,4608,2,2.117188,251.3711,137.37109,516.2695,5
3177.738,434,12.25,4608,2,2.117188,251.3711,137.37109,516.2695,5
3177.738,434,10.824742,4608,3,2.117188,251.3711,137.37109,516.2695,5
3177.738,434,10.485934,4608,3,2.117188,251.3711,137.37109,516.2695,5
3177.738,434,11.195929,4608,3,2.117188,251.3711,137.37109,516.2695,5
3177.738,434,15.075377,4608,2,2.117188,251.3711,137.37109,516.2695,5
3177.738,434,12.098765,4608,3,2.117188,251.3711,137.37109,516.2695,5
3177.738,434,12.0,4608,2,2.117188,251.3711,137.37109,516.2695,5
3178.742,434,10.230179,4608,3,2.117188,251.3711,136.14062,517.5,5
3178.742,434,9.585492,4608,2,2.117188,251.3711,135.84375,517.7969,5
3178.742,435,13.554987,4608,3,2.117188,251.3711,136.14062,517.5,5
3177.738,435,12.307692,4608,2,2.117188,251.3711,136.14062,517.5,5
3177.738,435,12.151899,4608,3,2.117188,251.3711,136.14062,517.5,5
3177.738,435,10.659898,4608,2,2.117188,251.3711,136.14062,517.5,5
3177.738,435,9.819121,4608,3,2.117188,251.3711,136.14062,517.5,5
3177.738,435,11.794872,4608,2,2.117188,251.3711,136.14062,517.5,5
3177.738,435,11.825193,4608,3,2.117188,251.3711,136.14062,517.5,5
3177.738,432,10.335917,4608,2,2.117188,251.3711,136.14062,517.5,5
3177.738,432,11.22449,4608,3,2.117188,251.3711,136.14062,517.5,5
3177.738,432,12.977099,4608,2,2.117188,251.3711,136.38672,517.2539,5
3177.738,432,11.82266,4608,4,2.117188,251.3711,136.38672,517.2539,5
3177.738,432,12.02046,4608,2,2.117188,251.3711,136.38672,517.2539,5
3177.738,432,10.051546,4608,3,2.117188,251.3711,136.38672,517.2539,5
3177.738,432,8.461538000000001,4608,2,2.117188,251.4961,136.38672,517.1289,5
3177.738,432,9.302326,4608,2,2.117188,251.4961,136.14062,517.375,5
3177.738,432,10.025707,4608,2,2.117188,251.4961,136.14062,517.375,5
3177.738,432,14.572864,4608,3,2.117188,251.4961,136.14062,517.375,5
3177.738,432,13.602015,4608,2,2.117188,251.4961,136.14062,517.375,5
3177.738,432,13.350126,4608,4,2.125,251.4961,136.14062,517.3672,5
3177.738,432,12.02046,4608,2,2.125,251.4961,136.33594,517.1719,5
3177.738,432,9.511568,4608,2,2.117188,239.6172,149.25781,516.1367,5
3177.738,432,12.658228,4608,2,2.117188,239.6172,149.03906,516.3555,5
3177.738,432,12.564103,4608,5,2.117188,239.6172,149.03906,516.3555,5
3177.738,432,12.02046,4608,3,2.117188,239.6172,149.03906,516.3555,5
3177.738,432,11.392405,4608,4,2.125,239.6094,149.03906,516.3555,5
3177.738,432,12.686567,4608,2,2.125,239.6172,149.28516,516.1016,5
3177.738,432,12.285012,4608,3,2.125,239.6172,149.03906,516.3477,5
3177.738,432,11.082474,4608,2,2.125,239.6172,149.03906,516.3477,5
3177.738,432,10.282776,4608,2,2.125,239.6172,149.03906,516.3477,5
3177.738,432,11.658031,4608,2,2.125,239.6172,149.23438,516.1523,5
3177.738,432,10.025707,4608,2,2.125,239.6172,149.28516,516.1016,5
3177.738,432,11.111111,4608,2,2.125,239.6172,149.48047,515.9062,5
3177.738,432,14.215686,4608,2,2.125,239.6172,149.53125,515.8555,5
3177.738,432,14.925373,4608,2,2.128906,239.6133,149.53125,515.8555,5
3177.738,432,9.326425,4608,2,2.128906,239.6172,149.53125,515.8516,5
3177.738,432,10.796915,4608,2,2.128906,239.6172,149.53125,515.8516,5
3177.738,432,10.309278,4608,2,2.128906,239.6172,149.53125,515.8516,5
3177.738,432,11.053985,4608,2,2.128906,239.6172,149.77734,515.6055,5
3177.738,433,11.398964,4608,3,2.128906,239.6172,149.77734,515.6055,5
3177.738,433,12.128713,4608,2,2.128906,239.6836,149.77734,515.5391,5
3177.738,433,10.891089,4608,2,2.128906,239.7695,149.77734,515.4531,5
3177.738,433,10.643564,4608,3,2.128906,239.7695,149.77734,515.4531,5
3177.738,433,8.311688,4608,2,2.128906,239.7695,149.77734,515.4531,5
3177.738,433,11.340206,4608,3,2.128906,239.7695,149.77734,515.4531,5
3177.738,433,11.658031,4576,3,2.136719,239.7617,149.77734,515.4531,5
3177.738,433,10.687023,4576,2,2.136719,239.7695,149.77734,515.4453,5
3177.738,433,11.311054,4576,2,2.136719,239.7695,149.28516,515.9375,5
3177.738,433,11.491443,4576,2,2.136719,239.7695,149.05078,516.1719,5
3177.738,433,13.106796,4576,2,2.136719,239.7695,148.80469,516.418,5
3177.738,433,12.113402,4576,2,2.136719,239.7695,148.80469,516.418,5
3177.738,433,9.278351,4576,2,2.136719,239.7695,148.80469,516.418,5
3177.738,433,8.78553,4576,2,2.136719,239.7695,148.55859,516.6641,5
3177.738,433,9.560724,4576,3,2.136719,239.7695,148.75391,516.4688,5
3177.738,433,14.615385,4576,2,2.136719,239.7695,148.80469,516.418,5
3177.738,433,12.468193,4576,3,2.136719,239.7695,148.80469,516.418,5
3177.738,433,10.565111,4608,3,2.136719,239.7695,148.80469,516.418,5
3177.738,433,12.068966,4608,3,2.136719,239.7695,148.80469,516.418,5
3177.738,433,10.309278,4608,2,2.136719,239.7695,148.80469,516.418,5
3177.738,433,12.5,4608,2,2.136719,239.7695,148.80469,516.418,5
3177.738,433,15.482234,4608,3,2.136719,239.7695,148.80469,516.418,5
3177.738,433,11.616162,4608,2,2.136719,239.7695,148.80469,516.418,5
3177.738,433,12.967581,4608,2,2.136719,239.7695,148.80469,516.418,5
3177.738,433,11.138614,4608,2,2.136719,239.7695,148.80469,516.418,5
3177.738,433,13.868613,4608,2,2.136719,239.7695,148.80469,516.418,5
3177.738,433,10.230179,4608,2,2.136719,239.7695,148.80469,516.418,5
3177.738,433,13.020833,4608,2,2.136719,239.7695,148.80469,516.418,5
3177.738,433,11.633663,4608,2,2.136719,239.7695,148.80469,516.418,5
3177.738,433,12.121212,4608,3,2.136719,239.7695,148.80469,516.418,5
3177.738,433,12.781955,4608,2,2.136719,239.7695,148.80469,516.418,5
3177.738,433,13.399504,4608,3,2.136719,239.7695,148.80469,516.418,5
3177.738,433,14.250614,4608,3,2.136719,239.7695,148.80469,516.418,5
3177.738,433,10.972569,4608,2,2.136719,240.5391,148.80469,515.6484,5
3177.738,433,10.362694,4576,3,2.136719,240.5391,148.80469,515.6484,5
3177.738,433,10.824742,4576,3,2.136719,240.5391,148.80469,515.6484,5
3177.738,433,12.0,4576,2,2.136719,240.5391,148.80469,515.6484,5
3177.738,433,13.25,4576,2,2.136719,240.5391,148.80469,515.6484,5
3177.738,433,14.676617,4576,2,2.144531,240.5391,148.80469,515.6406,5
3177.738,433,10.473815,4576,2,2.144531,240.5391,148.80469,515.6406,5
3177.738,433,12.682927,4576,2,2.144531,240.5391,148.80469,515.6406,5
3177.738,433,11.597938,4576,2,2.144531,240.5391,148.80469,515.6406,5
3177.738,433,8.877285,4576,3,2.144531,240.5391,148.80469,515.6406,5
3177.738,433,11.71875,4576,2,2.144531,240.5391,148.55859,515.8867,5
3177.738,433,12.652068,4576,2,2.144531,240.5391,148.3125,516.1328,5
3177.738,433,11.616162,4576,3,2.144531,240.5391,148.3125,516.1328,5
3177.738,433,12.315271,4576,3,2.144531,240.5391,148.3125,516.1328,5
3177.738,433,10.591133,4576,2,2.144531,240.5391,148.06641,516.3789,5
3177.738,433,12.718204,4576,3,2.144531,240.5391,148.06641,516.3789,5
3177.738,433,12.944162,4576,2,2.152344,240.5391,147.82031,516.6172,5
3177.738,433,10.969388,4576,2,2.152344,240.5391,147.82031,516.6172,5
3177.738,433,11.675127,4576,2,2.152344,240.5391,147.82031,516.6172,5
3177.738,433,11.868687,4576,2,2.152344,240.5391,147.82031,516.6172,5
3177.738,433,11.720698,4576,2,2.152344,240.5391,147.82031,516.6172,5
3177.738,433,11.633663,4576,2,2.152344,240.5391,147.82031,516.6172,5
3177.738,433,11.547912,4576,3,2.152344,240.5391,147.57422,516.8633,5
3177.738,433,9.326425,4576,2,2.152344,240.5391,147.57422,516.8633,5
3177.738,433,10.687023,4576,2,2.152344,240.5391,147.57422,516.8633,5
3177.738,433,10.741688,4576,2,2.152344,240.5391,147.76953,516.668,5
3177.738,433,13.131313,4576,2,2.152344,240.5391,147.82031,516.6172,5
3177.738,433,12.060302,4576,2,2.152344,240.5391,147.57422,516.8633,5
3177.738,433,13.118812,4576,3,2.152344,240.5391,147.82031,516.6172,5
3177.738,433,11.165049,4576,3,2.152344,240.5391,148.01562,516.4219,5
3177.738,433,13.18408,4576,2,2.152344,240.5391,148.06641,516.3711,5
3177.738,433,13.77551,4576,3,2.152344,240.5391,148.3125,516.125,5
3177.738,433,11.85567,4576,4,2.152344,240.5391,148.3125,516.125,5
3177.738,433,10.606061,4576,4,2.152344,240.5391,148.3125,516.125,5
3177.738,433,11.557789,4576,3,2.152344,240.5391,148.50781,515.9297,5
3177.738,433,13.065327,4576,4,2.152344,240.5391,148.55859,515.8789,5
3177.738,433,11.970075,4576,4,2.160156,240.5312,148.25781,516.1797,5
3177.738,433,14.669927,4576,4,2.160156,240.5391,148.3125,516.1172,5
3177.738,433,12.592593,4576,3,2.160156,240.5391,148.3125,516.1172,5
3177.738,433,9.793814,4576,3,2.160156,240.5391,148.06641,516.3633,5
3177.738,433,10.969388,4576,4,2.160156,240.5391,148.06641,516.3633,5
3177.738,433,11.704835,4576,3,2.160156,240.5391,148.06641,516.3633,5
3177.738,433,13.602015,4576,7,2.167969,240.5312,148.06641,516.3633,5
3177.738,433,15.233415,4576,4,2.167969,240.5391,148.06641,516.3555,5
3177.738,433,14.215686,4576,4,2.167969,240.5391,148.3125,516.1094,5
3177.738,433,12.376238,4576,3,2.167969,240.5391,148.3125,516.1094,5
3177.738,433,11.5,4576,3,2.167969,240.5391,148.3125,516.1094,5
3177.738,433,11.568123,4576,4,2.167969,240.5391,148.3125,516.1094,5
3177.738,433,13.486005,4576,5,2.167969,240.5391,148.55859,515.8633,5
3177.738,433,13.098237,4576,3,2.167969,240.5391,153.19922,511.2227,5
3177.738,433,10.282776,4576,3,2.167969,240.5391,152.70703,511.7148,5
3177.738,433,9.375,4576,5,2.167969,240.5391,152.70703,511.7148,5
3177.738,433,11.479592,4576,3,2.167969,240.5391,152.70703,511.7148,5
3177.738,433,13.989637,4576,3,2.167969,240.5391,152.70703,511.7148,5
3177.738,433,11.704835,4576,4,2.167969,240.5391,152.70703,511.7148,5
3177.738,433,8.883249,4576,4,2.167969,240.5391,152.70703,511.7148,5
3177.738,433,10.178117,4576,4,2.167969,240.5391,152.47266,511.9492,5
3177.738,433,13.131313,4576,2,2.167969,240.5391,152.47266,511.9492,5
3177.738,434,12.886598,4576,2,2.167969,240.5391,152.47266,511.9492,5
3177.738,434,11.340206,4576,2,2.167969,240.5391,152.47266,511.9492,5
3177.738,434,9.067358,4576,2,2.167969,240.5391,152.22656,512.1953,5
3177.738,434,11.168831,4576,2,2.167969,240.5391,152.22656,512.1953,5
3177.738,434,10.051546,4576,2,2.167969,240.5391,152.22656,512.1953,5
3177.738,434,11.557789,4576,5,2.167969,240.5391,152.22656,512.1953,5
3177.738,434,12.5,4576,3,2.167969,240.5391,151.98047,512.4414,5
3177.738,434,11.898734,4576,3,2.167969,240.5391,151.98047,512.4414,5
3177.738,434,10.38961,4576,5,2.167969,240.5391,151.98047,512.4414,5
3177.738,434,11.398964,4576,2,2.175781,240.5391,151.73438,512.6797,5
3177.738,434,10.56701,4576,2,2.175781,240.5391,151.73438,512.6797,5
3177.738,434,10.769231,4576,2,2.175781,240.5391,151.73438,512.6797,5
3177.738,434,11.311054,4576,2,2.175781,240.5391,151.73438,512.6797,5
3177.738,434,9.974425,4576,4,2.175781,240.5391,151.48828,512.9258,5
3177.738,434,11.278195,4576,2,2.179688,240.5352,151.24219,513.1719,5
3177.738,434,11.64557,4576,2,2.179688,240.5391,151.24219,513.168,5
3177.738,434,12.113402,4576,2,2.179688,240.5391,151.24219,513.168,5
3177.738,434,9.660574,4576,2,2.179688,240.5391,151.24219,513.168,5
3177.738,434,10.649351,4576,2,2.179688,240.5391,150.99609,513.4141,5
3177.738,434,12.339332,4576,2,2.179688,240.5391,150.99609,513.4141,5
3177.738,434,11.056511,4576,2,2.179688,240.5391,150.99609,513.4141,5
3177.738,434,14.640199,4576,2,2.179688,240.5391,150.99609,513.4141,5
3177.738,434,12.408759,4576,2,2.179688,240.5391,150.99609,513.4141,5
3177.738,434,15.012723,4576,2,2.179688,240.5391,150.99609,513.4141,5
3177.738,434,10.25641,4576,2,2.179688,240.5391,150.75,513.6602,5
3177.738,434,10.741688,4576,2,2.179688,240.5391,150.50391,513.9062,5
3177.738,434,10.880829,4576,3,2.179688,240.5391,150.75,513.6602,5
3177.738,434,10.230179,4576,2,2.179688,240.5391,150.75,513.6602,5
3177.738,434,12.254902,4576,2,2.179688,240.5391,150.75,513.6602,5
3177.738,434,12.406948,4576,2,2.179688,240.5391,150.50391,513.9062,5
3177.738,434,11.851852,4576,2,2.179688,240.5391,150.50391,513.9062,5
3177.738,434,11.658031,4544,2,2.179688,240.5391,150.50391,513.9062,5
3177.738,434,9.768638,4544,2,2.1875,240.5391,150.50391,513.8984,5
3177.738,434,9.895833,4544,2,2.1875,240.5391,150.50391,513.8984,5
3177.738,434,10.0,4544,3,2.1875,240.5391,150.50391,513.8984,5
3177.738,434,10.050251,4544,2,2.1875,240.5391,150.50391,513.8984,5
3177.738,434,11.358025,4544,2,2.203125,240.7344,150.50391,513.6875,5
3177.738,434,14.634146,4544,2,2.203125,240.7344,150.50391,513.6875,5
3177.738,434,10.659898,4544,3,2.203125,240.832,150.50391,513.5898,5
3177.738,434,12.051282,4544,2,2.203125,240.8555,150.50391,513.5664,5
3177.738,434,9.74359,4544,3,2.203125,240.8555,150.50391,513.5664,5
3177.738,434,7.969152,4576,3,2.203125,240.8555,150.25781,513.8125,5
3177.738,432,11.488251,4576,2,2.210938,240.8555,150.25781,513.8047,5
3177.738,432,10.050251,4576,2,2.210938,240.8555,150.45312,513.6094,5
3177.738,432,11.604938,4576,2,2.210938,240.8555,150.75,513.3125,5
3177.738,432,12.652068,4576,2,2.210938,240.8555,150.50391,513.5586,5
3177.738,432,10.459184,4576,4,2.210938,240.8555,150.50391,513.5586,5
3177.738,432,12.596401,4576,3,2.210938,240.8555,150.25781,513.8047,5
3177.738,432,13.959391,4576,2,2.210938,240.8828,150.25781,513.7773,5
3177.738,432,13.5,4576,3,2.210938,240.8828,150.01172,514.0234,5
3177.738,432,10.421836,4576,2,2.210938,240.8828,150.25781,513.7773,5
3177.738,432,11.442786,4576,2,2.210938,240.8828,150.25781,513.7773,5
3177.738,432,11.246944,4576,2,2.210938,240.8828,150.25781,513.7773,5
3177.738,432,12.182741,4544,2,2.21875,240.8828,150.25781,513.7695,5
3177.738,432,10.632911,4544,4,2.21875,240.8828,150.25781,513.7695,5
3177.738,432,11.363636,4576,7,2.21875,240.8828,150.01172,514.0156,5
3177.738,432,10.687023,4576,2,2.21875,240.8828,150.01172,514.0156,5
3177.738,432,12.468828,4576,3,2.21875,240.8828,149.76562,514.2617,5
3177.738,432,15.196078,4576,2,2.230469,241.0547,149.51953,514.3242,5
3177.738,432,13.202934,4576,2,2.230469,241.0547,149.51953,514.3242,5
3177.738,432,12.224939,4608,2,2.230469,241.0547,149.51953,514.3242,5
3177.738,432,10.512821,4608,2,2.230469,241.0547,149.51953,514.3242,5
3177.738,432,10.485934,4608,2,2.230469,241.0547,149.51953,514.3242,5
3177.738,432,13.0,4576,2,2.230469,241.0547,149.51953,514.3242,5
3177.738,432,14.974619,4576,3,2.230469,241.0547,149.51953,514.3242,5
3177.738,432,11.604938,4576,3,2.230469,241.0547,149.51953,514.3242,5
3177.738,432,11.691542,4576,2,2.230469,241.0547,149.51953,514.3242,5
3177.738,432,12.682927,4576,3,2.230469,241.0547,149.27344,514.5703,5
3177.738,432,11.64557,4576,2,2.230469,241.0547,149.27344,514.5703,5
3177.738,432,13.436693,4576,3,2.230469,241.0547,149.02734,514.8164,5
3177.738,432,10.687023,4576,2,2.230469,241.0547,149.27344,514.5703,5
3177.738,432,12.562814,4576,3,2.230469,241.0547,149.27344,514.5703,5
3177.738,432,12.311558,4576,3,2.230469,241.0547,149.51953,514.3242,5
3177.738,432,11.82266,4576,2,2.230469,241.0547,149.51953,514.3242,5
3177.738,432,11.576355,4576,3,2.230469,241.0547,149.76562,514.0781,5
3177.738,432,15.98063,4576,3,2.230469,241.0547,149.51953,514.3242,5
3177.738,432,9.974425,4576,2,2.230469,241.0547,149.51953,514.3242,5
3177.738,432,11.568123,4576,2,2.359375,241.0234,149.71484,514.0312,5
3177.738,432,11.083123,4576,2,2.359375,241.0586,149.76562,513.9453,5
3177.738,432,14.39206,4576,2,2.359375,241.0586,149.76562,513.9453,5
3177.738,432,13.131313,4576,2,2.359375,241.0586,149.76562,513.9453,5
3177.738,432,11.691542,4576,3,2.359375,241.0586,149.76562,513.9453,5
3177.738,432,10.178117,4576,3,2.359375,241.0586,149.76562,513.9453,5
3177.738,432,9.585492,4576,3,2.359375,241.0586,149.76562,513.9453,5
3177.738,432,9.793814,4576,2,2.359375,241.0586,149.76562,513.9453,5
3177.738,432,11.538462,4576,2,2.359375,241.0586,149.76562,513.9453,5
3177.738,432,10.969388,4576,3,2.359375,241.0586,149.76562,513.9453,5
3177.738,432,12.75,4576,2,2.359375,241.0586,149.96094,513.75,5
3177.738,432,11.138614,4576,2,2.359375,241.0586,150.01172,513.6992,5
3177.738,432,12.871287,4576,2,2.359375,241.0586,150.01172,513.6992,5
3177.738,432,13.853904,4576,2,2.359375,241.1562,150.01172,513.6016,5
3177.738,432,16.326531,4576,3,2.359375,241.1719,150.01172,513.5859,5
3177.738,432,10.56701,4576,2,2.359375,241.1719,150.01172,513.5859,5
3177.738,432,10.769231,4576,2,2.359375,241.1719,150.01172,513.5859,5
3177.738,432,11.111111,4576,3,2.375,241.1719,150.01172,513.5703,5
3177.738,432,12.531328,4576,2,2.375,241.1719,150.01172,513.5703,5
3177.738,432,13.82716,4576,2,2.375,241.1719,150.01172,513.5703,5
3177.738,432,11.27451,4576,4,2.375,241.1719,150.01172,513.5703,5
3177.738,432,11.167513,4544,3,2.375,241.1719,148.53516,515.0469,5
3177.738,432,11.627907,4544,2,2.375,241.1719,148.53516,515.0469,5
3177.738,432,10.687023,4544,6,2.375,241.1719,148.53516,515.0469,5
3177.738,432,11.989796,4544,2,2.375,241.1719,148.53516,515.0469,5
3177.738,432,13.065327,4576,4,2.382812,241.1719,148.53516,515.0391,5
3177.738,432,10.891089,4576,2,2.382812,241.1719,148.31641,515.2578,5
3177.738,432,11.083744,4576,2,2.382812,241.1719,148.31641,515.2578,5
3177.738,432,13.170732,4576,2,2.382812,241.1719,148.31641,515.2578,5
3177.738,432,10.741688,4576,2,2.382812,241.1719,148.07031,515.5039,5
3177.738,432,18.34625,4576,2,2.660156,241.0898,147.82422,515.5547,5
3177.738,431,10.282776,4576,2,2.660156,241.1797,148.01953,515.2695,5
3177.738,432,11.868687,4576,2,2.660156,241.1797,148.07031,515.2188,5
3177.738,432,10.335917,4576,2,2.660156,241.1797,148.55859,514.7305,5
3177.738,432,11.442786,4576,3,2.660156,241.1797,148.5625,514.7266,5
3177.738,432,10.416667,4576,4,2.660156,241.1797,148.31641,514.9727,5
3177.738,432,11.597938,4576,2,2.660156,241.1797,148.07031,515.2188,5
3177.738,432,10.077519,4576,3,2.660156,241.1797,148.07031,515.2188,5
3177.738,432,11.082474,4576,2,2.660156,241.1797,147.57812,515.7109,5
3177.738,432,11.959288,4576,5,2.660156,241.1797,147.57812,515.7109,5
3177.738,432,10.632911,4576,2,2.660156,241.1797,147.33203,515.957,5
3177.738,432,13.212435,4576,2,2.660156,241.1797,147.08594,516.2031,5
3177.738,432,11.989796,4576,2,2.660156,241.1797,146.83984,516.4492,5
3177.738,432,9.375,4576,2,2.660156,241.1797,146.83984,516.4492,5
3177.738,432,10.051546,4608,2,2.660156,241.1797,146.59375,516.6953,5
3177.738,432,10.741688,4608,2,2.660156,241.1797,146.59375,516.6953,5
3177.738,432,11.369509,4608,2,2.660156,241.1797,146.34766,516.9414,5
3177.738,432,10.659898,4608,3,2.660156,241.1797,146.10156,517.1875,5
3177.738,432,10.941476,4608,5,2.660156,241.1797,146.10156,517.1875,5
3177.738,432,9.635417,4608,3,2.660156,241.1797,144.87109,518.418,5
3177.738,432,9.87013,4608,3,2.660156,241.1797,145.11719,518.1719,5
3177.738,432,11.979167,4608,2,2.660156,241.1797,145.11719,518.1719,5
3177.738,432,11.282051,4608,2,2.660156,241.1797,145.11719,518.1719,5
3177.738,432,11.794872,4608,4,2.667969,241.5117,145.11719,517.832,5
3177.738,432,11.025641,4608,2,2.667969,241.5117,144.87109,518.0781,5
3177.738,432,13.283208,4608,3,2.667969,241.5117,144.625,518.3242,5
3177.738,432,11.538462,4608,3,2.667969,241.5117,144.625,518.3242,5
3177.738,432,12.532637,4608,2,2.667969,241.5117,144.625,518.3242,5
3177.738,434,11.025641,4608,2,2.675781,241.5039,144.625,518.3242,5
3177.738,434,10.512821,4608,2,2.675781,241.5117,144.625,518.3164,5
3177.738,434,11.22449,4608,2,2.675781,241.5117,144.625,518.3164,5
3177.738,434,12.21374,4608,3,2.675781,241.5117,144.625,518.3164,5
3177.738,434,13.366337,4608,2,2.675781,241.5117,144.625,518.3164,5
3177.738,434,11.380145,4608,3,2.675781,241.5117,144.625,518.3164,5
3177.738,434,10.696517,4608,2,2.675781,241.5117,144.625,518.3164,5
3177.738,434,10.15625,4608,7,2.675781,241.5117,144.625,518.3164,5
3177.738,434,10.769231,4608,2,2.675781,241.5117,144.625,518.3164,5
3177.738,435,14.83376,4608,2,2.675781,241.5117,144.625,518.3164,5
3177.738,435,13.098237,4608,2,2.675781,241.5117,144.625,518.3164,5
3177.738,435,11.576355,4608,2,2.675781,241.5117,144.625,518.3164,5
3177.738,435,11.111111,4608,2,2.675781,241.5117,144.625,518.3164,5
3177.738,435,10.97561,4608,2,2.675781,241.5117,144.625,518.3164,5
3177.738,435,11.597938,4608,2,2.675781,241.5117,144.625,518.3164,5
3177.738,435,11.688312,4608,3,2.675781,241.5117,145.11719,517.8242,5
3177.738,435,10.309278,4608,2,2.675781,241.5117,144.625,518.3164,5
3177.738,435,10.077519,4608,3,2.675781,241.5117,144.625,518.3164,5
3177.738,435,10.945274,4608,2,2.675781,241.5117,144.87109,518.0703,5
3177.738,435,12.871287,4608,5,2.675781,241.5117,144.87109,518.0703,5
3177.738,435,13.366337,4608,6,2.675781,241.5117,144.625,518.3164,5
3177.738,435,15.802469,4608,6,2.675781,241.5117,144.625,518.3164,5
3177.738,433,10.077519,4608,4,2.675781,241.5117,144.625,518.3164,5
3177.738,433,11.082474,4608,3,2.675781,241.5117,144.625,518.3164,5
3177.738,433,11.398964,4608,5,2.675781,241.5117,144.37891,518.5625,5
3177.738,433,10.741688,4608,3,2.675781,241.5117,144.37891,518.5625,5
3177.738,433,13.533835,4608,3,2.683594,241.5039,144.13281,518.8086,5
3177.738,433,12.285012,4608,5,2.683594,241.5117,144.37891,518.5547,5
3177.738,433,12.864078,4608,5,2.683594,241.5117,144.13281,518.8008,5
3177.738,433,9.873418,4608,6,2.683594,241.5117,144.37891,518.5547,5
3177.738,433,9.793814,4608,4,2.683594,241.5117,144.37891,518.5547,5
3177.738,433,12.886598,4608,5,2.683594,241.5117,144.13281,518.8008,5
3177.738,433,10.852713,4608,4,2.683594,241.5117,143.88672,519.0469,5
3177.738,434,12.307692,4608,5,2.683594,241.5117,143.88672,519.0469,5
3177.738,434,12.106538,4608,5,2.691406,241.5117,143.88672,519.0391,5
3177.738,434,12.864078,4608,4,2.691406,241.5117,143.64062,519.2852,5
3177.738,433,11.278195,4608,4,2.691406,241.5117,143.64062,519.2852,5
3177.738,433,13.065327,4608,4,2.691406,241.5117,143.64062,519.2852,5
3177.738,433,11.809045,4608,3,2.691406,241.5117,143.64062,519.2852,5
3177.738,433,10.941476,4608,5,2.691406,241.5117,143.64062,519.2852,5
3177.738,433,12.967581,4608,4,2.691406,241.5117,143.64062,519.2852,5
3177.738,433,15.555556,4608,3,2.691406,241.5117,143.64062,519.2852,5
3177.738,433,15.061728,4608,3,2.691406,241.5117,143.64062,519.2852,5
3177.738,433,12.864078,4608,3,2.691406,241.5117,143.64062,519.2852,5
3177.738,433,11.167513,4608,3,2.691406,241.7617,143.64062,519.0352,5
3177.738,433,11.083123,4608,4,2.691406,241.7617,143.64062,519.0352,5
3177.738,433,12.944162,4608,3,2.691406,241.7617,143.64062,519.0352,5
3177.738,433,11.928934,4576,4,2.691406,241.7617,143.64062,519.0352,5
3177.738,433,13.065327,4576,4,2.691406,241.7617,143.64062,519.0352,5
3177.738,433,13.480392,4576,2,2.691406,241.7617,143.64062,519.0352,5
3177.738,433,11.414392,4576,2,2.699219,241.7539,143.64062,519.0352,5
3177.738,433,12.776413,4576,2,2.699219,241.7617,143.64062,519.0273,5
3177.738,433,11.369509,4576,2,2.699219,241.7617,143.64062,519.0273,5
3177.738,433,13.533835,4576,2,2.699219,241.7617,143.64062,519.0273,5
3177.738,433,10.075567,4576,2,2.699219,241.7617,143.64062,519.0273,5
3177.738,433,12.0,4576,2,2.699219,241.7617,143.64062,519.0273,5
3177.738,433,11.528822,4576,2,2.699219,241.7617,143.64062,519.0273,5
3177.738,433,11.82266,4576,2,2.699219,241.7617,143.64062,519.0273,5
3177.738,433,14.108911,4576,3,2.699219,241.7617,143.64062,519.0273,5
3177.738,433,11.025641,4576,4,2.699219,241.7617,143.64062,519.0273,5
3177.738,433,9.536082,4576,2,2.699219,241.7617,143.64062,519.0273,5
3177.738,433,10.447761,4576,3,2.699219,241.7617,143.64062,519.0273,5
3177.738,433,11.586902,4576,2,2.699219,241.7617,143.64062,519.0273,5
3177.738,433,14.786967,4576,2,2.699219,241.7617,143.64062,519.0273,5
3177.738,433,12.468828,4544,2,2.699219,241.7617,143.64062,519.0273,5
3177.738,433,10.741688,4544,5,2.699219,241.7617,143.83594,518.832,5
3177.738,433,10.103627,4544,2,2.699219,241.7617,143.88672,518.7812,5
3177.738,433,9.793814,4544,2,2.699219,241.7617,143.88672,518.7812,5
3177.738,433,10.997442,4544,3,2.699219,241.7617,143.88672,518.7812,5
3177.738,433,13.994911,4544,2,2.699219,241.7617,143.88672,518.7812,5
3177.738,433,12.81407,4544,2,2.699219,241.7617,143.88672,518.7812,5
3177.738,433,13.432836,4544,2,2.699219,241.7617,143.88672,518.7812,5
3177.738,433,12.686567,4544,2,2.699219,241.7617,143.88672,518.7812,5
3177.738,433,11.704835,4544,3,2.699219,241.7617,143.88672,518.7812,5
3177.738,433,12.207792,4544,2,2.699219,241.7617,143.88672,518.7812,5
3177.738,433,9.536082,4544,3,2.707031,241.7617,143.88672,518.7734,5
3177.738,433,8.951407,4544,2,2.707031,241.7617,143.88672,518.7734,5
3177.738,433,9.669211,4544,2,2.707031,241.7617,143.88672,518.7734,5
3177.738,433,12.219451,4544,2,2.707031,241.7617,143.64062,519.0195,5
3177.738,433,12.376238,4544,2,2.707031,241.7617,143.64062,519.0195,5
3177.738,433,12.592593,4544,2,2.707031,241.7617,143.39453,519.2656,5
3177.738,433,11.111111,4544,2,2.707031,241.7617,143.14844,519.5117,5
3177.738,433,9.87013,4544,2,2.707031,241.7617,143.14844,519.5117,5
3177.738,433,12.564103,4576,2,2.707031,241.7617,141.19141,521.4688,5
3177.738,433,9.768638,4576,2,2.707031,241.7773,141.19141,521.4531,5
3177.738,433,14.357683,4576,2,2.707031,241.7773,141.19141,521.4531,5
3177.738,433,13.032581,4576,2,2.707031,241.7773,141.19141,521.4531,5
3177.738,433,10.864198,4576,2,2.707031,241.7812,141.19141,521.4492,5
3177.738,433,11.471322,4576,2,2.707031,241.7812,141.19141,521.4492,5
3177.738,433,9.585492,4576,3,2.714844,241.7812,141.19141,521.4414,5
3177.738,433,10.077519,4576,4,2.714844,241.7812,141.19141,521.4414,5
3177.738,433,9.793814,4576,2,2.714844,241.7812,141.19141,521.4414,5
3177.738,433,9.693878,4576,2,2.714844,241.7812,141.19141,521.4414,5
3177.738,433,12.436548,4576,2,2.714844,241.7812,141.19141,521.4414,5
3177.738,433,9.487179,4576,2,2.714844,241.7812,141.19141,521.4414,5
3177.738,433,10.704961,4576,2,2.714844,241.7812,140.97266,521.6602,5
3177.738,434,8.80829,4576,2,2.714844,241.7812,140.97266,521.6602,5
3177.738,434,10.362694,4576,2,2.714844,241.7812,140.97266,521.6602,5
3177.738,434,10.25641,4576,3,2.714844,241.7812,141.16797,521.4648,5
3177.738,434,11.734694,4576,3,2.714844,241.7812,141.21875,521.4141,5
3177.738,434,10.769231,4576,5,2.714844,241.9766,141.21875,521.2188,5
3177.754,434,13.25,4544,4,2.714844,242.0312,141.21875,521.1641,5
3177.738,434,11.278195,4544,3,2.714844,242.0312,141.21875,521.1641,5
3177.738,434,12.207792,4544,2,2.714844,242.0312,141.41406,520.9688,5
3177.738,434,10.282776,4544,2,2.714844,242.0312,141.21875,521.1641,5
3177.738,434,8.831169,4544,3,2.714844,242.0312,141.21875,521.1641,5
3177.738,434,14.503817,4544,2,2.722656,242.0312,141.21875,521.1562,5
3177.738,434,10.459184,4544,2,2.722656,242.0312,141.21875,521.1562,5
3177.738,434,11.053985,4544,5,2.722656,242.0312,141.21875,521.1562,5
3177.738,434,10.050251,4544,2,2.746094,243.082,140.72656,520.5742,5
3177.738,434,10.659898,4544,2,2.746094,243.1406,140.48047,520.7617,5
3177.738,434,11.197917,4544,2,2.746094,243.1406,140.48047,520.7617,5
3177.738,434,10.741688,4544,2,2.746094,243.1406,140.48047,520.7617,5
3177.738,434,13.554987,4544,2,2.746094,243.1406,140.48047,520.7617,5
3177.738,434,10.485934,4544,2,2.746094,243.1406,140.23438,521.0078,5
3177.738,434,11.083123,4576,2,2.746094,243.1406,140.23438,521.0078,5
3177.738,434,11.627907,4576,3,2.746094,243.1406,140.23438,521.0078,5
3177.738,434,9.94898,4576,2,2.746094,243.1406,140.23438,521.0078,5
3177.738,434,8.762887,4576,3,2.746094,243.1406,140.23438,521.0078,5
3177.738,434,9.020619,4576,2,2.746094,243.1406,140.23438,521.0078,5
3177.738,434,9.487179,4576,4,2.75,243.1367,139.98828,521.2539,5
3177.738,434,11.794872,4576,2,2.75,243.1484,139.98828,521.2422,5
3177.738,434,11.627907,4608,3,2.757812,243.1484,140.23438,520.9883,5
3177.738,434,11.616162,4608,3,2.757812,243.1484,139.98828,521.2344,5
3177.738,434,8.549223,4608,2,2.757812,243.1484,139.98828,521.2344,5
3177.738,434,9.585492,4608,2,2.757812,243.1484,139.9375,521.2852,5
3177.738,434,11.053985,4608,2,2.757812,243.1484,139.98828,521.2344,5
3177.738,434,11.282051,4608,3,2.757812,243.1484,139.98828,521.2344,5
3177.754,434,11.138614,4608,4,2.757812,243.1484,139.98828,521.2344,5
3177.738,434,12.846348,4608,2,2.757812,243.1484,139.98828,521.2344,5
3177.754,434,11.442786,4608,4,2.757812,243.1484,139.98828,521.2344,5
3177.738,434,10.487805,4608,2,2.757812,243.1484,139.98828,521.2344,5
3177.738,434,11.989796,4608,2,2.757812,243.1484,139.98828,521.2344,5
3177.738,434,11.311054,4608,2,2.757812,243.1484,139.98828,521.2344,5
3177.738,435,8.74036,4608,3,2.757812,243.1484,140.23438,520.9883,5
3177.738,435,10.230179,4608,2,2.757812,243.1484,140.42969,520.793,5
3177.738,435,11.82266,4608,2,2.757812,243.1484,140.72656,520.4961,5
3177.738,435,14.143921,4608,6,2.757812,243.1484,140.72656,520.4961,5
3177.738,435,11.029412,4608,2,2.757812,243.1484,140.72656,520.4961,5
3177.738,435,10.92233,4608,2,2.757812,243.1484,140.72656,520.4961,5
3177.738,435,14.470284,4608,2,2.757812,243.1484,140.72656,520.4961,5
3177.738,435,9.043928,4608,2,2.757812,243.1484,140.72656,520.4961,5
3177.738,435,10.471204,4608,3,2.757812,243.1484,140.72656,520.4961,5
3177.738,435,15.364583,4608,2,2.757812,243.1484,140.48047,520.7422,5
3177.738,435,11.633663,4608,3,2.757812,243.1484,140.48047,520.7422,5
3177.738,435,10.473815,4608,2,2.757812,243.1484,140.72656,520.4961,5
3177.738,435,10.864198,4608,3,2.757812,243.1484,140.72656,520.4961,5
3177.738,435,11.306533,4608,2,2.757812,243.1484,140.72656,520.4961,5
3177.738,435,10.56701,4608,6,2.757812,243.1484,140.92188,520.3008,5
3177.738,435,8.695651999999999,4608,2,2.757812,243.1484,140.97266,520.25,5
3177.738,434,9.87013,4608,2,2.757812,243.1484,141.16797,520.0547,5
3177.738,434,10.539846,4608,2,2.757812,243.1484,141.21875,520.0039,5
3177.738,434,11.491443,4608,2,2.757812,243.1484,141.21875,520.0039,5
3177.738,434,14.888337,4608,2,2.757812,243.1484,141.21875,520.0039,5
3177.738,434,12.195122,4608,2,2.757812,243.2461,141.21875,519.9062,5
3177.738,434,11.414392,4608,2,2.757812,243.2617,141.21875,519.8906,5
3177.738,434,9.207161,4608,3,2.757812,243.2617,141.21875,519.8906,5
3177.738,434,9.693878,4608,2,2.757812,243.2617,141.21875,519.8906,5
3177.738,434,11.704835,4608,3,2.765625,243.2539,141.21875,519.8906,5
3177.738,434,12.0,4608,2,2.765625,243.2617,141.21875,519.8828,5
3177.738,434,11.471322,4608,2,2.765625,243.2617,141.21875,519.8828,5
3177.738,434,12.195122,4608,4,2.765625,243.2617,141.21875,519.8828,5
3177.738,434,11.838791,4608,2,2.765625,243.2617,141.21875,519.8828,5
3177.738,434,12.468828,4608,3,2.765625,243.3086,141.21875,519.8359,5
3177.738,435,13.994911,4608,3,2.773438,243.3008,141.21875,519.8359,5
3177.738,436,10.687023,4608,2,2.773438,243.3086,140.97266,520.0742,5
3178.219,436,12.151899,4608,3,2.773438,243.3086,140.97266,520.0742,5
3178.219,436,12.871287,4608,2,2.773438,243.3086,140.97266,520.0742,5
3178.219,436,11.764706,4608,2,2.773438,243.3086,140.72656,520.3203,5
3178.219,434,13.381995,4608,2,2.773438,243.3086,140.48047,520.5664,5
3178.219,435,8.226221,4608,4,2.773438,243.3086,140.23438,520.8125,5
3178.219,435,12.871287,4608,2,2.773438,243.3086,139.98828,521.0586,5
3178.219,435,12.121212,4608,3,2.773438,243.3086,139.74219,521.3047,5
3178.219,435,11.989796,4608,3,2.773438,243.3086,139.74219,521.3047,5
3178.219,435,11.809045,4608,2,2.773438,243.3086,139.74219,521.3047,5
3178.219,435,11.0,4608,2,2.773438,243.3086,139.74219,521.3047,5
3178.219,435,11.604938,4608,2,2.773438,243.3086,139.74219,521.3047,5
3178.219,435,11.166253,4608,2,2.78125,243.3086,139.74219,521.2969,5
3178.219,435,8.48329,4608,3,2.78125,243.3086,139.49609,521.543,5
3178.219,435,11.940299,4608,2,2.78125,243.3086,139.49609,521.543,5
3178.219,435,11.167513,4608,3,2.78125,243.3086,139.49609,521.543,5
3178.219,435,11.111111,4576,2,2.78125,243.3086,139.25,521.7891,5
3178.219,435,12.437811,4576,2,2.78125,243.3086,139.00391,522.0352,5
3178.219,435,11.363636,4576,2,2.78125,243.3086,139.00391,522.0352,5
3178.219,435,10.051546,4576,3,2.78125,243.3086,139.00391,522.0352,5
3178.219,435,11.948052,4576,2,2.78125,243.3086,139.00391,522.0352,5
3178.219,435,10.539846,4576,3,2.78125,243.5039,139.00391,521.8398,5
3178.219,435,8.974359,4576,2,2.78125,243.5586,139.00391,521.7852,5
3178.219,435,12.030075,4576,2,2.78125,243.5586,139.00391,521.7852,5
3178.219,435,12.406948,4576,2,2.78125,243.5586,139.00391,521.7852,5
3178.219,435,11.278195,4576,6,2.78125,243.5586,139.00391,521.7852,5
3178.219,435,10.485934,4576,2,2.78125,243.5586,139.00391,521.7852,5
3178.219,435,7.571802,4576,4,2.789062,243.5586,139.00391,521.7773,5
3178.219,435,11.627907,4576,2,2.789062,243.5586,139.00391,521.7773,5
3178.219,435,10.204082,4576,2,2.789062,243.5586,139.00391,521.7773,5
3178.219,435,11.508951,4576,2,2.789062,243.5586,138.75781,522.0234,5
3178.219,435,10.858586,4576,3,2.789062,243.5586,138.51172,522.2695,5
3178.219,435,14.177215,4576,2,2.789062,243.5586,138.51172,522.2695,5
3178.219,435,12.060302,4576,4,2.789062,243.5586,138.51172,522.2695,5
3178.219,435,10.969388,4576,2,2.789062,243.5586,138.51172,522.2695,5
3178.219,435,12.082262,4576,2,2.789062,243.5586,138.51172,522.2695,5
3178.219,435,9.895833,4576,2,2.796875,243.5586,138.51172,522.2617,5
3178.219,434,8.163264999999999,4576,3,2.796875,243.5586,138.51172,522.2617,5
3178.219,434,12.911392,4608,2,2.796875,243.5586,136.29688,524.4766,5
3178.219,434,12.406948,4608,3,2.796875,243.5586,136.29688,524.4766,5
3178.219,434,12.128713,4608,5,2.796875,243.5586,136.29688,524.4766,5
3178.219,434,11.0,4608,4,2.796875,243.5586,136.29688,524.4766,5
3178.219,434,10.25641,4608,2,2.796875,243.5586,136.29688,524.4766,5
3178.219,434,10.824742,4608,3,2.796875,243.5586,136.29688,524.4766,5
3178.219,434,10.824742,4608,2,2.804688,243.5586,136.29688,524.4688,5
3178.219,434,10.741688,4576,3,2.804688,243.5586,136.29688,524.4688,5
3178.219,434,12.626263,4576,4,2.804688,243.5586,136.29688,524.4688,5
3178.234,434,12.967581,4576,4,2.804688,243.5586,136.29688,524.4688,5
3178.219,434,13.432836,4576,5,2.804688,243.5586,136.29688,524.4688,5
3178.219,434,10.621762,4576,3,2.804688,243.5586,136.29688,524.4688,5
3178.219,434,10.594315,4576,2,2.804688,243.5586,135.83203,524.9336,5
3178.219,434,10.416667,4576,4,2.804688,243.5586,135.83203,524.9336,5
3178.219,434,11.508951,4576,2,2.804688,243.5586,135.58594,525.1797,5
3178.219,434,9.350649,4576,4,2.804688,243.5586,135.58594,525.1797,5
3178.219,434,10.948905,4608,3,2.804688,243.5586,135.58594,525.1797,5
3178.219,434,10.025063,4608,6,2.804688,243.5586,135.33984,525.4258,5
3178.219,434,12.113402,4608,4,2.804688,243.5586,135.33984,525.4258,5
3178.219,434,10.649351,4608,3,2.804688,243.5586,135.33984,525.4258,5
3178.219,434,11.597938,4608,2,2.804688,243.5586,135.33984,525.4258,5
3178.219,434,14.690722,4608,3,2.804688,243.5586,135.58594,525.1797,5
3178.219,434,12.121212,4608,2,2.804688,243.5586,136.07812,524.6875,5
3178.219,434,12.820513,4608,2,2.804688,243.5586,136.07812,524.6875,5
3178.219,434,11.435523,4608,2,2.804688,243.5586,136.07812,524.6875,5
3178.219,434,10.632911,4608,2,2.804688,243.5586,136.07812,524.6875,5
3178.219,434,10.796915,4608,2,2.804688,243.5586,136.27344,524.4922,5
3178.219,434,9.560724,4608,3,2.804688,243.5586,136.57031,524.1953,5
3178.219,434,11.369509,4608,2,2.804688,243.5586,136.51953,524.2461,5
3178.219,434,10.512821,4608,2,2.804688,243.5586,136.57031,524.1953,5
3178.219,434,12.371134,4608,2,2.804688,243.5586,136.57031,524.1953,5
3178.219,434,9.74359,4608,3,2.804688,243.5586,136.57031,524.1953,5
3178.219,434,11.414392,4608,2,2.804688,243.5586,136.57031,524.1953,5
3178.219,434,10.051546,4608,3,2.804688,243.5586,136.57031,524.1953,5
3178.219,434,11.340206,4608,2,2.804688,243.5586,136.57031,524.1953,5
3178.219,434,10.282776,4608,3,2.804688,243.5586,136.57031,524.1953,5
3178.219,434,9.230769,4608,2,2.804688,243.5586,136.57031,524.1953,5
3178.219,434,10.075567,4608,3,2.804688,243.5586,136.57031,524.1953,5
3178.219,434,9.74359,4608,2,2.804688,243.5586,136.57031,524.1953,5
3178.219,434,12.051282,4608,2,2.804688,243.5586,136.76562,524.0,5
3178.219,434,11.42132,4608,2,2.929688,243.6445,136.57031,523.9844,5
3178.219,435,9.819121,4608,3,2.929688,243.6445,136.32422,524.2305,5
3178.219,435,8.74036,4608,2,2.929688,243.6445,136.32422,524.2305,5
3178.219,435,11.386139,4608,4,2.929688,243.6445,136.32422,524.2305,5
3178.219,435,13.032581,4608,2,2.9375,243.6367,136.32422,524.2305,5
3178.219,435,11.82266,4608,4,2.9375,243.6445,136.32422,524.2227,5
3178.219,435,11.27451,4608,2,2.9375,243.6445,136.07812,524.4688,5
3178.219,435,11.302211,4608,2,2.9375,243.6445,136.07812,524.4688,5
3178.219,435,10.852713,4608,2,2.9375,243.6445,135.83203,524.7148,5
3178.219,435,11.948052,4608,3,2.9375,243.6445,136.07812,524.4688,5
3178.219,435,15.521628,4608,2,2.945312,243.6367,135.83203,524.7148,5
3178.219,435,13.399504,4608,2,2.945312,243.6445,135.83203,524.707,5
3178.219,435,12.655087,4608,2,2.945312,243.6445,136.02734,524.5117,5
3178.219,435,11.358025,4608,2,2.945312,243.6445,135.83203,524.707,5
3178.219,435,14.390244,4608,2,2.945312,243.6445,135.58594,524.9531,5
3178.219,435,13.417722,4608,2,2.945312,243.6445,135.58594,524.9531,5
3178.219,435,9.61039,4608,2,2.945312,243.6445,135.58594,524.9531,5
3178.219,435,10.56701,4608,2,2.945312,243.6445,135.58594,524.9531,5
3178.219,435,9.898477,4608,2,2.945312,243.6445,135.58594,524.9531,5
3178.219,435,11.491443,4608,3,2.945312,243.6445,135.33984,525.1992,5
3178.219,435,14.179104,4608,7,2.945312,243.6445,135.33984,525.1992,5
3178.219,435,12.655087,4608,7,2.945312,243.6445,135.33984,525.1992,5
3178.219,435,10.39604,4608,2,2.945312,243.6445,135.33984,525.1992,5
3178.219,435,10.796915,4608,2,2.945312,243.6445,135.33984,525.1992,5
3178.219,435,10.741688,4608,2,2.945312,243.6445,135.09375,525.4453,5
3178.219,435,12.85347,4608,3,2.945312,243.6445,135.09375,525.4453,5
3178.219,435,11.970075,4608,2,2.945312,243.6445,135.09375,525.4453,5
3178.219,435,10.776942,4608,2,2.945312,243.6445,135.09375,525.4453,5
3178.219,435,12.254902,4608,2,2.945312,243.6445,135.09375,525.4453,5
3178.219,435,12.926829,4608,2,2.945312,243.6445,135.09375,525.4453,5
3178.219,435,13.0,4608,2,2.945312,243.6445,135.09375,525.4453,5
3178.219,435,14.83376,4608,2,2.953125,243.6367,135.09375,525.4453,5
3178.219,435,11.450382,4608,2,2.953125,243.6445,135.09375,525.4375,5
3178.219,435,10.969388,4608,2,2.953125,243.6445,135.09375,525.4375,5
3178.219,435,12.437811,4608,3,2.957031,243.6445,135.09375,525.4336,5
3178.219,435,11.691542,4608,2,2.957031,243.6445,135.09375,525.4336,5
3178.219,435,12.807882,4608,2,2.957031,243.6445,135.09375,525.4336,5
3178.219,435,13.768116,4608,2,2.957031,243.6445,135.09375,525.4336,5
3178.219,435,11.970075,4608,3,2.957031,243.6445,135.09375,525.4336,5
3178.219,435,10.0,4608,2,2.957031,243.6445,135.09375,525.4336,5
3178.219,435,12.113402,4608,2,2.964844,243.6367,135.33984,525.1875,5
3178.219,434,12.121212,4608,2,2.964844,243.6445,135.33984,525.1797,5
3178.219,434,14.609572,4608,2,2.964844,243.6445,135.53516,524.9844,5
3178.219,434,12.158809,4608,2,2.964844,243.6445,135.58594,524.9336,5
3178.219,434,11.922141,4608,2,2.964844,243.6445,135.78125,524.7383,5
3178.219,434,10.945274,4608,2,2.964844,243.6445,135.83203,524.6875,5
3178.219,434,11.111111,4608,3,2.964844,243.6445,135.83203,524.6875,5
3178.219,434,13.333333,4608,2,2.964844,243.6445,135.83203,524.6875,5
3178.219,434,10.178117,4608,3,2.964844,243.6445,135.83203,524.6875,5
3178.219,434,11.083123,4608,2,2.964844,243.6445,135.83203,524.6875,5
3178.219,434,11.809045,4608,2,2.964844,243.6445,135.83203,524.6875,5
3178.219,434,12.254902,4608,2,2.964844,243.6445,135.83203,524.6875,5
3178.219,434,11.650485,4608,2,2.972656,243.6367,135.83203,524.6875,5
3178.219,434,13.451777,4608,2,2.972656,243.6445,135.83203,524.6797,5
3178.219,434,11.450382,4608,2,2.972656,243.6445,135.83203,524.6797,5
3178.219,434,12.626263,4608,2,2.972656,243.6445,135.58594,524.9258,5
3178.219,434,12.121212,4608,2,2.972656,243.6445,135.58594,524.9258,5
3178.219,432,12.81407,4608,2,2.972656,243.6445,135.58594,524.9258,5
3178.219,432,12.903226,4608,2,2.972656,243.6445,135.58594,524.9258,5
3178.219,432,12.745098,4608,2,2.980469,243.6367,135.33984,525.1719,5
3178.219,432,14.814815,4608,2,2.980469,243.6445,135.58594,524.918,5
3178.219,432,10.687023,4608,2,2.980469,243.6445,135.53516,524.9688,5
3178.219,432,10.335917,4608,2,2.980469,243.6445,135.33984,525.1641,5
3178.219,432,13.417722,4608,3,2.980469,243.6445,135.33984,525.1641,5
3178.219,432,13.0,4608,2,2.980469,243.6445,135.09375,525.4102,5
3178.219,432,10.075567,4608,2,2.980469,243.6445,135.09375,525.4102,5
3178.219,432,9.87013,4608,3,2.980469,243.6445,134.84766,525.6562,5
3178.219,431,10.594315,4608,2,2.980469,243.6445,135.09375,525.4102,5
3178.219,431,11.825193,4608,2,2.980469,243.6445,135.09375,525.4102,5
3178.219,431,12.02046,4608,2,2.980469,243.6445,135.09375,525.4102,5
3178.219,431,12.944162,4608,3,2.980469,243.6445,135.28906,525.2148,5
3178.219,431,11.167513,4608,2,2.980469,243.6445,135.33984,525.1641,5
3178.219,431,13.895782,4608,6,2.980469,243.6445,135.33984,525.1641,5
3178.219,431,10.178117,4608,3,2.980469,243.6445,135.33984,525.1641,5
3178.219,431,13.766234,4608,4,2.988281,243.6445,135.33984,525.1562,5
3178.219,431,10.852713,4608,5,2.988281,243.6445,135.33984,525.1562,5
3178.219,431,11.959288,4608,4,2.988281,243.6445,135.33984,525.1562,5
3178.219,431,11.450382,4608,4,2.988281,243.6445,135.33984,525.1562,5
3178.219,431,10.997442,4608,5,2.988281,243.6445,135.33984,525.1562,5
3178.219,431,14.786967,4608,4,2.988281,243.6445,135.53516,524.9609,5
3178.219,431,14.851485,4608,8,2.988281,243.6445,135.33984,525.1562,5
3178.219,431,12.436548,4608,3,2.988281,243.6445,135.53516,524.9609,5
3178.219,431,10.741688,4608,4,2.988281,243.6445,135.58594,524.9102,5
3178.219,431,11.025641,4608,6,2.988281,243.6445,135.53516,524.9609,5
3178.219,431,10.796915,4608,3,2.988281,243.6445,135.58594,524.9102,5
3178.219,431,12.564103,4608,4,2.988281,243.6445,135.58594,524.9102,5
3178.219,431,12.468828,4608,3,2.996094,243.6367,135.83203,524.6641,5
3178.219,431,11.557789,4608,4,2.996094,243.6445,135.58594,524.9023,5
3178.219,431,10.617284,4608,3,2.996094,243.6445,135.58594,524.9023,5
3178.219,431,11.253197,4608,4,2.996094,243.6445,135.78125,524.707,5
3178.219,431,13.05483,4608,5,2.996094,243.6445,135.83203,524.6562,5
3178.219,431,10.539846,4608,2,2.996094,243.6445,136.02734,524.4609,5
3178.219,431,10.969388,4608,2,2.996094,243.6445,135.83203,524.6562,5
3178.219,431,10.913706,4608,2,2.996094,243.6445,135.58594,524.9023,5
3178.219,431,11.471322,4608,3,2.996094,243.6445,135.58594,524.9023,5
3178.219,431,11.219512,4608,2,2.996094,243.6445,135.61719,524.8711,5
3178.219,431,11.597938,4608,3,2.996094,243.6445,135.8125,524.6758,5
3178.219,431,9.424084,4608,2,2.996094,243.6445,136.10938,524.3789,5
3178.219,431,10.362694,4608,2,2.996094,243.6445,136.10938,524.3789,5
3178.219,431,11.825193,4608,2,2.996094,243.6445,136.10938,524.3789,5
3178.219,431,10.741688,4608,2,2.996094,243.6445,136.10938,524.3789,5
3179.223,432,14.75827,4608,2,2.996094,243.6445,136.35156,524.1367,5
3179.223,432,12.713936,4608,2,2.996094,243.6445,136.10938,524.3789,5
3179.223,432,11.989796,4608,2,2.996094,243.6445,136.10938,524.3789,5
3178.219,432,10.621762,4608,3,2.996094,243.6445,135.61719,524.8711,5
3178.219,432,8.951407,4608,2,2.996094,243.6445,135.61719,524.8711,5
3178.219,432,11.340206,4608,2,2.996094,243.6445,135.61719,524.8711,5
3178.219,432,10.025707,4608,2,2.996094,243.6445,135.61719,524.8711,5
3178.219,432,10.969388,4608,2,2.996094,243.6445,135.61719,524.8711,5
3178.219,432,11.838791,4608,3,2.996094,243.6445,135.61719,524.8711,5
3178.219,432,12.230216,4608,2,2.996094,243.6445,135.86328,524.625,5
3178.219,432,10.796915,4608,3,2.996094,243.6445,135.86328,524.625,5
3178.219,432,11.369509,4608,2,2.996094,243.6445,135.86328,524.625,5
3178.219,432,11.311054,4608,2,2.996094,243.6445,135.86328,524.625,5
3178.219,432,11.311054,4608,2,2.996094,243.6445,135.61719,524.8711,5
3178.219,433,11.22449,4608,2,2.996094,243.6445,135.61719,524.8711,5
3178.219,433,10.512821,4608,2,2.996094,243.6445,135.61719,524.8711,5
3178.219,433,12.977099,4608,2,2.996094,243.6445,135.37109,525.1172,5
3178.219,433,12.871287,4608,3,2.996094,243.6445,135.37109,525.1172,5
3178.219,433,10.416667,4608,3,2.996094,243.6445,135.61719,524.8711,5
3178.219,433,9.390863,4608,2,2.996094,243.6445,135.61719,524.8711,5
3178.219,433,11.5,4608,2,3.003906,243.6445,135.37109,525.1094,5
3178.219,433,13.283208,4608,3,3.003906,243.6445,135.37109,525.1094,5
3178.219,433,11.838791,4608,2,3.003906,243.6445,135.56641,524.9141,5
3178.219,433,11.881188,4608,2,3.003906,243.6445,135.86328,524.6172,5
3178.219,433,11.435523,4608,2,3.003906,243.6445,135.86328,524.6172,5
3178.219,433,9.560724,4608,2,3.011719,244.1406,135.61719,524.3594,5
3178.219,433,11.139896,4608,3,3.011719,244.1406,135.37109,524.6055,5
3178.219,433,11.75,4608,2,3.011719,244.1406,135.37109,524.6055,5
3178.219,433,13.567839,4608,2,3.011719,244.1406,134.87891,525.0977,5
3178.219,433,12.406948,4608,2,3.011719,244.1406,134.82812,525.1484,5
3178.219,433,12.285012,4608,2,3.011719,244.1406,134.63281,525.3438,5
3178.219,433,11.82266,4608,2,3.019531,244.1406,134.63281,525.3359,5
3178.219,433,11.75,4608,3,3.019531,244.1406,134.63281,525.3359,5
3178.219,433,9.067358,4608,3,3.019531,244.1406,134.38672,525.582,5
3178.219,433,9.536082,4608,3,3.019531,244.1406,134.63281,525.3359,5
3178.219,433,11.64557,4608,2,3.019531,244.1406,134.82812,525.1406,5
3178.219,433,13.151365,4608,2,3.019531,244.1406,134.87891,525.0898,5
3178.219,433,13.5,4608,2,3.019531,244.1406,135.07422,524.8945,5
3178.219,433,12.128713,4608,2,3.019531,244.1406,135.125,524.8438,5
3178.219,433,11.98044,4608,2,3.019531,244.1406,135.32031,524.6484,5
3178.219,433,8.48329,4608,2,3.019531,244.1406,135.37109,524.5977,5
3178.219,433,9.511568,4608,2,3.019531,244.1406,135.37109,524.5977,5
3178.219,433,12.276215,4608,2,3.019531,244.1406,135.37109,524.5977,5
3178.219,433,11.138614,4608,2,3.027344,244.1328,135.37109,524.5977,5
3178.219,433,12.437811,4608,2,3.027344,244.1406,135.37109,524.5898,5
3178.219,433,12.81407,4608,3,3.027344,244.1406,135.32031,524.6406,5
3178.219,433,12.376238,4608,4,3.027344,244.1406,135.125,524.8359,5
3178.219,433,9.852217,4608,2,3.027344,244.1406,135.32031,524.6406,5
3178.219,433,15.4047,4608,2,3.027344,244.1406,135.37109,524.5898,5
3178.219,433,11.195929,4608,2,3.027344,244.1406,135.56641,524.3945,5
3178.219,433,12.935323,4608,2,3.027344,244.1406,135.125,524.8359,5
3178.219,433,11.557789,4608,3,3.027344,244.1406,135.125,524.8359,5
3178.219,432,13.065327,4608,2,3.027344,244.1406,135.32031,524.6406,5
3178.219,432,13.054187,4608,3,3.027344,244.1406,135.125,524.8359,5
3178.219,432,12.378641,4608,2,3.027344,244.1406,135.125,524.8359,5
3178.219,432,11.928934,4608,3,3.027344,244.1406,135.125,524.8359,5
3178.219,432,11.025641,4608,2,3.027344,244.1406,135.125,524.8359,5
3178.219,432,10.25641,4608,2,3.027344,244.1406,134.87891,525.082,5
3178.219,432,14.249364,4608,3,3.027344,244.1406,134.87891,525.082,5
3178.219,432,13.602015,4608,2,3.027344,244.1406,134.87891,525.082,5
3178.219,432,12.623762,4608,3,3.027344,244.1406,134.63281,525.3281,5
3178.219,432,10.810811,4608,4,3.027344,244.1406,134.87891,525.082,5
3178.219,432,13.106796,4608,2,3.035156,244.1328,134.82812,525.1328,5
3178.219,432,13.740458,4608,3,3.035156,244.1406,134.87891,525.0742,5
3178.219,432,13.881748,4608,2,3.035156,244.1406,134.87891,525.0742,5
3178.219,432,11.450382,4608,4,3.035156,244.1406,134.87891,525.0742,5
3178.219,432,13.819095,4608,2,3.035156,244.1406,134.87891,525.0742,5
3178.219,432,12.437811,4608,2,3.035156,244.1406,134.87891,525.0742,5
3178.219,432,13.283208,4608,2,3.035156,244.1406,134.82812,525.125,5
3199.211,433,16.216216,4608,7,3.320312,247.0078,133.64844,523.1523,5
3178.219,433,12.5,4576,2,6.699219,245.1523,134.64453,520.6328,5
3178.219,433,12.690355,4576,4,6.699219,245.0469,133.90625,521.4766,5
3178.219,433,12.151899,4576,2,6.699219,245.0469,133.16797,522.2148,5
3178.219,433,11.508951,4576,4,6.699219,245.0469,133.16797,522.2148,5
3178.219,433,14.572864,4576,3,6.707031,245.043,133.16797,522.2109,5
3178.219,434,13.895782,4576,3,6.707031,245.0469,132.18359,523.1914,5
3178.219,434,10.945274,4576,2,6.707031,245.0469,132.18359,523.1914,5
3178.219,434,11.98044,4576,2,6.707031,245.0469,132.18359,523.1914,5
3178.219,434,12.781955,4576,2,6.707031,245.0469,132.18359,523.1914,5
3178.219,434,13.367609,4576,3,6.707031,245.0469,131.9375,523.4375,5
3178.219,434,14.720812,4576,2,6.714844,245.0391,131.9375,523.4375,5
3178.219,434,11.42132,4576,3,6.714844,245.0469,131.9375,523.4297,5
3178.219,434,10.485934,4576,3,6.714844,245.0469,131.9375,523.4297,5
3178.219,434,10.309278,4576,2,6.714844,245.0469,131.9375,523.4297,5
3178.219,434,10.282776,4576,2,6.714844,245.0469,131.9375,523.4297,5
3178.219,434,11.627907,4576,3,6.714844,245.0469,131.9375,523.4297,5
3178.219,434,10.741688,4576,2,6.714844,245.0469,131.69141,523.6758,5
3178.219,434,11.64557,4576,4,6.714844,245.0469,131.69141,523.6758,5
3178.219,434,11.22449,4576,3,6.714844,245.0469,131.69141,523.6758,5
3178.219,434,11.779449,4576,4,6.714844,245.0469,131.44531,523.9219,5
3178.219,434,12.371134,4576,2,6.714844,245.0469,131.44531,523.9219,5
3178.219,434,10.741688,4576,2,6.714844,245.0469,131.44531,523.9219,5
3178.219,434,10.335917,4576,2,6.714844,245.0469,131.44531,523.9219,5
3178.219,434,11.282051,4576,3,6.714844,245.0469,131.19922,524.168,5
3178.219,434,11.053985,4576,3,6.714844,245.0469,131.19922,524.168,5
3178.219,434,11.568123,4576,4,6.714844,245.0469,130.95312,524.4141,5
3178.219,434,14.285714,4576,2,6.714844,245.0469,130.95312,524.4141,5
3178.219,434,13.366337,4576,4,6.714844,245.0469,130.95312,524.4141,5
3178.219,434,11.825193,4576,2,6.714844,245.0469,130.70703,524.6602,5
3178.219,434,10.852713,4576,2,6.714844,245.0469,128.98438,526.3828,5
3178.219,434,10.282776,4576,2,6.714844,245.0469,128.98438,526.3828,5
3178.219,434,13.11054,4576,3,6.714844,245.0469,128.98438,526.3828,5
3178.219,434,12.564103,4576,2,6.714844,244.2969,135.19922,520.918,5
3178.219,434,10.10101,4576,4,6.714844,244.2969,134.95312,521.1641,5
3178.219,434,11.675127,4576,2,6.714844,244.2969,134.70703,521.4102,5
3178.219,434,13.216958,4576,3,6.722656,244.3008,134.46094,521.6445,5
3178.219,434,13.486005,4608,2,6.722656,244.3008,134.46094,521.6445,5
3178.219,434,12.944162,4608,4,6.722656,244.3008,134.46094,521.6445,5
3178.219,434,12.531969,4608,2,6.722656,244.3008,134.21484,521.8906,5
3178.219,434,9.819121,4608,2,6.722656,244.3008,133.98047,522.125,5
3178.219,434,10.25,4608,2,6.722656,244.3008,133.98047,522.125,5
3178.219,434,11.138614,4608,2,6.722656,244.3008,133.48828,522.6172,5
3178.219,434,15.724816,4608,2,6.722656,244.3008,132.99609,523.1094,5
3178.219,434,10.997442,4608,2,6.730469,244.3008,132.75,523.3477,5
3178.219,434,11.508951,4608,3,6.730469,244.3008,132.50391,523.5938,5
3178.219,434,10.594315,4608,3,6.730469,244.3008,132.50391,523.5938,5
3178.219,434,10.997442,4608,2,6.730469,244.3008,132.50391,523.5938,5
3178.219,434,11.989796,4608,4,6.730469,244.3008,132.50391,523.5938,5
3178.219,434,11.91067,4608,2,6.730469,244.3008,132.50391,523.5938,5
3178.219,434,10.895884,4608,2,6.738281,244.3008,132.50391,523.5859,5
3178.219,433,11.91067,4608,2,6.738281,244.3008,132.25781,523.832,5
3178.219,433,12.339332,4608,2,6.738281,244.3008,131.51953,524.5703,5
3178.219,433,13.953488,4608,2,6.738281,244.3008,131.51953,524.5703,5
3178.219,433,11.764706,4608,2,6.738281,244.3008,131.51953,524.5703,5
3178.219,433,10.796915,4608,2,6.738281,244.3008,131.51953,524.5703,5
3178.219,433,10.880829,4608,2,6.738281,244.3008,131.51953,524.5703,5
3178.219,433,12.254902,4608,3,6.738281,244.3008,131.51953,524.5703,5
3178.219,433,11.864407,4608,2,6.738281,244.3008,131.51953,524.5703,5
3178.219,433,13.265306,4608,2,6.738281,244.3008,131.27344,524.8164,5
3178.219,433,10.309278,4608,3,6.738281,244.3008,131.27344,524.8164,5
3178.219,433,9.585492,4608,3,6.738281,244.3008,131.27344,524.8164,5
3178.219,433,10.969388,4608,6,6.738281,244.3008,131.27344,524.8164,5
3178.219,433,13.506494,4608,3,6.738281,244.3008,131.27344,524.8164,5
3178.219,433,12.435233,4608,3,6.738281,244.3008,131.27344,524.8164,5
3178.219,433,15.328467,4608,2,6.738281,244.5508,131.27344,524.5664,5
3178.219,433,12.713936,4608,7,6.738281,244.5508,131.27344,524.5664,5
3178.219,431,11.85567,4608,8,6.738281,244.5508,131.27344,524.5664,5
3178.219,432,10.852713,4608,5,6.738281,244.5508,131.27344,524.5664,5
3178.219,432,8.695651999999999,4608,5,6.738281,244.5508,131.27344,524.5664,5
3178.219,432,12.113402,4608,9,6.746094,244.5508,131.27344,524.5586,5
3178.219,432,12.345679,4608,3,6.746094,244.5508,131.27344,524.5586,5
3178.219,432,12.530713,4608,3,6.746094,244.5508,131.27344,524.5586,5
3178.219,432,11.881188,4608,3,6.746094,244.6758,131.27344,524.4336,5
3178.219,432,11.764706,4608,3,6.746094,244.6758,131.27344,524.4336,5
3178.219,433,14.507772,4576,5,6.753906,244.668,131.02734,524.6797,5
3178.219,433,12.25,4576,3,6.753906,244.6758,131.02734,524.6719,5
3178.219,433,10.886076,4576,5,6.753906,244.6758,131.02734,524.6719,5
3178.219,433,13.316583,4608,4,6.753906,244.6758,131.02734,524.6719,5
3178.219,433,12.903226,4608,3,6.753906,244.6758,131.02734,524.6719,5
3178.219,433,12.561576,4608,6,6.753906,244.6758,130.78125,524.918,5
3178.219,433,14.356436,4608,3,6.761719,244.668,130.78125,524.918,5
3178.219,433,11.538462,4608,4,6.761719,244.6758,130.78125,524.9102,5
3178.219,433,10.362694,4608,3,6.761719,244.6758,130.53516,525.1562,5
3178.219,433,11.809045,4608,4,6.761719,244.6758,130.28906,525.4023,5
3178.219,433,13.065327,4608,5,6.761719,244.6758,130.28906,525.4023,5
3178.219,433,13.466334,4608,4,6.761719,244.6758,130.04297,525.6484,5
3178.219,433,12.75,4608,4,6.761719,244.6758,130.04297,525.6484,5
3178.219,433,13.414634,4608,5,6.761719,244.6758,129.79688,525.8945,5
3178.219,433,11.335013,4608,5,6.761719,244.6758,129.79688,525.8945,5
3178.219,433,11.340206,4608,4,6.761719,244.6758,129.79688,525.8945,5
3178.219,433,12.207792,4608,5,6.761719,244.6758,129.79688,525.8945,5
3178.219,433,13.82716,4608,4,6.761719,244.6758,129.55078,526.1406,5
3178.219,433,13.366337,4608,7,6.761719,236.2773,140.64453,523.4453,5
3178.219,433,14.46384,4608,4,6.761719,236.1836,140.875,523.3086,5
3178.219,433,12.807882,4608,4,6.761719,236.1836,140.875,523.3086,5
3178.219,433,12.926829,4608,4,6.761719,236.1836,140.875,523.3086,5
3178.219,433,12.144703,4576,4,6.761719,236.1836,140.65625,523.5273,5
3178.219,433,11.282051,4576,3,6.761719,236.1836,140.65625,523.5273,5
3178.219,433,10.913706,4576,3,6.761719,236.1836,140.65625,523.5273,5
3178.219,433,12.967581,4576,3,6.761719,236.1836,140.42188,523.7617,5
3178.219,433,14.60396,4576,3,6.761719,236.1836,140.42188,523.7617,5
3178.219,433,13.853904,4576,4,6.761719,236.1836,140.42188,523.7617,5
3178.219,433,13.333333,4576,5,6.761719,236.1836,140.42188,523.7617,5
3178.219,433,11.538462,4576,3,6.761719,236.1836,140.17578,524.0078,5
3178.219,433,10.769231,4576,5,6.761719,236.1836,139.92969,524.2539,5
3178.219,433,9.974425,4576,2,6.761719,236.1836,139.92969,524.2539,5
3178.219,433,11.195929,4576,6,6.761719,236.1836,139.92969,524.2539,5
3178.219,433,15.0,4576,3,6.761719,236.1836,139.92969,524.2539,5
3178.219,433,13.681592,4576,2,6.761719,236.1836,139.68359,524.5,5
3178.219,433,12.315271,4576,2,6.761719,236.1836,139.68359,524.5,5
3178.219,433,11.19403,4576,2,6.761719,236.1836,139.19141,524.9922,5
3178.219,433,12.113402,4576,8,6.761719,236.1836,138.69922,525.4844,5
3178.219,433,11.282051,4576,2,6.761719,236.1836,138.69922,525.4844,5
3178.219,433,10.997442,4576,2,6.769531,236.1836,138.69922,525.4766,5
3178.219,433,11.868687,4576,2,6.769531,236.1836,138.69922,525.4766,5
3178.219,433,12.468828,4576,2,6.769531,236.1836,138.69922,525.4766,5
3178.219,433,15.594059,4576,2,6.769531,236.1836,138.20703,525.9688,5
3178.219,433,17.57426,4576,5,6.769531,236.1836,138.20703,525.9688,5
3178.219,433,13.300493,4576,2,6.769531,236.1836,138.20703,525.9688,5
3178.219,433,9.438776,4576,3,6.769531,236.1836,137.96094,526.2148,5
3178.219,433,9.020619,4576,2,6.769531,236.1836,137.96094,526.2148,5
3178.219,433,10.43257,4576,2,6.769531,236.1836,137.96094,526.2148,5
3178.219,433,12.81407,4576,2,6.769531,236.1836,137.96094,526.2148,5
3178.219,433,12.967581,4576,2,6.769531,236.1836,137.46875,526.707,5
3178.742,435,13.895782,4576,2,6.78125,237.832,135.74609,526.7695,5
3178.742,435,11.27451,4576,2,6.789062,237.7891,135.74609,526.8047,5
3182.59,435,12.531328,4576,2,6.789062,237.7891,135.5,527.0508,5
3182.59,435,11.764706,4576,3,6.789062,237.7891,135.25391,527.2969,5
3182.59,435,13.436693,4576,2,6.789062,237.7891,134.76172,527.7891,5
3182.59,435,11.508951,4576,2,6.789062,237.7891,134.76172,527.7891,5
3182.59,435,14.690722,4576,2,6.796875,237.7891,134.51562,528.0273,5
3182.59,435,10.606061,4576,2,6.796875,237.7891,134.51562,528.0273,5
3182.59,435,9.895833,4576,2,6.796875,237.7891,134.26953,528.2734,5
3182.59,435,11.311054,4576,3,6.796875,237.7891,134.02344,528.5195,5
3182.59,435,9.350649,4576,2,6.796875,237.7891,134.02344,528.5195,5
3179.223,435,10.025707,4576,2,6.796875,237.7891,134.02344,528.5195,5
3179.223,435,10.485934,4576,2,6.796875,237.7891,134.02344,528.5195,5
3179.223,435,14.536341,4576,2,6.796875,237.7891,133.77734,528.7656,5
3179.223,435,10.880829,4576,2,6.796875,237.7891,133.53125,529.0117,5
3179.223,435,10.335917,4576,2,6.796875,237.7891,133.53125,529.0117,5
3179.223,435,10.880829,4576,2,6.796875,237.7891,133.53125,529.0117,5
3179.223,435,10.56701,4576,2,6.796875,237.7891,133.53125,529.0117,5
3179.223,435,10.459184,4576,2,6.796875,237.7891,133.53125,529.0117,5
3179.223,435,10.941476,4576,2,6.796875,237.7891,133.53125,529.0117,5
3179.223,435,15.869018,4576,3,6.796875,237.7891,133.03906,529.5039,5
3179.223,435,12.405063,4576,2,6.796875,237.7891,133.03906,529.5039,5
3179.223,435,9.819121,4576,2,6.796875,237.7891,133.03906,529.5039,5
3179.223,435,12.051282,4608,2,6.796875,237.7891,133.03906,529.5039,5
3179.223,435,11.139896,4608,3,6.796875,237.7891,132.79297,529.75,5
3179.223,435,12.564103,4608,2,6.796875,237.7891,131.31641,531.2266,5
3179.223,435,10.824742,4608,2,6.796875,237.7891,131.31641,531.2266,5
3179.223,435,10.485934,4608,4,6.796875,237.7891,131.31641,531.2266,5
3179.223,435,12.09068,4608,2,6.796875,237.7891,131.07031,531.4727,5
3179.223,435,13.032581,4608,3,6.796875,237.7891,131.07031,531.4727,5
3179.223,435,10.459184,4608,3,6.796875,237.7891,131.07031,531.4727,5
3179.223,435,12.335958,4608,2,6.824219,237.7617,131.07031,531.4727,5
3179.223,435,10.335917,4608,6,6.824219,237.8008,131.07031,531.4336,5
3179.223,435,12.307692,4608,3,6.824219,237.8008,131.07031,531.4336,5
3179.223,435,9.511568,4608,4,6.824219,237.8008,131.07031,531.4336,5
3179.223,436,11.450382,4608,2,6.824219,237.8008,131.07031,531.4336,5
3179.223,436,12.182741,4608,4,6.824219,237.8008,131.07031,531.4336,5
3179.223,436,12.039312,4608,2,6.832031,237.8008,131.07031,531.4258,5
3179.223,436,10.677083,4608,5,6.832031,237.8008,131.07031,531.4258,5
3179.223,436,9.819121,4608,2,6.832031,237.8008,130.82422,531.6719,5
3179.223,436,10.969388,4608,3,6.832031,237.8008,130.82422,531.6719,5
3179.223,436,10.824742,4608,2,6.832031,237.8008,130.82422,531.6719,5
3179.223,436,11.940299,4608,2,6.832031,237.8008,130.82422,531.6719,5
3179.223,436,13.546798,4608,4,6.832031,237.8008,130.82422,531.6719,5
3179.223,436,13.138686,4608,2,6.832031,237.8008,130.57812,531.918,5
3179.223,436,10.051546,4608,2,6.832031,237.8008,130.34375,532.1523,5
3179.223,436,11.311054,4608,4,6.832031,237.8008,130.34375,532.1523,5
3179.223,436,13.917526,4576,2,6.832031,237.8008,130.09766,532.3984,5
3179.223,436,11.538462,4576,2,6.832031,237.8008,130.09766,532.3984,5
3179.223,436,11.479592,4576,2,6.832031,237.8008,130.09766,532.3984,5
3179.223,436,11.735941,4576,3,6.832031,237.8008,129.85156,532.6445,5
3179.223,436,12.864078,4576,4,6.832031,237.8008,129.85156,532.6445,5
3179.223,436,14.646465,4576,4,6.832031,237.8008,129.60547,532.8906,5
3179.223,436,10.594315,4576,2,6.832031,237.8008,129.60547,532.8906,5
3179.223,436,12.113402,4576,2,6.832031,237.8008,129.60547,532.8906,5
3179.223,436,10.880829,4576,2,6.832031,237.8008,129.60547,532.8906,5
3179.223,436,11.053985,4576,2,6.832031,237.8008,129.60547,532.8906,5
3179.223,436,12.5,4576,3,6.832031,237.8008,129.60547,532.8906,5
3179.223,436,15.121951,4576,2,6.832031,237.8008,129.60547,532.8906,5
3179.223,436,12.469438,4576,2,6.839844,237.7969,129.35938,533.1328,5
3179.223,436,10.25641,4576,2,6.839844,238.0078,129.11328,533.168,5
3179.223,436,8.80829,4576,2,6.839844,238.0312,129.11328,533.1445,5
3179.223,436,10.594315,4576,2,6.839844,238.0312,128.86719,533.3906,5
3179.223,436,13.73057,4576,3,6.839844,238.0312,128.86719,533.3906,5
3179.223,436,11.568123,4576,2,6.839844,238.0312,128.86719,533.3906,5
3179.223,436,10.25641,4576,2,6.839844,238.0312,128.62109,533.6367,5
3179.223,436,12.318841,4576,5,6.847656,238.0312,128.62109,533.6289,5
3179.223,436,10.864198,4576,3,6.847656,230.4141,143.15625,526.7109,5
3179.223,436,12.082262,4576,4,6.847656,230.3672,143.40625,526.5078,5
3179.223,436,12.0,4576,2,6.847656,230.3672,143.1875,526.7266,5
3179.223,436,11.311054,4576,2,6.847656,230.3672,142.47656,527.4375,5
3179.223,436,11.392405,4576,2,6.847656,230.3672,142.47656,527.4375,5
3179.223,436,12.376238,4576,2,6.847656,230.3672,142.23047,527.6836,5
3179.223,436,13.333333,4576,2,6.847656,230.3672,142.23047,527.6836,5
3179.223,436,13.235294,4576,2,6.847656,230.3672,142.23047,527.6836,5
3179.223,436,10.512821,4576,2,6.847656,230.3672,142.23047,527.6836,5
3179.223,436,9.94898,4576,2,6.847656,230.3672,142.23047,527.6836,5
3179.223,436,12.468828,4576,2,6.847656,230.3672,142.23047,527.6836,5
3179.223,436,10.969388,4576,3,6.847656,230.3672,142.23047,527.6836,5
3179.223,436,14.070352,4576,2,6.847656,230.3672,142.23047,527.6836,5
3179.223,436,13.118812,4576,3,6.847656,230.3672,141.73828,528.1758,5
3179.223,436,12.039312,4576,3,6.847656,230.3672,141.49219,528.4219,5
3179.223,436,9.848485,4576,2,6.847656,230.3672,141.49219,528.4219,5
3179.223,436,12.787724,4544,2,6.847656,230.3672,141.49219,528.4219,5
3179.223,436,14.358974,4544,2,6.847656,230.3672,141.49219,528.4219,5
3179.223,436,12.121212,4544,2,6.847656,230.3672,141.49219,528.4219,5
3179.223,436,11.64557,4544,3,6.847656,230.3672,141.49219,528.4219,5
3179.223,436,14.180929,4544,2,6.847656,230.3672,141.49219,528.4219,5
3179.223,436,11.19403,4576,5,6.847656,230.3672,141.49219,528.4219,5
3179.223,436,11.246944,4576,2,6.847656,230.3672,141.49219,528.4219,5
3179.223,436,12.405063,4576,2,6.847656,230.3672,141.49219,528.4219,5
3179.223,436,10.56701,4576,2,6.847656,230.3672,141.49219,528.4219,5
3179.223,436,11.675127,4576,2,6.847656,230.3672,141.49219,528.4219,5
3179.223,436,13.895782,4576,2,6.847656,230.3672,141.49219,528.4219,5
3179.223,436,11.111111,4576,2,6.847656,230.3672,141.49219,528.4219,5
3179.223,436,13.715711,4576,2,6.847656,230.3672,141.49219,528.4219,5
3179.223,436,9.022556,4576,3,6.847656,230.3672,141.49219,528.4219,5
3179.223,436,8.831169,4576,2,6.847656,230.3672,141.49219,528.4219,5
3179.223,436,11.167513,4576,2,6.847656,230.3672,141.24609,528.668,5
3179.223,436,10.741688,4576,2,6.847656,230.3672,141.24609,528.668,5
3179.223,436,13.924051,4576,3,6.847656,230.3672,141.24609,528.668,5
3179.223,436,12.75,4576,2,6.847656,230.3672,141.0,528.9141,5
3179.223,436,12.345679,4576,2,6.847656,230.3672,141.0,528.9141,5
3179.223,436,12.623762,4576,2,6.855469,230.3672,140.75391,529.1523,5
3179.223,436,10.886076,4576,3,6.855469,230.3672,140.75391,529.1523,5
3179.223,436,11.508951,4576,2,6.855469,230.8672,140.50781,528.8984,5
3179.223,435,15.641026,4576,3,6.855469,230.8672,140.26172,529.1445,5
3179.223,435,10.459184,4576,2,6.855469,230.8672,140.01562,529.3906,5
3179.223,435,11.959288,4576,5,6.855469,230.8672,139.52344,529.8828,5
3179.223,435,13.25,4576,3,6.855469,230.8672,139.52344,529.8828,5
3179.223,435,13.18408,4576,6,6.863281,230.8672,139.27734,530.1211,5
3179.223,435,14.074074,4576,5,6.863281,230.8672,139.27734,530.1211,5
3179.223,435,14.861461,4576,6,6.863281,230.8672,139.03125,530.3672,5
3179.223,435,11.568123,4576,6,6.863281,230.8672,139.03125,530.3672,5
3179.223,435,10.741688,4576,4,6.863281,230.8672,139.03125,530.3672,5
3179.223,435,12.244898,4576,4,6.863281,230.8672,138.78516,530.6133,5
3179.223,435,13.131313,4576,4,6.863281,230.8672,138.53906,530.8594,5
3179.223,435,15.09901,4576,5,6.863281,230.8672,138.29297,531.1055,5
3179.223,435,13.333333,4576,3,6.863281,230.8711,138.04688,531.3477,5
3179.223,435,11.735941,4576,5,6.863281,230.8711,137.80078,531.5938,5
3179.223,435,12.594458,4576,6,6.863281,230.8711,137.55469,531.8398,5
3179.223,435,11.053985,4576,3,6.863281,230.8711,137.55469,531.8398,5
3179.223,435,17.51269,4576,5,6.863281,230.8711,137.30859,532.0859,5
3179.223,433,10.886076,4576,5,6.871094,230.9688,137.30859,531.9805,5
3179.223,433,12.0,4576,5,6.871094,230.9961,137.30859,531.9531,5
3179.223,433,12.5,4576,5,6.871094,230.9961,137.07422,532.1875,5
3179.223,433,11.458333,4576,5,6.871094,230.9961,136.82812,532.4336,5
3179.223,433,10.796915,4576,5,6.871094,230.9961,136.82812,532.4336,5
3179.223,433,13.178295,4576,5,6.871094,230.9961,136.82812,532.4336,5
3179.223,433,10.741688,4576,6,6.878906,230.9961,136.82812,532.4258,5
3179.223,433,11.508951,4576,4,6.878906,230.9961,136.82812,532.4258,5
3179.223,433,10.969388,4576,3,6.894531,230.9961,136.82812,532.4102,5
3179.223,433,11.282051,4576,6,6.894531,230.9961,136.82812,532.4102,5
3179.223,433,12.151899,4576,5,6.894531,230.9961,136.82812,532.4102,5
3179.223,433,10.796915,4576,4,6.894531,230.9961,136.82812,532.4102,5
3179.223,433,10.824742,4576,3,6.894531,230.9961,136.82812,532.4102,5
3179.223,433,11.111111,4576,5,6.894531,230.9961,136.82812,532.4102,5
3179.223,433,10.512821,4576,3,6.894531,230.9961,137.07422,532.1641,5
3179.223,433,15.012723,4576,6,6.894531,230.9961,137.07422,532.1641,5
3179.223,433,11.704835,4576,4,6.894531,230.9961,137.07422,532.1641,5
3179.223,433,10.406091,4576,3,6.894531,230.9961,137.02344,532.2148,5
3179.223,434,9.585492,4576,2,6.894531,230.9961,137.32031,531.918,5
3179.223,434,10.077519,4576,4,6.894531,230.9961,137.32031,531.918,5
3179.223,434,11.053985,4576,4,6.894531,230.9961,137.51562,531.7227,5
3179.223,434,10.997442,4608,5,6.894531,230.9961,137.56641,531.6719,5
3179.223,434,10.659898,4608,3,6.894531,230.9961,135.84375,533.3945,5
3179.223,434,11.538462,4608,4,6.894531,230.9961,135.84375,533.3945,5
3179.223,434,10.886076,4608,3,6.894531,230.9961,135.84375,533.3945,5
3179.223,434,9.302326,4608,5,6.894531,230.9961,135.84375,533.3945,5
3179.223,434,12.987013,4608,4,6.894531,230.9961,135.84375,533.3945,5
3179.223,434,9.560724,4608,6,6.902344,231.0938,135.84375,533.2891,5
3179.223,434,11.025641,4608,4,6.902344,231.1758,135.84375,533.207,5
3179.223,434,12.531969,4608,4,6.902344,231.1758,135.84375,533.207,5
3179.223,434,10.913706,4608,3,6.902344,231.1758,135.84375,533.207,5
3179.223,434,13.0,4608,4,6.902344,231.1758,135.84375,533.207,5
3179.223,434,12.082262,4608,2,6.902344,231.1758,135.84375,533.207,5
3179.223,434,10.051546,4608,3,6.910156,231.1758,135.84375,533.1992,5
3179.223,434,8.854167,4608,2,6.910156,231.1758,135.84375,533.1992,5
3179.223,434,9.487179,4608,3,6.910156,231.1758,135.59766,533.4453,5
3179.223,434,9.343434,4608,3,6.910156,231.1758,135.59766,533.4453,5
3179.223,434,14.962594,4608,3,6.910156,231.1758,135.59766,533.4453,5
3179.223,434,12.655087,4608,2,6.910156,231.1758,135.37891,533.6641,5
3179.223,434,12.83293,4608,2,6.910156,231.1758,135.37891,533.6641,5
3179.223,434,9.090909,4608,2,6.910156,231.1758,135.37891,533.6641,5
3179.223,434,10.769231,4608,2,6.910156,231.1758,135.37891,533.6641,5
3179.223,434,15.206186,4608,3,6.910156,231.1758,135.37891,533.6641,5
3179.223,434,10.443864,4608,2,6.910156,231.1758,135.37891,533.6641,5
3179.223,434,10.5,4608,5,6.910156,231.1758,135.37891,533.6641,5
3179.223,434,11.940299,4608,2,6.910156,231.1758,135.37891,533.6641,5
3179.223,434,13.333333,4544,2,6.910156,231.1758,135.37891,533.6641,5
3179.223,434,13.480392,4544,2,6.910156,231.1758,135.37891,533.6641,5
3179.223,434,10.25641,4544,2,6.910156,231.1758,135.37891,533.6641,5
3179.223,434,10.335917,4544,3,6.910156,231.1758,135.37891,533.6641,5
3179.223,434,10.335917,4544,2,6.910156,231.1758,135.37891,533.6641,5
3179.223,434,12.244898,4544,3,6.910156,231.1758,135.625,533.418,5
3179.223,434,12.0,4544,2,6.910156,231.1758,135.625,533.418,5
3179.223,434,13.216958,4544,2,6.910156,231.1758,135.625,533.418,5
3179.223,434,12.315271,4544,2,6.910156,231.1758,135.625,533.418,5
3179.223,435,12.182741,4544,3,6.910156,231.1758,135.625,533.418,5
3179.223,435,12.371134,4544,2,6.917969,231.1758,135.625,533.4102,5
3179.223,435,10.362694,4544,3,6.917969,231.1758,135.37891,533.6562,5
3179.223,435,12.113402,4544,3,6.917969,231.1758,135.625,533.4102,5
3179.223,434,11.508951,4544,2,6.917969,231.1758,135.625,533.4102,5
3179.223,434,11.111111,4544,2,6.917969,231.1758,135.625,533.4102,5
3179.223,434,12.345679,4544,2,6.917969,231.1758,135.625,533.4102,5
3179.223,434,12.195122,4544,2,6.917969,231.1758,135.625,533.4102,5
3179.223,434,13.299233,4544,3,6.917969,231.1758,135.37891,533.6562,5
3179.223,434,13.994911,4544,2,6.917969,231.1758,135.37891,533.6562,5
3179.223,433,10.485934,4544,2,6.917969,231.1758,135.13281,533.9023,5
3179.223,433,14.141414,4544,2,6.917969,231.1758,135.32812,533.707,5
3179.223,433,12.437811,4544,2,6.917969,231.1758,135.37891,533.6562,5
3179.223,433,12.098765,4544,2,6.917969,231.1758,135.37891,533.6562,5
3179.223,433,16.381418,4544,2,6.917969,231.1758,135.37891,533.6562,5
3179.223,433,10.972569,4544,2,6.917969,231.1758,135.37891,533.6562,5
3179.223,433,10.579345,4544,2,6.917969,231.1758,135.13281,533.9023,5
3179.223,433,11.027569,4544,3,6.917969,231.1758,135.37891,533.6562,5
3179.223,435,10.687023,4544,2,6.917969,231.1758,135.37891,533.6562,5
3179.223,435,14.105793,4544,2,6.917969,231.1758,135.37891,533.6562,5
3179.223,435,13.793103,4544,2,6.917969,231.1758,135.37891,533.6562,5
3179.223,435,10.591133,4544,2,6.925781,231.1719,135.13281,533.8984,5
3179.223,435,11.98044,4544,2,6.925781,231.1758,134.88672,534.1406,5
3179.223,435,11.764706,4544,2,6.925781,231.1758,134.83594,534.1914,5
3179.223,435,12.878788,4544,2,6.925781,231.1758,134.88672,534.1406,5
3179.223,435,10.886076,4544,2,6.925781,231.1758,134.88672,534.1406,5
3179.223,435,11.868687,4544,2,6.925781,231.1758,134.88672,534.1406,5
3179.223,435,12.280702,4544,2,6.925781,231.1758,134.88672,534.1406,5
3179.223,435,12.254902,4544,2,6.925781,231.1758,134.88672,534.1406,5
3179.223,435,12.068966,4544,2,6.925781,231.1758,134.88672,534.1406,5
3179.223,435,14.861461,4544,4,6.925781,231.1758,134.88672,534.1406,5
3179.223,435,9.043928,4544,2,6.925781,231.1758,134.88672,534.1406,5
3179.223,435,10.473815,4544,3,6.925781,231.1758,134.88672,534.1406,5
3179.223,435,11.335013,4544,2,6.933594,231.1758,134.64062,534.3789,5
3179.223,434,12.658228,4544,2,6.933594,231.1758,134.39453,534.625,5
3179.223,434,14.179104,4544,2,6.933594,231.1758,134.39453,534.625,5
3179.223,434,12.039312,4544,3,6.933594,231.1758,134.39453,534.625,5
3179.223,434,11.111111,4544,2,6.933594,231.1758,134.39453,534.625,5
3179.223,434,10.632911,4544,2,6.933594,231.1758,134.14844,534.8711,5
3179.223,434,10.15625,4544,2,6.933594,231.1758,134.14844,534.8711,5
3179.223,434,11.794872,4544,2,6.933594,231.1758,133.90234,535.1172,5
3179.223,434,11.898734,4544,3,6.933594,231.1758,133.90234,535.1172,5
3179.223,434,12.686567,4544,2,6.933594,231.1758,133.90234,535.1172,5
3179.223,434,12.561576,4544,2,6.933594,231.1758,133.65625,535.3633,5
3179.223,434,15.05102,4544,4,6.933594,231.1758,132.91797,536.1016,5
3179.223,434,9.84456,4576,2,6.933594,231.1758,132.91797,536.1016,5
3179.223,434,15.306122,4576,2,6.933594,231.1758,132.91797,536.1016,5
3179.223,434,8.928571,4576,3,6.933594,231.1758,132.91797,536.1016,5
3179.223,434,12.244898,4576,2,6.933594,231.1758,132.67188,536.3477,5
3179.223,434,12.75,4576,2,6.933594,231.1758,132.67188,536.3477,5
3179.223,434,13.613861,4576,2,6.933594,231.1758,132.67188,536.3477,5
3179.223,434,12.75,4576,2,6.933594,231.1758,132.67188,536.3477,5
3179.223,434,11.959288,4576,2,6.933594,231.1758,132.67188,536.3477,5
3179.223,434,8.549223,4576,2,6.933594,231.1758,132.67188,536.3477,5
3179.223,434,10.416667,4576,2,6.933594,231.1797,132.67188,536.3438,5
3179.223,434,9.71867,4576,2,6.933594,231.1797,132.42578,536.5898,5
3179.223,434,11.838791,4576,2,6.933594,231.1797,132.42578,536.5898,5
3179.223,434,14.179104,4576,4,6.933594,231.1797,132.17969,536.8359,5
3179.223,434,12.128713,4576,2,6.933594,231.1797,132.17969,536.8359,5
3179.223,434,10.447761,4576,2,6.941406,231.1719,132.375,536.6406,5
3179.223,434,11.22449,4576,2,6.941406,231.1797,132.42578,536.582,5
3179.223,434,9.487179,4576,3,6.941406,231.1797,132.42578,536.582,5
3179.223,434,11.253197,4576,2,6.941406,231.1797,132.42578,536.582,5
3179.223,434,10.459184,4576,3,6.941406,231.1797,132.42578,536.582,5
3179.223,434,12.562814,4576,2,6.941406,231.1797,132.17969,536.8281,5
3179.223,434,12.686567,4576,2,6.949219,231.1797,132.17969,536.8203,5
3178.484,433,10.37037,4576,2,6.949219,228.6328,138.11328,533.4336,5
3179.703,435,13.170732,4576,4,7.105469,233.6523,132.21875,534.1523,5
3179.223,434,9.254499,4576,2,7.109375,233.8594,131.94922,534.2109,5
3179.223,434,8.78553,4576,2,7.109375,233.8594,132.0,534.1602,5
3179.223,434,10.230179,4576,4,7.109375,233.8594,131.75391,534.4062,5
3179.238,434,11.22449,4608,5,7.109375,233.8594,131.75391,534.4062,5
3179.223,434,11.083123,4608,2,7.109375,233.8594,131.53516,534.625,5
3179.223,434,11.576355,4608,3,7.117188,233.8594,131.53516,534.6172,5
3179.223,434,11.538462,4608,2,7.117188,233.8594,132.02734,534.125,5
3179.223,434,8.997429,4608,4,7.117188,233.8594,132.02734,534.125,5
3179.223,433,9.560724,4608,2,7.117188,233.8594,131.78125,534.3711,5
3179.223,433,11.704835,4608,2,7.117188,233.8594,131.78125,534.3711,5
3179.223,433,10.539846,4608,2,7.117188,233.8594,131.53516,534.6172,5
3179.223,433,10.997442,4608,2,7.117188,233.8594,131.53516,534.6172,5
3179.223,433,15.189873,4608,2,7.117188,233.8594,131.53516,534.6172,5
3179.223,433,9.669211,4608,2,7.117188,233.8594,131.53516,534.6172,5
3179.223,433,12.276215,4608,2,7.117188,233.1758,138.6875,528.1484,5
3179.223,433,12.886598,4608,2,7.117188,233.1289,138.72656,528.1562,5
3179.223,433,11.794872,4608,4,7.117188,233.1289,138.50781,528.375,5
3179.223,433,10.769231,4608,5,7.125,233.1289,138.01562,528.8594,5
3179.223,433,11.616162,4608,2,7.125,233.1289,137.76953,529.1055,5
3179.223,433,12.531969,4576,3,7.125,233.1289,135.8125,531.0625,5
3179.223,433,11.450382,4576,2,7.125,233.1289,135.8125,531.0625,5
3179.223,433,9.487179,4576,3,7.125,233.1289,135.8125,531.0625,5
3179.223,433,9.536082,4576,8,7.132812,233.1289,135.8125,531.0547,5
3179.223,433,9.043928,4576,2,7.132812,233.1289,135.8125,531.0547,5
3179.223,433,10.204082,4576,3,7.132812,233.1289,135.8125,531.0547,5
3179.223,433,11.704835,4576,2,7.132812,233.1289,135.8125,531.0547,5
3179.223,433,12.911392,4576,2,7.132812,233.1289,135.8125,531.0547,5
3179.223,433,10.56701,4576,3,7.132812,233.1289,135.8125,531.0547,5
3179.223,433,11.025641,4576,3,7.132812,233.1289,135.8125,531.0547,5
3179.223,433,9.921671,4576,2,7.132812,233.1289,135.8125,531.0547,5
3179.223,433,10.282776,4576,2,7.132812,233.1289,135.8125,531.0547,5
3179.223,433,14.925373,4576,3,7.132812,233.1289,135.8125,531.0547,5
3179.223,433,12.592593,4576,2,7.132812,233.1289,135.56641,531.3008,5
3179.223,433,11.970075,4576,4,7.132812,233.1289,135.07422,531.793,5
3179.223,433,11.95122,4576,2,7.132812,233.1289,135.07422,531.793,5
3179.223,433,12.0,4576,3,7.132812,233.1289,135.07422,531.793,5
3179.223,433,11.340206,4576,4,7.132812,233.1289,135.07422,531.793,5
3179.223,433,9.84456,4576,2,7.132812,233.1289,135.07422,531.793,5
3179.223,433,10.051546,4576,2,7.140625,233.1211,135.07422,531.793,5
3179.223,433,11.881188,4576,2,7.140625,233.1289,134.82812,532.0312,5
3179.223,433,12.935323,4576,2,7.140625,233.1289,134.82812,532.0312,5
3179.223,433,11.576355,4576,2,7.140625,233.1289,134.82812,532.0312,5
3179.223,433,15.763547,4576,2,7.140625,233.1289,134.58203,532.2773,5
3179.223,433,9.254499,4576,2,7.140625,233.1289,134.36328,532.4961,5
3179.223,433,10.309278,4576,2,7.140625,233.1289,134.36328,532.4961,5
3179.223,433,9.84456,4576,2,7.140625,233.1289,134.36328,532.4961,5
3179.223,433,12.596401,4576,3,7.140625,233.1289,134.36328,532.4961,5
3179.223,433,14.60396,4576,3,7.140625,233.1289,134.36328,532.4961,5
3179.223,433,12.406948,4576,2,7.140625,233.1289,134.36328,532.4961,5
3179.223,433,11.358025,4576,2,7.140625,233.1289,134.36328,532.4961,5
3179.223,433,10.945274,4576,3,7.140625,233.1289,134.36328,532.4961,5
3179.223,433,10.077519,4576,2,7.140625,233.1289,134.36328,532.4961,5
3179.223,434,11.886305,4576,2,7.140625,233.1289,134.36328,532.4961,5
3179.223,434,12.113402,4576,2,7.140625,233.1289,134.36328,532.4961,5
3179.223,434,9.560724,4576,2,7.140625,233.1289,134.36328,532.4961,5
3179.223,434,12.776413,4576,2,7.140625,233.1289,134.36328,532.4961,5
3179.223,434,12.935323,4608,2,7.140625,233.1289,134.36328,532.4961,5
3179.223,432,12.771084,4608,2,7.140625,233.1289,134.36328,532.4961,5
3179.223,432,12.09068,4608,2,7.140625,233.1289,134.36328,532.4961,5
3179.223,432,10.152284,4608,3,7.148438,233.1289,134.36328,532.4883,5
3179.223,432,12.151899,4608,2,7.148438,233.1289,134.36328,532.4883,5
3179.223,432,12.244898,4608,3,7.148438,233.1289,134.36328,532.4883,5
3179.223,432,12.903226,4608,2,7.148438,233.1289,134.36328,532.4883,5
3179.223,432,12.686567,4608,2,7.148438,233.1289,134.36328,532.4883,5
3179.223,432,11.547912,4608,2,7.148438,233.1289,134.36328,532.4883,5
3179.223,432,10.199005,4608,3,7.148438,233.1289,134.36328,532.4883,5
3179.223,432,12.311558,4608,3,7.148438,233.1289,134.36328,532.4883,5
3179.223,432,9.74359,4608,2,7.148438,233.1289,134.36328,532.4883,5
3179.223,432,13.231552,4608,2,7.148438,233.1289,134.36328,532.4883,5
3179.223,432,13.819095,4608,3,7.148438,233.1289,134.36328,532.4883,5
3179.223,432,14.143921,4608,2,7.15625,233.1211,134.36328,532.4883,5
3179.223,432,11.19403,4608,2,7.15625,233.1289,134.36328,532.4805,5
3179.223,432,13.349515,4608,2,7.15625,233.1289,134.36328,532.4805,5
3179.223,432,10.714286,4608,2,7.15625,233.1289,134.36328,532.4805,5
3179.223,432,13.75,4608,2,7.15625,233.1289,134.36328,532.4805,5
3179.223,432,9.560724,4608,2,7.15625,233.1289,134.36328,532.4805,5
3179.223,432,11.959288,4608,2,7.15625,233.1289,134.36328,532.4805,5
3179.223,432,12.81407,4608,2,7.15625,233.1289,134.36328,532.4805,5
3179.223,432,11.82266,4608,2,7.15625,233.1289,134.36328,532.4805,5
3179.223,432,12.623762,4608,4,7.15625,233.1289,134.36328,532.4805,5
3179.223,432,12.561576,4608,2,7.15625,233.1445,134.36328,532.4648,5
3179.223,432,10.539846,4608,2,7.15625,233.1445,134.36328,532.4648,5
3179.223,432,11.414392,4608,2,7.15625,233.1445,134.36328,532.4648,5
3179.223,433,9.873418,4608,4,7.15625,233.1445,134.36328,532.4648,5
3179.223,433,12.626263,4608,2,7.15625,233.1445,134.36328,532.4648,5
3179.223,433,15.75,4608,5,7.164062,233.1445,134.36328,532.457,5
3179.223,433,12.437811,4608,4,7.164062,233.2734,134.36328,532.3281,5
3179.223,433,12.439024,4608,5,7.164062,233.2734,134.36328,532.3281,5
3179.223,433,11.139241,4608,3,7.164062,233.2734,134.11719,532.5742,5
3179.223,433,11.22449,4608,4,7.164062,233.2734,133.87109,532.8203,5
3179.223,432,12.311558,4608,4,7.164062,233.2734,133.87109,532.8203,5
3179.223,432,11.959288,4608,5,7.171875,233.2734,133.625,533.0586,5
3179.223,432,13.533835,4608,4,7.171875,233.2734,133.37891,533.3047,5
3179.223,432,13.216958,4608,7,7.171875,233.2734,133.37891,533.3047,5
3179.223,432,9.84456,4608,6,7.171875,233.2734,133.37891,533.3047,5
3179.223,432,13.624679,4608,4,7.171875,233.2734,133.13281,533.5508,5
3179.223,432,12.113402,4608,4,7.171875,233.2734,133.13281,533.5508,5
3179.223,433,10.741688,4608,6,7.171875,233.2734,133.13281,533.5508,5
3179.223,433,11.538462,4608,5,7.171875,233.2734,133.13281,533.5508,5
3179.223,433,12.373737,4608,6,7.171875,233.2734,133.13281,533.5508,5
3179.223,433,12.686567,4608,6,7.179688,233.2734,133.13281,533.543,5
3179.223,433,14.572864,4608,4,7.179688,233.2734,133.13281,533.543,5
3179.223,433,11.111111,4608,5,7.179688,233.2734,133.13281,533.543,5
3179.223,433,11.340206,4608,4,7.179688,233.2734,133.13281,533.543,5
3179.223,433,12.244898,4608,4,7.179688,233.2734,133.13281,533.543,5
3179.223,433,10.741688,4608,4,7.179688,233.2734,133.13281,533.543,5
3179.223,433,14.578005,4608,4,7.179688,233.2734,133.13281,533.543,5
3179.223,433,12.903226,4608,5,7.179688,233.2734,133.13281,533.543,5
3179.223,433,12.718204,4608,4,7.179688,233.2734,133.13281,533.543,5
3179.223,433,12.0,4608,6,7.179688,233.2734,133.13281,533.543,5
3179.223,433,10.539846,4608,4,7.179688,233.2734,133.13281,533.543,5
3179.223,433,11.025641,4608,4,7.179688,233.2734,133.13281,533.543,5
3179.223,433,14.138817,4608,3,7.179688,233.2734,133.13281,533.543,5
3179.223,433,10.25641,4608,5,7.179688,233.2734,133.13281,533.543,5
3179.223,433,13.895782,4608,4,7.179688,233.2734,133.13281,533.543,5
3179.223,433,13.533835,4608,3,7.179688,233.2734,133.13281,533.543,5
3179.223,433,11.471322,4608,3,7.1875,233.2734,133.13281,533.5352,5
3179.223,433,15.632754,4608,4,7.1875,233.2734,133.13281,533.5352,5
3179.223,433,9.043928,4608,2,7.1875,233.2734,133.13281,533.5352,5
3179.223,433,10.230179,4608,3,7.1875,233.2734,133.13281,533.5352,5
3179.223,433,10.997442,4608,3,7.1875,233.2734,133.13281,533.5352,5
3179.223,433,9.74359,4608,4,7.1875,233.5664,133.13281,533.2422,5
3179.223,433,12.926829,4608,3,7.1875,233.6484,133.13281,533.1602,5
3179.223,433,11.662531,4608,2,7.1875,233.6484,133.13281,533.1602,5
3179.223,433,9.350649,4608,3,7.1875,233.6484,133.13281,533.1602,5
3179.223,433,11.340206,4608,4,7.1875,233.6484,133.13281,533.1602,5
3179.223,433,11.340206,4608,5,7.1875,233.6484,133.13281,533.1602,5
3179.223,433,10.56701,4608,4,7.195312,233.6406,133.13281,533.1602,5
3179.223,433,12.373737,4608,2,7.195312,233.6484,133.13281,533.1523,5
3179.223,433,9.585492,4608,2,7.195312,233.6484,133.13281,533.1523,5
3179.223,433,12.560386,4608,2,7.195312,233.6602,133.13281,533.1406,5
3179.223,433,11.616162,4608,2,7.195312,233.6602,133.13281,533.1406,5
3179.223,433,9.375,4608,2,7.195312,233.6602,133.13281,533.1406,5
3179.223,433,12.85347,4608,2,7.195312,233.6602,133.13281,533.1406,5
3179.223,433,9.536082,4608,2,7.195312,233.6602,133.13281,533.1406,5
3179.223,433,11.764706,4608,4,7.195312,233.6602,133.13281,533.1406,5
3179.223,433,9.302326,4608,2,7.195312,233.6602,133.13281,533.1406,5
3179.223,433,10.025707,4608,2,7.195312,233.6602,133.13281,533.1406,5
3179.223,433,11.604938,4608,2,7.195312,233.6602,133.13281,533.1406,5
3179.223,433,10.077519,4608,2,7.195312,233.6602,131.65625,534.6172,5
3179.223,433,9.560724,4608,2,7.195312,233.6602,131.65625,534.6172,5
3179.223,433,11.082474,4640,2,7.195312,233.6602,131.65625,534.6172,5
3179.223,433,9.326425,4640,2,7.195312,233.6602,131.65625,534.6172,5
3179.223,433,7.928389,4640,3,7.195312,233.6602,131.65625,534.6172,5
3179.223,433,15.696203,4640,2,7.203125,233.6602,131.65625,534.6094,5
3179.223,433,12.207792,4640,2,7.203125,233.6602,131.65625,534.6094,5
3179.223,433,12.0,4640,2,7.203125,233.6602,131.65625,534.6094,5
3179.223,433,10.485934,4640,3,7.203125,233.6602,131.65625,534.6094,5
3179.223,433,10.852713,4640,2,7.203125,233.6602,131.65625,534.6094,5
3179.223,434,10.852713,4640,4,7.203125,233.6602,131.65625,534.6094,5
3179.223,434,10.199005,4640,2,7.203125,233.6602,131.65625,534.6094,5
3179.223,434,12.437811,4640,2,7.203125,233.6602,131.65625,534.6094,5
3179.223,434,11.5,4640,2,7.203125,233.6602,131.65625,534.6094,5
3179.223,434,11.735941,4640,2,7.203125,233.6602,131.65625,534.6094,5
3179.223,434,11.369509,4640,2,7.203125,233.6602,131.65625,534.6094,5
3179.223,434,12.010444,4640,6,7.203125,233.6602,131.41016,534.8555,5
3179.223,434,10.687023,4640,3,7.203125,233.6602,131.41016,534.8555,5
3179.223,434,12.098765,4640,3,7.203125,233.6602,131.41016,534.8555,5
3179.223,434,11.442786,4640,3,7.203125,233.6602,131.41016,534.8555,5
3179.223,434,13.546798,4640,2,7.203125,233.6602,131.41016,534.8555,5
3179.223,434,15.233415,4640,2,7.203125,233.7812,131.41016,534.7344,5
3179.223,434,10.327456,4640,3,7.203125,233.7812,131.16406,534.9805,5
3179.223,434,10.969388,4640,2,7.210938,233.7812,131.16406,534.9727,5
3179.223,434,9.326425,4640,3,7.210938,233.7812,131.16406,534.9727,5
3179.223,434,9.94898,4640,4,7.210938,233.7812,131.16406,534.9727,5
3179.223,434,15.0,4640,3,7.210938,233.7812,131.16406,534.9727,5
3179.223,434,11.471322,4640,5,7.210938,233.7812,131.16406,534.9727,5
3179.223,434,12.254902,4640,2,7.210938,233.7812,131.16406,534.9727,5
3179.223,434,12.408759,4640,2,7.21875,233.8711,131.16406,534.875,5
3179.223,434,10.077519,4640,2,7.21875,233.9062,131.16406,534.8398,5
3180.227,434,12.403101,4640,6,7.21875,233.9062,131.16406,534.8398,5
3180.227,434,11.369509,4640,2,7.21875,233.9062,131.16406,534.8398,5
3180.227,434,11.139241,4640,2,7.21875,233.9062,131.16406,534.8398,5
3179.223,434,12.623762,4640,2,7.21875,233.9062,131.16406,534.8398,5
3179.223,434,11.662531,4640,2,7.21875,233.9062,131.16406,534.8398,5
3179.223,434,11.491443,4640,3,7.21875,233.9062,131.16406,534.8398,5
3179.223,434,13.25,4640,2,7.21875,233.9062,131.16406,534.8398,5
3179.223,434,10.204082,4640,3,7.21875,233.9062,131.16406,534.8398,5
3179.223,434,9.61039,4640,3,7.21875,233.9062,131.16406,534.8398,5
3179.223,434,9.693878,4640,2,7.21875,233.9062,131.16406,534.8398,5
3179.223,434,11.111111,4640,2,7.21875,233.9062,131.16406,534.8398,5
3179.223,435,14.640199,4640,6,7.21875,233.9062,131.16406,534.8398,5
3179.223,435,11.793612,4640,3,7.21875,233.9062,131.16406,534.8398,5
3179.223,435,12.864078,4640,2,7.21875,233.9062,131.16406,534.8398,5
3179.223,435,12.468828,4640,2,7.21875,233.9062,131.16406,534.8398,5
3179.223,435,12.307692,4640,2,7.21875,233.9062,131.16406,534.8398,5
3179.223,435,12.276215,4640,2,7.203125,232.7539,135.62109,531.5508,5
3179.223,435,11.392405,4640,2,7.203125,232.7539,135.62109,531.5508,5
3179.223,435,12.935323,4640,2,7.203125,232.7539,135.62109,531.5508,5
3179.223,435,11.547912,4640,2,7.203125,232.7539,135.62109,531.5508,5
3179.223,435,11.650485,4640,2,7.203125,232.7539,135.62109,531.5508,5
3179.223,435,12.655087,4640,2,7.203125,233.1172,135.62109,531.1875,5
3179.223,435,12.977099,4640,3,7.203125,233.1172,135.62109,531.1875,5
3179.223,435,9.693878,4640,2,7.210938,233.1172,135.62109,531.1797,5
3179.223,435,9.693878,4640,2,7.210938,233.1172,135.62109,531.1797,5
3179.223,435,18.20449,4640,2,7.210938,233.1172,134.88281,531.918,5
3179.223,435,12.839506,4640,2,7.210938,233.1172,134.88281,531.918,5
3179.223,435,12.713936,4640,2,7.210938,233.1172,134.88281,531.918,5
3179.223,435,13.701923,4640,3,7.210938,233.1172,134.88281,531.918,5
3179.223,435,10.831234,4640,2,7.210938,233.1172,134.88281,531.918,5
3179.223,435,13.819095,4608,2,7.210938,233.1172,134.88281,531.918,5
3179.223,435,10.687023,4608,2,7.210938,233.1172,134.88281,531.918,5
3179.223,435,14.066496,4608,4,7.210938,233.1172,134.88281,531.918,5
3179.223,435,12.406948,4608,2,7.210938,233.1172,134.88281,531.918,5
3179.223,434,10.473815,4608,2,7.21875,233.1094,134.88281,531.918,5
3179.223,434,12.348668,4608,2,7.21875,233.1172,134.88281,531.9102,5
3179.223,434,11.91067,4608,2,7.21875,233.1172,134.88281,531.9102,5
3179.223,434,10.204082,4608,3,7.21875,233.1172,134.88281,531.9102,5
3179.223,434,11.868687,4608,2,7.21875,233.1172,134.88281,531.9102,5
3179.223,434,10.714286,4608,3,7.21875,233.1172,134.88281,531.9102,5
3179.223,434,11.928934,4608,2,7.21875,233.1172,134.63672,532.1562,5
3179.223,434,10.714286,4608,2,7.21875,233.1172,134.63672,532.1562,5
3179.223,434,11.082474,4608,3,7.21875,233.1172,134.39062,532.4023,5
3179.223,434,11.948052,4608,2,7.21875,233.1172,134.39062,532.4023,5
3179.223,434,9.793814,4608,2,7.21875,233.1172,134.39062,532.4023,5
3179.223,434,11.825193,4608,2,7.21875,233.1172,134.39062,532.4023,5
3179.223,434,11.764706,4608,2,7.21875,233.1172,134.39062,532.4023,5
3179.223,435,10.687023,4608,2,7.21875,233.1172,134.39062,532.4023,5
3179.223,435,14.46384,4608,2,7.21875,233.1172,134.39062,532.4023,5
3179.223,435,12.5,4608,2,7.21875,233.1172,134.14453,532.6484,5
3179.223,435,10.335917,4608,3,7.21875,233.1172,134.14453,532.6484,5
3179.223,435,8.247423,4608,2,7.21875,233.1172,134.14453,532.6484,5
3179.223,435,9.302326,4608,2,7.21875,233.1172,133.89844,532.8945,5
3179.223,435,10.969388,4608,2,7.21875,233.1172,133.89844,532.8945,5
3179.223,435,13.076923,4608,2,7.21875,233.1172,133.89844,532.8945,5
3179.223,435,12.846348,4608,2,7.21875,233.1172,133.89844,532.8945,5
3179.223,435,11.720698,4608,2,7.21875,233.1172,133.89844,532.8945,5
3179.223,435,10.80402,4608,2,7.21875,233.1172,133.89844,532.8945,5
3179.223,435,10.997442,4608,2,7.21875,233.1172,133.89844,532.8945,5
3179.223,435,11.597938,4608,2,7.226562,233.2031,133.41797,533.2812,5
3179.223,435,9.278351,4608,3,7.226562,233.2031,133.41797,533.2812,5
3179.223,435,9.94898,4608,2,7.226562,233.2031,133.41797,533.2812,5
3179.223,435,10.075567,4608,2,7.226562,233.2031,133.41797,533.2812,5
3179.223,435,12.781955,4608,2,7.226562,233.2031,133.41797,533.2812,5
3179.223,435,13.08642,4608,3,7.234375,233.1953,133.41797,533.2812,5
3179.223,435,11.139241,4608,2,7.234375,233.1406,133.41797,533.3359,5
3179.223,435,9.585492,4608,2,7.234375,233.1406,133.17188,533.582,5
3179.223,433,10.12987,4608,2,7.234375,233.1406,132.92578,533.8281,5
3179.223,433,10.0,4608,2,7.234375,233.1406,132.92578,533.8281,5
3179.223,433,10.204082,4608,2,7.234375,233.1406,132.92578,533.8281,5
3179.223,433,12.718204,4608,2,7.242188,233.1406,132.92578,533.8203,5
3179.223,433,10.92233,4608,2,7.242188,233.1406,132.92578,533.8203,5
3179.223,433,9.819121,4608,2,7.242188,233.1406,132.92578,533.8203,5
3179.223,433,8.762887,4608,2,7.242188,233.1406,132.92578,533.8203,5
3179.223,433,9.669211,4608,4,7.242188,233.3594,132.92578,533.6016,5
3179.223,433,13.917526,4608,2,7.242188,233.3594,132.92578,533.6016,5
3179.223,433,8.974359,4608,2,7.242188,233.3633,132.92578,533.5977,5
3179.223,433,11.471322,4608,2,7.242188,233.3633,132.92578,533.5977,5
3179.223,433,11.219512,4608,7,7.242188,233.3633,132.67969,533.8438,5
3179.223,433,9.476309,4608,4,7.25,233.3633,132.67969,533.8359,5
3179.223,433,11.082474,4608,2,7.25,233.3633,132.43359,534.082,5
3179.223,433,11.311054,4608,3,7.25,233.3633,132.43359,534.082,5
3179.223,433,9.536082,4608,3,7.25,233.3633,132.43359,534.082,5
3179.223,432,10.714286,4608,2,7.25,233.3633,132.43359,534.082,5
3179.223,432,10.741688,4608,2,7.25,233.3633,132.43359,534.082,5
3179.223,432,11.363636,4608,2,7.25,233.3633,131.94141,534.5742,5
3179.223,432,13.801453,4608,2,7.25,233.3633,131.94141,534.5742,5
3179.223,432,10.327456,4608,2,7.25,233.3633,131.94141,534.5742,5
3179.223,432,10.335917,4608,6,7.25,233.3633,131.94141,534.5742,5
3179.223,432,10.824742,4608,5,7.25,233.3633,129.97266,536.543,5
3179.223,432,10.025707,4608,3,7.25,233.3633,129.97266,536.543,5
3179.223,432,13.333333,4608,5,7.25,233.3633,129.97266,536.543,5
3179.223,432,10.282776,4608,5,7.25,233.3633,129.97266,536.543,5
3179.223,432,10.152284,4608,5,7.25,233.3633,129.97266,536.543,5
3179.223,432,14.460784,4608,5,7.25,233.3633,129.97266,536.543,5
3179.223,432,9.819121,4608,4,7.257812,233.3633,129.97266,536.5352,5
3179.223,432,10.103627,4608,4,7.257812,233.3633,129.97266,536.5352,5
3179.223,432,11.627907,4608,5,7.257812,233.3633,129.97266,536.5352,5
3179.223,432,11.253197,4608,4,7.257812,233.4258,129.97266,536.4727,5
3179.223,432,10.25641,4608,6,7.257812,233.4258,129.97266,536.4727,5
3179.223,432,12.128713,4608,3,7.257812,233.4258,129.97266,536.4727,5
3179.223,432,12.408759,4608,3,7.257812,233.4258,129.97266,536.4727,5
3179.223,432,11.64557,4608,4,7.257812,233.4258,129.97266,536.4727,5
3179.223,432,10.796915,4608,4,7.257812,233.4258,129.97266,536.4727,5
3179.223,432,12.060302,4608,4,7.257812,233.4258,129.97266,536.4727,5
3179.223,432,13.75,4608,3,7.257812,233.4258,129.97266,536.4727,5
3179.223,432,10.886076,4608,3,7.257812,233.4258,129.97266,536.4727,5
3179.223,432,11.576355,4608,5,7.257812,233.4258,129.75391,536.6914,5
3179.223,432,12.903226,4608,3,7.257812,233.4258,129.75391,536.6914,5
3179.223,432,11.678832,4608,5,7.257812,233.4258,129.75391,536.6914,5
3179.223,432,9.768638,4608,3,7.257812,233.4258,129.75391,536.6914,5
3179.223,432,8.997429,4576,3,7.210938,229.2734,137.40234,533.2422,5
3179.223,432,9.571788,4576,3,7.210938,229.2695,136.92969,533.7188,5
3179.223,432,13.75,4576,3,7.210938,229.2695,136.92969,533.7188,5
3179.223,432,12.781955,4576,5,7.210938,229.2695,136.92969,533.7188,5
3179.223,432,11.82266,4576,2,7.210938,229.2695,136.68359,533.9648,5
3179.223,432,12.195122,4576,2,7.210938,229.2695,136.68359,533.9648,5
3179.223,432,10.552764,4576,2,7.210938,229.2695,136.19141,534.457,5
3179.223,432,14.545455,4576,2,7.210938,229.2695,135.97266,534.6758,5
3179.223,432,10.15625,4576,2,7.210938,229.2695,135.73828,534.9102,5
3179.223,432,10.776942,4576,2,7.210938,229.2695,135.73828,534.9102,5
3179.223,432,11.881188,4576,4,7.210938,229.2695,135.73828,534.9102,5
3179.223,432,12.098765,4576,2,7.210938,229.2695,135.73828,534.9102,5
3179.223,432,12.839506,4576,2,7.210938,229.2695,135.73828,534.9102,5
3179.223,433,11.95122,4576,2,7.210938,229.2695,135.73828,534.9102,5
3179.223,433,11.568123,4576,2,7.210938,229.2695,135.0,535.6484,5
3179.223,433,9.819121,4576,8,7.210938,229.2695,135.0,535.6484,5
3179.223,433,10.335917,4576,2,7.210938,229.2695,135.0,535.6484,5
3179.223,433,12.562814,4576,2,7.21875,229.2617,135.0,535.6484,5
3179.223,433,13.19797,4576,2,7.21875,229.2695,135.0,535.6406,5
3179.223,433,13.054187,4576,2,7.226562,229.2695,135.0,535.6328,5
3179.223,433,12.376238,4576,2,7.226562,229.2695,135.0,535.6328,5
3179.223,433,10.43257,4576,3,7.226562,229.2695,135.0,535.6328,5
3179.223,433,10.416667,4576,2,7.226562,229.2695,135.0,535.6328,5
3179.223,433,12.276215,4576,2,7.226562,229.2695,135.0,535.6328,5
3179.223,433,10.204082,4576,3,7.226562,229.2695,135.0,535.6328,5
3179.223,433,12.967581,4576,2,7.226562,229.2695,135.0,535.6328,5
3179.223,433,13.72549,4576,2,7.226562,229.2695,135.0,535.6328,5
3179.223,433,10.731707,4576,6,7.226562,229.2695,135.0,535.6328,5
3179.223,433,12.83293,4576,2,7.226562,229.2695,135.0,535.6328,5
3179.223,433,10.406091,4576,2,7.226562,229.2695,135.0,535.6328,5
3179.223,433,11.053985,4576,2,7.226562,229.2695,135.0,535.6328,5
3179.223,433,8.974359,4576,4,7.226562,229.2695,135.0,535.6328,5
3179.223,433,12.626263,4576,7,7.226562,229.2695,135.0,535.6328,5
3179.223,433,13.533835,4576,4,7.226562,229.2695,135.0,535.6328,5
3179.223,433,13.82716,4576,6,7.226562,229.2695,134.75391,535.8789,5
3179.223,433,11.029412,4576,2,7.226562,229.2695,134.75391,535.8789,5
3179.223,433,11.851852,4576,2,7.226562,229.2695,134.75391,535.8789,5
3179.223,433,10.539846,4576,2,7.226562,229.2695,134.75391,535.8789,5
3179.223,433,12.02046,4576,3,7.226562,229.2695,134.51953,536.1133,5
3179.223,433,12.944162,4576,5,7.226562,229.2695,134.51953,536.1133,5
3179.223,433,12.060302,4576,2,7.226562,229.2695,134.51953,536.1133,5
3179.223,433,11.940299,4576,2,7.226562,229.2695,134.51953,536.1133,5
3179.223,433,12.623762,4576,2,7.226562,229.2695,134.27344,536.3594,5
3179.223,433,13.493976,4576,2,7.226562,229.2695,134.51953,536.1133,5
3179.223,433,12.468828,4544,2,7.226562,229.2695,134.51953,536.1133,5
3179.223,433,11.838791,4544,3,7.226562,229.2695,134.51953,536.1133,5
3179.223,433,11.369509,4544,2,7.226562,229.2695,134.27344,536.3594,5
3179.223,433,10.659898,4544,5,7.226562,229.2695,134.27344,536.3594,5
3179.223,433,12.846348,4544,3,7.226562,229.2695,134.27344,536.3594,5
3179.223,433,12.176166,4544,2,7.226562,229.2695,134.27344,536.3594,5
3179.223,433,11.282051,4544,2,7.226562,229.2695,134.02734,536.6055,5
3179.223,433,8.527132,4544,3,7.226562,229.2695,134.02734,536.6055,5
3179.223,433,11.704835,4544,2,7.226562,229.2695,134.02734,536.6055,5
3179.223,433,10.687023,4544,5,7.226562,229.2695,134.02734,536.6055,5
3179.223,433,12.468193,4544,2,7.226562,229.2695,134.27344,536.3594,5
3179.223,433,12.25,4544,3,7.226562,229.2695,134.27344,536.3594,5
3179.223,433,10.886076,4544,2,7.226562,229.2695,134.27344,536.3594,5
3179.223,433,10.0,4544,2,7.226562,229.2695,134.27344,536.3594,5
3179.703,433,11.568123,4544,2,7.226562,229.2695,134.27344,536.3594,5
3179.703,433,10.103627,4544,2,7.226562,229.2695,134.27344,536.3594,5
3179.703,433,14.974619,4544,2,7.226562,229.2695,134.02734,536.6055,5
3180.078,434,11.42132,4544,4,7.226562,229.2695,134.02734,536.6055,5
3179.703,433,12.405063,4544,2,7.226562,229.2695,133.78125,536.8516,5
3179.703,433,14.75,4544,3,7.226562,229.2695,133.78125,536.8516,5
3179.703,433,11.928934,4544,2,7.226562,229.2695,133.78125,536.8516,5
3179.703,433,11.311054,4544,2,7.226562,229.2695,133.78125,536.8516,5
3179.703,433,9.043928,4544,2,7.226562,229.2695,133.78125,536.8516,5
3179.703,433,9.043928,4544,4,7.226562,229.2695,133.78125,536.8516,5
3179.703,433,10.741688,4544,2,7.226562,229.2695,133.78125,536.8516,5
3179.703,433,10.741688,4544,3,7.226562,229.2695,133.78125,536.8516,5
3179.703,433,12.626263,4544,2,7.234375,229.2617,133.78125,536.8516,5
3179.703,433,14.285714,4544,4,7.234375,229.2695,134.02734,536.5977,5
3179.703,433,10.796915,4544,2,7.234375,229.2695,133.78125,536.8438,5
3179.703,433,11.825193,4544,2,7.234375,229.2695,134.02734,536.5977,5
3179.703,433,9.536082,4544,2,7.234375,229.2695,134.02734,536.5977,5
3179.703,433,11.450382,4544,2,7.234375,229.2695,133.78125,536.8438,5
3179.703,433,14.83376,4544,2,7.234375,229.2695,133.78125,536.8438,5
3179.703,433,10.769231,4544,4,7.234375,229.2695,133.53516,537.0898,5
3179.703,433,12.626263,4544,2,7.234375,229.2695,133.53516,537.0898,5
3179.703,433,9.043928,4544,4,7.234375,229.2695,133.53516,537.0898,5
3179.703,433,10.051546,4576,3,7.234375,229.2695,133.53516,537.0898,5
3179.703,434,11.597938,4576,4,7.234375,229.2695,133.53516,537.0898,5
3179.703,434,14.395887,4576,2,7.234375,229.2695,133.53516,537.0898,5
3179.703,434,11.568123,4576,2,7.234375,229.2695,133.73047,536.8945,5
3179.703,434,11.278195,4576,2,7.234375,229.2695,133.78125,536.8438,5
3179.703,434,10.669975,4576,2,7.234375,229.2695,133.73047,536.8945,5
3179.703,434,13.106796,4576,2,7.234375,229.2695,133.78125,536.8438,5
3179.703,433,12.727273,4576,3,7.234375,229.2695,133.97656,536.6484,5
3179.703,433,11.025641,4576,2,7.234375,229.2695,133.78125,536.8438,5
3179.703,433,9.61039,4576,3,7.234375,229.2695,133.78125,536.8438,5
3179.703,433,11.139896,4576,2,7.234375,229.2695,134.02734,536.5977,5
3179.703,433,11.508951,4576,2,7.234375,229.2695,134.02734,536.5977,5
3179.703,433,13.533835,4576,2,7.242188,229.2695,134.02734,536.5898,5
3179.703,433,11.330049,4576,2,7.242188,229.2695,133.78125,536.8359,5
3179.703,433,11.166253,4576,4,7.242188,229.2695,133.53516,537.082,5
3179.703,433,8.717949,4576,2,7.242188,229.2695,133.53516,537.082,5
3179.703,433,9.74359,4576,2,7.242188,229.2695,133.53516,537.082,5
3179.703,433,10.077519,4576,2,7.242188,229.2695,133.53516,537.082,5
3179.703,433,14.322251,4608,2,7.242188,229.2695,133.28906,537.3281,5
3179.703,433,11.508951,4608,2,7.242188,229.2695,133.28906,537.3281,5
3179.703,433,11.576355,4608,2,7.242188,229.2695,133.48438,537.1328,5
3179.703,433,11.002445,4608,3,7.242188,229.2695,133.53516,537.082,5
3179.703,433,11.398964,4608,2,7.242188,229.2695,133.73047,536.8867,5
3179.703,433,12.010444,4608,3,7.242188,229.2695,133.78125,536.8359,5
3179.867,432,9.87013,4608,2,7.25,229.2695,133.28906,537.3203,5
3179.867,432,8.80829,4608,2,7.25,229.2695,133.04297,537.5664,5
3179.867,432,10.230179,4608,2,7.25,229.2695,133.04297,537.5664,5
3179.867,432,10.38961,4608,2,7.25,229.2695,133.04297,537.5664,5
3179.867,432,14.39206,4608,4,7.25,229.2695,133.04297,537.5664,5
3179.867,432,10.80402,4608,5,7.25,229.2695,133.04297,537.5664,5
3177.781,432,10.077519,4608,4,7.257812,229.2695,133.72656,536.875,5
3177.781,432,11.083123,4608,5,7.257812,229.2695,132.82422,537.7773,5
3177.781,432,10.741688,4608,6,7.257812,229.2695,132.82422,537.7773,5
3177.781,432,14.5,4608,4,7.257812,229.2695,132.57812,538.0234,5
3177.781,432,15.075377,4608,4,7.257812,229.2695,132.33203,538.2695,5
3177.781,432,12.469438,4608,3,7.257812,224.7227,142.13281,533.0156,5
3177.781,432,11.98044,4608,4,7.257812,224.7227,142.13281,533.0156,5
3177.781,432,10.077519,4608,6,7.257812,224.7227,141.66797,533.4805,5
3177.781,432,9.819121,4608,4,7.257812,224.7227,141.42188,533.7266,5
3177.781,432,12.626263,4608,5,7.257812,224.7227,141.42188,533.7266,5
3177.781,431,12.280702,4608,4,7.257812,224.7227,141.17578,533.9727,5
3177.781,431,13.032581,4608,3,7.257812,224.7227,141.17578,533.9727,5
3177.781,431,13.82716,4608,9,7.257812,224.7227,140.92969,534.2188,5
3177.781,431,12.345679,4608,5,7.257812,224.7227,140.92969,534.2188,5
3177.781,431,12.531328,4608,5,7.257812,224.8477,140.92969,534.0938,5
3177.781,431,11.886305,4608,3,7.257812,224.8477,140.92969,534.0938,5
3177.781,431,9.536082,4608,3,7.257812,224.8477,140.92969,534.0938,5
3177.781,431,12.5,4608,3,7.257812,224.8477,140.68359,534.3398,5
3177.781,431,13.930348,4608,3,7.257812,224.8477,140.4375,534.5859,5
3177.781,431,13.300493,4608,4,7.265625,224.8398,140.4375,534.5859,5
3177.781,431,15.270936,4608,3,7.265625,224.8477,140.4375,534.5781,5
3177.781,431,11.735941,4608,3,7.265625,224.8477,140.4375,534.5781,5
3177.781,431,10.353535,4608,3,7.265625,224.8477,140.19141,534.8242,5
3177.781,432,9.768638,4608,3,7.265625,224.8477,140.19141,534.8242,5
3177.781,432,11.479592,4608,4,7.265625,224.8477,140.19141,534.8242,5
3177.781,432,14.925373,4608,3,7.265625,224.8477,140.19141,534.8242,5
3177.781,432,12.903226,4608,3,7.265625,224.8477,140.19141,534.8242,5
3177.781,432,12.098765,4608,4,7.265625,224.8477,140.19141,534.8242,5
3177.781,432,12.903226,4608,3,7.265625,224.8633,139.72266,535.2773,5
3177.781,432,10.051546,4608,2,7.265625,224.8633,139.47656,535.5234,5
3177.781,432,11.082474,4608,4,7.265625,224.8633,139.47656,535.5234,5
3177.781,432,10.880829,4608,4,7.265625,224.8633,139.47656,535.5234,5
3177.781,432,11.868687,4608,3,7.265625,224.8633,139.23047,535.7695,5
3177.781,432,11.557789,4608,3,7.265625,224.8633,139.23047,535.7695,5
3177.781,432,13.118812,4608,2,7.265625,224.8633,138.98438,536.0156,5
3177.781,432,12.469438,4608,7,7.265625,224.8789,138.73828,536.2461,5
3177.781,432,11.851852,4608,2,7.273438,224.8711,138.73828,536.2461,5
3177.781,432,10.539846,4608,2,7.273438,224.8789,138.73828,536.2383,5
3177.781,432,11.64557,4608,2,7.273438,224.8789,138.73828,536.2383,5
3177.781,432,12.244898,4608,2,7.273438,224.8789,138.73828,536.2383,5
3177.781,432,10.621762,4608,2,7.273438,224.8789,138.73828,536.2383,5
3177.781,432,13.5,4608,4,7.273438,224.8789,138.73828,536.2383,5
3177.781,432,12.468828,4608,2,7.273438,224.8789,138.73828,536.2383,5
3177.781,432,11.330049,4608,2,7.273438,224.8789,138.73828,536.2383,5
3177.781,432,11.881188,4608,2,7.273438,224.8789,138.93359,536.043,5
3177.781,432,12.02046,4608,2,7.273438,224.8789,138.6875,536.2891,5
3177.781,432,11.825193,4608,4,7.273438,224.8789,138.73828,536.2383,5
3177.781,432,11.538462,4608,2,7.273438,224.8789,138.73828,536.2383,5
3177.781,432,12.594458,4608,2,7.273438,224.8789,138.73828,536.2383,5
3177.781,432,13.399504,4608,3,7.273438,224.8789,138.73828,536.2383,5
3177.781,432,12.068966,4608,2,7.273438,224.8789,138.73828,536.2383,5
3177.781,432,13.138686,4608,2,7.273438,224.8789,138.73828,536.2383,5
3177.781,432,17.12159,4608,2,7.28125,224.8789,138.73828,536.2305,5
3177.781,432,10.051546,4608,2,7.28125,224.8789,138.73828,536.2305,5
3177.781,432,8.184143,4608,2,7.28125,224.8789,138.73828,536.2305,5
3177.781,432,13.486005,4608,3,7.28125,224.8789,138.73828,536.2305,5
3177.781,432,11.940299,4608,5,7.28125,224.8789,138.73828,536.2305,5
3177.781,432,14.074074,4608,2,7.28125,224.8789,138.73828,536.2305,5
3177.781,432,12.219451,4608,2,7.28125,224.8789,138.73828,536.2305,5
3177.781,431,10.741688,4608,2,7.28125,224.8789,138.73828,536.2305,5
3177.781,431,10.852713,4608,5,7.28125,224.8789,138.73828,536.2305,5
3177.781,431,9.536082,4608,2,7.28125,224.8789,138.73828,536.2305,5
3177.781,431,11.704835,4608,2,7.28125,224.8789,138.73828,536.2305,5
3177.781,431,12.468193,4608,2,7.28125,224.8789,138.73828,536.2305,5
3177.781,431,10.362694,4608,6,7.28125,224.8789,138.73828,536.2305,5
3177.781,431,10.12987,4608,2,7.28125,224.8789,138.73828,536.2305,5
3177.781,431,10.25641,4608,3,7.28125,224.8789,138.73828,536.2305,5
3177.781,431,10.25641,4608,2,7.28125,224.8789,138.73828,536.2305,5
3177.781,432,11.253197,4608,2,7.28125,224.8789,138.49219,536.4766,5
3177.781,432,10.282776,4608,2,7.28125,224.8789,138.49219,536.4766,5
3177.781,432,9.94898,4608,3,7.28125,224.8789,138.49219,536.4766,5
3177.781,432,12.060302,4608,4,7.28125,224.8789,138.49219,536.4766,5
3177.781,432,11.85567,4608,3,7.28125,224.8789,138.24609,536.7227,5
3177.781,432,11.825193,4608,2,7.28125,224.8789,138.24609,536.7227,5
3177.781,432,9.84456,4608,2,7.28125,224.8789,138.24609,536.7227,5
3177.781,432,10.25641,4608,4,7.28125,224.8789,138.24609,536.7227,5
3177.781,432,9.207161,4608,2,7.28125,224.8789,138.24609,536.7227,5
3177.781,432,10.941476,4608,2,7.28125,224.8789,138.24609,536.7227,5
3177.781,432,11.704835,4608,2,7.289062,224.8711,138.24609,536.7227,5
3177.781,432,11.809045,4608,2,7.289062,224.8789,138.24609,536.7148,5
3177.781,432,9.043928,4608,3,7.289062,224.8789,138.24609,536.7148,5
3177.781,432,10.677083,4608,3,7.289062,224.8789,138.24609,536.7148,5
3177.781,432,10.796915,4608,4,7.289062,224.8789,138.0,536.9609,5
3177.781,432,10.25641,4608,2,7.289062,224.8789,138.0,536.9609,5
3177.781,432,10.997442,4608,4,7.289062,224.8789,137.75391,537.207,5
3177.781,432,9.414758,4608,3,7.289062,224.8789,137.75391,537.207,5
3177.781,432,11.557789,4608,3,7.289062,224.8789,137.75391,537.207,5
3177.781,432,11.083123,4608,2,7.289062,224.8789,137.75391,537.207,5
3177.781,432,10.649351,4608,4,7.289062,224.8789,137.50781,537.4531,5
3177.781,432,11.082474,4608,2,7.289062,224.8789,137.50781,537.4531,5
3177.781,432,9.819121,4608,2,7.289062,224.8789,137.50781,537.4531,5
3177.781,432,11.450382,4608,2,7.289062,224.8789,137.50781,537.4531,5
3177.781,431,12.068966,4608,2,7.289062,224.8789,137.50781,537.4531,5
3177.781,431,12.468828,4608,2,7.289062,224.8789,137.50781,537.4531,5
3177.781,432,16.82927,4576,2,7.289062,224.8789,137.50781,537.4531,5
3177.781,432,9.74359,4576,3,7.289062,224.8789,137.50781,537.4531,5
3177.781,432,10.56701,4576,2,7.289062,224.8789,137.50781,537.4531,5
3177.781,432,8.997429,4576,3,7.289062,224.8789,137.26172,537.6992,5
3177.781,432,10.997442,4576,2,7.289062,224.8789,137.26172,537.6992,5
3177.781,432,10.941476,4576,5,7.289062,224.9453,137.26172,537.6328,5
3177.781,432,10.421836,4576,2,7.289062,224.9453,137.01562,537.8789,5
3177.781,432,12.009804,4576,2,7.289062,224.9453,137.01562,537.8789,5
3177.781,432,13.970588,4576,2,7.289062,224.9453,136.76953,538.125,5
3177.781,432,8.762887,4576,2,7.289062,224.9453,136.52344,538.3711,5
3177.781,432,11.688312,4576,2,7.289062,224.9453,136.52344,538.3711,5
3177.781,432,10.594315,4576,2,7.289062,224.9453,136.27734,538.6172,5
3177.781,432,9.819121,4576,3,7.289062,224.9453,136.27734,538.6172,5
3177.781,432,9.873418,4576,2,7.289062,224.9453,136.27734,538.6172,5
3177.781,432,13.381995,4576,2,7.289062,224.9453,138.24609,536.6484,5
3177.781,432,12.623762,4576,2,7.289062,224.9453,138.24609,536.6484,5
3177.781,432,12.151899,4576,2,7.289062,224.9453,138.0,536.8945,5
3177.781,432,10.362694,4576,3,7.289062,224.9453,138.0,536.8945,5
3177.781,432,11.627907,4576,4,7.289062,224.9453,138.24609,536.6484,5
3177.781,432,9.207161,4576,3,7.289062,224.9453,138.0,536.8945,5
3177.781,432,10.178117,4576,4,7.296875,224.9375,138.0,536.8945,5
3177.781,432,12.944162,4576,3,7.296875,224.9453,138.24609,536.6406,5
3177.781,432,12.926829,4576,2,7.296875,224.9453,138.24609,536.6406,5
3177.781,432,12.5,4576,3,7.296875,224.9453,138.0,536.8867,5
3177.781,432,9.067358,4576,2,7.296875,224.9453,138.0,536.8867,5
3177.781,432,11.720698,4576,3,7.296875,224.9453,138.0,536.8867,5
3177.781,432,12.02046,4576,4,7.296875,224.9453,137.75391,537.1328,5
3177.781,432,11.363636,4576,2,7.296875,224.9453,137.75391,537.1328,5
3177.781,432,13.895782,4544,2,7.304688,224.9375,137.28906,537.5977,5
3177.781,432,12.406948,4544,2,7.304688,224.9453,137.28906,537.5898,5
3177.781,432,15.724816,4544,3,7.304688,224.9453,137.04297,537.8359,5
3177.781,432,12.594458,4544,2,7.304688,224.9453,136.99219,537.8867,5
3177.781,432,9.71867,4544,2,7.304688,224.9453,136.79688,538.082,5
3177.781,432,13.032581,4544,3,7.304688,224.9453,136.79688,538.082,5
3177.781,432,11.450382,4544,4,7.304688,224.9453,136.55078,538.3281,5
3177.781,432,12.030075,4544,5,7.304688,224.9453,136.55078,538.3281,5
3177.781,432,13.18408,4544,2,7.304688,224.9453,136.74609,538.1328,5
3177.781,432,13.054187,4544,2,7.304688,224.9453,136.79688,538.082,5
3177.781,432,14.95098,4544,2,7.304688,224.9453,136.55078,538.3281,5
3177.781,432,10.309278,4544,2,7.304688,224.9453,136.55078,538.3281,5
3177.781,432,10.152284,4544,2,7.3125,224.9375,136.55078,538.3281,5
3177.781,432,12.060302,4544,2,7.3125,224.9453,136.79688,538.0742,5
3177.781,432,15.11335,4544,3,7.3125,224.9453,136.79688,538.0742,5
3177.781,432,12.376238,4544,2,7.3125,224.9453,136.79688,538.0742,5
3177.781,432,12.561576,4544,2,7.320312,224.9453,136.99219,537.8711,5
3177.781,432,11.056511,4544,2,7.320312,224.9453,137.04297,537.8203,5
3177.781,432,11.027569,4544,2,7.320312,224.9453,137.04297,537.8203,5
3177.781,431,11.227154,4544,2,7.320312,224.9453,137.04297,537.8203,5
3177.781,431,13.924051,4544,5,7.320312,224.9453,136.79688,538.0664,5
3177.781,431,10.831234,4544,3,7.320312,224.9453,136.79688,538.0664,5
3177.781,432,11.809045,4544,3,7.320312,224.9453,136.99219,537.8711,5
3177.781,432,13.399504,4544,2,7.320312,224.9453,137.04297,537.8203,5
3177.781,432,12.871287,4544,2,7.320312,224.9609,137.04297,537.8047,5
3177.781,432,14.60396,4544,2,7.320312,224.9609,137.04297,537.8047,5
3177.781,432,11.0,4544,3,7.320312,224.9609,137.04297,537.8047,5
3177.781,432,11.538462,4544,2,7.328125,224.9531,136.79688,538.0508,5
3177.781,432,10.485934,4544,4,7.328125,224.9609,136.79688,538.043,5
3177.781,432,12.562814,4576,2,7.328125,224.9609,136.79688,538.043,5
3177.781,432,14.5,4576,2,7.328125,224.9609,136.79688,538.043,5
3177.781,432,11.278195,4576,2,7.328125,224.9609,136.79688,538.043,5
3177.781,432,13.18408,4576,2,7.328125,224.9609,136.79688,538.043,5
3177.781,432,10.025707,4576,2,7.328125,224.9609,136.79688,538.043,5
3177.781,432,10.282776,4576,3,7.328125,224.9609,136.79688,538.043,5
3177.781,432,11.025641,4576,2,7.328125,224.9609,136.79688,538.043,5
3177.781,432,10.858586,4576,3,7.328125,224.9609,136.79688,538.043,5
3177.781,433,12.75,4576,2,7.328125,224.9609,136.79688,538.043,5
3177.781,433,9.605911,4576,2,7.328125,224.9609,136.79688,538.043,5
3177.781,433,11.793612,4576,2,7.328125,224.9609,136.55078,538.2891,5
3177.781,433,15.151515,4576,3,7.328125,224.9609,136.79688,538.043,5
3177.781,433,14.138817,4576,5,7.328125,224.9609,136.30469,538.5352,5
3177.781,433,10.56701,4576,2,7.328125,224.9609,136.30469,538.5352,5
3177.781,433,9.819121,4576,2,7.328125,224.9609,135.8125,539.0273,5
3177.781,433,11.139241,4576,3,7.328125,224.9609,136.05859,538.7812,5
3177.781,433,11.586902,4576,2,7.328125,224.9609,135.8125,539.0273,5
3177.781,433,13.300493,4576,2,7.328125,224.9609,135.56641,539.2734,5
3177.781,433,10.757946,4576,2,7.328125,224.9609,136.05859,538.7812,5
3177.781,433,12.531328,4576,3,7.328125,224.9609,136.05859,538.7812,5
3177.781,433,8.762887,4576,3,7.328125,224.9609,136.30469,538.5352,5
3177.781,433,11.794872,4576,3,7.328125,224.9609,136.05859,538.7812,5
3177.781,433,13.299233,4576,2,7.328125,224.9609,136.30469,538.5352,5
3177.781,433,12.594458,4576,3,7.328125,224.9609,136.30469,538.5352,5
3177.781,432,11.720698,4576,2,7.328125,224.9609,136.30469,538.5352,5
3177.781,432,11.98044,4576,2,7.328125,224.9609,136.55078,538.2891,5
3177.781,432,12.128713,4576,3,7.328125,224.9609,136.55078,538.2891,5
3177.781,432,12.81407,4576,3,7.328125,224.9609,136.55078,538.2891,5
3177.781,432,12.85347,4576,2,7.328125,224.9609,136.79688,538.043,5
3177.781,432,10.204082,4576,3,7.328125,224.9609,136.79688,538.043,5
3177.781,432,9.71867,4576,2,7.328125,224.9609,136.79688,538.043,5
3177.781,432,10.335917,4576,2,7.328125,224.9609,136.79688,538.043,5
3177.781,432,12.224939,4576,2,7.328125,224.9609,136.79688,538.043,5
3177.781,432,10.880829,4576,2,7.335938,224.9531,136.79688,538.043,5
3177.781,432,8.311688,4576,3,7.335938,224.9609,137.04297,537.7891,5
3177.781,432,9.74359,4576,3,7.335938,224.9609,137.04297,537.7891,5
3177.781,432,11.450382,4576,2,7.335938,224.9609,137.04297,537.7891,5
3177.781,432,10.204082,4576,3,7.335938,224.9609,137.04297,537.7891,5
3177.781,432,12.944162,4576,2,7.335938,224.9609,136.79688,538.0352,5
3177.781,432,14.066496,4576,3,7.335938,224.9609,137.04297,537.7891,5
3177.781,432,9.898477,4576,2,7.335938,224.9609,137.04297,537.7891,5
3177.781,432,11.825193,4576,2,7.34375,224.9609,136.79688,538.0273,5
3177.781,432,10.824742,4576,2,7.34375,224.9609,136.79688,538.0273,5
3177.781,432,11.111111,4576,2,7.34375,224.9609,136.79688,538.0273,5
3177.781,432,13.367609,4576,2,7.34375,224.9609,136.55078,538.2734,5
3177.781,432,11.363636,4576,4,7.34375,224.9609,136.55078,538.2734,5
3177.781,432,11.083123,4576,3,7.34375,224.9609,136.55078,538.2734,5
3177.781,432,8.80829,4576,3,7.34375,224.9609,136.55078,538.2734,5
3177.781,432,9.793814,4576,3,7.34375,224.9609,136.55078,538.2734,5
3177.781,432,12.628866,4576,5,7.34375,224.9609,136.55078,538.2734,5
3177.781,432,9.230769,4576,2,7.34375,224.9609,136.55078,538.2734,5
3177.781,432,11.568123,4576,5,7.34375,224.9609,136.30469,538.5195,5
3177.781,432,10.714286,4576,2,7.34375,224.9609,136.01953,538.8047,5
3177.781,432,12.121212,4576,3,7.34375,224.9766,136.07031,538.7383,5
3177.781,432,10.858586,4576,2,7.351562,224.9766,136.07031,538.7305,5
3177.781,432,11.886305,4576,3,7.351562,224.9766,136.07031,538.7305,5
3177.781,431,9.067358,4576,2,7.351562,224.9766,136.31641,538.4844,5
3177.781,431,10.0,4576,3,7.351562,224.9766,136.31641,538.4844,5
3177.781,431,11.306533,4576,5,7.351562,224.9766,136.51172,538.2891,5
3177.781,431,12.623762,4576,2,7.359375,224.9688,136.80859,537.9922,5
3177.781,431,13.466334,4576,3,7.359375,224.9766,136.80859,537.9844,5
3177.781,431,13.868613,4576,2,7.359375,224.9766,136.80859,537.9844,5
3177.781,431,9.90099,4576,2,7.359375,224.9766,137.00391,537.7891,5
3177.781,431,9.768638,4576,3,7.359375,224.9766,137.05469,537.7383,5
3177.781,431,8.854167,4576,2,7.359375,224.9766,137.05469,537.7383,5
3177.781,431,12.307692,4576,3,7.359375,224.9766,137.05469,537.7383,5
3177.781,431,11.195929,4576,2,7.359375,224.9766,137.05469,537.7383,5
3177.781,431,12.376238,4576,2,7.359375,224.9766,137.05469,537.7383,5
3177.781,431,12.16545,4576,2,7.359375,224.9766,137.05469,537.7383,5
3177.781,431,11.622276,4576,4,7.359375,224.9766,137.05469,537.7383,5
3177.781,431,10.714286,4576,2,7.359375,224.9766,137.05469,537.7383,5
3177.781,431,10.824742,4576,3,7.359375,224.9766,136.80859,537.9844,5
3177.781,431,9.819121,4576,2,7.359375,224.9766,136.80859,537.9844,5
3177.781,431,14.83376,4576,3,7.359375,224.9766,136.80859,537.9844,5
3177.781,431,12.280702,4576,2,7.359375,224.9766,136.5625,538.2305,5
3177.781,431,13.613861,4576,2,7.359375,224.9766,136.5625,538.2305,5
3177.781,431,10.268949,4576,3,7.359375,224.9766,136.5625,538.2305,5
3177.781,431,11.083744,4608,4,7.359375,224.9766,135.33203,539.4609,5
3177.781,431,10.796915,4608,2,7.359375,224.9766,135.33203,539.4609,5
3177.781,431,10.25641,4640,2,7.359375,224.9766,135.33203,539.4609,5
3177.781,431,9.326425,4640,2,7.359375,224.9766,135.33203,539.4609,5
3177.781,431,11.794872,4640,3,7.359375,224.9766,135.33203,539.4609,5
3177.781,431,11.442786,4640,4,7.359375,224.9766,135.08594,539.707,5
3177.781,431,11.442786,4640,2,7.367188,224.9766,135.08594,539.6992,5
3177.781,431,12.16545,4640,2,7.367188,224.9766,135.28125,539.5039,5
3177.781,431,9.71867,4640,2,7.367188,224.9766,135.28125,539.5039,5
3177.781,431,11.658031,4640,3,7.367188,224.9766,135.57812,539.207,5
3177.781,431,10.459184,4640,2,7.367188,224.9766,135.35938,539.4258,5
3177.781,431,12.406948,4640,2,7.367188,224.9766,135.35938,539.4258,5
3177.781,431,13.032581,4640,2,7.367188,224.9766,135.60547,539.1797,5
3177.781,431,10.473815,4640,2,7.375,224.9688,135.60547,539.1797,5
3177.781,431,13.317191,4640,3,7.375,224.9766,135.60547,539.1719,5
3177.781,431,11.0,4640,2,7.375,224.9766,135.85156,538.9258,5
3177.781,431,11.970075,4640,2,7.375,224.9766,139.93359,534.8438,5
3177.781,431,11.989796,4640,2,7.375,224.9766,139.6875,535.0898,5
3177.781,431,10.282776,4640,2,7.375,224.9766,139.6875,535.0898,5
3177.781,431,13.636364,4640,2,7.375,224.9766,139.6875,535.0898,5
3177.781,431,12.342569,4640,2,7.375,224.9766,139.45312,535.3242,5
3177.781,431,12.958435,4640,2,7.375,224.9766,139.45312,535.3242,5
3177.781,431,12.106538,4640,2,7.375,224.9766,139.45312,535.3242,5
3177.781,431,10.512821,4640,2,7.375,224.9766,139.45312,535.3242,5
3177.781,431,12.658228,4640,2,7.375,224.9766,139.45312,535.3242,5
3177.781,431,11.959288,4640,2,7.375,224.9766,139.45312,535.3242,5
3177.781,431,11.195929,4640,2,7.375,224.9766,139.45312,535.3242,5
3177.781,431,12.280702,4640,2,7.375,224.9766,139.45312,535.3242,5
3177.781,431,11.662531,4640,2,7.375,224.9766,139.45312,535.3242,5
3177.781,431,9.489051,4640,4,7.375,224.9766,139.20703,535.5703,5
3177.781,431,12.686567,4640,2,7.375,224.9766,139.20703,535.5703,5
3177.781,431,9.536082,4640,2,7.375,224.9766,138.96094,535.8164,5
3177.781,431,12.25,4640,2,7.375,224.9766,139.20703,535.5703,5
3177.781,431,10.969388,4640,2,7.375,224.9766,139.20703,535.5703,5
3177.781,431,14.75,4640,2,7.382812,224.9688,138.96094,535.8164,5
3177.781,431,13.316583,4640,2,7.382812,224.9766,138.96094,535.8086,5
3177.781,431,11.764706,4640,2,7.382812,224.9766,138.71484,536.0547,5
3177.781,431,11.192214,4640,2,7.382812,224.9766,138.71484,536.0547,5
3177.781,431,9.414758,4640,3,7.382812,224.9766,138.71484,536.0547,5
3177.781,431,10.103627,4640,2,7.382812,224.9766,138.46875,536.3008,5
3177.781,431,12.935323,4640,2,7.382812,224.9766,138.46875,536.3008,5
3177.781,431,10.43257,4640,6,7.382812,224.9766,138.46875,536.3008,5
3177.781,431,10.831234,4640,3,7.382812,224.9766,138.46875,536.3008,5
3177.781,431,10.945274,4640,2,7.382812,224.9766,138.46875,536.3008,5
3177.781,431,11.734694,4640,2,7.382812,224.9766,138.46875,536.3008,5
3177.781,431,10.0,4640,4,7.382812,224.9766,138.46875,536.3008,5
3177.781,431,11.311054,4640,3,7.382812,224.9805,138.46875,536.2969,5
3177.781,431,12.113402,4640,2,7.382812,224.9805,138.46875,536.2969,5
3177.781,431,10.714286,4640,2,7.382812,224.9805,138.46875,536.2969,5
3177.781,431,11.838791,4640,2,7.382812,224.9805,138.46875,536.2969,5
3177.781,431,12.903226,4640,2,7.382812,224.9805,138.46875,536.2969,5
3177.781,431,13.580247,4640,2,7.390625,224.9727,138.22266,536.543,5
3177.781,431,11.450382,4640,2,7.390625,224.9844,137.97656,536.7773,5
3177.781,431,9.326425,4640,3,7.390625,224.9844,137.97656,536.7773,5
3177.781,431,10.025707,4640,2,7.390625,224.9844,137.73047,537.0234,5
3177.781,431,10.741688,4640,2,7.390625,224.9844,137.73047,537.0234,5
3177.781,431,12.626263,4640,2,7.390625,224.9844,137.73047,537.0234,5
3177.781,431,11.970075,4640,4,7.390625,224.9844,137.73047,537.0234,5
3177.781,431,11.0,4640,3,7.390625,224.9844,137.73047,537.0234,5
3177.781,431,11.19403,4640,2,7.390625,224.9844,137.73047,537.0234,5
3177.781,431,9.768638,4608,2,7.390625,224.9844,137.92578,536.8281,5
3177.781,431,10.909091,4608,2,7.390625,224.9844,137.97656,536.7773,5
3177.781,431,10.025707,4608,2,7.390625,224.9844,137.97656,536.7773,5
3177.781,431,10.621762,4608,2,7.390625,224.9844,137.97656,536.7773,5
3177.781,431,15.696203,4576,2,7.390625,224.9844,137.97656,536.7773,5
3177.781,431,11.691542,4576,2,7.390625,224.9844,137.97656,536.7773,5
3177.781,431,12.686567,4576,2,7.390625,224.9844,137.97656,536.7773,5
3177.781,431,12.315271,4576,2,7.390625,224.9844,137.97656,536.7773,5
3177.781,431,9.923664,4576,2,7.390625,224.9844,137.97656,536.7773,5
3177.781,431,10.741688,4576,2,7.390625,224.9844,137.97656,536.7773,5
3177.781,431,10.687023,4576,2,7.390625,224.9844,137.97656,536.7773,5
3177.781,431,11.167513,4576,4,7.390625,224.9844,137.97656,536.7773,5
3177.781,431,9.848485,4576,2,7.390625,224.9844,137.97656,536.7773,5
3177.781,431,11.111111,4576,2,7.390625,224.9844,137.97656,536.7773,5
3177.781,431,11.053985,4576,2,7.390625,224.9844,137.97656,536.7773,5
3177.781,431,10.362694,4576,2,7.390625,224.9844,137.97656,536.7773,5
3177.781,431,10.485934,4576,2,7.390625,224.9844,137.97656,536.7773,5
3177.781,431,12.113402,4576,2,7.390625,224.9844,137.97656,536.7773,5
3177.781,431,10.56701,4608,2,7.390625,224.9844,137.97656,536.7773,5
3177.781,432,10.796915,4608,2,7.390625,224.9844,137.97656,536.7773,5
3177.781,432,14.393939,4608,3,7.390625,224.9844,137.97656,536.7773,5
3177.781,432,10.579345,4608,2,7.390625,224.9844,137.97656,536.7773,5
3177.781,432,10.309278,4608,2,7.390625,224.9844,137.97656,536.7773,5
3177.781,432,9.74359,4608,2,7.390625,224.9844,137.97656,536.7773,5
3177.781,432,11.340206,4608,2,7.390625,224.9844,137.97656,536.7773,5
3177.781,432,10.741688,4608,3,7.390625,224.9844,137.97656,536.7773,5
3177.781,432,10.485934,4608,2,7.398438,224.9844,137.97656,536.7695,5
3177.781,432,10.880829,4608,2,7.398438,224.9844,137.97656,536.7695,5
3177.781,432,10.75,4608,2,7.398438,224.9844,137.97656,536.7695,5
3177.781,432,10.941476,4608,2,7.398438,224.9844,137.97656,536.7695,5
3177.781,432,10.282776,4608,2,7.398438,224.9844,137.97656,536.7695,5
3177.781,432,9.84456,4608,2,7.398438,224.9844,137.97656,536.7695,5
3177.781,432,8.74036,4608,2,7.398438,224.9844,137.97656,536.7695,5
3177.781,432,12.690355,4608,2,7.40625,224.9766,137.73047,537.0156,5
3177.781,432,13.19797,4608,2,7.40625,224.9844,137.23828,537.5,5
3177.781,432,9.326425,4608,2,7.40625,224.9844,137.23828,537.5,5
3177.781,432,10.025707,4608,2,7.40625,224.9844,137.23828,537.5,5
3177.781,432,9.138381,4608,2,7.40625,224.9844,137.23828,537.5,5
3177.781,432,10.485934,4608,2,7.40625,224.9844,137.23828,537.5,5
3177.781,432,8.505155,4608,2,7.40625,224.9844,137.23828,537.5,5
3177.781,432,8.48329,4608,3,7.40625,224.9844,137.23828,537.5,5
3177.781,432,10.864198,4608,2,7.414062,224.9844,137.23828,537.4922,5
3177.781,432,11.302211,4608,2,7.414062,224.9844,137.23828,537.4922,5
3177.781,432,12.990196,4608,2,7.414062,224.9844,136.99219,537.7383,5
3177.781,432,11.597938,4608,2,7.414062,224.9844,136.77344,537.957,5
3177.781,432,9.090909,4608,2,7.414062,224.9844,136.77344,537.957,5
3177.781,432,8.762887,4608,2,7.414062,224.9844,136.52734,538.2031,5
3177.781,432,11.442786,4608,2,7.414062,224.9844,136.52734,538.2031,5
3177.781,432,12.030075,4608,3,7.414062,224.9844,136.28125,538.4492,5
3177.781,432,10.723192,4608,2,7.414062,224.9844,136.28125,538.4492,5
3177.781,431,12.408759,4608,2,7.414062,224.9844,136.03516,538.6953,5
3177.781,431,10.43257,4608,2,7.414062,224.9844,136.23047,538.5,5
3177.781,431,9.043928,4608,2,7.414062,224.9844,136.28125,538.4492,5
3177.781,431,12.690355,4608,3,7.414062,224.9844,136.47656,538.2539,5
3177.781,431,10.56701,4608,2,7.414062,224.9844,136.77344,537.957,5
3177.781,431,11.0,4608,2,7.414062,224.9844,136.77344,537.957,5
3177.781,431,11.604938,4608,2,7.414062,224.9844,136.77344,537.957,5
3177.781,431,11.330049,4608,2,7.414062,224.9844,136.77344,537.957,5
3177.781,431,11.735941,4608,3,7.414062,224.9844,136.72266,538.0078,5
3177.781,431,10.38961,4608,2,7.414062,224.9844,136.77344,537.957,5
3177.781,431,10.335917,4576,2,7.414062,224.9844,136.77344,537.957,5
3177.781,431,9.462916,4576,4,7.414062,224.9844,136.77344,537.957,5
3177.781,431,9.278351,4576,2,7.414062,224.9844,136.77344,537.957,5
3177.781,431,11.221945,4576,2,7.414062,224.9844,136.78125,537.9492,5
3177.781,431,15.270936,4576,2,7.414062,224.9844,136.53516,538.1953,5
3177.781,431,12.83293,4576,2,7.414062,224.9844,136.53516,538.1953,5
3177.781,431,11.19403,4576,2,7.421875,224.9766,136.53516,538.1953,5
3177.781,431,9.350649,4576,2,7.421875,224.9844,136.53516,538.1875,5
3177.781,431,8.629442,4576,3,7.421875,224.9844,136.53516,538.1875,5
3177.781,431,9.895833,4576,2,7.421875,224.9844,136.53516,538.1875,5
3177.781,431,10.051546,4576,2,7.421875,224.9844,136.53516,538.1875,5
3177.781,431,12.039312,4576,2,7.421875,224.9844,136.53516,538.1875,5
3177.781,431,11.491443,4576,2,7.421875,224.9844,136.53516,538.1875,5
3177.781,431,13.381995,4576,2,7.421875,224.9844,136.53516,538.1875,5
3177.781,431,14.25,4576,2,7.421875,224.9844,136.53516,538.1875,5
3177.781,431,11.053985,4576,3,7.421875,224.9844,136.78125,537.9414,5
3177.781,431,10.406091,4576,2,7.421875,224.9844,136.78125,537.9414,5
3177.781,431,11.898734,4576,3,7.421875,224.9844,136.78125,537.9414,5
3177.781,431,12.189055,4576,2,7.421875,224.9844,136.78125,537.9414,5
3177.781,431,11.547912,4576,2,7.421875,224.9844,136.78125,537.9414,5
3177.781,430,12.16545,4576,3,7.421875,224.9844,136.78125,537.9414,5
3177.781,430,11.055276,4576,2,7.421875,224.9844,136.78125,537.9414,5
3177.781,430,11.0,4576,2,7.429688,224.9844,136.78125,537.9336,5
3177.781,430,9.160305,4576,5,7.429688,224.9844,136.78125,537.9336,5
3177.781,430,10.886076,4576,2,7.429688,224.9844,136.78125,537.9336,5
3177.781,430,13.451777,4576,3,7.429688,224.9844,136.53516,538.1797,5
3177.781,430,12.871287,4576,3,7.429688,224.9844,136.53516,538.1797,5
3177.781,430,10.37037,4576,2,7.429688,224.9844,136.53516,538.1797,5
3177.781,430,12.713936,4576,2,7.429688,224.9844,136.53516,538.1797,5
3177.781,430,13.367609,4576,2,7.429688,224.9844,136.53516,538.1797,5
3177.781,430,13.930348,4576,2,7.429688,224.9844,136.53516,538.1797,5
3177.781,430,10.741688,4576,3,7.429688,224.9844,136.53516,538.1797,5
3177.781,430,11.083123,4576,3,7.429688,224.9844,136.53516,538.1797,5
3177.781,430,11.616162,4576,3,7.429688,224.9844,136.53516,538.1797,5
3177.781,430,14.074074,4576,2,7.429688,224.9844,136.53516,538.1797,5
3177.781,430,11.435523,4576,2,7.464844,226.3281,136.53516,536.8008,5
3177.781,430,12.437811,4608,2,7.464844,226.3281,136.53516,536.8008,5
3177.781,430,9.183673,4608,3,7.464844,226.3281,136.53516,536.8008,5
3177.781,430,10.591133,4608,2,7.464844,226.3281,136.53516,536.8008,5
3177.816,430,11.42132,4608,3,7.464844,226.3281,136.53516,536.8008,5
3177.781,430,13.065327,4608,2,7.472656,226.3281,136.53516,536.793,5
3177.781,430,13.25,4608,4,7.472656,226.3281,136.53516,536.793,5
3177.781,430,12.371134,4608,2,7.472656,226.3281,136.53516,536.793,5
3177.781,430,10.051546,4608,4,7.472656,226.3281,136.53516,536.793,5
3178.785,430,10.56701,4608,2,7.472656,226.3281,136.53516,536.793,5
3178.785,430,9.693878,4608,3,7.472656,226.3281,136.53516,536.793,5
3178.785,430,9.974425,4608,2,7.472656,226.3281,136.28906,537.0391,5
3177.781,429,12.244898,4608,3,7.472656,226.3281,136.28906,537.0391,5
3177.781,429,13.0,4608,2,7.472656,226.3281,136.28906,537.0391,5
3177.781,429,12.903226,4608,6,7.472656,226.3281,136.04297,537.2852,5
3177.781,429,10.594315,4608,3,7.472656,226.3281,136.04297,537.2852,5
3177.781,429,10.051546,4608,3,7.472656,226.3281,136.04297,537.2852,5
3177.781,429,12.082262,4608,3,7.472656,226.3281,136.04297,537.2852,5
3177.781,429,11.195929,4608,2,7.472656,226.3281,136.04297,537.2852,5
3177.781,429,12.151899,4608,2,7.480469,226.3203,136.04297,537.2852,5
3177.781,428,11.779449,4608,5,7.480469,226.3281,136.04297,537.2773,5
3177.781,429,12.967581,4608,2,7.480469,226.3281,136.04297,537.2773,5
3177.781,429,12.158809,4608,3,7.480469,226.3281,136.04297,537.2773,5
3177.781,429,11.369509,4608,3,7.480469,226.3281,136.23828,537.082,5
3177.781,429,10.56701,4608,3,7.480469,226.3281,136.28906,537.0312,5
3177.781,429,10.594315,4608,2,7.480469,226.3281,135.79688,537.5234,5
3177.781,429,11.392405,4608,3,7.480469,226.3281,135.79688,537.5234,5
3177.781,429,10.796915,4608,2,7.480469,226.3281,135.79688,537.5234,5
3177.781,429,13.636364,4608,2,7.480469,226.3281,135.79688,537.5234,5
3177.781,429,13.0,4608,2,7.480469,226.3281,135.79688,537.5234,5
3177.781,429,11.633663,4608,2,7.488281,226.3281,135.79688,537.5156,5
3177.781,429,9.819121,4608,5,7.488281,226.3281,135.79688,537.5156,5
3177.781,429,10.204082,4608,6,7.488281,226.3281,135.79688,537.5156,5
3177.781,429,14.540816,4608,6,7.488281,226.3281,135.79688,537.5156,5
3177.781,429,11.42132,4608,3,7.488281,226.3281,135.79688,537.5156,5
3177.781,429,12.373737,4608,7,7.488281,226.3281,135.79688,537.5156,5
3177.781,429,10.852713,4608,4,7.488281,226.3281,135.79688,537.5156,5
3177.781,429,10.659898,4608,3,7.488281,226.3281,135.79688,537.5156,5
3177.781,429,11.167513,4608,4,7.488281,226.3281,135.79688,537.5156,5
3177.781,429,12.303665,4608,3,7.488281,226.3281,135.79688,537.5156,5
3177.781,429,10.230179,4608,4,7.488281,226.3281,135.55078,537.7617,5
3177.781,429,10.941476,4608,4,7.488281,226.3281,135.55078,537.7617,5
3177.781,429,10.649351,4608,3,7.488281,226.3281,135.55078,537.7617,5
3177.781,429,12.378641,4608,4,7.488281,226.3281,135.30469,538.0078,5
3177.781,429,14.572864,4608,5,7.488281,226.3281,135.30469,538.0078,5
3177.781,429,10.15625,4608,4,7.488281,226.3281,135.30469,538.0078,5
3177.781,429,9.71867,4608,6,7.488281,226.3281,135.05859,538.2539,5
3177.781,429,10.0,4608,4,7.488281,226.3281,135.05859,538.2539,5
3177.781,429,10.9375,4608,7,7.488281,226.3281,135.05859,538.2539,5
3177.781,429,10.659898,4608,3,7.488281,226.3281,135.05859,538.2539,5
3177.781,430,14.030612,4608,4,7.488281,226.3281,134.8125,538.5,5
3177.781,430,12.5,4608,4,7.488281,226.3281,134.8125,538.5,5
3177.781,430,9.923664,4608,4,7.488281,226.3281,134.76172,538.5508,5
3177.781,430,10.103627,4608,6,7.488281,226.3281,134.8125,538.5,5
3177.781,430,10.335917,4608,5,7.488281,226.3281,135.00781,538.3047,5
3177.781,430,13.810742,4608,6,7.488281,226.3281,135.05859,538.2539,5
3177.781,430,7.928389,4608,4,7.488281,226.3281,135.05859,538.2539,5
3177.781,431,10.969388,4608,3,7.488281,226.3281,135.05859,538.2539,5
3177.781,431,11.282051,4608,3,7.488281,226.3281,134.56641,538.7461,5
3177.781,431,12.871287,4608,5,7.488281,226.3281,134.56641,538.7461,5
3177.781,433,10.230179,4608,3,7.488281,226.3281,134.56641,538.7461,5
3177.781,433,11.111111,4608,4,7.488281,226.3281,134.56641,538.7461,5
3177.781,433,10.025707,4608,3,7.488281,226.3281,134.56641,538.7461,5
3177.781,433,9.74359,4608,2,7.488281,226.3281,134.32031,538.9922,5
3177.781,433,9.414758,4608,4,7.488281,226.3281,134.32031,538.9922,5
3177.781,433,10.178117,4608,3,7.496094,226.3281,134.07422,539.2305,5
3177.781,433,11.428571,4608,4,7.496094,226.3281,134.07422,539.2305,5
3177.781,433,12.311558,4608,2,7.496094,226.3281,133.82812,539.4766,5
3177.781,433,11.139896,4608,3,7.496094,226.3281,134.07422,539.2305,5
3177.781,432,10.997442,4608,2,7.496094,226.3281,133.82812,539.4766,5
3177.781,432,11.662531,4576,2,7.496094,226.3281,133.82812,539.4766,5
3177.781,432,12.5,4576,4,7.496094,226.3281,133.58203,539.7227,5
3177.781,432,14.143921,4576,2,7.496094,226.3281,133.58203,539.7227,5
3177.781,432,11.407767,4576,3,7.496094,226.3281,133.58203,539.7227,5
3177.781,432,10.421836,4576,3,7.496094,226.3281,133.58203,539.7227,5
3177.781,432,9.536082,4576,2,7.496094,226.3281,133.58203,539.7227,5
3177.781,432,11.227154,4576,2,7.496094,226.3281,133.58203,539.7227,5
3177.781,432,9.84456,4576,2,7.496094,226.3281,133.58203,539.7227,5
3177.781,432,13.18408,4576,2,7.496094,226.3281,133.58203,539.7227,5
3177.781,432,12.158809,4576,2,7.496094,226.3281,133.77734,539.5273,5
3177.781,432,11.330049,4576,2,7.496094,226.3281,133.82812,539.4766,5
3177.781,432,12.318841,4576,3,7.496094,226.3281,134.07422,539.2305,5
3177.781,433,10.230179,4576,2,7.496094,226.3281,134.07422,539.2305,5
3177.781,433,11.311054,4576,2,7.496094,226.3281,133.82812,539.4766,5
3177.781,433,10.230179,4576,4,7.496094,226.3281,133.82812,539.4766,5
3177.781,433,9.873418,4576,2,7.496094,226.3281,131.61328,541.6914,5
3177.781,433,11.940299,4576,2,7.496094,226.3281,131.61328,541.6914,5
3177.781,433,13.930348,4576,2,7.496094,226.3281,131.61328,541.6914,5
3177.781,433,11.27451,4576,3,7.496094,226.3281,131.61328,541.6914,5
3177.781,433,11.435523,4576,2,7.503906,226.3203,131.61328,541.6914,5
3177.781,433,9.302326,4576,2,7.503906,226.3281,131.61328,541.6836,5
3177.781,433,9.326425,4576,2,7.503906,226.3281,131.61328,541.6836,5
3177.781,433,11.053985,4576,3,7.503906,226.3281,131.61328,541.6836,5
3177.781,433,14.540816,4576,2,7.503906,226.3281,131.80859,541.4883,5
3177.781,433,10.421836,4576,2,7.503906,226.3281,131.85938,541.4375,5
3177.781,433,11.302211,4576,2,7.503906,226.3281,131.85938,541.4375,5
3177.781,433,12.713936,4576,2,7.503906,226.3281,132.05469,541.2422,5
3177.781,433,10.275689,4576,2,7.503906,226.3281,132.10547,541.1914,5
3177.781,433,15.856777,4576,3,7.503906,226.3281,132.10547,541.1914,5
3177.781,433,9.536082,4576,2,7.503906,226.3281,132.35156,540.9453,5
3177.781,434,10.913706,4576,2,7.503906,226.3281,132.54688,540.75,5
3177.781,434,12.342569,4576,2,7.503906,226.3281,132.59766,540.6992,5
3177.781,434,13.151365,4576,2,7.503906,226.3281,132.59766,540.6992,5
3177.781,434,11.95122,4576,4,7.503906,226.3281,132.59766,540.6992,5
3177.781,434,11.566265,4576,2,7.503906,226.3281,132.37891,540.918,5
3177.781,434,12.311558,4576,3,7.503906,226.3281,132.37891,540.918,5
3177.781,434,9.230769,4576,2,7.503906,226.3281,132.37891,540.918,5
3177.781,434,10.997442,4576,3,7.503906,226.3281,133.11719,540.1797,5
3177.781,434,12.722646,4608,2,7.503906,226.3281,133.11719,540.1797,5
3177.781,434,11.414392,4608,3,7.503906,226.3281,133.11719,540.1797,5
3177.781,434,12.871287,4576,2,7.503906,226.3281,132.625,540.6719,5
3177.781,434,12.254902,4576,2,7.503906,226.3281,132.87109,540.4258,5
3177.781,434,12.098765,4576,2,7.503906,226.3281,132.87109,540.4258,5
3177.781,434,11.809045,4576,3,7.503906,226.3281,132.87109,540.4258,5
3177.781,434,12.722646,4576,2,7.503906,226.3281,132.87109,540.4258,5
3177.781,434,10.714286,4576,2,7.503906,226.3281,132.87109,540.4258,5
3177.781,434,12.121212,4576,3,7.503906,226.3281,132.87109,540.4258,5
3177.781,434,11.221945,4576,2,7.511719,226.3203,132.625,540.6719,5
3177.781,434,11.111111,4576,3,7.511719,226.3281,132.625,540.6641,5
3177.781,434,12.623762,4576,2,7.511719,226.3281,132.625,540.6641,5
3177.781,434,9.438776,4576,2,7.511719,226.3281,132.625,540.6641,5
3177.781,434,10.579345,4576,2,7.511719,226.3281,132.625,540.6641,5
3177.781,435,10.512821,4576,2,7.527344,226.3281,132.625,540.6484,5
3177.781,435,10.687023,4576,2,7.527344,226.3281,132.625,540.6484,5
3177.781,435,13.647643,4576,2,7.527344,226.3281,132.625,540.6484,5
3177.781,435,10.10101,4576,2,7.527344,226.3281,132.625,540.6484,5
3177.781,435,9.768638,4576,2,7.527344,226.3281,132.625,540.6484,5
3177.781,435,11.311054,4576,5,7.527344,226.3281,132.625,540.6484,5
3177.781,435,11.369509,4576,2,7.527344,226.3281,132.625,540.6484,5
3177.781,435,12.113402,4576,2,7.527344,226.3281,132.82031,540.4531,5
3177.781,435,11.704835,4576,2,7.527344,226.3281,132.87109,540.4023,5
3177.781,435,12.219451,4576,2,7.527344,226.3281,132.87109,540.4023,5
3177.781,435,10.050251,4576,3,7.527344,226.3281,133.11719,540.1562,5
3177.781,435,11.167513,4576,2,7.527344,226.3281,132.87109,540.4023,5
3177.781,435,12.244898,4576,2,7.527344,226.3281,132.87109,540.4023,5
3177.781,435,10.56701,4576,2,7.527344,226.3281,132.87109,540.4023,5
3177.781,435,10.997442,4576,2,7.527344,226.3281,132.87109,540.4023,5
3177.781,435,11.282051,4576,2,7.535156,226.332,132.87109,540.3906,5
3177.781,435,12.626263,4576,5,7.535156,226.332,132.87109,540.3906,5
3177.781,435,12.718204,4576,2,7.535156,226.332,132.625,540.6367,5
3177.781,435,12.690355,4576,2,7.535156,226.332,132.625,540.6367,5
3177.781,435,10.649351,4576,2,7.535156,226.332,132.87109,540.3906,5
3177.781,435,10.025707,4576,2,7.535156,226.332,132.87109,540.3906,5
3177.781,435,10.796915,4576,2,7.535156,226.332,132.625,540.6367,5
3177.781,435,10.714286,4576,2,7.535156,226.332,132.625,540.6367,5
3177.781,435,12.21374,4576,2,7.535156,226.332,132.82031,540.4414,5
3177.781,435,10.945274,4576,3,7.535156,226.332,132.87109,540.3906,5
3177.781,435,11.221945,4576,2,7.535156,226.332,133.12109,540.1406,5
3177.781,435,11.989796,4576,2,7.535156,226.332,133.12109,540.1406,5
3177.781,435,11.282051,4576,2,7.535156,226.332,133.12109,540.1406,5
3177.781,435,10.966057,4576,2,7.535156,226.332,133.12109,540.1406,5
3177.781,435,10.56701,4576,2,7.535156,226.332,133.12109,540.1406,5
3177.781,435,9.974425,4576,2,7.535156,226.332,133.12109,540.1406,5
3177.781,435,12.151899,4576,2,7.535156,226.332,133.12109,540.1406,5
3177.781,435,13.861386,4576,2,7.535156,226.332,133.12109,540.1406,5
3177.781,435,11.75,4576,3,7.535156,226.332,133.12109,540.1406,5
3177.781,435,11.340206,4576,2,7.535156,226.332,133.12109,540.1406,5
3177.781,435,10.769231,4576,4,7.535156,226.332,133.12109,540.1406,5
3177.781,435,11.197917,4576,4,7.535156,226.332,132.875,540.3867,5
3177.781,435,11.025641,4576,2,7.542969,226.332,132.875,540.3789,5
3177.781,435,10.459184,4576,2,7.542969,226.332,132.62891,540.625,5
3177.781,435,13.868613,4576,4,7.542969,226.332,132.13672,541.1172,5
3177.781,435,10.169492,4576,2,7.542969,226.332,132.13672,541.1172,5
3177.781,435,10.43257,4576,2,7.542969,226.332,132.13672,541.1172,5
3177.781,435,10.103627,4576,2,7.542969,226.332,131.89062,541.3633,5
3177.781,435,9.768638,4576,2,7.542969,226.332,131.89062,541.3633,5
3177.781,435,10.621762,4576,2,7.542969,226.332,131.89062,541.3633,5
3177.781,435,10.0,4576,2,7.542969,226.332,131.89062,541.3633,5
3177.781,435,12.562814,4576,2,7.542969,226.332,131.89062,541.3633,5
3177.781,435,12.135922,4576,2,7.542969,226.332,132.13672,541.1172,5
3177.781,435,10.886076,4576,4,7.542969,226.332,132.13672,541.1172,5
3177.781,435,11.658031,4576,2,7.542969,226.332,132.13672,541.1172,5
3177.781,435,10.38961,4576,2,7.542969,226.332,132.13672,541.1172,5
3177.781,435,11.082474,4576,2,7.542969,226.332,132.13672,541.1172,5
3177.781,435,9.923664,4576,2,7.542969,226.332,132.13672,541.1172,5
3177.781,435,9.974425,4576,3,7.542969,226.332,132.13672,541.1172,5
3177.781,435,11.779449,4576,2,7.542969,226.332,132.33203,540.9219,5
3177.781,435,16.707022,4576,2,7.542969,226.332,132.62891,540.625,5
3177.781,435,11.764706,4576,2,7.542969,226.332,132.13672,541.1172,5
3177.781,435,11.197917,4576,2,7.542969,226.332,132.13672,541.1172,5
3177.781,435,10.230179,4576,3,7.542969,226.332,132.13672,541.1172,5
3177.781,435,10.0,4576,2,7.542969,226.332,132.13672,541.1172,5
3177.781,435,13.77551,4576,2,7.542969,226.332,132.13672,541.1172,5
3177.781,435,8.78553,4576,2,7.542969,226.332,132.13672,541.1172,5
3177.781,435,11.306533,4576,2,7.542969,226.332,132.13672,541.1172,5
3177.781,435,11.881188,4576,2,7.542969,226.332,132.13672,541.1172,5
3177.781,435,10.25641,4576,2,7.542969,226.332,132.13672,541.1172,5
3177.781,435,12.594458,4576,2,7.542969,226.332,132.13672,541.1172,5
3177.781,435,12.594458,4576,2,7.542969,226.332,132.13672,541.1172,5
3177.781,435,11.898734,4576,4,7.542969,226.332,132.13672,541.1172,5
3177.781,435,11.166253,4576,2,7.542969,226.332,132.13672,541.1172,5
3177.781,435,11.764706,4576,2,7.542969,226.332,132.13672,541.1172,5
3177.781,435,13.414634,4576,2,7.542969,226.332,132.13672,541.1172,5
3177.781,435,11.025641,4576,2,7.542969,226.332,132.13672,541.1172,5
3177.781,435,10.335917,4576,2,7.542969,226.332,132.38281,540.8711,5
3177.781,435,11.0,4576,2,7.542969,226.332,132.57812,540.6758,5
3177.781,435,11.0,4576,3,7.542969,226.332,132.62891,540.625,5
3177.781,435,12.0,4576,2,7.542969,226.332,132.62891,540.625,5
3177.781,435,14.53202,4576,3,7.542969,226.332,132.82422,540.4297,5
3177.781,435,12.348668,4576,2,7.542969,226.332,132.875,540.3789,5
3177.781,435,11.19403,4576,2,7.542969,226.332,132.875,540.3789,5
3177.781,435,9.585492,4576,2,7.542969,226.332,132.875,540.3789,5
3177.781,435,9.793814,4576,2,7.542969,226.332,132.875,540.3789,5
3177.781,435,12.658228,4576,5,7.542969,226.332,132.62891,540.625,5
3177.781,435,10.526316,4576,2,7.542969,226.332,132.62891,540.625,5
3177.781,435,12.189055,4576,2,7.542969,226.332,132.62891,540.625,5
3177.781,435,10.810811,4576,2,7.542969,226.332,132.38281,540.8711,5
3177.781,435,13.253012,4576,2,7.542969,226.332,132.38281,540.8711,5
3177.781,435,10.43257,4576,5,7.550781,226.332,132.38281,540.8633,5
3177.781,435,12.953368,4576,5,7.550781,226.332,132.38281,540.8633,5
3177.781,435,10.539846,4576,5,7.550781,226.332,132.38281,540.8633,5
3177.781,435,12.75,4576,4,7.550781,226.332,132.38281,540.8633,5
3177.781,435,12.5,4576,3,7.550781,226.332,132.38281,540.8633,5
3177.781,435,12.25,4576,4,7.550781,226.332,132.13672,541.1094,5
3177.781,435,14.634146,4576,4,7.550781,226.332,132.13672,541.1094,5
3177.781,435,12.839506,4576,5,7.550781,226.332,132.13672,541.1094,5
3177.781,435,10.230179,4576,7,7.550781,226.332,131.89062,541.3555,5
3177.781,435,12.02046,4576,9,7.550781,226.332,131.89062,541.3555,5
3177.781,435,10.512821,4576,4,7.550781,226.332,131.89062,541.3555,5
3177.781,435,12.967581,4576,6,7.550781,226.332,131.89062,541.3555,5
3177.781,435,15.25,4608,3,7.550781,226.332,132.13672,541.1094,5
3177.781,435,11.166253,4608,3,7.550781,226.332,132.13672,541.1094,5
3177.781,435,12.315271,4608,4,7.550781,226.332,132.13672,541.1094,5
3177.781,435,10.539846,4608,3,7.550781,226.332,132.13672,541.1094,5
3177.781,435,10.539846,4608,3,7.550781,226.332,132.13672,541.1094,5
3177.781,435,13.670886,4608,3,7.550781,226.332,132.13672,541.1094,5
3177.781,435,9.74359,4608,4,7.550781,226.332,132.13672,541.1094,5
3177.781,435,12.75,4608,4,7.550781,226.332,132.13672,541.1094,5
3177.781,435,13.647643,4608,5,7.550781,226.332,132.13672,541.1094,5
3177.781,435,13.170732,4608,4,7.558594,226.3242,132.13672,541.1094,5
3177.781,435,13.480392,4608,3,7.558594,226.332,132.13672,541.1016,5
3177.781,435,11.989796,4608,8,7.558594,226.332,132.13672,541.1016,5
3177.781,435,8.505155,4608,3,7.558594,226.332,132.13672,541.1016,5
3177.781,434,10.56701,4608,5,7.558594,226.332,132.13672,541.1016,5
3177.781,434,11.363636,4608,2,7.558594,226.332,132.13672,541.1016,5
3177.781,434,14.143921,4608,2,7.558594,226.332,132.13672,541.1016,5
3177.781,434,12.345679,4608,2,7.558594,226.332,132.13672,541.1016,5
3177.781,434,12.224939,4608,2,7.558594,226.332,132.13672,541.1016,5
3177.781,434,12.469438,4608,2,7.558594,226.332,132.13672,541.1016,5
3177.781,434,10.886076,4608,3,7.558594,226.332,132.13672,541.1016,5
3177.781,434,11.959288,4608,2,7.558594,226.332,132.13672,541.1016,5
3177.781,434,10.769231,4608,3,7.558594,226.332,132.13672,541.1016,5
3177.781,434,12.121212,4576,2,7.558594,226.332,132.13672,541.1016,5
3177.781,434,12.068966,4576,2,7.558594,226.332,132.13672,541.1016,5
3178.156,435,11.19403,4576,3,7.558594,226.332,132.13672,541.1016,5
3177.781,434,12.745098,4576,3,7.558594,226.332,132.13672,541.1016,5
3177.781,434,12.911392,4576,3,7.558594,226.332,132.13672,541.1016,5
3177.781,434,11.508951,4576,3,7.558594,226.332,132.13672,541.1016,5
3177.781,434,10.969388,4576,2,7.558594,226.332,132.13672,541.1016,5
3177.781,434,12.151899,4576,3,7.558594,226.332,132.13672,541.1016,5
3177.781,434,10.913706,4576,2,7.558594,226.332,132.13672,541.1016,5
3177.781,434,11.627907,4576,2,7.558594,226.332,132.13672,541.1016,5
3177.781,434,9.84456,4576,2,7.558594,226.332,132.13672,541.1016,5
3177.781,434,10.204082,4576,2,7.558594,226.332,132.13672,541.1016,5
3177.781,434,8.78553,4576,2,7.558594,226.332,132.38281,540.8555,5
3177.781,434,11.053985,4576,4,7.558594,226.332,132.38281,540.8555,5
3177.781,434,11.704835,4576,2,7.558594,226.332,132.38281,540.8555,5
3177.781,434,14.105793,4576,3,7.558594,226.332,132.38281,540.8555,5
3177.781,434,10.913706,4576,3,7.558594,226.332,132.13672,541.1016,5
3177.781,434,10.485934,4576,2,7.558594,226.332,132.13672,541.1016,5
3177.781,434,8.974359,4576,8,7.558594,226.332,132.13672,541.1016,5
3177.781,434,8.268734,4576,4,7.558594,226.332,132.13672,541.1016,5
3177.781,434,14.138817,4576,2,7.558594,226.332,132.13672,541.1016,5
3177.781,434,11.167513,4576,3,7.558594,226.332,132.13672,541.1016,5
3177.781,434,9.898477,4576,3,7.558594,226.332,131.89062,541.3477,5
3177.781,434,12.25,4576,3,7.558594,226.332,131.89062,541.3477,5
3177.781,434,11.195929,4576,4,7.558594,226.332,131.64453,541.5938,5
3177.781,434,13.14433,4576,2,7.558594,226.332,131.64453,541.5938,5
3177.781,434,9.278351,4576,3,7.558594,226.332,131.64453,541.5938,5
3177.781,434,10.852713,4576,2,7.558594,226.332,131.64453,541.5938,5
3177.781,434,10.56701,4576,2,7.558594,226.332,131.64453,541.5938,5
3177.781,434,10.659898,4576,5,7.558594,226.332,131.64453,541.5938,5
3177.781,434,12.846348,4576,2,7.558594,226.332,131.64453,541.5938,5
3177.781,434,11.471322,4576,3,7.558594,226.332,131.64453,541.5938,5
3177.781,434,9.873418,4576,3,7.558594,226.332,131.64453,541.5938,5
3177.781,434,8.48329,4576,5,7.558594,226.332,131.64453,541.5938,5
3177.781,434,9.067358,4576,2,7.558594,226.3359,131.64453,541.5898,5
3177.781,434,12.403101,4576,3,7.558594,226.3359,131.64453,541.5898,5
3177.781,434,12.039312,4576,2,7.558594,226.3359,131.64453,541.5898,5
3177.781,434,9.725686,4576,2,7.558594,226.3359,131.39844,541.8359,5
3177.781,434,11.707317,4576,2,7.558594,226.3359,131.39844,541.8359,5
3177.781,434,10.230179,4576,5,7.558594,226.3359,130.90625,542.3281,5
3177.781,434,9.254499,4576,2,7.558594,226.3359,130.90625,542.3281,5
3177.781,434,12.467532,4544,4,7.558594,226.3359,130.90625,542.3281,5
3177.781,434,11.053985,4544,2,6.65625,220.207,144.47656,535.7891,5
3177.781,434,10.230179,4544,2,6.65625,220.1211,144.70312,535.6484,5
3177.781,434,11.358025,4544,2,6.65625,220.1211,144.21094,536.1406,5
3177.781,434,12.807882,4544,2,6.65625,220.1211,143.99219,536.3594,5
3177.781,434,11.881188,4544,3,6.65625,220.1211,143.74609,536.6055,5
3177.781,434,9.74359,4544,2,6.65625,220.1211,143.74609,536.6055,5
3177.781,434,8.997429,4544,2,6.664062,220.1211,143.5,536.8438,5
3177.781,434,10.485934,4544,3,6.664062,220.1211,143.25391,537.0898,5
3177.781,434,10.282776,4544,2,6.664062,220.1211,143.25391,537.0898,5
3177.781,434,9.487179,4544,3,6.664062,220.1211,143.25391,537.0898,5
3177.781,434,12.655087,4544,2,6.664062,220.1211,143.25391,537.0898,5
3177.781,434,11.138015,4544,3,6.664062,220.1211,143.25391,537.0898,5
3177.781,434,10.632911,4544,2,6.664062,220.1211,142.78906,537.5547,5
3177.781,434,10.880829,4544,3,6.671875,220.7969,142.78906,536.8711,5
3177.781,434,9.487179,4544,3,6.671875,220.8711,142.78906,536.7969,5
3177.781,434,12.467532,4544,3,6.671875,220.8711,142.78906,536.7969,5
3177.781,434,10.379747,4544,3,6.671875,220.8711,142.78906,536.7969,5
3177.781,434,10.309278,4544,3,6.671875,220.8711,142.78906,536.7969,5
3177.781,434,11.764706,4544,4,6.671875,220.8711,142.78906,536.7969,5
3177.781,434,10.731707,4544,2,6.679688,220.8711,142.78906,536.7891,5
3177.781,434,9.921671,4544,2,6.679688,220.8711,142.78906,536.7891,5
3177.781,434,10.941476,4544,2,6.679688,220.8711,142.78906,536.7891,5
3177.781,434,11.64557,4544,2,6.679688,220.8711,142.78906,536.7891,5
3177.781,434,12.81407,4576,3,6.679688,220.8711,142.78906,536.7891,5
3177.781,434,13.300493,4576,2,6.679688,220.8711,142.78906,536.7891,5
3177.781,434,11.386139,4576,2,6.679688,220.8711,142.78906,536.7891,5
3177.781,434,14.285714,4576,2,6.679688,220.8711,142.78906,536.7891,5
3177.781,434,9.974425,4576,3,6.679688,220.8711,142.78906,536.7891,5
3177.781,434,9.020619,4576,2,6.679688,220.8711,142.54297,537.0352,5
3177.781,434,10.945274,4576,2,6.679688,220.8711,142.54297,537.0352,5
3177.781,434,10.459184,4576,2,6.679688,220.8711,142.29688,537.2812,5
3177.781,434,12.280702,4576,2,6.679688,220.8711,142.0625,537.5156,5
3177.781,434,12.219451,4576,3,6.679688,220.8711,142.0625,537.5156,5
3177.781,434,10.565111,4576,2,6.679688,220.8711,142.0625,537.5156,5
3177.781,434,12.16545,4576,2,6.679688,220.8711,142.0625,537.5156,5
3177.781,434,9.585492,4576,2,6.679688,220.8711,141.57031,538.0078,5
3177.781,434,10.56701,4576,2,6.679688,220.8711,141.57031,538.0078,5
3177.781,434,12.839506,4576,2,6.679688,220.8711,141.32422,538.2539,5
3177.781,434,11.586902,4576,2,6.679688,220.8711,141.32422,538.2539,5
3177.781,434,12.189055,4576,2,6.679688,220.8711,141.32422,538.2539,5
3177.781,434,11.662531,4576,2,6.679688,220.8711,141.07812,538.5,5
3177.781,434,11.650485,4576,2,6.679688,220.8711,140.33984,539.2383,5
3177.781,434,11.989796,4576,2,6.679688,220.8711,140.33984,539.2383,5
3177.781,434,11.369509,4576,3,6.679688,220.8711,140.33984,539.2383,5
3177.781,434,10.103627,4576,2,6.679688,220.8711,140.33984,539.2383,5
3177.781,434,11.414392,4576,2,6.679688,220.8711,140.09375,539.4844,5
3177.781,434,12.0,4576,2,6.679688,220.8711,139.84766,539.7305,5
3177.781,434,11.940299,4576,4,6.6875,220.8711,139.60156,539.9688,5
3177.781,434,12.285012,4576,2,6.6875,220.8711,139.60156,539.9688,5
3177.781,434,11.764706,4576,2,6.6875,220.8711,139.60156,539.9688,5
3177.781,434,8.831169,4576,3,6.6875,220.8711,139.10938,540.4609,5
3177.781,434,10.632911,4576,2,6.6875,220.8711,138.875,540.6953,5
3177.781,434,10.80402,4576,2,6.6875,220.8711,138.38281,541.1875,5
3177.781,434,12.977099,4576,2,6.6875,220.8711,138.38281,541.1875,5
3177.781,434,12.158809,4576,2,6.6875,220.8711,138.13672,541.4336,5
3177.781,434,11.442786,4576,2,6.6875,220.8711,138.13672,541.4336,5
3177.781,434,11.519608,4576,2,6.6875,220.8711,138.13672,541.4336,5
3177.781,434,11.311054,4576,2,6.6875,220.8711,138.13672,541.4336,5
3177.781,434,11.025641,4576,5,6.6875,220.8711,137.91797,541.6523,5
3177.781,434,9.560724,4576,5,6.6875,220.8711,137.91797,541.6523,5
3177.781,434,11.306533,4576,2,6.6875,220.8711,137.91797,541.6523,5
3177.781,434,12.658228,4576,3,6.6875,220.8711,137.91797,541.6523,5
3177.781,434,12.561576,4576,2,6.6875,220.8711,137.91797,541.6523,5
3177.781,434,12.655087,4576,2,6.6875,220.8711,137.91797,541.6523,5
3177.781,434,12.068966,4576,2,6.6875,220.8711,137.91797,541.6523,5
3177.781,434,9.74359,4576,2,6.6875,220.8711,137.91797,541.6523,5
3177.781,434,8.997429,4576,2,6.6875,220.8711,137.91797,541.6523,5
3177.781,434,9.923664,4576,3,6.6875,220.8711,137.86719,541.7031,5
3177.781,434,13.231552,4576,3,6.6875,220.8711,138.16406,541.4062,5
3177.781,434,13.118812,4576,3,6.6875,220.8711,138.16406,541.4062,5
3177.781,434,12.128713,4576,2,6.6875,220.8711,138.16406,541.4062,5
3177.781,434,10.784314,4576,3,6.6875,220.8711,138.16406,541.4062,5
3180.184,434,11.91067,4576,2,6.6875,220.8711,138.16406,541.4062,5
3180.184,434,12.755102,4576,2,6.6875,220.8711,138.16406,541.4062,5
3180.184,434,9.793814,4576,3,6.6875,220.8711,138.16406,541.4062,5
3180.184,434,9.71867,4576,3,6.6875,220.8711,138.16406,541.4062,5
3180.184,434,11.64557,4576,2,6.6875,220.8711,137.91797,541.6523,5
3180.184,434,12.437811,4576,4,6.6875,220.8711,137.91797,541.6523,5
3180.184,434,11.720698,4576,2,6.6875,220.8711,137.91797,541.6523,5
3180.184,434,12.16545,4576,3,6.6875,220.8711,137.67188,541.8984,5
3180.184,429,10.050251,4576,2,6.6875,220.8711,137.42578,542.1445,5
3180.184,429,10.0,4576,2,6.6875,220.8711,137.42578,542.1445,5
3180.184,431,9.873418,4576,3,6.6875,220.8711,137.375,542.1953,5
3180.184,432,12.531969,4576,2,6.6875,220.8711,137.42578,542.1445,5
3180.184,432,9.74359,4576,2,6.6875,220.8711,136.93359,542.6367,5
3180.184,432,10.831234,4576,2,6.695312,220.8633,136.93359,542.6367,5
3180.184,432,9.94898,4576,2,6.695312,220.8711,136.93359,542.6289,5
3180.184,432,9.87013,4576,2,6.695312,220.8711,136.93359,542.6289,5
3180.184,432,10.852713,4544,2,6.695312,220.8711,136.93359,542.6289,5
3180.184,432,11.825193,4544,3,6.695312,220.8711,136.93359,542.6289,5
3180.184,432,9.414758,4544,2,6.695312,220.8711,136.93359,542.6289,5
3180.184,432,11.838791,4544,2,6.695312,220.8711,136.93359,542.6289,5
3180.184,433,9.819121,4576,2,6.695312,220.8711,136.93359,542.6289,5
3180.184,433,11.85567,4576,5,6.695312,220.8711,137.12891,542.4336,5
3180.184,433,11.311054,4576,2,6.695312,220.8711,137.17969,542.3828,5
3180.184,433,9.585492,4576,2,6.695312,220.8711,137.375,542.1875,5
3180.184,433,10.459184,4576,2,6.695312,220.8711,137.42578,542.1367,5
3180.184,433,10.723192,4576,3,6.695312,220.8711,137.62109,541.9414,5
3180.184,433,11.675127,4576,2,6.695312,220.8711,137.67188,541.8906,5
3180.184,433,13.451777,4576,2,6.695312,220.8711,137.86719,541.6953,5
3180.184,433,9.819121,4576,2,6.695312,220.8711,137.91797,541.6445,5
3180.184,433,9.043928,4576,3,6.695312,220.8711,137.91797,541.6445,5
3180.184,433,10.0,4576,2,6.695312,220.8711,137.91797,541.6445,5
3180.184,433,10.621762,4576,3,6.695312,220.8711,137.91797,541.6445,5
3180.184,433,11.64557,4576,3,6.695312,220.8711,137.91797,541.6445,5
3180.184,433,10.687023,4576,2,6.695312,220.8711,137.91797,541.6445,5
3180.184,433,12.219451,4576,3,6.695312,220.8711,137.91797,541.6445,5
3180.184,433,11.25,4576,2,6.695312,220.8711,137.91797,541.6445,5
3180.184,432,9.020619,4576,2,6.695312,220.8711,137.91797,541.6445,5
3180.184,432,10.824742,4576,2,6.695312,220.8711,137.91797,541.6445,5
3180.184,432,11.428571,4544,4,6.695312,220.8711,137.91797,541.6445,5
3180.184,432,9.536082,4544,2,6.695312,220.8711,138.16406,541.3984,5
3180.184,432,11.029412,4544,2,6.695312,220.8711,138.16406,541.3984,5
3180.184,431,13.580247,4544,3,6.695312,220.8711,138.16406,541.3984,5
3180.184,431,11.083744,4544,2,6.695312,220.8711,138.35938,541.2031,5
3180.184,431,12.373737,4544,2,6.695312,220.8711,138.41016,541.1523,5
3180.184,431,10.714286,4544,2,6.695312,220.8711,138.41016,541.1523,5
3180.184,432,9.278351,4544,4,6.695312,220.8711,138.41016,541.1523,5
3180.184,432,9.873418,4544,2,6.695312,220.8711,138.16406,541.3984,5
3180.184,432,11.111111,4544,2,6.695312,220.8711,138.16406,541.3984,5
3180.184,432,12.406948,4544,2,6.695312,220.8711,138.16406,541.3984,5
3180.184,432,11.330049,4544,2,6.695312,220.8711,138.16406,541.3984,5
3180.184,432,11.650485,4544,2,6.695312,220.8711,138.41016,541.1523,5
3180.184,432,10.56701,4544,3,6.695312,220.8711,137.91797,541.6445,5
3180.184,432,9.74359,4544,2,6.695312,220.8711,138.11328,541.4492,5
3180.184,432,10.077519,4544,3,6.695312,220.8711,137.67188,541.8906,5
3180.184,432,12.113402,4544,2,6.695312,220.8711,137.91797,541.6445,5
3180.184,432,10.886076,4576,3,6.695312,220.8711,137.67188,541.8906,5
3180.184,432,11.91067,4576,6,6.695312,220.8711,137.67188,541.8906,5
3180.184,431,13.054187,4576,3,6.695312,220.8711,137.42578,542.1367,5
3180.184,431,11.633663,4576,3,6.695312,220.8711,137.42578,542.1367,5
3180.184,431,10.880829,4576,2,6.695312,220.8711,136.6875,542.875,5
3180.184,431,9.487179,4576,3,6.695312,220.8711,136.6875,542.875,5
3180.184,431,9.560724,4576,2,6.695312,220.8711,136.6875,542.875,5
3180.184,431,10.539846,4576,2,6.695312,220.8711,136.6875,542.875,5
3180.184,431,10.10101,4576,2,6.703125,220.8672,136.44141,543.1172,5
3180.184,431,12.530713,4576,2,6.703125,220.8711,136.44141,543.1133,5
3180.184,431,11.735941,4576,2,6.703125,220.8711,136.63672,542.918,5
3180.184,431,10.406091,4576,2,6.703125,220.8711,136.44141,543.1133,5
3180.184,431,10.362694,4608,2,6.703125,220.8711,136.44141,543.1133,5
3180.184,431,10.309278,4608,2,6.703125,220.8711,136.19531,543.3594,5
3180.184,431,10.077519,4608,2,6.703125,220.8711,136.19531,543.3594,5
3180.184,431,15.802469,4608,2,6.703125,220.8711,136.44141,543.1133,5
3180.184,431,13.25,4608,2,6.703125,221.1641,136.19531,543.0664,5
3180.184,431,10.591133,4608,2,6.703125,221.2461,136.39062,542.7891,5
3180.184,431,14.285714,4608,2,6.703125,221.2461,136.44141,542.7383,5
3180.184,430,10.282776,4608,2,6.703125,221.2461,136.44141,542.7383,5
3180.184,430,11.5,4608,7,6.703125,221.2461,136.44141,542.7383,5
3180.184,431,10.204082,4608,3,6.703125,221.2461,136.63672,542.543,5
3180.184,431,12.060302,4608,2,6.710938,221.2461,136.6875,542.4844,5
3180.184,431,12.098765,4608,2,6.710938,221.2461,136.44141,542.7305,5
3180.184,431,12.098765,4608,2,6.710938,221.2461,136.63672,542.5352,5
3180.184,431,12.5,4608,2,6.710938,221.2461,136.6875,542.4844,5
3180.184,431,14.285714,4608,2,6.710938,221.2461,136.6875,542.4844,5
3180.184,431,9.923664,4608,2,6.710938,221.2461,136.44141,542.7305,5
3180.184,431,11.335013,4608,2,6.710938,221.2461,136.44141,542.7305,5
3180.184,431,9.974425,4608,4,6.710938,221.2461,136.6875,542.4844,5
3180.184,431,12.128713,4608,2,6.710938,221.2461,136.88281,542.2891,5
3180.184,431,13.93643,4608,2,6.710938,221.2461,136.93359,542.2383,5
3180.184,431,11.246944,4608,2,6.710938,221.2461,136.93359,542.2383,5
3180.184,431,12.776413,4608,2,6.710938,221.2461,136.6875,542.4844,5
3180.184,431,9.278351,4608,3,6.710938,221.2461,136.44141,542.7305,5
3180.184,431,10.886076,4608,2,6.710938,221.2461,136.44141,542.7305,5
3180.184,431,13.098237,4608,2,6.710938,221.2461,136.6875,542.4844,5
3180.184,431,11.139241,4608,3,6.710938,221.2461,136.6875,542.4844,5
3180.184,431,11.414392,4608,2,6.710938,221.2461,136.6875,542.4844,5
3180.184,431,11.691542,4608,2,6.710938,221.2461,136.63672,542.5352,5
3180.184,431,12.348668,4608,2,6.71875,221.2461,136.6875,542.4766,5
3180.184,431,12.121212,4608,2,6.71875,221.2461,136.6875,542.4766,5
3180.184,431,9.61039,4608,2,6.71875,221.5742,136.6875,542.1484,5
3180.184,431,10.80402,4608,2,6.71875,221.5742,136.6875,542.1484,5
3180.184,431,11.5,4608,3,6.71875,221.5742,136.6875,542.1484,5
3180.184,431,11.42132,4608,2,6.71875,221.5742,136.44141,542.3945,5
3180.184,431,13.25,4608,2,6.71875,221.5742,136.44141,542.3945,5
3180.184,431,12.911392,4608,2,6.71875,221.5742,136.44141,542.3945,5
3180.184,431,8.527132,4608,2,6.726562,221.5742,136.44141,542.3867,5
3180.184,431,8.695651999999999,4608,4,6.726562,221.5742,135.94922,542.8789,5
3180.184,431,10.852713,4608,2,6.726562,221.5742,135.70312,543.125,5
3180.184,432,10.25641,4608,4,6.726562,221.5742,135.89844,542.9297,5
3180.184,432,12.718204,4608,2,6.726562,221.5742,135.94922,542.8789,5
3180.184,432,11.027569,4608,3,6.726562,221.5742,135.94922,542.8789,5
3180.184,432,11.633663,4608,2,6.734375,221.5664,135.94922,542.8789,5
3180.184,432,10.913706,4608,3,6.734375,221.5742,135.94922,542.8711,5
3180.184,432,10.769231,4608,2,6.734375,221.5742,135.94922,542.8711,5
3180.184,432,11.825193,4608,4,6.734375,221.5742,135.94922,542.8711,5
3180.184,432,12.21374,4608,2,6.734375,221.5742,136.14453,542.6758,5
3180.184,432,10.178117,4608,3,6.734375,221.5742,136.19531,542.625,5
3180.184,432,12.871287,4608,2,6.734375,221.5742,136.19531,542.625,5
3180.184,432,11.881188,4608,2,6.734375,221.5742,136.19531,542.625,5
3180.184,432,11.138614,4608,2,6.734375,221.5742,136.19531,542.625,5
3180.184,432,13.740458,4608,4,6.734375,221.5742,136.19531,542.625,5
3180.184,432,8.974359,4608,2,6.734375,221.5742,136.19531,542.625,5
3180.184,432,9.438776,4608,4,6.734375,221.5742,136.19531,542.625,5
3180.184,432,11.282051,4608,3,6.734375,221.5742,136.19531,542.625,5
3180.184,432,13.5,4608,3,6.734375,221.5742,136.19531,542.625,5
3180.184,432,12.967581,4608,2,6.734375,221.5742,136.19531,542.625,5
3180.184,432,10.864198,4608,2,6.734375,221.5742,136.19531,542.625,5
3180.184,432,11.98044,4608,2,6.734375,221.5742,136.19531,542.625,5
3180.184,432,10.10101,4608,3,6.734375,221.5742,136.19531,542.625,5
3180.184,432,9.768638,4608,2,6.742188,221.5664,136.19531,542.625,5
3180.184,432,14.285714,4608,5,6.742188,221.5742,136.19531,542.6172,5
3180.184,433,9.793814,4608,3,6.742188,221.5742,136.19531,542.6172,5
3180.184,433,11.111111,4608,4,6.742188,221.5742,136.19531,542.6172,5
3180.184,433,11.95122,4608,2,6.742188,221.5742,136.19531,542.6172,5
3180.184,433,8.951407,4608,4,6.742188,221.5742,136.19531,542.6172,5
3180.184,433,8.762887,4608,3,6.742188,221.5742,136.19531,542.6172,5
3180.184,433,10.880829,4608,4,6.742188,221.5742,136.19531,542.6172,5
3181.148,434,10.997442,4608,2,6.742188,221.5742,135.94922,542.8633,5
3181.148,434,10.741688,4608,3,6.742188,221.5742,135.70312,543.1094,5
3181.148,434,10.741688,4608,2,6.742188,221.5742,135.70312,543.1094,5
3181.148,434,8.290155,4608,2,6.742188,221.5742,135.45703,543.3555,5
3179.223,434,12.219451,4608,2,6.742188,221.5742,135.45703,543.3555,5
3179.223,434,9.74359,4608,3,6.742188,221.5742,135.45703,543.3555,5
3179.223,434,10.852713,4608,2,6.742188,221.5742,135.45703,543.3555,5
3179.223,434,14.652956,4608,3,6.742188,221.5742,135.45703,543.3555,5
3179.223,434,9.511568,4608,2,6.742188,221.5742,135.45703,543.3555,5
3179.223,434,12.436548,4608,5,6.742188,221.5742,135.21094,543.6016,5
3179.223,434,11.139241,4608,2,6.742188,221.5742,135.40625,543.4062,5
3179.223,434,8.527132,4608,5,6.742188,221.5742,135.45703,543.3555,5
3179.223,434,8.268734,4608,2,6.742188,221.5742,135.21094,543.6016,5
3179.223,434,10.309278,4608,3,6.742188,221.5742,134.47266,544.3398,5
3179.223,434,12.371134,4608,3,6.742188,221.5742,134.66797,544.1445,5
3179.223,434,11.479592,4608,2,6.742188,221.5742,134.47266,544.3398,5
3179.223,434,12.02046,4608,5,6.742188,221.5742,134.66797,544.1445,5
3179.223,434,10.886076,4608,3,6.742188,221.5742,134.71875,544.0938,5
3179.223,434,10.353535,4608,2,6.75,221.5664,134.47266,544.3398,5
3179.223,434,10.25641,4608,2,6.75,221.5742,134.47266,544.332,5
3179.223,434,12.722646,4608,2,6.75,221.5742,133.98047,544.8242,5
3179.223,434,9.350649,4608,2,6.75,221.5742,134.17578,544.6289,5
3179.223,434,8.831169,4608,2,6.75,221.5742,134.42188,544.3828,5
3179.223,434,9.462916,4608,2,6.75,221.5742,134.22656,544.5781,5
3179.223,434,10.103627,4608,2,6.75,221.5742,134.42188,544.3828,5
3179.223,434,12.718204,4608,2,6.75,221.5742,134.47266,544.332,5
3179.223,434,10.462287,4608,3,6.757812,221.5742,134.47266,544.3242,5
3179.223,434,9.71867,4608,3,6.757812,221.5742,134.71875,544.0781,5
3179.223,434,9.768638,4608,2,6.757812,221.5742,134.91406,543.8828,5
3179.223,434,9.819121,4608,3,6.757812,221.5742,134.96484,543.832,5
3179.223,434,11.64557,4608,2,6.757812,221.5742,135.16016,543.6367,5
3179.223,435,12.655087,4608,2,6.757812,221.5742,135.21094,543.5859,5
3179.223,435,11.111111,4608,3,6.757812,221.5742,135.21094,543.5859,5
3179.223,435,11.165049,4608,2,6.757812,221.5742,135.21094,543.5859,5
3179.223,435,10.579345,4608,2,6.757812,221.5742,135.21094,543.5859,5
3179.223,435,9.278351,4608,2,6.757812,221.5742,134.96484,543.832,5
3179.223,435,12.435233,4608,2,6.757812,221.5742,134.96484,543.832,5
3179.223,435,9.302326,4608,3,6.757812,221.5742,134.71875,544.0781,5
3179.223,435,11.055276,4608,2,6.757812,221.5742,134.71875,544.0781,5
3179.223,435,11.0,4608,2,6.757812,221.5742,134.71875,544.0781,5
3179.223,435,10.565111,4608,3,6.757812,221.5742,134.91406,543.8828,5
3179.223,435,11.407767,4608,3,6.757812,221.5742,134.96484,543.832,5
3179.223,435,10.282776,4608,2,6.757812,221.5742,135.16016,543.6367,5
3179.223,435,10.796915,4608,3,6.757812,221.5742,135.21094,543.5859,5
3179.223,435,9.020619,4608,2,6.757812,221.5742,135.45703,543.3398,5
3179.223,435,10.459184,4608,3,6.757812,221.5742,135.45703,543.3398,5
3179.223,435,14.39206,4608,2,6.757812,221.5742,134.96484,543.832,5
3179.223,435,11.691542,4608,2,6.757812,221.5742,134.96484,543.832,5
3179.223,435,11.95122,4608,2,6.757812,221.5742,134.96484,543.832,5
3179.223,435,11.720698,4608,2,6.757812,221.5742,134.91406,543.8828,5
3179.223,435,9.350649,4608,2,6.757812,221.5742,134.74609,544.0508,5
3179.223,435,10.335917,4608,3,6.757812,221.5742,134.74609,544.0508,5
3179.223,435,13.178295,4608,2,6.757812,221.5742,134.74609,544.0508,5
3179.223,435,8.78553,4608,2,6.757812,221.5742,134.74609,544.0508,5
3179.223,435,10.04902,4608,3,6.765625,221.5742,134.5,544.2891,5
3179.223,435,11.519608,4608,2,6.765625,221.5742,134.5,544.2891,5
3179.223,435,13.701923,4608,2,6.765625,221.5742,134.5,544.2891,5
3179.223,435,11.335013,4608,2,6.765625,221.5742,133.76172,545.0273,5
3179.223,435,10.152284,4608,2,6.765625,221.5742,133.76172,545.0273,5
3179.223,435,10.714286,4608,2,6.765625,221.5742,133.51562,545.2734,5
3179.223,435,10.659898,4608,2,6.765625,221.5742,133.76172,545.0273,5
3179.223,435,11.970075,4608,3,6.765625,221.5742,133.76172,545.0273,5
3179.223,435,10.891089,4608,2,6.765625,221.5742,133.51562,545.2734,5
3179.223,435,10.705596,4608,2,6.765625,221.5742,133.76172,545.0273,5
3179.223,435,10.152284,4608,2,6.765625,221.6367,133.76172,544.9648,5
3179.223,435,10.831234,4608,2,6.765625,221.6367,133.76172,544.9648,5
3179.223,435,12.02046,4608,2,6.765625,221.6367,133.76172,544.9648,5
3179.223,435,11.392405,4608,2,6.765625,221.6367,133.76172,544.9648,5
3179.223,435,14.786967,4608,2,6.765625,221.6367,133.76172,544.9648,5
3179.223,435,11.278195,4608,3,6.765625,221.6367,133.76172,544.9648,5
3179.223,435,9.852217,4608,2,6.765625,221.6367,134.00781,544.7188,5
3179.223,435,12.106538,4608,2,6.765625,221.6367,134.25391,544.4727,5
3179.223,435,9.94898,4608,2,6.765625,221.6367,134.20312,544.5234,5
3179.223,435,13.283208,4608,2,6.773438,221.6367,134.25391,544.4648,5
3179.223,435,10.43257,4640,2,6.773438,221.6367,132.53125,546.1875,5
3179.223,435,11.557789,4640,3,6.773438,221.6367,132.53125,546.1875,5
3179.223,435,14.035088,4640,2,6.773438,221.6367,132.53125,546.1875,5
3179.223,435,11.970075,4640,2,6.773438,221.6367,132.53125,546.1875,5
3179.223,435,12.5,4640,3,6.773438,221.6367,132.72656,545.9922,5
3179.223,435,15.151515,4640,2,6.773438,221.6367,132.53125,546.1875,5
3179.223,435,9.974425,4640,2,6.78125,221.6367,132.72656,545.9844,5
3179.223,435,11.055276,4640,2,6.78125,221.6367,132.97266,545.7383,5
3179.223,435,11.471322,4640,2,6.78125,221.7344,133.02344,545.5898,5
3179.223,435,11.928934,4640,2,6.78125,221.7617,133.21875,545.3672,5
3179.223,435,10.199005,4640,7,6.78125,221.7656,133.26953,545.3125,5
3179.223,435,11.734694,4640,2,6.78125,221.7656,133.46484,545.1172,5
3179.223,435,11.627907,4640,2,6.78125,221.7656,133.51562,545.0664,5
3179.223,435,9.511568,4640,2,6.78125,221.7656,133.76172,544.8203,5
3179.223,435,10.230179,4640,2,6.789062,221.7656,133.76172,544.8125,5
3179.223,435,9.462916,4608,3,6.789062,221.7656,133.76172,544.8125,5
3179.223,435,11.838791,4608,2,6.789062,221.7656,134.00781,544.5664,5
3179.223,435,12.182741,4608,2,6.789062,221.7656,134.44922,544.125,5
3179.223,435,11.471322,4608,2,6.789062,221.7656,134.5,544.0742,5
3179.223,435,11.704835,4608,2,6.789062,221.7656,134.5,544.0742,5
3179.223,435,8.762887,4608,3,6.789062,221.7656,134.5,544.0742,5
3179.223,435,11.917098,4608,2,6.789062,221.7656,134.5,544.0742,5
3179.223,435,12.564103,4608,3,6.789062,221.7656,134.5,544.0742,5
3179.223,435,9.414758,4608,3,6.789062,221.7656,134.5,544.0742,5
3179.223,435,9.669211,4608,2,6.789062,221.7656,134.5,544.0742,5
3179.223,435,12.219451,4608,2,6.789062,221.7656,134.5,544.0742,5
3179.223,435,13.513514,4608,2,6.789062,221.7656,134.25391,544.3203,5
3179.223,435,11.167513,4608,2,6.789062,221.7656,134.25391,544.3203,5
3179.223,435,9.375,4608,2,6.789062,221.7656,134.25391,544.3203,5
3179.223,435,9.067358,4608,2,6.789062,221.7656,134.25391,544.3203,5
3179.223,435,10.230179,4608,2,6.789062,221.9609,134.01953,544.3594,5
3179.223,435,11.392405,4608,2,6.789062,221.9688,134.01953,544.3516,5
3179.223,435,13.959391,4608,2,6.804688,221.9688,134.01953,544.3359,5
3179.223,435,15.710723,4608,2,6.804688,221.9688,134.01953,544.3359,5
3179.223,435,12.745098,4608,3,6.804688,221.9688,134.01953,544.3359,5
3179.223,435,8.905852,4608,2,6.804688,221.9688,134.01953,544.3359,5
3179.223,435,9.302326,4608,2,6.804688,221.9688,134.01953,544.3359,5
3179.223,435,13.77551,4608,2,6.804688,221.9688,134.01953,544.3359,5
3179.223,435,8.997429,4608,3,6.804688,221.9688,134.01953,544.3359,5
3179.223,435,10.152284,4608,2,6.804688,221.9688,134.01953,544.3359,5
3179.223,435,11.898734,4608,2,6.804688,221.9688,134.01953,544.3359,5
3179.223,435,10.0,4608,2,6.804688,221.9688,134.01953,544.3359,5
3179.223,435,12.661499,4608,2,6.804688,221.9688,134.01953,544.3359,5
3179.223,435,9.254499,4608,2,6.804688,221.9688,134.01953,544.3359,5
3179.223,435,10.230179,4608,2,6.804688,221.9688,134.01953,544.3359,5
3179.223,435,9.693878,4608,2,6.8125,221.9609,133.77344,544.582,5
3179.223,435,9.511568,4608,2,6.8125,221.9688,134.01953,544.3281,5
3179.223,435,11.335013,4608,2,6.8125,221.9688,134.01953,544.3281,5
3179.223,435,14.25,4608,3,6.8125,221.9688,133.77344,544.5742,5
3179.223,435,10.077519,4608,8,6.8125,221.9688,133.77344,544.5742,5
3179.223,435,9.487179,4608,2,6.8125,221.9688,133.77344,544.5742,5
3179.223,435,9.768638,4608,2,6.8125,221.9688,133.72266,544.625,5
3179.223,435,11.253197,4608,4,6.8125,221.9688,133.77344,544.5742,5
3179.223,435,10.714286,4608,2,6.8125,221.9688,133.52734,544.8203,5
3179.223,435,10.0,4608,3,6.8125,221.9688,133.28125,545.0664,5
3179.223,435,11.027569,4608,2,6.8125,221.9688,133.28125,545.0664,5
3179.223,435,9.547739,4608,2,6.8125,221.9688,133.03516,545.3125,5
3179.223,435,8.831169,4608,3,6.8125,221.9688,133.03516,545.3125,5
3179.223,435,9.61039,4608,2,6.8125,221.9688,132.78906,545.5586,5
3180.227,435,13.402062,4608,2,6.8125,221.9688,143.58594,534.7617,5
3180.227,435,10.796915,4608,2,6.8125,221.9688,143.62891,534.7188,5
3180.227,435,9.620253,4608,2,6.8125,221.9688,143.38281,534.9648,5
3179.223,435,10.309278,4608,2,6.8125,221.9688,143.38281,534.9648,5
3179.223,435,11.139241,4608,3,6.8125,221.9688,143.35938,534.9883,5
3179.223,435,10.309278,4608,2,6.8125,221.9688,143.41406,534.9336,5
3179.223,435,10.309278,4608,2,6.8125,221.9688,143.19922,535.1484,5
3179.223,435,9.620253,4608,3,6.8125,221.9688,143.19922,535.1484,5
3179.223,435,8.226221,4608,2,6.8125,221.9688,142.98047,535.3672,5
3179.223,435,9.438776,4608,3,6.8125,221.9688,142.98047,535.3672,5
3179.223,435,12.944162,4608,2,6.8125,221.9688,142.98047,535.3672,5
3179.223,435,10.282776,4608,2,6.8125,221.9688,142.98047,535.3672,5
3179.223,435,9.74359,4608,2,6.8125,221.9688,143.17578,535.1719,5
3179.223,435,10.824742,4608,2,6.8125,221.9688,143.22656,535.1211,5
3179.223,435,9.620253,4608,2,6.8125,221.9688,143.22656,535.1211,5
3179.223,435,11.91067,4608,3,6.820312,222.1172,143.22656,534.9648,5
3179.223,435,13.888889,4608,2,6.820312,222.125,143.22656,534.957,5
3179.223,435,10.643564,4608,2,6.820312,222.125,142.98047,535.2031,5
3179.223,435,11.246944,4608,2,6.820312,222.125,143.17578,535.0078,5
3179.223,434,10.591133,4608,2,6.820312,222.125,142.98047,535.2031,5
3179.223,435,10.282776,4608,2,6.820312,222.125,142.98047,535.2031,5
3179.223,435,10.485934,4608,2,6.828125,222.125,142.98047,535.1953,5
3179.223,435,7.692308,4608,3,6.828125,222.125,142.73438,535.4414,5
3179.223,435,11.604938,4608,2,6.828125,222.125,142.73438,535.4414,5
3179.223,435,12.655087,4608,2,6.828125,222.125,142.68359,535.4922,5
3179.223,435,11.055276,4608,2,6.828125,222.125,142.73438,535.4414,5
3179.223,435,15.048544,4608,2,6.828125,222.125,142.73438,535.4414,5
3179.223,435,10.687023,4608,2,6.828125,222.125,142.48828,535.6875,5
3179.223,435,11.989796,4608,2,6.828125,222.125,142.48828,535.6875,5
3179.223,435,8.505155,4608,2,6.828125,222.125,142.68359,535.4922,5
3179.223,435,9.768638,4608,2,6.828125,222.125,142.73438,535.4414,5
3179.223,435,11.91067,4608,2,6.828125,222.125,142.98047,535.1953,5
3179.223,435,12.903226,4608,3,6.828125,222.125,142.98047,535.1953,5
3179.223,435,12.254902,4608,2,6.828125,222.125,142.98047,535.1953,5
3179.223,435,9.62963,4608,2,6.828125,222.125,142.98047,535.1953,5
3179.223,435,10.282776,4608,2,6.828125,222.125,143.22656,534.9492,5
3179.223,435,9.74359,4608,3,6.828125,222.125,143.46875,534.707,5
3179.223,435,10.687023,4608,2,6.828125,222.125,143.47266,534.7031,5
3179.223,435,10.12987,4608,3,6.828125,222.125,143.22656,534.9492,5
3179.223,435,10.810811,4608,2,6.828125,222.125,143.22656,534.9492,5
3179.223,435,10.864198,4608,6,6.828125,222.125,143.22656,534.9492,5
3179.223,435,10.757946,4608,2,6.828125,222.125,143.22656,534.9492,5
3179.223,435,13.118812,4608,2,6.835938,222.1172,143.22656,534.9492,5
3179.223,435,11.025641,4608,3,6.835938,222.125,143.22656,534.9414,5
3179.223,435,10.126582,4608,3,6.835938,222.125,143.22656,534.9414,5
3179.223,435,9.043928,4608,3,6.835938,222.125,142.98047,535.1875,5
3179.223,435,11.881188,4608,2,6.835938,222.125,142.98047,535.1875,5
3179.223,435,12.5,4608,3,6.835938,222.125,142.98047,535.1875,5
3179.223,435,11.491443,4608,2,6.835938,222.125,142.98047,535.1875,5
3179.223,435,10.02445,4608,2,6.835938,222.125,142.98047,535.1875,5
3179.223,435,11.5,4608,2,6.835938,222.125,142.98047,535.1875,5
3179.223,433,8.905852,4608,4,6.835938,222.125,142.98047,535.1875,5
3179.223,433,10.512821,4608,2,6.835938,222.125,142.98047,535.1875,5
3179.223,434,13.350126,4608,4,6.835938,222.125,142.98047,535.1875,5
3179.223,434,11.809045,4608,2,6.835938,222.125,142.98047,535.1875,5
3179.223,434,11.166253,4608,3,6.835938,222.125,142.98047,535.1875,5
3179.223,434,11.165049,4608,2,6.835938,222.125,142.98047,535.1875,5
3179.223,434,10.552764,4608,2,6.835938,222.125,142.98047,535.1875,5
3179.223,435,15.11335,4608,2,6.835938,222.125,142.98047,535.1875,5
3179.223,435,9.511568,4608,3,6.84375,222.125,142.98047,535.1797,5
3179.223,435,10.485934,4608,2,6.84375,222.125,142.98047,535.1797,5
3179.223,435,13.5,4576,6,6.84375,222.125,142.73438,535.4258,5
3179.223,435,11.471322,4576,2,6.84375,222.125,142.73438,535.4258,5
3179.223,435,14.320988,4576,2,6.84375,222.125,142.73438,535.4258,5
3179.223,435,9.708738,4576,3,6.84375,222.125,142.73438,535.4258,5
3179.223,435,7.751938,4576,4,6.84375,222.125,142.73438,535.4258,5
3179.223,435,10.891089,4576,2,6.84375,222.125,142.73438,535.4258,5
3179.223,435,9.414758,4576,4,6.851562,222.125,142.73438,535.418,5
3179.223,435,10.406091,4576,7,6.851562,222.125,142.73438,535.418,5
3179.223,435,13.0,4576,2,6.851562,222.125,142.73438,535.418,5
3179.223,435,9.90099,4576,3,6.851562,222.125,142.73438,535.418,5
3179.223,435,10.864198,4576,2,6.851562,222.125,142.73438,535.418,5
3179.223,435,10.714286,4576,4,6.851562,222.125,142.73438,535.418,5
3179.223,435,10.824742,4576,3,6.851562,222.125,142.73438,535.418,5
3179.223,435,13.11054,4576,3,6.851562,222.125,142.73438,535.418,5
3179.223,435,10.178117,4576,3,6.851562,222.125,142.51562,535.6367,5
3179.223,435,11.335013,4576,2,6.851562,222.125,142.51562,535.6367,5
3179.223,435,11.027569,4576,3,6.851562,222.125,142.51562,535.6367,5
3179.223,435,9.585492,4576,2,6.851562,222.125,142.51562,535.6367,5
3179.223,435,9.895833,4576,3,6.851562,222.125,142.76562,535.3867,5
3179.223,435,8.549223,4576,2,6.851562,222.125,142.96094,535.1914,5
3179.223,435,9.278351,4576,3,6.851562,222.125,143.01172,535.1406,5
3179.223,435,10.43257,4576,2,6.851562,222.125,142.76562,535.3867,5
3179.223,435,11.616162,4576,3,6.851562,222.125,143.01172,535.1406,5
3179.223,434,12.967581,4576,2,6.851562,222.125,143.01172,535.1406,5
3179.223,434,10.75,4576,3,6.851562,222.125,142.76562,535.3867,5
3179.223,434,11.053985,4608,2,6.851562,222.125,142.76562,535.3867,5
3179.223,434,9.043928,4608,3,6.851562,222.125,142.76562,535.3867,5
3179.223,434,9.326425,4608,2,6.851562,222.125,142.51953,535.6328,5
3180.426,437,11.825193,4608,6,6.851562,222.125,142.51953,535.6328,5
3179.223,434,11.253197,4608,2,6.851562,222.4258,142.27344,535.5781,5
3179.223,434,11.940299,4608,3,6.851562,222.4258,142.27344,535.5781,5
3179.223,434,11.720698,4608,2,6.851562,222.4258,142.27344,535.5781,5
3179.223,434,13.065327,4608,3,6.851562,222.4258,142.27344,535.5781,5
3179.223,434,8.439898,4608,5,6.851562,222.4258,142.27344,535.5781,5
3179.223,434,12.010444,4608,2,6.859375,222.418,142.27344,535.5781,5
3179.223,434,9.560724,4608,2,6.859375,222.4258,142.27344,535.5703,5
3179.223,434,9.974425,4608,3,6.859375,222.4258,142.27344,535.5703,5
3179.223,434,9.693878,4608,2,6.859375,222.4258,142.27344,535.5703,5
3179.223,434,11.720698,4608,2,6.859375,222.4258,142.27344,535.5703,5
3179.223,434,13.613861,4608,6,6.859375,222.4258,142.27344,535.5703,5
3179.223,434,10.606061,4608,3,6.859375,222.4258,142.27344,535.5703,5
3179.223,434,10.852713,4608,2,6.859375,222.4258,142.02734,535.8164,5
3179.223,434,11.794872,4608,4,6.859375,222.4258,142.02734,535.8164,5
3179.223,434,9.254499,4608,2,6.859375,222.4258,142.02734,535.8164,5
3179.223,434,9.793814,4608,3,6.859375,222.4258,142.02734,535.8164,5
3179.223,434,11.246944,4608,3,6.859375,222.4258,141.53516,536.3086,5
3179.223,434,10.97561,4608,2,6.859375,222.4258,141.53516,536.3086,5
3179.223,434,9.487179,4608,3,6.859375,222.4258,141.53516,536.3086,5
3179.223,434,7.435897,4608,3,6.859375,222.4258,141.53516,536.3086,5
3179.223,434,10.103627,4608,2,6.859375,222.4258,141.53516,536.3086,5
3179.223,434,11.538462,4608,4,6.859375,222.4258,141.73047,536.1133,5
3179.223,434,9.94898,4608,2,6.859375,222.4258,141.53516,536.3086,5
3179.223,434,10.621762,4608,2,6.859375,222.4258,141.28906,536.5547,5
3179.223,434,12.408759,4608,3,6.859375,222.4258,141.28906,536.5547,5
3179.223,434,11.055276,4608,2,6.859375,222.4258,141.23828,536.6055,5
3179.223,434,13.471503,4608,2,6.859375,222.4258,141.48438,536.3594,5
3179.223,434,9.793814,4608,4,6.867188,222.418,141.78125,536.0625,5
3179.223,434,9.768638,4640,2,6.867188,222.4258,141.28906,536.5469,5
3179.223,434,9.693878,4640,4,6.867188,222.4258,141.28906,536.5469,5
3179.223,434,11.479592,4608,2,6.867188,222.4258,141.48438,536.3516,5
3179.223,434,11.450382,4608,2,6.867188,222.4258,141.78125,536.0547,5
3179.223,434,12.682927,4608,3,6.867188,222.4258,141.97656,535.8594,5
3179.223,434,9.61039,4608,2,6.867188,222.4258,141.78125,536.0547,5
3179.223,434,9.067358,4608,2,6.867188,222.4258,141.78125,536.0547,5
3179.223,434,9.375,4608,2,6.867188,222.4258,141.53516,536.3008,5
3179.223,434,11.479592,4608,2,6.867188,222.4258,141.73047,536.1055,5
3179.223,434,12.371134,4608,3,6.867188,222.4258,141.78125,536.0547,5
3179.223,434,11.959288,4608,2,6.875,222.4258,141.53516,536.293,5
3179.223,434,9.230769,4608,3,6.875,222.4258,141.53516,536.293,5
3179.223,434,12.158809,4608,2,6.875,222.4258,141.53516,536.293,5
3179.223,434,9.278351,4608,3,6.875,222.4258,141.53516,536.293,5
3179.223,434,11.369509,4608,2,6.875,222.4258,141.53516,536.293,5
3179.223,434,12.311558,4608,2,6.875,222.4258,141.53516,536.293,5
3179.223,434,11.586902,4608,2,6.875,222.4258,141.53516,536.293,5
3179.223,434,11.386139,4608,3,6.875,222.4258,141.53516,536.293,5
3179.223,434,11.793612,4608,2,6.875,222.4258,141.53516,536.293,5
3179.223,434,11.435523,4608,4,6.875,222.4258,141.53516,536.293,5
3179.223,434,7.49354,4608,2,6.875,222.4258,141.53516,536.293,5
3179.223,434,8.997429,4608,3,6.875,222.4258,141.31641,536.5117,5
3179.223,434,9.414758,4608,2,6.875,222.4258,141.31641,536.5117,5
3179.223,434,11.25,4608,2,6.875,222.4258,141.31641,536.5117,5
3179.223,434,11.75,4608,3,6.875,222.8789,141.31641,536.0586,5
3179.223,434,12.745098,4608,2,6.875,222.8789,141.31641,536.0586,5
3179.223,434,10.539216,4608,2,6.875,222.8789,141.51172,535.8633,5
3179.223,434,10.776942,4608,3,6.875,222.8789,141.31641,536.0586,5
3179.223,434,9.302326,4608,2,6.875,222.8789,141.31641,536.0586,5
3179.223,434,9.511568,4608,4,6.875,222.8789,141.5625,535.8125,5
3179.223,434,11.392405,4608,2,6.882812,222.8789,141.51172,535.8555,5
3179.223,434,10.864198,4608,3,6.882812,222.8789,141.31641,536.0508,5
3179.223,433,12.158809,4608,2,6.882812,222.8789,141.31641,536.0508,5
3179.223,433,10.173697,4608,2,6.882812,222.8789,141.5625,535.8047,5
3179.223,433,10.31941,4608,5,6.882812,222.8789,141.5625,535.8047,5
3179.223,433,12.919897,4608,2,6.882812,222.8789,141.75781,535.6094,5
3179.223,433,9.462916,4608,3,6.882812,222.8789,141.80859,535.5586,5
3179.223,433,9.87013,4608,3,6.882812,222.8789,142.00391,535.3633,5
3179.223,433,9.823678,4608,2,6.882812,222.8789,142.05469,535.3125,5
3179.223,433,11.940299,4608,2,6.882812,222.8789,141.80859,535.5586,5
3179.223,433,11.662531,4608,2,6.882812,222.8789,141.80859,535.5586,5
3179.223,433,10.0,4608,2,6.882812,222.8789,141.80859,535.5586,5
3179.223,433,11.219512,4608,3,6.882812,222.8789,142.00391,535.3633,5
3179.223,433,11.25,4608,2,6.882812,222.8789,142.05469,535.3125,5
3179.223,433,11.868687,4608,3,6.882812,222.8789,142.25,535.1172,5
3179.223,433,13.486005,4608,2,6.882812,222.8789,141.80859,535.5586,5
3179.223,433,10.913706,4608,2,6.882812,222.8789,141.80859,535.5586,5
3179.223,433,12.406948,4608,2,6.890625,222.8789,141.80859,535.5508,5
3179.223,432,11.002445,4608,5,6.890625,222.8789,141.80859,535.5508,5
3179.223,432,11.219512,4608,3,6.890625,222.8789,141.80859,535.5508,5
3179.223,432,12.718204,4608,2,6.890625,222.8789,142.00391,535.3555,5
3179.223,432,11.794872,4608,2,6.890625,222.8789,142.05469,535.3047,5
3179.223,432,9.768638,4608,2,6.890625,222.8789,142.05469,535.3047,5
3179.223,432,9.823678,4608,2,6.890625,222.8789,142.05469,535.3047,5
3179.223,432,12.0,4608,2,6.890625,222.8789,142.05469,535.3047,5
3179.223,432,11.881188,4608,2,6.890625,222.8789,142.05469,535.3047,5
3179.223,432,14.914425,4608,2,6.890625,222.8789,142.05469,535.3047,5
3179.223,432,11.604938,4608,2,6.890625,222.8789,142.05469,535.3047,5
3179.223,432,9.923664,4608,2,6.890625,222.8789,142.05469,535.3047,5
3179.223,432,10.282776,4608,2,6.890625,222.8789,142.05469,535.3047,5
3179.223,432,10.687023,4608,2,6.890625,222.8789,142.05469,535.3047,5
3179.223,432,14.105793,4608,3,6.890625,222.8789,142.05469,535.3047,5
3179.223,432,10.148515,4608,2,6.898438,222.8789,142.05469,535.2969,5
3179.223,432,11.881188,4608,2,6.898438,222.8789,141.5625,535.7891,5
3179.223,432,12.5,4608,2,6.898438,222.8828,141.5625,535.7852,5
3179.223,431,11.779449,4608,2,6.898438,222.8828,141.5625,535.7852,5
3179.223,431,11.675127,4608,2,6.898438,222.8828,141.5625,535.7852,5
3179.223,431,11.340206,4608,2,6.898438,222.8828,141.31641,536.0312,5
3179.223,431,10.552764,4608,2,6.898438,222.8828,141.31641,536.0312,5
3179.223,431,12.531328,4608,3,6.90625,222.8828,141.31641,536.0234,5
3179.223,431,11.471322,4608,2,6.90625,222.8828,141.07031,536.2695,5
3179.223,431,12.530713,4576,2,6.90625,222.8828,141.07031,536.2695,5
3179.223,431,13.399504,4576,2,6.90625,222.8828,141.07031,536.2695,5
3179.223,431,11.809045,4576,2,6.90625,222.8828,141.07031,536.2695,5
3179.223,431,9.669211,4576,2,6.90625,222.8828,141.07031,536.2695,5
3179.223,431,11.025641,4576,2,6.90625,222.8828,141.07031,536.2695,5
3179.223,431,10.526316,4576,3,6.90625,222.8828,141.07031,536.2695,5
3179.223,431,10.10101,4576,2,6.90625,222.8828,141.07031,536.2695,5
3179.223,431,9.74359,4576,5,6.90625,222.8828,141.07031,536.2695,5
3179.223,432,8.505155,4576,2,6.90625,222.8828,141.07031,536.2695,5
3179.223,432,9.536082,4576,2,6.90625,222.8828,141.07031,536.2695,5
3179.223,430,11.025641,4576,3,6.90625,222.8828,141.07031,536.2695,5
3179.223,430,12.436548,4576,5,6.90625,222.8828,141.07031,536.2695,5
3179.223,430,13.299233,4576,2,6.90625,222.8828,140.82422,536.5156,5
3179.223,430,12.623762,4576,2,6.90625,222.8828,140.82422,536.5156,5
3179.223,430,13.602015,4576,2,6.90625,222.8828,140.82422,536.5156,5
3179.223,430,10.025707,4576,2,6.90625,222.8828,140.57812,536.7617,5
3179.223,430,9.585492,4576,2,6.90625,222.8828,140.35938,536.9805,5
3179.223,430,11.282051,4544,2,6.90625,222.8828,140.35938,536.9805,5
3179.223,430,10.886076,4544,2,6.90625,222.8828,140.35938,536.9805,5
3179.223,430,10.886076,4544,2,6.90625,222.8828,140.35938,536.9805,5
3179.223,430,11.055276,4576,3,6.90625,222.8828,140.35938,536.9805,5
3179.223,430,10.945274,4576,2,6.90625,222.8828,140.35938,536.9805,5
3179.223,430,12.846348,4576,2,6.90625,222.8828,140.35938,536.9805,5
3179.223,430,9.511568,4576,2,6.90625,222.8828,140.35938,536.9805,5
3179.223,430,11.989796,4576,2,6.90625,222.8828,140.35938,536.9805,5
3179.223,430,9.511568,4576,3,6.90625,222.8828,140.35938,536.9805,5
3179.223,430,12.531969,4576,2,6.90625,222.8828,140.35938,536.9805,5
3179.223,430,10.632911,4576,2,6.90625,222.8828,140.35938,536.9805,5
3179.223,430,14.824121,4576,2,6.90625,222.8828,140.35938,536.9805,5
3179.223,430,11.75,4576,2,6.90625,222.8828,140.35938,536.9805,5
3179.223,430,10.831234,4576,2,6.90625,222.8828,140.35938,536.9805,5
3179.223,430,10.43257,4576,2,6.90625,222.8828,140.35938,536.9805,5
3179.223,430,9.536082,4576,4,6.914062,222.875,140.35938,536.9805,5
3179.223,430,11.825193,4576,2,6.914062,222.8828,140.35938,536.9727,5
3179.223,430,10.126582,4576,3,6.914062,222.8828,140.35938,536.9727,5
3179.223,430,10.098522,4576,3,6.914062,222.8828,140.35938,536.9727,5
3179.223,430,11.519608,4576,2,6.914062,222.8828,140.35938,536.9727,5
3179.223,430,8.101266,4576,2,6.914062,222.8828,140.35938,536.9727,5
3179.223,430,15.979381,4576,2,6.914062,222.8828,140.35938,536.9727,5
3179.223,430,9.511568,4576,2,6.914062,222.8828,140.11328,537.2188,5
3179.223,430,9.819121,4576,2,6.921875,222.8828,140.11328,537.2109,5
3179.223,430,10.459184,4576,3,6.921875,222.8828,140.0625,537.2617,5
3179.223,430,11.083123,4576,2,6.921875,222.8828,140.11328,537.2109,5
3179.223,429,12.713936,4576,7,6.921875,222.8828,140.30859,537.0156,5
3179.223,429,14.778325,4576,4,6.921875,222.8828,140.11328,537.2109,5
3179.223,429,9.974425,4576,2,6.921875,222.8828,140.11328,537.2109,5
3179.223,429,10.025707,4576,2,6.929688,222.8828,140.35938,536.957,5
3179.223,429,10.335917,4576,2,6.929688,222.8828,140.35938,536.957,5
3179.223,429,10.025707,4576,2,6.929688,222.8828,140.35938,536.957,5
3179.223,429,12.051282,4576,3,6.929688,222.8828,140.35938,536.957,5
3179.223,429,11.720698,4576,3,6.929688,222.8828,140.35938,536.957,5
3179.223,429,10.948905,4576,2,6.929688,222.8828,140.35938,536.957,5
3179.223,429,11.633663,4576,3,6.929688,222.8828,140.11328,537.2031,5
3179.223,429,9.819121,4576,2,6.929688,222.8828,140.11328,537.2031,5
3179.223,429,10.880829,4608,2,6.929688,222.8828,140.11328,537.2031,5
3179.223,429,10.824742,4608,2,6.929688,222.8828,140.11328,537.2031,5
3179.223,429,9.511568,4608,2,6.929688,222.8828,140.11328,537.2031,5
3179.223,429,10.741688,4608,3,6.929688,222.8828,140.11328,537.2031,5
3179.223,429,11.616162,4608,2,6.929688,222.8828,140.11328,537.2031,5
3179.223,429,11.084337,4608,3,6.929688,222.8828,140.11328,537.2031,5
3179.223,429,10.56701,4608,2,6.929688,222.8828,140.11328,537.2031,5
3179.223,429,9.067358,4608,2,6.929688,222.8828,140.11328,537.2031,5
3179.223,429,10.230179,4608,2,6.929688,222.8828,140.11328,537.2031,5
3179.223,429,10.918114,4608,4,6.929688,222.8828,140.30859,537.0078,5
3179.223,429,12.967581,4608,2,6.929688,222.8828,140.35938,536.957,5
3179.223,429,11.91067,4608,2,6.929688,222.8828,140.55469,536.7617,5
3179.223,429,12.224939,4608,2,6.929688,222.8828,140.60547,536.7109,5
3179.223,429,9.975062,4608,2,6.929688,223.0078,140.60547,536.5859,5
3179.223,429,9.278351,4608,2,6.929688,223.0078,140.60547,536.5859,5
3179.223,429,10.075567,4608,2,6.929688,223.0078,140.60547,536.5859,5
3179.223,429,11.528822,4608,2,6.929688,223.0078,140.60547,536.5859,5
3179.223,429,13.350126,4608,2,6.929688,223.0078,140.60547,536.5859,5
3179.223,429,11.720698,4608,2,6.929688,223.0078,140.60547,536.5859,5
3179.223,429,11.002445,4608,2,6.9375,223.0078,140.60547,536.5781,5
3179.223,429,13.106796,4608,2,6.9375,223.0078,140.60547,536.5781,5
3179.223,429,10.230179,4608,2,6.9375,223.0078,140.60547,536.5781,5
3179.223,429,10.741688,4608,2,6.9375,223.0078,140.60547,536.5781,5
3179.223,429,10.606061,4608,8,6.9375,223.0078,140.60547,536.5781,5
3179.223,429,10.5,4608,2,6.9375,223.0078,140.60547,536.5781,5
3179.223,429,11.720698,4608,2,6.9375,223.0078,140.60547,536.5781,5
3179.223,429,11.940299,4608,2,6.945312,223.0,140.60547,536.5781,5
3179.223,429,13.902439,4608,2,6.945312,223.0078,140.60547,536.5703,5
3179.223,429,12.5,4608,2,6.945312,223.4219,140.60547,536.1562,5
3179.223,429,9.043928,4608,2,6.945312,223.4219,140.60547,536.1562,5
3179.223,429,10.38961,4608,2,6.945312,223.4219,140.60547,536.1562,5
3179.223,429,10.918114,4608,2,6.945312,223.4219,140.60547,536.1562,5
3179.223,429,12.776413,4608,2,6.945312,223.4219,140.60547,536.1562,5
3179.223,429,14.143921,4608,2,6.953125,223.4141,140.60547,536.1562,5
3179.223,429,9.701493,4608,2,6.953125,223.4219,140.60547,536.1484,5
3179.223,429,11.27451,4608,2,6.953125,223.4219,140.60547,536.1484,5
3179.223,429,9.278351,4608,2,6.953125,223.4219,140.60547,536.1484,5
3179.223,429,10.051546,4608,2,6.953125,223.4219,140.60547,536.1484,5
3179.223,429,9.487179,4608,3,6.953125,223.4219,140.60547,536.1484,5
3179.223,429,11.604938,4576,3,6.953125,223.4219,140.60547,536.1484,5
3179.223,429,12.911392,4576,2,6.953125,223.4219,140.60547,536.1484,5
3179.223,429,11.386139,4576,2,6.953125,223.4219,140.60547,536.1484,5
3179.223,429,10.731707,4576,2,6.953125,223.4219,140.60547,536.1484,5
3179.223,429,10.152284,4576,4,6.953125,223.4219,140.60547,536.1484,5
3179.223,429,11.139896,4576,3,6.953125,223.4219,140.60547,536.1484,5
3179.223,429,10.512821,4576,4,6.953125,223.4219,140.60547,536.1484,5
3179.223,429,10.178117,4576,2,6.953125,223.4219,140.60547,536.1484,5
3179.223,429,12.151899,4576,4,6.953125,223.4219,140.60547,536.1484,5
3179.223,429,11.166253,4576,2,6.953125,223.4219,140.35938,536.3945,5
3179.223,429,12.0,4576,2,6.953125,223.4219,140.35938,536.3945,5
3179.223,429,12.408759,4576,2,6.953125,223.4219,140.35938,536.3945,5
3179.223,429,10.858586,4576,4,6.953125,223.4219,140.35938,536.3945,5
3179.223,429,9.74359,4576,2,6.953125,223.4219,140.35938,536.3945,5
3179.223,429,9.848485,4576,4,6.953125,223.4219,140.11328,536.6406,5
3179.223,429,12.21374,4576,2,6.953125,223.4219,140.11328,536.6406,5
3179.223,429,11.442786,4576,2,6.953125,223.4219,140.11328,536.6406,5
3179.223,429,11.881188,4576,2,6.953125,223.4219,140.11328,536.6406,5
3179.223,429,10.344828,4576,2,6.953125,223.4219,140.11328,536.6406,5
3179.223,429,11.166253,4576,2,6.953125,223.4219,139.62109,537.1328,5
3179.223,429,11.42132,4576,4,6.953125,223.4219,139.62109,537.1328,5
3179.223,429,11.282051,4576,2,6.953125,223.4219,139.62109,537.1328,5
3179.223,429,10.941476,4576,3,6.960938,223.4219,139.375,537.3711,5
3179.223,429,10.80402,4576,2,6.960938,223.4219,139.375,537.3711,5
3179.223,429,13.054187,4576,2,6.960938,223.4219,139.375,537.3711,5
3179.223,430,12.009804,4576,2,6.960938,223.4219,139.12891,537.6172,5
3179.223,430,12.009804,4576,2,6.960938,223.4219,139.12891,537.6172,5
3179.223,430,11.330049,4576,2,6.960938,223.4219,139.12891,537.6172,5
3179.223,430,9.923664,4576,4,6.96875,223.4219,138.88281,537.8555,5
3179.223,430,14.066496,4576,2,6.96875,223.4219,138.88281,537.8555,5
3179.223,430,11.111111,4576,3,6.96875,223.4219,138.88281,537.8555,5
3179.223,430,12.244898,4576,2,6.96875,223.4219,138.88281,537.8555,5
3179.223,430,9.230769,4576,2,6.96875,223.4219,139.12891,537.6094,5
3179.223,430,9.768638,4576,2,6.976562,223.4141,139.12891,537.6094,5
3179.223,430,9.020619,4544,3,6.976562,223.4219,139.12891,537.6016,5
3179.223,430,9.067358,4576,2,6.976562,223.4219,138.88281,537.8477,5
3179.223,430,14.030612,4576,3,6.976562,223.4219,138.88281,537.8477,5
3179.223,430,11.253197,4576,3,6.976562,223.4219,138.88281,537.8477,5
3179.223,430,12.311558,4576,3,6.976562,223.4219,138.88281,537.8477,5
3179.223,430,9.974425,4576,2,6.976562,223.4219,138.88281,537.8477,5
3179.223,430,9.768638,4576,2,6.976562,223.4219,138.88281,537.8477,5
3179.223,430,12.403101,4576,2,6.976562,223.4219,138.88281,537.8477,5
3179.223,430,8.951407,4576,2,6.976562,223.4219,138.88281,537.8477,5
3179.223,430,8.717949,4576,3,6.984375,223.4219,138.88281,537.8398,5
3179.223,430,11.42132,4576,5,6.984375,223.4219,138.88281,537.8398,5
3179.223,430,10.858586,4576,2,6.984375,223.4219,138.88281,537.8398,5
3179.469,431,14.105793,4576,4,6.984375,223.4297,138.88281,537.832,5
3179.223,430,13.659794,4576,2,6.984375,223.4844,138.88281,537.7773,5
3179.223,430,10.714286,4576,3,6.984375,223.4844,138.88281,537.7773,5
3179.223,430,9.793814,4576,2,6.984375,223.4844,138.63672,538.0234,5
3179.223,430,10.25641,4576,3,6.984375,223.4844,138.63672,538.0234,5
3179.223,430,11.340206,4576,4,6.992188,223.4844,138.63672,538.0156,5
3179.223,430,12.276215,4576,4,6.992188,223.4844,138.63672,538.0156,5
3179.223,430,12.030075,4576,2,6.992188,223.4844,138.63672,538.0156,5
3179.223,430,11.471322,4576,3,6.992188,223.4844,138.63672,538.0156,5
3179.223,430,10.282776,4576,2,6.992188,223.4844,138.63672,538.0156,5
3179.223,430,9.183673,4576,3,6.992188,223.4844,138.39062,538.2617,5
3179.223,430,8.48329,4576,2,6.992188,223.4844,138.39062,538.2617,5
3179.223,430,12.339332,4576,3,6.992188,223.4844,138.39062,538.2617,5
3179.223,430,9.536082,4576,2,6.992188,223.4844,138.39062,538.2617,5
3179.223,430,12.285012,4576,2,6.992188,223.4844,138.39062,538.2617,5
3179.223,430,12.652068,4576,2,6.992188,223.4844,138.39062,538.2617,5
3179.223,430,12.468828,4576,3,6.992188,223.4844,138.39062,538.2617,5
3179.223,430,11.082474,4576,2,6.992188,223.4844,138.39062,538.2617,5
3179.223,430,9.326425,4576,4,6.992188,223.4844,138.39062,538.2617,5
3179.223,430,10.485934,4576,2,6.992188,223.4844,138.39062,538.2617,5
3179.223,430,8.997429,4576,1,6.992188,223.4844,138.39062,538.2617,5
3179.223,430,10.669975,4576,2,6.992188,223.4844,138.14453,538.5078,5
3179.223,430,11.940299,4576,3,6.992188,223.4844,138.14453,538.5078,5
3179.223,430,12.621359,4576,2,6.992188,223.4844,138.14453,538.5078,5
3179.223,431,9.693878,4576,3,6.992188,223.4844,138.14453,538.5078,5
3179.223,431,9.793814,4576,2,7.0,223.4766,138.09375,538.5586,5
3179.223,431,8.226221,4576,3,7.0,223.4844,138.14453,538.5,5
3179.223,431,10.741688,4576,2,7.0,223.4844,138.33984,538.3047,5
3179.223,431,8.717949,4576,2,7.0,223.4844,138.39062,538.2539,5
3179.223,431,11.358025,4576,2,7.0,223.4844,138.39062,538.2539,5
3179.223,431,11.735941,4576,4,7.0,223.4844,138.39062,538.2539,5
3179.223,430,11.083744,4576,2,7.0,223.4844,138.58594,538.0586,5
3179.223,430,9.326425,4576,2,7.0,223.4844,138.63672,538.0078,5
3179.223,430,8.78553,4576,2,7.0,223.4844,138.63672,538.0078,5
3179.223,430,9.536082,4576,2,7.0,223.4844,138.63672,538.0078,5
3179.223,429,10.594315,4576,2,7.0,223.4844,138.63672,538.0078,5
3179.223,429,10.230179,4576,2,7.0,223.4844,138.63672,538.0078,5
3179.223,429,13.613861,4576,2,7.0,223.4844,138.63672,538.0078,5
3179.223,429,11.566265,4576,3,7.0,223.4844,138.63672,538.0078,5
3179.223,429,9.414758,4576,3,7.0,223.4844,138.63672,538.0078,5
3179.223,428,10.204082,4576,3,7.0,223.4844,138.63672,538.0078,5
3179.223,428,8.461538000000001,4576,2,7.0,223.4844,138.63672,538.0078,5
3179.223,428,10.25641,4576,4,7.0,223.4844,138.88281,537.7617,5
3179.223,428,11.398964,4576,2,7.0,223.4844,139.12891,537.5156,5
3179.223,428,12.713936,4576,2,7.0,223.4844,139.12891,537.5156,5
3179.223,428,12.039312,4576,2,7.0,223.4844,139.12891,537.5156,5
3179.223,428,10.810811,4576,2,7.0,223.4844,139.32422,537.3203,5
3179.223,428,9.487179,4576,3,7.007812,223.4844,139.375,537.2617,5
3179.223,428,11.940299,4576,6,7.007812,223.4844,139.375,537.2617,5
3179.223,428,10.406091,4576,2,7.007812,223.4844,139.375,537.2617,5
3179.223,428,11.278195,4576,2,7.007812,223.4844,139.375,537.2617,5
3179.223,428,11.471322,4576,3,7.007812,223.4844,139.375,537.2617,5
3179.223,428,14.004914,4576,3,7.007812,223.4844,139.62109,537.0156,5
3179.223,428,13.138686,4576,2,7.007812,223.4844,139.81641,536.8203,5
3179.223,428,10.56701,4576,2,7.007812,223.4844,139.86719,536.7695,5
3179.223,428,9.399478,4576,2,7.007812,223.4844,139.86719,536.7695,5
3179.223,428,11.246944,4576,2,7.007812,223.4844,140.11328,536.5234,5
3179.223,428,10.714286,4576,2,7.007812,223.4844,139.62109,537.0156,5
3179.223,428,13.5,4576,2,7.007812,223.4844,139.62109,537.0156,5
3179.223,428,11.691542,4576,2,7.007812,223.4844,139.62109,537.0156,5
3179.223,428,11.793612,4576,2,7.007812,223.4844,139.62109,537.0156,5
3179.223,428,12.224939,4576,2,7.015625,223.4844,139.62109,537.0078,5
3179.223,428,10.077519,4576,3,7.015625,223.4844,139.62109,537.0078,5
3179.223,428,10.539846,4576,2,7.015625,223.4844,139.62109,537.0078,5
3179.223,428,12.561576,4576,2,7.015625,223.4844,139.62109,537.0078,5
3179.223,428,13.316583,4576,2,7.015625,223.4844,139.62109,537.0078,5
3179.223,428,11.5,4576,3,7.015625,223.4844,139.62109,537.0078,5
3179.223,428,11.604938,4576,2,7.023438,223.4766,139.62109,537.0078,5
3179.223,428,12.195122,4576,2,7.023438,223.4844,139.62109,537.0,5
3179.223,428,11.586902,4576,2,7.023438,223.4844,139.62109,537.0,5
3179.223,428,9.585492,4576,2,7.023438,223.4844,139.62109,537.0,5
3179.223,428,9.462916,4576,2,7.023438,223.4844,139.62109,537.0,5
3179.223,428,11.633663,4576,2,7.023438,223.4844,139.375,537.2461,5
3179.223,428,11.691542,4576,2,7.03125,223.4766,139.375,537.2461,5
3179.223,428,12.280702,4576,4,7.03125,223.4844,139.375,537.2383,5
3179.223,428,12.781955,4576,2,7.03125,223.4844,139.12891,537.4844,5
3179.223,428,9.278351,4576,3,7.03125,223.4844,139.12891,537.4844,5
3179.223,428,10.051546,4576,2,7.03125,223.4844,138.88281,537.7305,5
3179.223,428,9.536082,4576,2,7.03125,223.707,138.88281,537.5078,5
3179.223,428,10.741688,4576,2,7.03125,223.707,138.88281,537.5078,5
3179.223,428,10.831234,4576,2,7.03125,223.707,138.63672,537.7539,5
3179.223,428,12.376238,4576,3,7.03125,223.707,138.39062,538.0,5
3179.223,428,9.852217,4576,2,7.03125,223.707,138.39062,538.0,5
3179.223,428,10.75,4576,3,7.039062,223.6992,138.39062,538.0,5
3179.223,428,12.661499,4576,2,7.039062,223.707,138.39062,537.9922,5
3179.223,428,11.979167,4576,2,7.039062,223.707,138.39062,537.9922,5
3179.223,428,10.230179,4576,3,7.039062,223.707,138.58594,537.7969,5
3179.223,428,10.969388,4576,2,7.039062,223.707,138.39062,537.9922,5
3179.223,428,11.083123,4576,2,7.039062,223.707,138.39062,537.9922,5
3179.223,428,11.442786,4576,2,7.039062,223.707,137.89844,538.4844,5
3179.223,428,12.745098,4576,2,7.039062,223.707,137.89844,538.4844,5
3179.223,428,10.864198,4576,2,7.039062,223.707,137.89844,538.4844,5
3179.223,428,8.762887,4576,2,7.039062,223.707,137.89844,538.4844,5
3179.223,428,10.714286,4576,3,7.039062,223.707,137.65234,538.7305,5
3179.223,428,7.653061,4576,2,7.039062,223.707,137.65234,538.7305,5
3179.223,428,13.602015,4576,2,7.039062,223.707,137.65234,538.7305,5
3179.223,428,11.414392,4576,3,7.039062,223.707,137.65234,538.7305,5
3179.223,428,11.414392,4576,2,7.039062,223.707,137.65234,538.7305,5
3179.223,428,11.138015,4576,2,7.039062,223.707,137.89844,538.4844,5
3179.223,428,10.075567,4576,2,7.046875,223.6992,137.65234,538.7305,5
3179.223,427,11.398964,4576,2,7.046875,223.707,137.65234,538.7227,5
3179.223,427,12.787724,4576,2,7.046875,223.707,137.65234,538.7227,5
3179.223,427,10.687023,4576,2,7.046875,223.707,137.35547,539.0195,5
3179.223,427,10.539846,4576,2,7.046875,223.707,137.625,538.75,5
3179.223,427,9.254499,4576,2,7.046875,223.707,137.16406,539.2109,5
3179.223,427,11.082474,4576,3,7.046875,223.707,137.35938,539.0156,5
3179.223,428,10.852713,4576,2,7.046875,223.707,137.41016,538.9648,5
3179.223,428,9.511568,4576,2,7.046875,223.707,137.65625,538.7188,5
3179.223,428,10.25641,4576,2,7.046875,223.707,137.41016,538.9648,5
3179.223,428,10.204082,4576,2,7.046875,223.707,137.65625,538.7188,5
3179.223,428,11.989796,4576,2,7.046875,223.707,138.14844,538.2266,5
3179.223,428,8.717949,4576,6,7.046875,223.707,137.90234,538.4727,5
3179.223,428,9.207161,4576,2,7.046875,223.707,137.90234,538.4727,5
3179.223,428,9.84456,4576,2,7.054688,223.707,137.90234,538.4648,5
3179.223,428,9.536082,4576,3,7.054688,223.7695,137.90234,538.4023,5
3179.223,428,11.959288,4576,3,7.054688,223.7695,137.90234,538.4023,5
3179.223,428,13.520408,4576,3,7.054688,223.7695,137.90234,538.4023,5
3179.223,428,10.913706,4576,2,7.054688,223.7695,137.90234,538.4023,5
3179.223,428,10.913706,4576,2,7.054688,223.7695,137.90234,538.4023,5
3179.223,428,9.536082,4576,2,7.054688,223.7695,137.90234,538.4023,5
3179.223,428,9.302326,4576,2,7.054688,223.7695,137.90234,538.4023,5
3179.223,428,9.487179,4576,7,7.054688,223.7695,137.90234,538.4023,5
3179.223,428,11.538462,4608,2,7.054688,223.7695,137.90234,538.4023,5
3179.223,428,9.585492,4608,2,7.054688,223.7695,138.09766,538.207,5
3179.223,428,9.71867,4608,2,7.054688,223.7695,138.14844,538.1562,5
3179.223,428,10.714286,4608,3,7.054688,223.7695,138.14844,538.1562,5
3179.223,428,9.823678,4608,2,7.054688,223.7695,138.14844,538.1562,5
3179.223,428,11.948052,4608,2,7.054688,223.7695,138.14844,538.1562,5
3179.223,428,8.549223,4608,2,7.054688,223.7695,138.14844,538.1562,5
3179.223,428,10.335917,4608,2,7.054688,223.7695,138.14844,538.1562,5
3179.223,428,10.25641,4608,2,7.054688,223.7695,138.14844,538.1562,5
3179.223,428,10.25641,4608,2,7.054688,223.7695,138.14844,538.1562,5
3179.223,428,10.632911,4608,2,7.054688,223.7695,138.14844,538.1562,5
3179.223,428,11.989796,4608,2,7.054688,223.7695,138.14844,538.1562,5
3179.223,428,9.635417,4608,2,7.054688,223.7695,138.14844,538.1562,5
3179.223,428,10.687023,4608,2,7.054688,223.7695,138.125,538.1797,5
3179.223,428,11.025641,4608,2,7.054688,223.7695,138.17578,538.1289,5
3179.223,428,11.538462,4608,2,7.054688,223.7695,138.17578,538.1289,5
3179.223,428,9.923664,4608,2,7.054688,223.7695,138.17578,538.1289,5
3179.223,428,11.435523,4608,3,7.054688,223.7695,138.37109,537.9336,5
3179.223,428,10.945274,4608,2,7.054688,223.7695,138.17578,538.1289,5
3179.223,428,12.895377,4608,2,7.054688,223.7695,138.17578,538.1289,5
3179.223,428,11.471322,4608,4,7.054688,223.7695,138.17578,538.1289,5
3179.223,428,11.282051,4608,3,7.054688,223.7695,138.17578,538.1289,5
3179.223,428,9.793814,4608,2,7.054688,223.7695,138.42188,537.8828,5
3179.223,428,10.051546,4608,2,7.054688,223.7695,138.42188,537.8828,5
3179.223,428,9.873418,4608,3,7.054688,223.7695,138.42188,537.8828,5
3179.223,428,11.793612,4608,2,7.054688,223.7695,138.66797,537.6367,5
3179.223,428,12.189055,4608,2,7.054688,223.7695,138.66797,537.6367,5
3179.223,428,10.669975,4608,2,7.054688,223.7695,138.66797,537.6367,5
3179.223,428,9.020619,4608,2,7.054688,223.7695,138.66797,537.6367,5
3179.223,428,9.94898,4608,3,7.054688,223.7695,138.66797,537.6367,5
3179.223,428,12.5,4608,2,7.054688,223.7695,138.66797,537.6367,5
3179.223,428,11.704835,4608,3,7.054688,223.7695,138.66797,537.6367,5
3179.223,428,9.160305,4608,4,7.054688,223.7695,138.66797,537.6367,5
3179.223,428,12.345679,4608,2,7.054688,223.7695,138.66797,537.6367,5
3179.223,428,12.039312,4608,2,7.054688,223.7695,138.66797,537.6367,5
3179.223,428,10.447761,4608,2,7.054688,223.7695,138.66797,537.6367,5
3179.223,428,11.111111,4608,2,7.054688,223.7695,138.66797,537.6367,5
3179.223,428,11.082474,4608,2,7.054688,223.7695,138.66797,537.6367,5
3179.223,428,9.94898,4608,2,7.054688,223.7695,138.66797,537.6367,5
3179.223,428,9.254499,4608,2,7.054688,223.7695,138.66797,537.6367,5
3179.223,428,10.552764,4608,2,7.054688,223.7695,138.66797,537.6367,5
3179.223,428,11.414392,4608,3,7.054688,223.7695,138.42188,537.8828,5
3179.223,428,12.439024,4608,2,7.054688,223.7695,138.66797,537.6367,5
3179.223,428,10.659898,4608,2,7.054688,223.7695,138.66797,537.6367,5
3179.223,428,10.75,4608,2,7.054688,223.7695,138.66797,537.6367,5
3179.223,428,10.969388,4608,3,7.054688,223.7695,138.66797,537.6367,5
3179.223,428,9.160305,4608,3,7.054688,223.7695,138.66797,537.6367,5
3179.223,428,12.81407,4608,2,7.054688,223.7695,138.66797,537.6367,5
3179.223,427,10.891089,4608,2,7.054688,223.7695,138.66797,537.6367,5
3179.223,427,10.784314,4608,2,7.054688,223.7695,138.66797,537.6367,5
3179.223,429,11.0,4608,2,7.199219,228.3047,132.51562,539.1094,5
3179.223,430,10.309278,4608,2,7.082031,217.6836,149.79297,532.5703,5
3179.223,430,12.051282,4608,3,7.085938,211.6992,150.87109,537.4727,5
3179.223,431,15.306122,4608,3,7.085938,205.4766,151.60938,542.957,5
3179.223,431,12.75,4608,2,7.109375,205.5273,145.97656,548.5156,5
3179.223,431,12.128713,4608,2,7.105469,189.3594,161.78516,548.8789,5
3179.223,431,11.166253,4608,2,7.117188,189.4062,162.04297,548.5625,5
3179.223,431,13.075061,4608,2,7.117188,189.4062,161.08594,549.5195,5
3179.223,431,12.082262,4608,2,7.117188,189.4062,160.83984,549.7656,5
3179.223,431,10.886076,4608,2,7.117188,189.4414,160.59375,549.9766,5
3179.223,431,12.437811,4608,2,7.117188,189.4414,160.34766,550.2227,5
3179.223,431,10.43257,4608,3,7.117188,189.457,160.11328,550.4414,5
3179.223,431,11.221945,4608,4,7.117188,189.457,160.11328,550.4414,5
3179.223,431,12.562814,4608,2,7.117188,189.457,159.86719,550.6875,5
3179.223,431,13.349515,4608,2,7.117188,189.457,159.86719,550.6875,5
3179.223,431,12.935323,4608,2,7.125,189.457,159.86719,550.6797,5
3179.223,431,8.74036,4608,2,7.125,189.457,159.86719,550.6797,5
3179.223,431,11.335013,4608,2,7.125,189.457,159.62109,550.9258,5
3179.223,431,10.659898,4608,2,7.125,189.457,159.375,551.1719,5
3179.223,431,13.065327,4608,3,7.125,189.4727,158.89453,551.6367,5
3179.223,431,11.691542,4608,2,7.125,189.4727,158.89453,551.6367,5
3179.223,431,11.386139,4608,2,7.125,189.4727,158.89453,551.6367,5
3179.223,431,10.539846,4608,2,7.125,189.4727,158.89453,551.6367,5
3179.223,431,10.824742,4608,2,7.125,189.4727,158.89453,551.6367,5
3179.223,431,10.9375,4608,2,7.125,189.5703,158.89453,551.5391,5
3179.223,431,10.335917,4608,2,7.125,189.5742,158.89453,551.5352,5
3179.223,431,9.873418,4608,3,7.125,189.5742,158.64844,551.7812,5
3179.223,431,12.189055,4608,2,7.125,189.5742,158.40234,552.0273,5
3179.223,431,11.633663,4608,2,7.125,189.5742,158.40234,552.0273,5
3179.223,431,11.928934,4608,3,7.132812,189.5664,158.40234,552.0273,5
3179.223,431,10.025707,4608,2,7.132812,189.6055,157.91016,552.4805,5
3179.223,431,11.025641,4608,2,7.132812,189.6094,157.91016,552.4766,5
3179.223,431,10.941476,4608,2,7.132812,189.6094,157.91016,552.4766,5
3179.223,431,11.675127,4608,3,7.132812,189.6094,157.66406,552.7227,5
3179.223,431,11.42132,4608,2,7.132812,189.6094,157.66406,552.7227,5
3179.223,431,14.215686,4608,2,7.132812,189.9141,157.66406,552.418,5
3179.223,431,10.972569,4608,2,7.140625,189.9141,157.66406,552.4102,5
3179.223,431,10.406091,4608,2,7.140625,189.9141,157.41797,552.6562,5
3179.223,431,9.302326,4608,2,7.140625,189.9141,157.41797,552.6562,5
3179.223,431,11.450382,4608,3,7.140625,189.9141,157.41797,552.6562,5
3179.223,431,9.768638,4608,2,7.140625,189.9141,157.41797,552.6562,5
3179.223,431,11.253197,4608,4,7.140625,190.793,155.70703,553.4883,5
3179.223,431,13.533835,4608,2,7.140625,190.9375,155.70703,553.3438,5
3179.223,431,13.235294,4608,2,7.140625,190.9375,155.70703,553.3438,5
3179.223,431,10.539216,4608,4,7.140625,190.9375,155.70703,553.3438,5
3179.223,431,13.265306,4608,3,7.140625,190.9375,155.70703,553.3438,5
3179.223,431,10.997442,4608,4,7.140625,190.9375,155.70703,553.3438,5
3179.223,431,11.025641,4608,3,7.148438,190.9297,155.70703,553.3438,5
3179.223,431,11.508951,4608,3,7.148438,190.9531,155.21484,553.8125,5
3179.223,431,13.567839,4608,3,7.148438,190.9531,155.21484,553.8125,5
3179.223,431,13.0,4608,5,7.148438,190.9531,155.21484,553.8125,5
3179.223,431,11.25,4608,5,7.148438,190.9531,154.96875,554.0586,5
3179.223,431,12.02046,4608,5,7.148438,190.9531,154.47656,554.5508,5
3179.223,431,9.74359,4608,5,7.148438,190.9531,154.47656,554.5508,5
3179.223,431,9.974425,4608,4,7.148438,190.9531,154.47656,554.5508,5
3179.223,431,11.989796,4608,5,7.148438,190.9531,154.47656,554.5508,5
3179.223,431,12.403101,4608,3,7.148438,190.9531,154.47656,554.5508,5
3179.223,431,10.025707,4608,3,7.148438,190.9531,154.23047,554.7969,5
3179.223,431,12.345679,4608,5,7.148438,190.9688,153.75,555.2617,5
3179.223,431,10.103627,4608,5,7.148438,190.9688,152.76562,556.2461,5
3179.223,431,9.84456,4608,4,7.148438,190.9688,152.76562,556.2461,5
3179.223,431,12.276215,4608,6,7.148438,190.9688,152.53125,556.4805,5
3179.223,431,11.704835,4608,4,7.148438,190.9688,152.53125,556.4805,5
3179.223,431,11.22449,4608,5,7.148438,190.9688,152.53125,556.4805,5
3179.223,431,14.646465,4608,4,7.148438,190.9688,152.53125,556.4805,5
3179.223,431,9.71867,4608,4,7.148438,190.9688,152.28516,556.7266,5
3179.223,431,12.5,4576,4,7.148438,190.9688,152.28516,556.7266,5
3179.223,431,8.268734,4576,9,7.148438,187.9922,161.39062,550.5977,5
3179.223,431,10.997442,4576,5,7.148438,187.9922,161.39062,550.5977,5
3179.223,431,10.9375,4576,5,7.148438,187.9922,160.40625,551.582,5
3179.223,431,10.969388,4576,4,7.148438,187.9922,160.40625,551.582,5
3179.223,431,12.405063,4576,6,7.148438,187.9922,160.17188,551.8164,5
3179.223,431,14.357683,4576,3,7.148438,187.9922,159.92578,552.0625,5
3179.223,431,9.043928,4576,4,7.148438,187.9922,159.70703,552.2812,5
3179.223,431,9.560724,4576,4,7.15625,188.2773,159.46094,552.2344,5
3179.223,431,9.61039,4576,4,7.175781,188.3633,158.72266,552.8672,5
3179.223,431,10.796915,4576,4,7.175781,188.375,158.72266,552.8555,5
3179.223,431,13.77551,4576,3,7.175781,188.375,158.72266,552.8555,5
3179.223,431,11.64557,4576,2,7.175781,188.375,158.47656,553.1016,5
3179.223,431,11.111111,4576,3,7.175781,188.375,158.47656,553.1016,5
3179.223,431,9.898477,4576,4,7.175781,188.375,158.47656,553.1016,5
3179.223,431,8.717949,4576,2,7.175781,188.375,158.47656,553.1016,5
3179.223,431,13.436693,4576,2,7.175781,188.375,158.23047,553.3477,5
3179.223,431,10.824742,4576,3,7.175781,188.375,158.23047,553.3477,5
3179.223,431,10.669975,4576,2,7.175781,188.375,158.23047,553.3477,5
3179.223,431,12.030075,4576,2,7.183594,188.375,158.23047,553.3398,5
3179.223,431,11.720698,4576,2,7.183594,188.375,158.23047,553.3398,5
3179.223,431,12.254902,4576,3,7.183594,188.375,157.98438,553.5859,5
3179.223,431,12.5,4576,2,7.183594,188.375,157.98438,553.5859,5
3179.223,431,9.230769,4576,2,7.183594,188.375,157.98438,553.5859,5
3179.223,431,9.278351,4576,2,7.183594,188.375,157.98438,553.5859,5
3179.223,431,11.025641,4576,2,7.183594,188.375,157.98438,553.5859,5
3179.223,431,13.366337,4576,2,7.183594,188.375,157.98438,553.5859,5
3179.223,431,12.878788,4576,2,7.1875,188.3711,157.98438,553.5859,5
3179.223,431,11.19403,4576,2,7.1875,188.375,157.98438,553.582,5
3179.223,431,11.219512,4576,5,7.1875,188.375,157.98438,553.582,5
3179.223,431,9.25,4576,4,7.1875,188.375,157.98438,553.582,5
3179.223,431,9.375,4576,2,7.1875,188.3867,157.98438,553.5703,5
3179.223,431,11.398964,4576,2,7.1875,188.3867,157.98438,553.5703,5
3179.223,431,9.487179,4576,2,7.1875,188.3867,157.98438,553.5703,5
3179.223,431,10.75,4576,2,7.1875,188.3867,157.98438,553.5703,5
3179.223,431,12.376238,4576,2,7.1875,188.3867,157.98438,553.5703,5
3179.223,431,13.447433,4576,4,7.1875,188.3867,157.24609,554.3086,5
3179.223,431,9.245742,4576,2,7.1875,188.3867,157.24609,554.3086,5
3179.223,431,14.099217,4576,2,7.1875,188.3867,157.24609,554.3086,5
3179.223,431,8.549223,4576,3,7.1875,188.3867,157.24609,554.3086,5
3179.223,431,9.94898,4576,3,7.1875,188.3867,157.24609,554.3086,5
3179.223,431,10.56701,4576,2,7.1875,188.3867,157.24609,554.3086,5
3179.223,431,10.891089,4576,5,7.1875,188.3867,157.24609,554.3086,5
3179.223,430,12.839506,4576,7,7.1875,188.3867,157.24609,554.3086,5
3179.223,430,9.779951,4576,3,7.1875,188.3867,157.24609,554.3086,5
3179.223,430,11.793612,4576,2,7.1875,188.3867,157.24609,554.3086,5
3179.223,430,11.675127,4576,2,7.1875,188.3867,157.24609,554.3086,5
3179.223,430,10.309278,4576,2,7.1875,188.3867,157.24609,554.3086,5
3179.223,430,11.64557,4576,2,7.1875,188.3867,157.24609,554.3086,5
3180.227,430,11.75,4576,2,7.195312,188.3867,156.75391,554.793,5
3180.227,430,11.528822,4576,2,7.195312,188.3867,156.50781,555.0391,5
3180.227,430,11.764706,4576,2,7.195312,188.3867,156.50781,555.0391,5
3179.223,430,11.435523,4576,2,7.195312,188.3867,156.50781,555.0391,5
3179.223,430,11.363636,4576,2,7.195312,188.3867,156.50781,555.0391,5
3179.223,430,10.539846,4576,4,7.195312,188.3867,156.50781,555.0391,5
3179.223,430,10.178117,4576,2,7.195312,188.3867,156.26172,555.2852,5
3179.223,430,11.111111,4576,2,7.195312,188.3867,156.01562,555.5312,5
3179.223,431,11.19403,4576,4,7.195312,188.3867,156.01562,555.5312,5
3179.223,431,12.219451,4576,5,7.195312,188.4336,155.76953,555.7305,5
3179.223,431,13.267813,4576,2,7.195312,188.4492,155.52344,555.9609,5
3179.223,431,9.823678,4576,2,7.195312,188.4492,155.52344,555.9609,5
3179.223,431,11.528822,4576,4,7.195312,188.4492,155.52344,555.9609,5
3179.223,431,12.25,4576,2,7.195312,188.4492,155.52344,555.9609,5
3179.223,431,11.959288,4576,6,7.195312,188.4492,155.52344,555.9609,5
3179.223,431,13.065327,4576,2,7.195312,188.4492,155.52344,555.9609,5
3179.223,431,11.720698,4576,2,7.195312,188.4492,155.52344,555.9609,5
3179.238,431,16.377171,4576,3,7.195312,188.4492,155.52344,555.9609,5
3179.223,431,11.083744,4576,4,7.195312,188.4492,155.52344,555.9609,5
3179.223,431,9.462916,4576,3,7.195312,188.4492,155.52344,555.9609,5
3179.223,431,12.280702,4576,2,7.195312,188.5469,155.52344,555.8633,5
3179.223,431,10.714286,4576,2,7.195312,188.6172,155.52344,555.793,5
3179.223,432,9.898477,4576,4,7.207031,188.6055,155.52344,555.793,5
3179.223,432,12.311558,4576,3,7.207031,188.6172,155.52344,555.7812,5
3179.223,432,10.565111,4576,3,7.207031,188.6172,155.52344,555.7812,5
3179.223,432,11.246944,4576,3,7.207031,188.6172,155.27734,556.0273,5
3179.223,432,13.414634,4576,2,7.207031,188.6172,155.27734,556.0273,5
3179.223,432,10.539846,4576,2,7.207031,188.6172,155.27734,556.0273,5
3179.223,432,10.687023,4576,2,7.214844,188.6172,155.27734,556.0195,5
3179.238,432,9.94898,4576,3,7.214844,188.6172,155.27734,556.0195,5
3179.223,432,12.437811,4576,2,7.214844,188.6172,155.27734,556.0195,5
3179.223,432,13.819095,4576,2,7.214844,188.6172,155.27734,556.0195,5
3179.223,432,10.512821,4576,3,7.214844,188.6172,155.03125,556.2656,5
3179.223,432,10.56701,4576,3,7.214844,188.6172,155.03125,556.2656,5
3179.223,432,9.511568,4576,2,7.214844,188.6172,155.03125,556.2656,5
3179.223,432,10.25641,4576,2,7.214844,188.6172,155.03125,556.2656,5
3179.223,432,11.168831,4576,2,7.214844,188.6172,155.03125,556.2656,5
3179.223,432,11.392405,4576,3,7.214844,188.6172,155.03125,556.2656,5
3179.223,432,11.221945,4576,2,7.214844,188.7148,155.03125,556.168,5
3179.223,432,12.807882,4576,2,7.214844,188.7148,155.03125,556.168,5
3179.223,432,9.254499,4576,2,7.222656,188.7227,154.78516,556.3984,5
3179.223,432,11.627907,4576,2,7.222656,188.7227,154.78516,556.3984,5
3179.223,432,10.077519,4576,2,7.222656,188.7227,154.78516,556.3984,5
3179.223,432,10.741688,4576,2,7.222656,188.7227,154.78516,556.3984,5
3179.223,432,10.769231,4576,3,7.222656,188.7227,154.78516,556.3984,5
3179.223,432,11.055276,4576,2,7.222656,188.7227,154.98047,556.2031,5
3179.223,432,11.055276,4576,2,7.222656,188.7227,155.03125,556.1523,5
3179.223,432,14.427861,4576,2,7.222656,188.7227,155.03125,556.1523,5
3179.223,432,10.178117,4576,3,7.222656,188.7227,155.03125,556.1523,5
3179.223,432,9.207161,4576,2,7.222656,188.7227,155.03125,556.1523,5
3179.223,432,9.020619,4576,2,7.222656,188.7227,155.03125,556.1523,5
3179.223,432,8.951407,4576,2,7.222656,188.7227,155.03125,556.1523,5
3179.223,432,12.690355,4576,3,7.230469,188.7227,154.78516,556.3906,5
3179.223,432,12.745098,4576,2,7.230469,188.7227,154.78516,556.3906,5
3179.223,432,11.19403,4576,2,7.230469,188.7227,154.78516,556.3906,5
3179.223,432,10.39604,4576,2,7.230469,188.7227,154.53906,556.6367,5
3179.223,432,7.594937,4576,2,7.230469,188.7227,154.53906,556.6367,5
3179.223,432,11.780105,4576,2,7.230469,188.7227,154.53906,556.6367,5
3179.223,432,9.511568,4576,2,7.230469,188.7227,154.53906,556.6367,5
3179.223,430,9.414758,4576,2,7.230469,188.7227,154.73438,556.4414,5
3179.223,431,11.414392,4576,2,7.230469,188.7227,154.78516,556.3906,5
3179.223,432,12.378641,4576,4,7.230469,188.7227,154.78516,556.3906,5
3179.223,432,10.077519,4576,6,7.230469,188.7227,154.78516,556.3906,5
3179.223,432,12.5,4576,2,7.230469,188.7227,154.78516,556.3906,5
3179.223,433,8.74036,4576,2,7.230469,188.7227,154.07422,557.1016,5
3179.223,433,9.74359,4576,2,7.230469,188.7227,154.07422,557.1016,5
3179.223,433,10.051546,4576,2,7.230469,188.7227,153.82812,557.3477,5
3179.223,433,9.768638,4576,3,7.230469,188.7227,153.82812,557.3477,5
3179.223,433,11.221945,4576,2,7.230469,188.7227,153.82812,557.3477,5
3179.223,433,12.068966,4576,2,7.230469,188.7227,153.82812,557.3477,5
3179.223,433,9.302326,4576,4,7.230469,188.7227,153.82812,557.3477,5
3179.223,433,8.051948,4576,2,7.230469,188.7227,153.82812,557.3477,5
3179.223,433,9.278351,4576,2,7.230469,188.7227,153.82812,557.3477,5
3179.223,433,11.311054,4576,2,7.230469,188.7227,153.58203,557.5938,5
3179.223,433,15.696203,4576,2,7.238281,188.7227,153.33594,557.832,5
3179.223,433,10.282776,4576,3,7.238281,188.7227,153.33594,557.832,5
3179.223,433,10.224439,4576,2,7.238281,188.7227,153.33594,557.832,5
3179.223,433,12.436548,4576,2,7.238281,188.7227,153.33594,557.832,5
3179.223,433,9.793814,4576,2,7.238281,188.7227,153.33594,557.832,5
3179.223,433,11.282051,4576,2,7.238281,188.7227,153.33594,557.832,5
3179.223,433,10.43257,4576,3,7.238281,188.7227,153.08984,558.0781,5
3179.223,433,9.254499,4576,4,7.246094,188.7227,153.08984,558.0703,5
3179.223,433,9.94898,4576,4,7.246094,188.7227,153.08984,558.0703,5
3179.223,433,9.974425,4576,2,7.246094,188.7227,152.84375,558.3164,5
3179.223,433,11.734694,4576,2,7.246094,188.7227,152.84375,558.3164,5
3179.223,433,8.762887,4576,3,7.246094,188.7227,152.84375,558.3164,5
3179.223,433,8.717949,4576,2,7.253906,188.7227,152.59766,558.5547,5
3179.223,433,12.406948,4576,3,7.253906,188.7227,152.59766,558.5547,5
3179.223,433,12.25,4576,2,7.253906,188.7227,152.59766,558.5547,5
3179.223,433,12.935323,4576,2,7.257812,188.7227,152.59766,558.5508,5
3179.223,433,12.713936,4576,2,7.257812,188.7227,152.59766,558.5508,5
3179.223,433,11.864407,4576,2,7.15625,185.6562,158.77734,555.5391,5
3179.223,433,8.717949,4576,3,7.15625,185.6562,158.77734,555.5391,5
3179.223,433,9.793814,4576,2,7.15625,185.6562,158.77734,555.5391,5
3179.223,433,10.051546,4576,2,7.164062,185.6562,158.55859,555.75,5
3179.223,433,11.138614,4576,3,7.164062,185.6562,158.55859,555.75,5
3179.223,433,12.219451,4576,2,7.164062,185.6562,158.32422,555.9844,5
3179.223,433,13.333333,4576,2,7.164062,185.6562,158.32422,555.9844,5
3179.223,433,11.111111,4576,2,7.167969,185.6562,158.07812,556.2266,5
3179.223,433,12.406948,4576,2,7.167969,185.6562,158.07812,556.2266,5
3179.223,433,9.768638,4576,2,7.167969,185.6562,158.07812,556.2266,5
3179.223,433,12.564103,4576,3,7.167969,185.6562,158.07812,556.2266,5
3179.223,433,9.84456,4576,2,7.167969,185.6562,157.83203,556.4727,5
3179.223,433,10.837438,4576,2,7.167969,185.6562,157.83203,556.4727,5
3179.223,433,12.128713,4576,5,7.167969,185.6562,157.83203,556.4727,5
3179.223,433,11.707317,4576,4,7.167969,185.6562,157.83203,556.4727,5
3179.223,433,15.158924,4576,2,7.167969,185.6562,157.83203,556.4727,5
3179.223,433,9.71867,4576,2,7.167969,185.6562,157.10547,557.1992,5
3179.223,433,8.571429,4576,2,7.167969,185.6719,157.10547,557.1836,5
3179.223,433,7.712082,4576,3,7.167969,185.6719,157.10547,557.1836,5
3179.223,433,10.204082,4576,3,7.175781,185.6719,157.10547,557.1758,5
3179.223,433,11.330049,4576,2,7.175781,185.6719,157.10547,557.1758,5
3179.223,433,12.468828,4576,2,7.175781,185.6719,157.10547,557.1758,5
3179.223,433,12.039312,4576,2,7.175781,185.6719,157.10547,557.1758,5
3179.223,433,12.009804,4576,2,7.175781,185.6719,157.10547,557.1758,5
3179.223,433,10.909091,4576,3,7.175781,185.6719,157.10547,557.1758,5
3179.223,433,9.59596,4576,2,7.175781,185.6641,157.10547,557.1836,5
3179.223,433,16.202532,4576,4,7.175781,185.6641,157.10547,557.1836,5
3179.223,433,11.139241,4576,2,7.175781,185.6641,157.10547,557.1836,5
3179.223,433,12.468828,4576,2,7.175781,185.6641,157.10547,557.1836,5
3179.223,433,10.447761,4576,2,7.175781,185.6641,157.10547,557.1836,5
3179.223,433,12.195122,4576,2,7.183594,185.6562,157.10547,557.1836,5
3179.223,433,12.437811,4576,2,7.183594,185.6641,157.10547,557.1758,5
3179.223,433,9.160305,4576,3,7.183594,185.6641,157.10547,557.1758,5
3179.223,433,10.204082,4576,2,7.183594,185.6641,157.10547,557.1758,5
3179.223,432,12.342569,4576,3,7.183594,185.6641,157.10547,557.1758,5
3179.223,432,12.655087,4576,4,7.183594,185.6641,157.10547,557.1758,5
3179.223,432,15.136476,4576,8,7.183594,185.6641,156.85938,557.4219,5
3179.223,433,14.250614,4576,2,7.183594,185.6641,156.85938,557.4219,5
3179.223,433,10.891089,4576,6,7.183594,185.6641,156.85938,557.4219,5
3179.223,433,10.972569,4576,2,7.183594,185.6641,156.80859,557.4727,5
3179.223,433,9.302326,4576,3,7.183594,185.6641,156.85938,557.4219,5
3179.223,433,10.886076,4576,2,7.191406,185.6641,156.85938,557.4141,5
3179.223,433,12.878788,4576,3,7.191406,185.6641,157.10547,557.168,5
3179.223,433,14.108911,4576,2,7.191406,185.6641,156.85938,557.4141,5
3179.223,433,11.75,4576,2,7.191406,185.6641,156.85938,557.4141,5
3179.223,433,11.764706,4576,2,7.191406,185.6641,156.85938,557.4141,5
3179.223,433,9.823678,4576,3,7.191406,185.6641,156.61328,557.6602,5
3179.223,433,13.513514,4576,2,7.191406,185.6641,156.61328,557.6602,5
3179.223,433,10.230179,4576,3,7.191406,185.6641,156.80859,557.4648,5
3179.223,433,12.244898,4576,2,7.191406,185.6641,156.61328,557.6602,5
3179.223,433,11.691542,4576,2,7.191406,185.6641,156.61328,557.6602,5
3179.223,433,11.91067,4576,2,7.191406,185.6641,156.36719,557.9062,5
3179.223,433,13.300493,4576,2,7.191406,185.6641,156.36719,557.9062,5
3179.223,433,13.759214,4576,2,7.191406,185.6641,156.12109,558.1523,5
3179.223,433,10.687023,4576,2,7.191406,185.6641,156.12109,558.1523,5
3179.223,433,11.633663,4576,2,7.191406,185.6641,156.12109,558.1523,5
3179.223,433,11.479592,4576,2,7.191406,185.6641,156.12109,558.1523,5
3179.223,433,10.886076,4576,2,7.191406,185.6641,156.12109,558.1523,5
3179.223,433,13.567839,4576,3,7.191406,185.6641,156.12109,558.1523,5
3179.223,433,10.025707,4576,2,7.191406,185.6641,156.36719,557.9062,5
3179.223,433,7.731959,4576,4,7.191406,185.6641,156.12109,558.1523,5
3179.223,433,9.768638,4576,2,7.191406,185.6641,156.12109,558.1523,5
3179.223,433,9.278351,4576,2,7.191406,185.6641,156.12109,558.1523,5
3179.223,433,10.687023,4576,2,7.191406,185.6641,156.12109,558.1523,5
3179.223,433,10.459184,4576,3,7.191406,185.6641,156.31641,557.957,5
3179.223,433,13.0,4576,2,7.191406,185.6641,156.61328,557.6602,5
3179.223,433,12.060302,4576,3,7.191406,185.6641,156.61328,557.6602,5
3179.223,433,10.025707,4576,2,7.191406,185.6641,156.61328,557.6602,5
3179.223,433,8.78553,4576,3,7.191406,185.6641,156.61328,557.6602,5
3179.223,433,12.176166,4576,2,7.191406,185.6641,156.36719,557.9062,5
3179.223,433,9.974425,4576,3,7.191406,185.6641,156.36719,557.9062,5
3179.223,433,9.230769,4576,2,7.191406,185.6641,156.36719,557.9062,5
3179.223,433,9.923664,4576,3,7.191406,185.6641,156.12109,558.1523,5
3179.223,433,12.718204,4576,3,7.191406,185.6641,156.36719,557.9062,5
3179.223,433,11.809045,4576,4,7.191406,185.6641,156.36719,557.9062,5
3179.223,433,9.511568,4576,2,7.191406,185.6992,156.12109,558.1172,5
3179.223,433,10.443864,4576,3,7.191406,185.6992,155.875,558.3633,5
3179.223,433,9.74359,4576,2,7.191406,185.6992,155.875,558.3633,5
3179.223,433,9.230769,4576,3,7.191406,185.6992,156.07031,558.168,5
3179.223,433,12.977099,4576,2,7.191406,185.6992,156.12109,558.1172,5
3179.223,433,12.158809,4576,3,7.191406,185.6992,156.12109,558.1172,5
3179.223,433,12.189055,4576,2,7.199219,185.6914,155.62891,558.6094,5
3179.223,433,10.858586,4576,3,7.199219,185.7031,155.62891,558.5977,5
3179.223,433,10.12987,4544,2,7.199219,185.7031,155.62891,558.5977,5
3179.223,433,10.714286,4544,4,7.199219,185.7031,155.38281,558.8438,5
3179.223,433,10.56701,4544,2,7.199219,185.7031,155.38281,558.8438,5
3179.223,433,11.195929,4544,2,7.199219,185.7031,155.38281,558.8438,5
3179.223,433,10.97561,4544,2,7.199219,185.7031,155.13672,559.0898,5
3179.223,433,12.560386,4544,3,7.199219,185.7031,155.13672,559.0898,5
3179.223,433,9.511568,4544,3,7.207031,185.6953,155.13672,559.0898,5
3179.223,433,11.989796,4544,3,7.207031,185.7031,155.13672,559.082,5
3179.223,433,8.571429,4544,2,7.207031,185.7031,155.13672,559.082,5
3179.223,433,9.74359,4544,2,7.207031,185.7031,155.33203,558.8867,5
3179.223,433,9.768638,4544,2,7.207031,185.7031,155.62891,558.5898,5
3179.223,433,9.71867,4544,2,7.214844,185.6953,155.82422,558.3945,5
3179.223,433,14.53202,4544,2,7.222656,185.9492,155.875,558.082,5
3179.223,433,12.469438,4544,3,7.222656,185.9492,155.875,558.082,5
3179.223,433,10.051546,4544,3,7.222656,185.9492,155.875,558.082,5
3179.223,433,9.138381,4544,2,7.222656,185.9492,155.875,558.082,5
3179.223,430,10.25641,4544,2,7.222656,185.9492,155.38281,558.5742,5
3179.223,430,11.025641,4544,3,7.222656,185.9492,155.38281,558.5742,5
3179.223,430,9.64467,4544,2,7.230469,185.9492,155.13672,558.8125,5
3179.223,430,9.326425,4544,2,7.230469,185.9492,155.13672,558.8125,5
3179.223,430,10.513447,4544,3,7.230469,185.9492,155.08594,558.8633,5
3179.223,430,11.586902,4544,2,7.230469,185.9492,155.38281,558.5664,5
3179.223,430,11.811024,4544,7,7.230469,185.9492,155.38281,558.5664,5
3179.223,430,12.051282,4544,3,7.230469,185.9492,155.13672,558.8125,5
3179.223,430,9.84456,4544,2,7.230469,185.9492,154.89062,559.0586,5
3179.223,430,9.768638,4544,3,7.230469,185.9492,154.89062,559.0586,5
3179.223,430,10.204082,4544,3,7.230469,185.9492,154.89062,559.0586,5
3179.223,430,13.11054,4544,3,7.230469,185.9492,154.89062,559.0586,5
3179.223,430,12.621359,4544,2,7.230469,185.9492,155.13672,558.8125,5
3179.223,430,10.025707,4544,3,7.230469,185.9492,155.13672,558.8125,5
3179.223,430,8.695651999999999,4544,2,7.230469,185.9492,154.89062,559.0586,5
3179.223,430,9.302326,4544,3,7.230469,186.1953,154.64453,559.0586,5
3179.223,430,9.020619,4544,3,7.230469,186.1953,154.89062,558.8125,5
3179.223,430,14.250614,4544,2,7.230469,186.1953,154.39844,559.3047,5
3179.223,430,10.918114,4544,3,7.230469,186.1953,154.39844,559.3047,5
3179.223,430,10.784314,4544,2,7.230469,186.1953,154.39844,559.3047,5
3179.223,430,10.327456,4544,2,7.238281,186.1953,154.59375,559.1016,5
3179.223,430,9.819121,4544,2,7.238281,186.1953,154.64453,559.0508,5
3179.223,430,11.195929,4544,4,7.238281,186.1953,154.64453,559.0508,5
3179.223,430,14.108911,4544,2,7.238281,186.1953,154.15234,559.543,5
3179.223,430,12.406948,4544,2,7.238281,186.3633,154.15234,559.375,5
3179.223,430,7.769424,4544,2,7.238281,186.3633,154.15234,559.375,5
3179.223,430,10.864198,4544,2,7.238281,186.3633,154.15234,559.375,5
3179.223,430,12.592593,4544,2,7.238281,186.3633,154.15234,559.375,5
3179.223,430,10.103627,4544,2,7.238281,186.3633,154.15234,559.375,5
3179.223,430,8.616188,4544,2,7.246094,186.3555,154.15234,559.375,5
3179.223,430,10.43257,4544,7,7.246094,186.3633,154.15234,559.3672,5
3179.223,430,12.406948,4544,3,7.246094,186.3633,154.15234,559.3672,5
3179.223,430,11.083123,4544,2,7.246094,186.3633,153.90625,559.6133,5
3179.223,430,10.224439,4544,3,7.246094,186.3633,153.90625,559.6133,5
3179.223,430,10.817308,4544,2,7.246094,186.3633,153.90625,559.6133,5
3179.223,430,10.473815,4544,2,7.253906,186.3555,154.10156,559.418,5
3179.223,430,9.819121,4576,2,7.253906,186.3633,153.66016,559.8516,5
3179.223,430,11.428571,4576,2,7.253906,186.3633,153.66016,559.8516,5
3179.223,430,9.923664,4576,2,7.253906,186.3633,153.66016,559.8516,5
3179.223,430,13.580247,4576,2,7.253906,186.3633,153.66016,559.8516,5
3179.223,430,11.302211,4576,2,7.253906,186.3633,153.66016,559.8516,5
3179.223,430,10.591133,4576,2,7.253906,186.3633,153.66016,559.8516,5
3179.223,430,11.622276,4576,2,7.253906,186.3633,153.66016,559.8516,5
3179.223,430,9.278351,4576,4,7.253906,186.3633,153.66016,559.8516,5
3179.223,430,10.051546,4576,4,7.253906,186.3633,153.90625,559.6055,5
3179.223,430,9.230769,4576,2,7.253906,186.3633,154.15234,559.3594,5
3179.223,430,10.723192,4576,2,7.253906,186.3633,154.15234,559.3594,5
3179.223,430,13.715711,4576,2,7.253906,186.3633,154.15234,559.3594,5
3179.223,430,11.083744,4576,3,7.253906,186.3633,154.15234,559.3594,5
3179.223,430,11.386139,4576,5,7.253906,186.3633,153.90625,559.6055,5
3179.223,430,9.462916,4576,2,7.253906,186.3633,153.90625,559.6055,5
3179.223,430,9.043928,4576,2,7.253906,186.3633,153.90625,559.6055,5
3179.223,430,10.606061,4576,3,7.253906,186.3633,154.10156,559.4102,5
3179.223,430,9.71867,4576,2,7.253906,186.3633,154.34766,559.1641,5
3179.223,430,11.928934,4576,2,7.253906,186.3633,154.39844,559.1133,5
3179.223,430,11.19403,4576,2,7.253906,186.3633,154.15234,559.3594,5
3179.223,430,10.643564,4576,2,7.253906,186.3633,154.34766,559.1641,5
3179.223,430,12.378641,4576,2,7.253906,186.3633,154.39844,559.1133,5
3179.223,430,10.353535,4576,2,7.253906,186.3633,154.39844,559.1133,5
3179.223,430,12.755102,4576,2,7.253906,186.3633,154.39844,559.1133,5
3179.223,430,9.438776,4576,2,7.261719,186.3555,154.39844,559.1133,5
3179.223,430,10.687023,4576,2,7.261719,186.3633,154.39844,559.1055,5
3179.223,430,10.75,4576,5,7.261719,186.3633,154.15234,559.3516,5
3179.223,430,10.421836,4576,2,7.261719,186.3633,154.15234,559.3516,5
3179.223,430,11.707317,4576,2,7.261719,186.3633,154.34766,559.1562,5
